<?xml version="1.0" standalone="yes"?>
<NewDataSet>
  <xs:schema id="NewDataSet" xmlns="" xmlns:xs="http://www.w3.org/2001/XMLSchema" xmlns:msdata="urn:schemas-microsoft-com:xml-msdata">
    <xs:element name="NewDataSet" msdata:IsDataSet="true" msdata:UseCurrentLocale="true">
      <xs:complexType>
        <xs:choice minOccurs="0" maxOccurs="unbounded">
          <xs:element name="Quantita">
            <xs:complexType>
              <xs:sequence>
                <xs:element name="Data" type="xs:string" minOccurs="0" />
                <xs:element name="Mercato" type="xs:string" minOccurs="0" />
                <xs:element name="Ora" type="xs:string" minOccurs="0" />
                <xs:element name="TOTALE_ACQUISTI" type="xs:string" minOccurs="0" />
                <xs:element name="NAT_ACQUISTI" type="xs:string" minOccurs="0" />
                <xs:element name="CNOR_ACQUISTI" type="xs:string" minOccurs="0" />
                <xs:element name="CSUD_ACQUISTI" type="xs:string" minOccurs="0" />
                <xs:element name="NORD_ACQUISTI" type="xs:string" minOccurs="0" />
                <xs:element name="SARD_ACQUISTI" type="xs:string" minOccurs="0" />
                <xs:element name="SICI_ACQUISTI" type="xs:string" minOccurs="0" />
                <xs:element name="SUD_ACQUISTI" type="xs:string" minOccurs="0" />
                <xs:element name="AUST_ACQUISTI" type="xs:string" minOccurs="0" />
                <xs:element name="BRNN_ACQUISTI" type="xs:string" minOccurs="0" />
                <xs:element name="COAC_ACQUISTI" type="xs:string" minOccurs="0" />
                <xs:element name="CORS_ACQUISTI" type="xs:string" minOccurs="0" />
                <xs:element name="FOGN_ACQUISTI" type="xs:string" minOccurs="0" />
                <xs:element name="FRAN_ACQUISTI" type="xs:string" minOccurs="0" />
                <xs:element name="GREC_ACQUISTI" type="xs:string" minOccurs="0" />
                <xs:element name="MFTV_ACQUISTI" type="xs:string" minOccurs="0" />
                <xs:element name="PRGP_ACQUISTI" type="xs:string" minOccurs="0" />
                <xs:element name="ROSN_ACQUISTI" type="xs:string" minOccurs="0" />
                <xs:element name="SLOV_ACQUISTI" type="xs:string" minOccurs="0" />
                <xs:element name="SVIZ_ACQUISTI" type="xs:string" minOccurs="0" />
                <xs:element name="BSP_ACQUISTI" type="xs:string" minOccurs="0" />
                <xs:element name="MALT_ACQUISTI" type="xs:string" minOccurs="0" />
                <xs:element name="XAUS_ACQUISTI" type="xs:string" minOccurs="0" />
                <xs:element name="XFRA_ACQUISTI" type="xs:string" minOccurs="0" />
                <xs:element name="TOTALE_VENDITE" type="xs:string" minOccurs="0" />
                <xs:element name="NAT_VENDITE" type="xs:string" minOccurs="0" />
                <xs:element name="CNOR_VENDITE" type="xs:string" minOccurs="0" />
                <xs:element name="CSUD_VENDITE" type="xs:string" minOccurs="0" />
                <xs:element name="NORD_VENDITE" type="xs:string" minOccurs="0" />
                <xs:element name="SARD_VENDITE" type="xs:string" minOccurs="0" />
                <xs:element name="SICI_VENDITE" type="xs:string" minOccurs="0" />
                <xs:element name="SUD_VENDITE" type="xs:string" minOccurs="0" />
                <xs:element name="AUST_VENDITE" type="xs:string" minOccurs="0" />
                <xs:element name="BRNN_VENDITE" type="xs:string" minOccurs="0" />
                <xs:element name="COAC_VENDITE" type="xs:string" minOccurs="0" />
                <xs:element name="CORS_VENDITE" type="xs:string" minOccurs="0" />
                <xs:element name="FOGN_VENDITE" type="xs:string" minOccurs="0" />
                <xs:element name="FRAN_VENDITE" type="xs:string" minOccurs="0" />
                <xs:element name="GREC_VENDITE" type="xs:string" minOccurs="0" />
                <xs:element name="MFTV_VENDITE" type="xs:string" minOccurs="0" />
                <xs:element name="PRGP_VENDITE" type="xs:string" minOccurs="0" />
                <xs:element name="ROSN_VENDITE" type="xs:string" minOccurs="0" />
                <xs:element name="SLOV_VENDITE" type="xs:string" minOccurs="0" />
                <xs:element name="SVIZ_VENDITE" type="xs:string" minOccurs="0" />
                <xs:element name="BSP_VENDITE" type="xs:string" minOccurs="0" />
                <xs:element name="MALT_VENDITE" type="xs:string" minOccurs="0" />
                <xs:element name="XAUS_VENDITE" type="xs:string" minOccurs="0" />
                <xs:element name="XFRA_VENDITE" type="xs:string" minOccurs="0" />
                <xs:element name="TOTITABSP_VENDITE" msdata:ReadOnly="true" msdata:Expression="Convert(TOTALE_VENDITE, System.Double) + Convert(BSP_VENDITE,System.Double)" type="xs:string" minOccurs="0" />
                <xs:element name="TOTITABSP_ACQUISTI" msdata:ReadOnly="true" msdata:Expression="Convert(TOTALE_ACQUISTI, System.Double) + Convert(BSP_ACQUISTI, System.Double)" type="xs:string" minOccurs="0" />
              </xs:sequence>
            </xs:complexType>
          </xs:element>
        </xs:choice>
      </xs:complexType>
    </xs:element>
  </xs:schema>
  <Quantita>
    <Data>20170104</Data>
    <Mercato>MGP</Mercato>
    <Ora>1</Ora>
    <TOTALE_ACQUISTI>25468,608</TOTALE_ACQUISTI>
    <NAT_ACQUISTI>26760,430000</NAT_ACQUISTI>
    <CNOR_ACQUISTI>2575,059000</CNOR_ACQUISTI>
    <CSUD_ACQUISTI>4087,984000</CSUD_ACQUISTI>
    <NORD_ACQUISTI>12688,001000</NORD_ACQUISTI>
    <SARD_ACQUISTI>829,678000</SARD_ACQUISTI>
    <SICI_ACQUISTI>1589,802000</SICI_ACQUISTI>
    <SUD_ACQUISTI>2095,084000</SUD_ACQUISTI>
    <AUST_ACQUISTI>0,000000</AUST_ACQUISTI>
    <BRNN_ACQUISTI>0,000000</BRNN_ACQUISTI>
    <COAC_ACQUISTI>90,000000</COAC_ACQUISTI>
    <CORS_ACQUISTI>49,000000</CORS_ACQUISTI>
    <FOGN_ACQUISTI>0,000000</FOGN_ACQUISTI>
    <FRAN_ACQUISTI>45,000000</FRAN_ACQUISTI>
    <GREC_ACQUISTI>0,000000</GREC_ACQUISTI>
    <MFTV_ACQUISTI>0,000000</MFTV_ACQUISTI>
    <PRGP_ACQUISTI>0,000000</PRGP_ACQUISTI>
    <ROSN_ACQUISTI>0,000000</ROSN_ACQUISTI>
    <SLOV_ACQUISTI>0,000000</SLOV_ACQUISTI>
    <SVIZ_ACQUISTI>1287,000000</SVIZ_ACQUISTI>
    <BSP_ACQUISTI>0,000000</BSP_ACQUISTI>
    <MALT_ACQUISTI>132,000000</MALT_ACQUISTI>
    <XAUS_ACQUISTI>0,000000</XAUS_ACQUISTI>
    <XFRA_ACQUISTI>1160,000000</XFRA_ACQUISTI>
    <TOTALE_VENDITE>26128,608</TOTALE_VENDITE>
    <NAT_VENDITE>26760,430000</NAT_VENDITE>
    <CNOR_VENDITE>2124,059000</CNOR_VENDITE>
    <CSUD_VENDITE>3749,758000</CSUD_VENDITE>
    <NORD_VENDITE>11559,001000</NORD_VENDITE>
    <SARD_VENDITE>1200,216000</SARD_VENDITE>
    <SICI_VENDITE>973,402000</SICI_VENDITE>
    <SUD_VENDITE>1649,656000</SUD_VENDITE>
    <AUST_VENDITE>6,000000</AUST_VENDITE>
    <BRNN_VENDITE>2015,001000</BRNN_VENDITE>
    <COAC_VENDITE>0,000000</COAC_VENDITE>
    <CORS_VENDITE>0,000000</CORS_VENDITE>
    <FOGN_VENDITE>658,882000</FOGN_VENDITE>
    <FRAN_VENDITE>45,000000</FRAN_VENDITE>
    <GREC_VENDITE>0,000000</GREC_VENDITE>
    <MFTV_VENDITE>0,000000</MFTV_VENDITE>
    <PRGP_VENDITE>0,000000</PRGP_VENDITE>
    <ROSN_VENDITE>1577,633000</ROSN_VENDITE>
    <SLOV_VENDITE>0,000000</SLOV_VENDITE>
    <SVIZ_VENDITE>570,000000</SVIZ_VENDITE>
    <BSP_VENDITE>215,000000</BSP_VENDITE>
    <MALT_VENDITE>0,000000</MALT_VENDITE>
    <XAUS_VENDITE>285,000000</XAUS_VENDITE>
    <XFRA_VENDITE>0,000000</XFRA_VENDITE>
    <TOTITABSP_VENDITE>26343,608</TOTITABSP_VENDITE>
    <TOTITABSP_ACQUISTI>25468,608</TOTITABSP_ACQUISTI>
  </Quantita>
  <Quantita>
    <Data>20170104</Data>
    <Mercato>MGP</Mercato>
    <Ora>2</Ora>
    <TOTALE_ACQUISTI>24115,913</TOTALE_ACQUISTI>
    <NAT_ACQUISTI>24654,868000</NAT_ACQUISTI>
    <CNOR_ACQUISTI>2472,627000</CNOR_ACQUISTI>
    <CSUD_ACQUISTI>3713,441000</CSUD_ACQUISTI>
    <NORD_ACQUISTI>12068,956000</NORD_ACQUISTI>
    <SARD_ACQUISTI>772,925000</SARD_ACQUISTI>
    <SICI_ACQUISTI>1422,855000</SICI_ACQUISTI>
    <SUD_ACQUISTI>1936,109000</SUD_ACQUISTI>
    <AUST_ACQUISTI>0,000000</AUST_ACQUISTI>
    <BRNN_ACQUISTI>0,000000</BRNN_ACQUISTI>
    <COAC_ACQUISTI>76,000000</COAC_ACQUISTI>
    <CORS_ACQUISTI>49,000000</CORS_ACQUISTI>
    <FOGN_ACQUISTI>0,000000</FOGN_ACQUISTI>
    <FRAN_ACQUISTI>45,000000</FRAN_ACQUISTI>
    <GREC_ACQUISTI>0,000000</GREC_ACQUISTI>
    <MFTV_ACQUISTI>0,000000</MFTV_ACQUISTI>
    <PRGP_ACQUISTI>0,000000</PRGP_ACQUISTI>
    <ROSN_ACQUISTI>0,000000</ROSN_ACQUISTI>
    <SLOV_ACQUISTI>0,000000</SLOV_ACQUISTI>
    <SVIZ_ACQUISTI>1439,000000</SVIZ_ACQUISTI>
    <BSP_ACQUISTI>0,000000</BSP_ACQUISTI>
    <MALT_ACQUISTI>120,000000</MALT_ACQUISTI>
    <XAUS_ACQUISTI>0,000000</XAUS_ACQUISTI>
    <XFRA_ACQUISTI>532,125000</XFRA_ACQUISTI>
    <TOTALE_VENDITE>24308,038</TOTALE_VENDITE>
    <NAT_VENDITE>24654,868000</NAT_VENDITE>
    <CNOR_VENDITE>1798,020000</CNOR_VENDITE>
    <CSUD_VENDITE>2963,254000</CSUD_VENDITE>
    <NORD_VENDITE>11288,688000</NORD_VENDITE>
    <SARD_VENDITE>1182,144000</SARD_VENDITE>
    <SICI_VENDITE>991,725000</SICI_VENDITE>
    <SUD_VENDITE>1519,457000</SUD_VENDITE>
    <AUST_VENDITE>6,000000</AUST_VENDITE>
    <BRNN_VENDITE>2022,262000</BRNN_VENDITE>
    <COAC_VENDITE>0,000000</COAC_VENDITE>
    <CORS_VENDITE>0,000000</CORS_VENDITE>
    <FOGN_VENDITE>655,743000</FOGN_VENDITE>
    <FRAN_VENDITE>45,000000</FRAN_VENDITE>
    <GREC_VENDITE>0,000000</GREC_VENDITE>
    <MFTV_VENDITE>0,000000</MFTV_VENDITE>
    <PRGP_VENDITE>0,000000</PRGP_VENDITE>
    <ROSN_VENDITE>1706,745000</ROSN_VENDITE>
    <SLOV_VENDITE>0,000000</SLOV_VENDITE>
    <SVIZ_VENDITE>129,000000</SVIZ_VENDITE>
    <BSP_VENDITE>55,000000</BSP_VENDITE>
    <MALT_VENDITE>0,000000</MALT_VENDITE>
    <XAUS_VENDITE>285,000000</XAUS_VENDITE>
    <XFRA_VENDITE>0,000000</XFRA_VENDITE>
    <TOTITABSP_VENDITE>24363,038</TOTITABSP_VENDITE>
    <TOTITABSP_ACQUISTI>24115,913</TOTITABSP_ACQUISTI>
  </Quantita>
  <Quantita>
    <Data>20170104</Data>
    <Mercato>MGP</Mercato>
    <Ora>3</Ora>
    <TOTALE_ACQUISTI>23160,578</TOTALE_ACQUISTI>
    <NAT_ACQUISTI>23576,268000</NAT_ACQUISTI>
    <CNOR_ACQUISTI>2401,508000</CNOR_ACQUISTI>
    <CSUD_ACQUISTI>3528,475000</CSUD_ACQUISTI>
    <NORD_ACQUISTI>11577,009000</NORD_ACQUISTI>
    <SARD_ACQUISTI>746,515000</SARD_ACQUISTI>
    <SICI_ACQUISTI>1340,623000</SICI_ACQUISTI>
    <SUD_ACQUISTI>1853,448000</SUD_ACQUISTI>
    <AUST_ACQUISTI>0,000000</AUST_ACQUISTI>
    <BRNN_ACQUISTI>0,000000</BRNN_ACQUISTI>
    <COAC_ACQUISTI>65,000000</COAC_ACQUISTI>
    <CORS_ACQUISTI>49,000000</CORS_ACQUISTI>
    <FOGN_ACQUISTI>0,000000</FOGN_ACQUISTI>
    <FRAN_ACQUISTI>45,000000</FRAN_ACQUISTI>
    <GREC_ACQUISTI>0,000000</GREC_ACQUISTI>
    <MFTV_ACQUISTI>0,000000</MFTV_ACQUISTI>
    <PRGP_ACQUISTI>0,000000</PRGP_ACQUISTI>
    <ROSN_ACQUISTI>0,000000</ROSN_ACQUISTI>
    <SLOV_ACQUISTI>0,000000</SLOV_ACQUISTI>
    <SVIZ_ACQUISTI>1439,000000</SVIZ_ACQUISTI>
    <BSP_ACQUISTI>0,000000</BSP_ACQUISTI>
    <MALT_ACQUISTI>115,000000</MALT_ACQUISTI>
    <XAUS_ACQUISTI>0,000000</XAUS_ACQUISTI>
    <XFRA_ACQUISTI>415,690000</XFRA_ACQUISTI>
    <TOTALE_VENDITE>23230,268</TOTALE_VENDITE>
    <NAT_VENDITE>23576,268000</NAT_VENDITE>
    <CNOR_VENDITE>1777,717000</CNOR_VENDITE>
    <CSUD_VENDITE>2907,885000</CSUD_VENDITE>
    <NORD_VENDITE>10424,490000</NORD_VENDITE>
    <SARD_VENDITE>1152,148000</SARD_VENDITE>
    <SICI_VENDITE>1002,725000</SICI_VENDITE>
    <SUD_VENDITE>1349,377000</SUD_VENDITE>
    <AUST_VENDITE>6,000000</AUST_VENDITE>
    <BRNN_VENDITE>2012,679000</BRNN_VENDITE>
    <COAC_VENDITE>0,000000</COAC_VENDITE>
    <CORS_VENDITE>0,000000</CORS_VENDITE>
    <FOGN_VENDITE>653,016000</FOGN_VENDITE>
    <FRAN_VENDITE>45,000000</FRAN_VENDITE>
    <GREC_VENDITE>0,000000</GREC_VENDITE>
    <MFTV_VENDITE>0,000000</MFTV_VENDITE>
    <PRGP_VENDITE>0,000000</PRGP_VENDITE>
    <ROSN_VENDITE>1571,231000</ROSN_VENDITE>
    <SLOV_VENDITE>0,000000</SLOV_VENDITE>
    <SVIZ_VENDITE>328,000000</SVIZ_VENDITE>
    <BSP_VENDITE>61,000000</BSP_VENDITE>
    <MALT_VENDITE>0,000000</MALT_VENDITE>
    <XAUS_VENDITE>285,000000</XAUS_VENDITE>
    <XFRA_VENDITE>0,000000</XFRA_VENDITE>
    <TOTITABSP_VENDITE>23291,268</TOTITABSP_VENDITE>
    <TOTITABSP_ACQUISTI>23160,578</TOTITABSP_ACQUISTI>
  </Quantita>
  <Quantita>
    <Data>20170104</Data>
    <Mercato>MGP</Mercato>
    <Ora>4</Ora>
    <TOTALE_ACQUISTI>22676,17</TOTALE_ACQUISTI>
    <NAT_ACQUISTI>22676,170000</NAT_ACQUISTI>
    <CNOR_ACQUISTI>2366,006000</CNOR_ACQUISTI>
    <CSUD_ACQUISTI>3462,615000</CSUD_ACQUISTI>
    <NORD_ACQUISTI>11484,444000</NORD_ACQUISTI>
    <SARD_ACQUISTI>735,955000</SARD_ACQUISTI>
    <SICI_ACQUISTI>1305,645000</SICI_ACQUISTI>
    <SUD_ACQUISTI>1830,505000</SUD_ACQUISTI>
    <AUST_ACQUISTI>0,000000</AUST_ACQUISTI>
    <BRNN_ACQUISTI>0,000000</BRNN_ACQUISTI>
    <COAC_ACQUISTI>60,000000</COAC_ACQUISTI>
    <CORS_ACQUISTI>49,000000</CORS_ACQUISTI>
    <FOGN_ACQUISTI>0,000000</FOGN_ACQUISTI>
    <FRAN_ACQUISTI>45,000000</FRAN_ACQUISTI>
    <GREC_ACQUISTI>0,000000</GREC_ACQUISTI>
    <MFTV_ACQUISTI>0,000000</MFTV_ACQUISTI>
    <PRGP_ACQUISTI>0,000000</PRGP_ACQUISTI>
    <ROSN_ACQUISTI>0,000000</ROSN_ACQUISTI>
    <SLOV_ACQUISTI>0,000000</SLOV_ACQUISTI>
    <SVIZ_ACQUISTI>1226,000000</SVIZ_ACQUISTI>
    <BSP_ACQUISTI>0,000000</BSP_ACQUISTI>
    <MALT_ACQUISTI>111,000000</MALT_ACQUISTI>
    <XAUS_ACQUISTI>0,000000</XAUS_ACQUISTI>
    <XFRA_ACQUISTI>0,000000</XFRA_ACQUISTI>
    <TOTALE_VENDITE>21426,522</TOTALE_VENDITE>
    <NAT_VENDITE>22676,170000</NAT_VENDITE>
    <CNOR_VENDITE>1766,514000</CNOR_VENDITE>
    <CSUD_VENDITE>2908,392000</CSUD_VENDITE>
    <NORD_VENDITE>10122,920000</NORD_VENDITE>
    <SARD_VENDITE>1146,314000</SARD_VENDITE>
    <SICI_VENDITE>1008,616000</SICI_VENDITE>
    <SUD_VENDITE>1195,131000</SUD_VENDITE>
    <AUST_VENDITE>6,000000</AUST_VENDITE>
    <BRNN_VENDITE>858,894000</BRNN_VENDITE>
    <COAC_VENDITE>0,000000</COAC_VENDITE>
    <CORS_VENDITE>0,000000</CORS_VENDITE>
    <FOGN_VENDITE>650,627000</FOGN_VENDITE>
    <FRAN_VENDITE>45,000000</FRAN_VENDITE>
    <GREC_VENDITE>0,000000</GREC_VENDITE>
    <MFTV_VENDITE>0,000000</MFTV_VENDITE>
    <PRGP_VENDITE>0,000000</PRGP_VENDITE>
    <ROSN_VENDITE>1569,114000</ROSN_VENDITE>
    <SLOV_VENDITE>0,000000</SLOV_VENDITE>
    <SVIZ_VENDITE>149,000000</SVIZ_VENDITE>
    <BSP_VENDITE>174,000000</BSP_VENDITE>
    <MALT_VENDITE>0,000000</MALT_VENDITE>
    <XAUS_VENDITE>284,000000</XAUS_VENDITE>
    <XFRA_VENDITE>791,648000</XFRA_VENDITE>
    <TOTITABSP_VENDITE>21600,522</TOTITABSP_VENDITE>
    <TOTITABSP_ACQUISTI>22676,17</TOTITABSP_ACQUISTI>
  </Quantita>
  <Quantita>
    <Data>20170104</Data>
    <Mercato>MGP</Mercato>
    <Ora>5</Ora>
    <TOTALE_ACQUISTI>22698,364</TOTALE_ACQUISTI>
    <NAT_ACQUISTI>22698,364000</NAT_ACQUISTI>
    <CNOR_ACQUISTI>2398,595000</CNOR_ACQUISTI>
    <CSUD_ACQUISTI>3485,862000</CSUD_ACQUISTI>
    <NORD_ACQUISTI>11818,622000</NORD_ACQUISTI>
    <SARD_ACQUISTI>741,530000</SARD_ACQUISTI>
    <SICI_ACQUISTI>1307,657000</SICI_ACQUISTI>
    <SUD_ACQUISTI>1852,098000</SUD_ACQUISTI>
    <AUST_ACQUISTI>0,000000</AUST_ACQUISTI>
    <BRNN_ACQUISTI>0,000000</BRNN_ACQUISTI>
    <COAC_ACQUISTI>58,000000</COAC_ACQUISTI>
    <CORS_ACQUISTI>49,000000</CORS_ACQUISTI>
    <FOGN_ACQUISTI>0,000000</FOGN_ACQUISTI>
    <FRAN_ACQUISTI>45,000000</FRAN_ACQUISTI>
    <GREC_ACQUISTI>0,000000</GREC_ACQUISTI>
    <MFTV_ACQUISTI>0,000000</MFTV_ACQUISTI>
    <PRGP_ACQUISTI>0,000000</PRGP_ACQUISTI>
    <ROSN_ACQUISTI>0,000000</ROSN_ACQUISTI>
    <SLOV_ACQUISTI>0,000000</SLOV_ACQUISTI>
    <SVIZ_ACQUISTI>826,000000</SVIZ_ACQUISTI>
    <BSP_ACQUISTI>0,000000</BSP_ACQUISTI>
    <MALT_ACQUISTI>116,000000</MALT_ACQUISTI>
    <XAUS_ACQUISTI>0,000000</XAUS_ACQUISTI>
    <XFRA_ACQUISTI>0,000000</XFRA_ACQUISTI>
    <TOTALE_VENDITE>21180,925</TOTALE_VENDITE>
    <NAT_VENDITE>22698,364000</NAT_VENDITE>
    <CNOR_VENDITE>1767,537000</CNOR_VENDITE>
    <CSUD_VENDITE>2876,251000</CSUD_VENDITE>
    <NORD_VENDITE>10183,472000</NORD_VENDITE>
    <SARD_VENDITE>1130,465000</SARD_VENDITE>
    <SICI_VENDITE>1029,930000</SICI_VENDITE>
    <SUD_VENDITE>1139,278000</SUD_VENDITE>
    <AUST_VENDITE>6,000000</AUST_VENDITE>
    <BRNN_VENDITE>712,865000</BRNN_VENDITE>
    <COAC_VENDITE>0,000000</COAC_VENDITE>
    <CORS_VENDITE>0,000000</CORS_VENDITE>
    <FOGN_VENDITE>648,779000</FOGN_VENDITE>
    <FRAN_VENDITE>45,000000</FRAN_VENDITE>
    <GREC_VENDITE>0,000000</GREC_VENDITE>
    <MFTV_VENDITE>0,000000</MFTV_VENDITE>
    <PRGP_VENDITE>0,000000</PRGP_VENDITE>
    <ROSN_VENDITE>1512,348000</ROSN_VENDITE>
    <SLOV_VENDITE>0,000000</SLOV_VENDITE>
    <SVIZ_VENDITE>129,000000</SVIZ_VENDITE>
    <BSP_VENDITE>136,000000</BSP_VENDITE>
    <MALT_VENDITE>0,000000</MALT_VENDITE>
    <XAUS_VENDITE>284,000000</XAUS_VENDITE>
    <XFRA_VENDITE>1097,439000</XFRA_VENDITE>
    <TOTITABSP_VENDITE>21316,925</TOTITABSP_VENDITE>
    <TOTITABSP_ACQUISTI>22698,364</TOTITABSP_ACQUISTI>
  </Quantita>
  <Quantita>
    <Data>20170104</Data>
    <Mercato>MGP</Mercato>
    <Ora>6</Ora>
    <TOTALE_ACQUISTI>23806,646</TOTALE_ACQUISTI>
    <NAT_ACQUISTI>24756,855000</NAT_ACQUISTI>
    <CNOR_ACQUISTI>2475,755000</CNOR_ACQUISTI>
    <CSUD_ACQUISTI>3671,705000</CSUD_ACQUISTI>
    <NORD_ACQUISTI>12448,704000</NORD_ACQUISTI>
    <SARD_ACQUISTI>776,466000</SARD_ACQUISTI>
    <SICI_ACQUISTI>1387,519000</SICI_ACQUISTI>
    <SUD_ACQUISTI>1931,497000</SUD_ACQUISTI>
    <AUST_ACQUISTI>0,000000</AUST_ACQUISTI>
    <BRNN_ACQUISTI>0,000000</BRNN_ACQUISTI>
    <COAC_ACQUISTI>60,000000</COAC_ACQUISTI>
    <CORS_ACQUISTI>49,000000</CORS_ACQUISTI>
    <FOGN_ACQUISTI>0,000000</FOGN_ACQUISTI>
    <FRAN_ACQUISTI>45,000000</FRAN_ACQUISTI>
    <GREC_ACQUISTI>0,000000</GREC_ACQUISTI>
    <MFTV_ACQUISTI>0,000000</MFTV_ACQUISTI>
    <PRGP_ACQUISTI>0,000000</PRGP_ACQUISTI>
    <ROSN_ACQUISTI>0,000000</ROSN_ACQUISTI>
    <SLOV_ACQUISTI>0,000000</SLOV_ACQUISTI>
    <SVIZ_ACQUISTI>826,000000</SVIZ_ACQUISTI>
    <BSP_ACQUISTI>0,000000</BSP_ACQUISTI>
    <MALT_ACQUISTI>135,000000</MALT_ACQUISTI>
    <XAUS_ACQUISTI>0,000000</XAUS_ACQUISTI>
    <XFRA_ACQUISTI>950,209000</XFRA_ACQUISTI>
    <TOTALE_VENDITE>24386,855</TOTALE_VENDITE>
    <NAT_VENDITE>24756,855000</NAT_VENDITE>
    <CNOR_VENDITE>1769,402000</CNOR_VENDITE>
    <CSUD_VENDITE>3318,443000</CSUD_VENDITE>
    <NORD_VENDITE>11449,266000</NORD_VENDITE>
    <SARD_VENDITE>1120,460000</SARD_VENDITE>
    <SICI_VENDITE>1058,756000</SICI_VENDITE>
    <SUD_VENDITE>1095,235000</SUD_VENDITE>
    <AUST_VENDITE>6,000000</AUST_VENDITE>
    <BRNN_VENDITE>2004,976000</BRNN_VENDITE>
    <COAC_VENDITE>0,000000</COAC_VENDITE>
    <CORS_VENDITE>0,000000</CORS_VENDITE>
    <FOGN_VENDITE>645,926000</FOGN_VENDITE>
    <FRAN_VENDITE>45,000000</FRAN_VENDITE>
    <GREC_VENDITE>0,000000</GREC_VENDITE>
    <MFTV_VENDITE>0,000000</MFTV_VENDITE>
    <PRGP_VENDITE>0,000000</PRGP_VENDITE>
    <ROSN_VENDITE>1718,391000</ROSN_VENDITE>
    <SLOV_VENDITE>0,000000</SLOV_VENDITE>
    <SVIZ_VENDITE>155,000000</SVIZ_VENDITE>
    <BSP_VENDITE>86,000000</BSP_VENDITE>
    <MALT_VENDITE>0,000000</MALT_VENDITE>
    <XAUS_VENDITE>284,000000</XAUS_VENDITE>
    <XFRA_VENDITE>0,000000</XFRA_VENDITE>
    <TOTITABSP_VENDITE>24472,855</TOTITABSP_VENDITE>
    <TOTITABSP_ACQUISTI>23806,646</TOTITABSP_ACQUISTI>
  </Quantita>
  <Quantita>
    <Data>20170104</Data>
    <Mercato>MGP</Mercato>
    <Ora>7</Ora>
    <TOTALE_ACQUISTI>28039,396</TOTALE_ACQUISTI>
    <NAT_ACQUISTI>28452,799000</NAT_ACQUISTI>
    <CNOR_ACQUISTI>2893,785000</CNOR_ACQUISTI>
    <CSUD_ACQUISTI>4334,875000</CSUD_ACQUISTI>
    <NORD_ACQUISTI>14821,176000</NORD_ACQUISTI>
    <SARD_ACQUISTI>895,263000</SARD_ACQUISTI>
    <SICI_ACQUISTI>1595,740000</SICI_ACQUISTI>
    <SUD_ACQUISTI>2222,557000</SUD_ACQUISTI>
    <AUST_ACQUISTI>0,000000</AUST_ACQUISTI>
    <BRNN_ACQUISTI>0,000000</BRNN_ACQUISTI>
    <COAC_ACQUISTI>68,000000</COAC_ACQUISTI>
    <CORS_ACQUISTI>49,000000</CORS_ACQUISTI>
    <FOGN_ACQUISTI>0,000000</FOGN_ACQUISTI>
    <FRAN_ACQUISTI>45,000000</FRAN_ACQUISTI>
    <GREC_ACQUISTI>0,000000</GREC_ACQUISTI>
    <MFTV_ACQUISTI>0,000000</MFTV_ACQUISTI>
    <PRGP_ACQUISTI>0,000000</PRGP_ACQUISTI>
    <ROSN_ACQUISTI>0,000000</ROSN_ACQUISTI>
    <SLOV_ACQUISTI>0,000000</SLOV_ACQUISTI>
    <SVIZ_ACQUISTI>949,000000</SVIZ_ACQUISTI>
    <BSP_ACQUISTI>0,000000</BSP_ACQUISTI>
    <MALT_ACQUISTI>165,000000</MALT_ACQUISTI>
    <XAUS_ACQUISTI>0,000000</XAUS_ACQUISTI>
    <XFRA_ACQUISTI>311,664000</XFRA_ACQUISTI>
    <TOTALE_VENDITE>27891,06</TOTALE_VENDITE>
    <NAT_VENDITE>28452,799000</NAT_VENDITE>
    <CNOR_VENDITE>2308,840000</CNOR_VENDITE>
    <CSUD_VENDITE>4648,961000</CSUD_VENDITE>
    <NORD_VENDITE>12962,785000</NORD_VENDITE>
    <SARD_VENDITE>1119,772000</SARD_VENDITE>
    <SICI_VENDITE>1067,890000</SICI_VENDITE>
    <SUD_VENDITE>1081,882000</SUD_VENDITE>
    <AUST_VENDITE>6,000000</AUST_VENDITE>
    <BRNN_VENDITE>2000,362000</BRNN_VENDITE>
    <COAC_VENDITE>0,000000</COAC_VENDITE>
    <CORS_VENDITE>0,000000</CORS_VENDITE>
    <FOGN_VENDITE>644,926000</FOGN_VENDITE>
    <FRAN_VENDITE>45,000000</FRAN_VENDITE>
    <GREC_VENDITE>0,000000</GREC_VENDITE>
    <MFTV_VENDITE>0,000000</MFTV_VENDITE>
    <PRGP_VENDITE>0,000000</PRGP_VENDITE>
    <ROSN_VENDITE>1717,642000</ROSN_VENDITE>
    <SLOV_VENDITE>0,000000</SLOV_VENDITE>
    <SVIZ_VENDITE>287,000000</SVIZ_VENDITE>
    <BSP_VENDITE>176,000000</BSP_VENDITE>
    <MALT_VENDITE>0,000000</MALT_VENDITE>
    <XAUS_VENDITE>284,000000</XAUS_VENDITE>
    <XFRA_VENDITE>0,000000</XFRA_VENDITE>
    <TOTITABSP_VENDITE>28067,06</TOTITABSP_VENDITE>
    <TOTITABSP_ACQUISTI>28039,396</TOTITABSP_ACQUISTI>
  </Quantita>
  <Quantita>
    <Data>20170104</Data>
    <Mercato>MGP</Mercato>
    <Ora>8</Ora>
    <TOTALE_ACQUISTI>33277,227</TOTALE_ACQUISTI>
    <NAT_ACQUISTI>34347,227000</NAT_ACQUISTI>
    <CNOR_ACQUISTI>3479,260000</CNOR_ACQUISTI>
    <CSUD_ACQUISTI>5211,562000</CSUD_ACQUISTI>
    <NORD_ACQUISTI>17636,621000</NORD_ACQUISTI>
    <SARD_ACQUISTI>1075,655000</SARD_ACQUISTI>
    <SICI_ACQUISTI>1921,378000</SICI_ACQUISTI>
    <SUD_ACQUISTI>2607,751000</SUD_ACQUISTI>
    <AUST_ACQUISTI>0,000000</AUST_ACQUISTI>
    <BRNN_ACQUISTI>0,000000</BRNN_ACQUISTI>
    <COAC_ACQUISTI>83,000000</COAC_ACQUISTI>
    <CORS_ACQUISTI>49,000000</CORS_ACQUISTI>
    <FOGN_ACQUISTI>0,000000</FOGN_ACQUISTI>
    <FRAN_ACQUISTI>45,000000</FRAN_ACQUISTI>
    <GREC_ACQUISTI>0,000000</GREC_ACQUISTI>
    <MFTV_ACQUISTI>0,000000</MFTV_ACQUISTI>
    <PRGP_ACQUISTI>0,000000</PRGP_ACQUISTI>
    <ROSN_ACQUISTI>0,000000</ROSN_ACQUISTI>
    <SLOV_ACQUISTI>0,000000</SLOV_ACQUISTI>
    <SVIZ_ACQUISTI>988,000000</SVIZ_ACQUISTI>
    <BSP_ACQUISTI>0,000000</BSP_ACQUISTI>
    <MALT_ACQUISTI>180,000000</MALT_ACQUISTI>
    <XAUS_ACQUISTI>0,000000</XAUS_ACQUISTI>
    <XFRA_ACQUISTI>995,000000</XFRA_ACQUISTI>
    <TOTALE_VENDITE>33759,227</TOTALE_VENDITE>
    <NAT_VENDITE>34347,227000</NAT_VENDITE>
    <CNOR_VENDITE>2437,193000</CNOR_VENDITE>
    <CSUD_VENDITE>4838,801000</CSUD_VENDITE>
    <NORD_VENDITE>16973,688000</NORD_VENDITE>
    <SARD_VENDITE>1107,355000</SARD_VENDITE>
    <SICI_VENDITE>1028,523000</SICI_VENDITE>
    <SUD_VENDITE>933,138000</SUD_VENDITE>
    <AUST_VENDITE>6,000000</AUST_VENDITE>
    <BRNN_VENDITE>2970,478000</BRNN_VENDITE>
    <COAC_VENDITE>0,000000</COAC_VENDITE>
    <CORS_VENDITE>0,000000</CORS_VENDITE>
    <FOGN_VENDITE>641,416000</FOGN_VENDITE>
    <FRAN_VENDITE>45,000000</FRAN_VENDITE>
    <GREC_VENDITE>0,000000</GREC_VENDITE>
    <MFTV_VENDITE>0,000000</MFTV_VENDITE>
    <PRGP_VENDITE>0,587000</PRGP_VENDITE>
    <ROSN_VENDITE>2559,048000</ROSN_VENDITE>
    <SLOV_VENDITE>0,000000</SLOV_VENDITE>
    <SVIZ_VENDITE>218,000000</SVIZ_VENDITE>
    <BSP_VENDITE>208,000000</BSP_VENDITE>
    <MALT_VENDITE>0,000000</MALT_VENDITE>
    <XAUS_VENDITE>305,000000</XAUS_VENDITE>
    <XFRA_VENDITE>0,000000</XFRA_VENDITE>
    <TOTITABSP_VENDITE>33967,227</TOTITABSP_VENDITE>
    <TOTITABSP_ACQUISTI>33277,227</TOTITABSP_ACQUISTI>
  </Quantita>
  <Quantita>
    <Data>20170104</Data>
    <Mercato>MGP</Mercato>
    <Ora>9</Ora>
    <TOTALE_ACQUISTI>36486,813</TOTALE_ACQUISTI>
    <NAT_ACQUISTI>37205,028000</NAT_ACQUISTI>
    <CNOR_ACQUISTI>3909,256000</CNOR_ACQUISTI>
    <CSUD_ACQUISTI>5697,969000</CSUD_ACQUISTI>
    <NORD_ACQUISTI>19429,958000</NORD_ACQUISTI>
    <SARD_ACQUISTI>1148,055000</SARD_ACQUISTI>
    <SICI_ACQUISTI>2124,111000</SICI_ACQUISTI>
    <SUD_ACQUISTI>2825,464000</SUD_ACQUISTI>
    <AUST_ACQUISTI>0,000000</AUST_ACQUISTI>
    <BRNN_ACQUISTI>0,000000</BRNN_ACQUISTI>
    <COAC_ACQUISTI>92,000000</COAC_ACQUISTI>
    <CORS_ACQUISTI>49,000000</CORS_ACQUISTI>
    <FOGN_ACQUISTI>0,000000</FOGN_ACQUISTI>
    <FRAN_ACQUISTI>45,000000</FRAN_ACQUISTI>
    <GREC_ACQUISTI>0,000000</GREC_ACQUISTI>
    <MFTV_ACQUISTI>0,000000</MFTV_ACQUISTI>
    <PRGP_ACQUISTI>0,000000</PRGP_ACQUISTI>
    <ROSN_ACQUISTI>0,000000</ROSN_ACQUISTI>
    <SLOV_ACQUISTI>0,000000</SLOV_ACQUISTI>
    <SVIZ_ACQUISTI>978,000000</SVIZ_ACQUISTI>
    <BSP_ACQUISTI>0,000000</BSP_ACQUISTI>
    <MALT_ACQUISTI>188,000000</MALT_ACQUISTI>
    <XAUS_ACQUISTI>0,000000</XAUS_ACQUISTI>
    <XFRA_ACQUISTI>621,215000</XFRA_ACQUISTI>
    <TOTALE_VENDITE>36586,028</TOTALE_VENDITE>
    <NAT_VENDITE>37205,028000</NAT_VENDITE>
    <CNOR_VENDITE>2358,256000</CNOR_VENDITE>
    <CSUD_VENDITE>4941,745000</CSUD_VENDITE>
    <NORD_VENDITE>18903,173000</NORD_VENDITE>
    <SARD_VENDITE>1141,224000</SARD_VENDITE>
    <SICI_VENDITE>1208,437000</SICI_VENDITE>
    <SUD_VENDITE>1341,029000</SUD_VENDITE>
    <AUST_VENDITE>6,000000</AUST_VENDITE>
    <BRNN_VENDITE>3138,796000</BRNN_VENDITE>
    <COAC_VENDITE>0,000000</COAC_VENDITE>
    <CORS_VENDITE>0,000000</CORS_VENDITE>
    <FOGN_VENDITE>641,174000</FOGN_VENDITE>
    <FRAN_VENDITE>45,000000</FRAN_VENDITE>
    <GREC_VENDITE>0,000000</GREC_VENDITE>
    <MFTV_VENDITE>0,000000</MFTV_VENDITE>
    <PRGP_VENDITE>3,674000</PRGP_VENDITE>
    <ROSN_VENDITE>2659,520000</ROSN_VENDITE>
    <SLOV_VENDITE>0,000000</SLOV_VENDITE>
    <SVIZ_VENDITE>198,000000</SVIZ_VENDITE>
    <BSP_VENDITE>217,000000</BSP_VENDITE>
    <MALT_VENDITE>0,000000</MALT_VENDITE>
    <XAUS_VENDITE>305,000000</XAUS_VENDITE>
    <XFRA_VENDITE>0,000000</XFRA_VENDITE>
    <TOTITABSP_VENDITE>36803,028</TOTITABSP_VENDITE>
    <TOTITABSP_ACQUISTI>36486,813</TOTITABSP_ACQUISTI>
  </Quantita>
  <Quantita>
    <Data>20170104</Data>
    <Mercato>MGP</Mercato>
    <Ora>10</Ora>
    <TOTALE_ACQUISTI>37546,421</TOTALE_ACQUISTI>
    <NAT_ACQUISTI>38516,133000</NAT_ACQUISTI>
    <CNOR_ACQUISTI>4104,866000</CNOR_ACQUISTI>
    <CSUD_ACQUISTI>6012,302000</CSUD_ACQUISTI>
    <NORD_ACQUISTI>19910,131000</NORD_ACQUISTI>
    <SARD_ACQUISTI>1141,499000</SARD_ACQUISTI>
    <SICI_ACQUISTI>2183,216000</SICI_ACQUISTI>
    <SUD_ACQUISTI>2835,407000</SUD_ACQUISTI>
    <AUST_ACQUISTI>0,000000</AUST_ACQUISTI>
    <BRNN_ACQUISTI>0,000000</BRNN_ACQUISTI>
    <COAC_ACQUISTI>86,000000</COAC_ACQUISTI>
    <CORS_ACQUISTI>49,000000</CORS_ACQUISTI>
    <FOGN_ACQUISTI>0,000000</FOGN_ACQUISTI>
    <FRAN_ACQUISTI>45,000000</FRAN_ACQUISTI>
    <GREC_ACQUISTI>0,000000</GREC_ACQUISTI>
    <MFTV_ACQUISTI>0,000000</MFTV_ACQUISTI>
    <PRGP_ACQUISTI>0,000000</PRGP_ACQUISTI>
    <ROSN_ACQUISTI>0,000000</ROSN_ACQUISTI>
    <SLOV_ACQUISTI>0,000000</SLOV_ACQUISTI>
    <SVIZ_ACQUISTI>1001,000000</SVIZ_ACQUISTI>
    <BSP_ACQUISTI>0,000000</BSP_ACQUISTI>
    <MALT_ACQUISTI>178,000000</MALT_ACQUISTI>
    <XAUS_ACQUISTI>0,000000</XAUS_ACQUISTI>
    <XFRA_ACQUISTI>844,712000</XFRA_ACQUISTI>
    <TOTALE_VENDITE>37773,133</TOTALE_VENDITE>
    <NAT_VENDITE>38516,133000</NAT_VENDITE>
    <CNOR_VENDITE>2553,866000</CNOR_VENDITE>
    <CSUD_VENDITE>5210,850000</CSUD_VENDITE>
    <NORD_VENDITE>19547,843000</NORD_VENDITE>
    <SARD_VENDITE>1213,653000</SARD_VENDITE>
    <SICI_VENDITE>1254,161000</SICI_VENDITE>
    <SUD_VENDITE>1701,755000</SUD_VENDITE>
    <AUST_VENDITE>6,000000</AUST_VENDITE>
    <BRNN_VENDITE>2828,747000</BRNN_VENDITE>
    <COAC_VENDITE>0,000000</COAC_VENDITE>
    <CORS_VENDITE>0,000000</CORS_VENDITE>
    <FOGN_VENDITE>662,701000</FOGN_VENDITE>
    <FRAN_VENDITE>45,000000</FRAN_VENDITE>
    <GREC_VENDITE>0,000000</GREC_VENDITE>
    <MFTV_VENDITE>0,000000</MFTV_VENDITE>
    <PRGP_VENDITE>7,055000</PRGP_VENDITE>
    <ROSN_VENDITE>2557,502000</ROSN_VENDITE>
    <SLOV_VENDITE>0,000000</SLOV_VENDITE>
    <SVIZ_VENDITE>184,000000</SVIZ_VENDITE>
    <BSP_VENDITE>313,000000</BSP_VENDITE>
    <MALT_VENDITE>0,000000</MALT_VENDITE>
    <XAUS_VENDITE>305,000000</XAUS_VENDITE>
    <XFRA_VENDITE>0,000000</XFRA_VENDITE>
    <TOTITABSP_VENDITE>38086,133</TOTITABSP_VENDITE>
    <TOTITABSP_ACQUISTI>37546,421</TOTITABSP_ACQUISTI>
  </Quantita>
  <Quantita>
    <Data>20170104</Data>
    <Mercato>MGP</Mercato>
    <Ora>11</Ora>
    <TOTALE_ACQUISTI>37501,687</TOTALE_ACQUISTI>
    <NAT_ACQUISTI>38387,105000</NAT_ACQUISTI>
    <CNOR_ACQUISTI>4066,330000</CNOR_ACQUISTI>
    <CSUD_ACQUISTI>6043,391000</CSUD_ACQUISTI>
    <NORD_ACQUISTI>20111,237000</NORD_ACQUISTI>
    <SARD_ACQUISTI>1092,017000</SARD_ACQUISTI>
    <SICI_ACQUISTI>2108,554000</SICI_ACQUISTI>
    <SUD_ACQUISTI>2746,158000</SUD_ACQUISTI>
    <AUST_ACQUISTI>0,000000</AUST_ACQUISTI>
    <BRNN_ACQUISTI>0,000000</BRNN_ACQUISTI>
    <COAC_ACQUISTI>75,000000</COAC_ACQUISTI>
    <CORS_ACQUISTI>49,000000</CORS_ACQUISTI>
    <FOGN_ACQUISTI>0,000000</FOGN_ACQUISTI>
    <FRAN_ACQUISTI>45,000000</FRAN_ACQUISTI>
    <GREC_ACQUISTI>0,000000</GREC_ACQUISTI>
    <MFTV_ACQUISTI>0,000000</MFTV_ACQUISTI>
    <PRGP_ACQUISTI>0,000000</PRGP_ACQUISTI>
    <ROSN_ACQUISTI>0,000000</ROSN_ACQUISTI>
    <SLOV_ACQUISTI>0,000000</SLOV_ACQUISTI>
    <SVIZ_ACQUISTI>993,000000</SVIZ_ACQUISTI>
    <BSP_ACQUISTI>0,000000</BSP_ACQUISTI>
    <MALT_ACQUISTI>172,000000</MALT_ACQUISTI>
    <XAUS_ACQUISTI>0,000000</XAUS_ACQUISTI>
    <XFRA_ACQUISTI>728,136000</XFRA_ACQUISTI>
    <TOTALE_VENDITE>37840,918</TOTALE_VENDITE>
    <NAT_VENDITE>38387,105000</NAT_VENDITE>
    <CNOR_VENDITE>2515,330000</CNOR_VENDITE>
    <CSUD_VENDITE>5384,915000</CSUD_VENDITE>
    <NORD_VENDITE>19864,468000</NORD_VENDITE>
    <SARD_VENDITE>1299,301000</SARD_VENDITE>
    <SICI_VENDITE>1350,553000</SICI_VENDITE>
    <SUD_VENDITE>1884,724000</SUD_VENDITE>
    <AUST_VENDITE>6,000000</AUST_VENDITE>
    <BRNN_VENDITE>2080,595000</BRNN_VENDITE>
    <COAC_VENDITE>0,000000</COAC_VENDITE>
    <CORS_VENDITE>0,000000</CORS_VENDITE>
    <FOGN_VENDITE>677,637000</FOGN_VENDITE>
    <FRAN_VENDITE>45,000000</FRAN_VENDITE>
    <GREC_VENDITE>0,000000</GREC_VENDITE>
    <MFTV_VENDITE>0,000000</MFTV_VENDITE>
    <PRGP_VENDITE>9,731000</PRGP_VENDITE>
    <ROSN_VENDITE>2549,664000</ROSN_VENDITE>
    <SLOV_VENDITE>0,000000</SLOV_VENDITE>
    <SVIZ_VENDITE>173,000000</SVIZ_VENDITE>
    <BSP_VENDITE>83,905000</BSP_VENDITE>
    <MALT_VENDITE>0,000000</MALT_VENDITE>
    <XAUS_VENDITE>305,000000</XAUS_VENDITE>
    <XFRA_VENDITE>0,000000</XFRA_VENDITE>
    <TOTITABSP_VENDITE>37924,823</TOTITABSP_VENDITE>
    <TOTITABSP_ACQUISTI>37501,687</TOTITABSP_ACQUISTI>
  </Quantita>
  <Quantita>
    <Data>20170104</Data>
    <Mercato>MGP</Mercato>
    <Ora>12</Ora>
    <TOTALE_ACQUISTI>37217,493</TOTALE_ACQUISTI>
    <NAT_ACQUISTI>38214,665000</NAT_ACQUISTI>
    <CNOR_ACQUISTI>3931,933000</CNOR_ACQUISTI>
    <CSUD_ACQUISTI>5933,535000</CSUD_ACQUISTI>
    <NORD_ACQUISTI>19987,513000</NORD_ACQUISTI>
    <SARD_ACQUISTI>1052,457000</SARD_ACQUISTI>
    <SICI_ACQUISTI>2052,340000</SICI_ACQUISTI>
    <SUD_ACQUISTI>2689,715000</SUD_ACQUISTI>
    <AUST_ACQUISTI>0,000000</AUST_ACQUISTI>
    <BRNN_ACQUISTI>0,000000</BRNN_ACQUISTI>
    <COAC_ACQUISTI>66,000000</COAC_ACQUISTI>
    <CORS_ACQUISTI>49,000000</CORS_ACQUISTI>
    <FOGN_ACQUISTI>0,000000</FOGN_ACQUISTI>
    <FRAN_ACQUISTI>45,000000</FRAN_ACQUISTI>
    <GREC_ACQUISTI>0,000000</GREC_ACQUISTI>
    <MFTV_ACQUISTI>0,000000</MFTV_ACQUISTI>
    <PRGP_ACQUISTI>0,000000</PRGP_ACQUISTI>
    <ROSN_ACQUISTI>0,000000</ROSN_ACQUISTI>
    <SLOV_ACQUISTI>0,000000</SLOV_ACQUISTI>
    <SVIZ_ACQUISTI>1240,000000</SVIZ_ACQUISTI>
    <BSP_ACQUISTI>0,000000</BSP_ACQUISTI>
    <MALT_ACQUISTI>170,000000</MALT_ACQUISTI>
    <XAUS_ACQUISTI>0,000000</XAUS_ACQUISTI>
    <XFRA_ACQUISTI>861,610000</XFRA_ACQUISTI>
    <TOTALE_VENDITE>37704,103</TOTALE_VENDITE>
    <NAT_VENDITE>38214,665000</NAT_VENDITE>
    <CNOR_VENDITE>2380,933000</CNOR_VENDITE>
    <CSUD_VENDITE>5547,753000</CSUD_VENDITE>
    <NORD_VENDITE>20061,123000</NORD_VENDITE>
    <SARD_VENDITE>1378,548000</SARD_VENDITE>
    <SICI_VENDITE>1477,603000</SICI_VENDITE>
    <SUD_VENDITE>2031,736000</SUD_VENDITE>
    <AUST_VENDITE>6,000000</AUST_VENDITE>
    <BRNN_VENDITE>1963,576000</BRNN_VENDITE>
    <COAC_VENDITE>0,000000</COAC_VENDITE>
    <CORS_VENDITE>0,000000</CORS_VENDITE>
    <FOGN_VENDITE>719,700000</FOGN_VENDITE>
    <FRAN_VENDITE>45,000000</FRAN_VENDITE>
    <GREC_VENDITE>0,000000</GREC_VENDITE>
    <MFTV_VENDITE>0,000000</MFTV_VENDITE>
    <PRGP_VENDITE>9,486000</PRGP_VENDITE>
    <ROSN_VENDITE>1835,645000</ROSN_VENDITE>
    <SLOV_VENDITE>0,000000</SLOV_VENDITE>
    <SVIZ_VENDITE>247,000000</SVIZ_VENDITE>
    <BSP_VENDITE>70,000000</BSP_VENDITE>
    <MALT_VENDITE>0,000000</MALT_VENDITE>
    <XAUS_VENDITE>305,000000</XAUS_VENDITE>
    <XFRA_VENDITE>0,000000</XFRA_VENDITE>
    <TOTITABSP_VENDITE>37774,103</TOTITABSP_VENDITE>
    <TOTITABSP_ACQUISTI>37217,493</TOTITABSP_ACQUISTI>
  </Quantita>
  <Quantita>
    <Data>20170104</Data>
    <Mercato>MGP</Mercato>
    <Ora>13</Ora>
    <TOTALE_ACQUISTI>35648,97</TOTALE_ACQUISTI>
    <NAT_ACQUISTI>36985,580000</NAT_ACQUISTI>
    <CNOR_ACQUISTI>3703,515000</CNOR_ACQUISTI>
    <CSUD_ACQUISTI>5855,250000</CSUD_ACQUISTI>
    <NORD_ACQUISTI>18530,959000</NORD_ACQUISTI>
    <SARD_ACQUISTI>1039,305000</SARD_ACQUISTI>
    <SICI_ACQUISTI>2046,415000</SICI_ACQUISTI>
    <SUD_ACQUISTI>2698,526000</SUD_ACQUISTI>
    <AUST_ACQUISTI>0,000000</AUST_ACQUISTI>
    <BRNN_ACQUISTI>0,000000</BRNN_ACQUISTI>
    <COAC_ACQUISTI>61,000000</COAC_ACQUISTI>
    <CORS_ACQUISTI>49,000000</CORS_ACQUISTI>
    <FOGN_ACQUISTI>0,000000</FOGN_ACQUISTI>
    <FRAN_ACQUISTI>45,000000</FRAN_ACQUISTI>
    <GREC_ACQUISTI>0,000000</GREC_ACQUISTI>
    <MFTV_ACQUISTI>0,000000</MFTV_ACQUISTI>
    <PRGP_ACQUISTI>0,000000</PRGP_ACQUISTI>
    <ROSN_ACQUISTI>0,000000</ROSN_ACQUISTI>
    <SLOV_ACQUISTI>0,000000</SLOV_ACQUISTI>
    <SVIZ_ACQUISTI>1448,000000</SVIZ_ACQUISTI>
    <BSP_ACQUISTI>155,000000</BSP_ACQUISTI>
    <MALT_ACQUISTI>172,000000</MALT_ACQUISTI>
    <XAUS_ACQUISTI>0,000000</XAUS_ACQUISTI>
    <XFRA_ACQUISTI>995,000000</XFRA_ACQUISTI>
    <TOTALE_VENDITE>36493,97</TOTALE_VENDITE>
    <NAT_VENDITE>36985,580000</NAT_VENDITE>
    <CNOR_VENDITE>2229,976000</CNOR_VENDITE>
    <CSUD_VENDITE>5306,711000</CSUD_VENDITE>
    <NORD_VENDITE>19303,959000</NORD_VENDITE>
    <SARD_VENDITE>1457,577000</SARD_VENDITE>
    <SICI_VENDITE>1528,508000</SICI_VENDITE>
    <SUD_VENDITE>2092,343000</SUD_VENDITE>
    <AUST_VENDITE>6,000000</AUST_VENDITE>
    <BRNN_VENDITE>1952,821000</BRNN_VENDITE>
    <COAC_VENDITE>0,000000</COAC_VENDITE>
    <CORS_VENDITE>0,000000</CORS_VENDITE>
    <FOGN_VENDITE>872,165000</FOGN_VENDITE>
    <FRAN_VENDITE>45,000000</FRAN_VENDITE>
    <GREC_VENDITE>0,000000</GREC_VENDITE>
    <MFTV_VENDITE>0,000000</MFTV_VENDITE>
    <PRGP_VENDITE>9,362000</PRGP_VENDITE>
    <ROSN_VENDITE>1575,548000</ROSN_VENDITE>
    <SLOV_VENDITE>0,000000</SLOV_VENDITE>
    <SVIZ_VENDITE>114,000000</SVIZ_VENDITE>
    <BSP_VENDITE>0,000000</BSP_VENDITE>
    <MALT_VENDITE>0,000000</MALT_VENDITE>
    <XAUS_VENDITE>305,000000</XAUS_VENDITE>
    <XFRA_VENDITE>0,000000</XFRA_VENDITE>
    <TOTITABSP_VENDITE>36493,97</TOTITABSP_VENDITE>
    <TOTITABSP_ACQUISTI>35803,97</TOTITABSP_ACQUISTI>
  </Quantita>
  <Quantita>
    <Data>20170104</Data>
    <Mercato>MGP</Mercato>
    <Ora>14</Ora>
    <TOTALE_ACQUISTI>34936,94</TOTALE_ACQUISTI>
    <NAT_ACQUISTI>36291,991000</NAT_ACQUISTI>
    <CNOR_ACQUISTI>3531,704000</CNOR_ACQUISTI>
    <CSUD_ACQUISTI>5677,463000</CSUD_ACQUISTI>
    <NORD_ACQUISTI>18454,888000</NORD_ACQUISTI>
    <SARD_ACQUISTI>1009,318000</SARD_ACQUISTI>
    <SICI_ACQUISTI>2016,251000</SICI_ACQUISTI>
    <SUD_ACQUISTI>2606,316000</SUD_ACQUISTI>
    <AUST_ACQUISTI>0,000000</AUST_ACQUISTI>
    <BRNN_ACQUISTI>0,000000</BRNN_ACQUISTI>
    <COAC_ACQUISTI>58,000000</COAC_ACQUISTI>
    <CORS_ACQUISTI>49,000000</CORS_ACQUISTI>
    <FOGN_ACQUISTI>0,000000</FOGN_ACQUISTI>
    <FRAN_ACQUISTI>45,000000</FRAN_ACQUISTI>
    <GREC_ACQUISTI>0,000000</GREC_ACQUISTI>
    <MFTV_ACQUISTI>0,000000</MFTV_ACQUISTI>
    <PRGP_ACQUISTI>0,000000</PRGP_ACQUISTI>
    <ROSN_ACQUISTI>0,000000</ROSN_ACQUISTI>
    <SLOV_ACQUISTI>0,000000</SLOV_ACQUISTI>
    <SVIZ_ACQUISTI>1311,000000</SVIZ_ACQUISTI>
    <BSP_ACQUISTI>0,000000</BSP_ACQUISTI>
    <MALT_ACQUISTI>178,000000</MALT_ACQUISTI>
    <XAUS_ACQUISTI>0,000000</XAUS_ACQUISTI>
    <XFRA_ACQUISTI>995,000000</XFRA_ACQUISTI>
    <TOTALE_VENDITE>35517,18</TOTALE_VENDITE>
    <NAT_VENDITE>36291,991000</NAT_VENDITE>
    <CNOR_VENDITE>2140,651000</CNOR_VENDITE>
    <CSUD_VENDITE>5345,790000</CSUD_VENDITE>
    <NORD_VENDITE>18825,128000</NORD_VENDITE>
    <SARD_VENDITE>1527,712000</SARD_VENDITE>
    <SICI_VENDITE>1522,037000</SICI_VENDITE>
    <SUD_VENDITE>1975,851000</SUD_VENDITE>
    <AUST_VENDITE>6,000000</AUST_VENDITE>
    <BRNN_VENDITE>1427,465000</BRNN_VENDITE>
    <COAC_VENDITE>0,000000</COAC_VENDITE>
    <CORS_VENDITE>0,000000</CORS_VENDITE>
    <FOGN_VENDITE>997,780000</FOGN_VENDITE>
    <FRAN_VENDITE>45,000000</FRAN_VENDITE>
    <GREC_VENDITE>0,000000</GREC_VENDITE>
    <MFTV_VENDITE>0,000000</MFTV_VENDITE>
    <PRGP_VENDITE>8,445000</PRGP_VENDITE>
    <ROSN_VENDITE>1580,321000</ROSN_VENDITE>
    <SLOV_VENDITE>0,000000</SLOV_VENDITE>
    <SVIZ_VENDITE>115,000000</SVIZ_VENDITE>
    <BSP_VENDITE>119,760000</BSP_VENDITE>
    <MALT_VENDITE>0,000000</MALT_VENDITE>
    <XAUS_VENDITE>295,000000</XAUS_VENDITE>
    <XFRA_VENDITE>0,000000</XFRA_VENDITE>
    <TOTITABSP_VENDITE>35636,94</TOTITABSP_VENDITE>
    <TOTITABSP_ACQUISTI>34936,94</TOTITABSP_ACQUISTI>
  </Quantita>
  <Quantita>
    <Data>20170104</Data>
    <Mercato>MGP</Mercato>
    <Ora>15</Ora>
    <TOTALE_ACQUISTI>35790,809</TOTALE_ACQUISTI>
    <NAT_ACQUISTI>36677,245000</NAT_ACQUISTI>
    <CNOR_ACQUISTI>3728,468000</CNOR_ACQUISTI>
    <CSUD_ACQUISTI>5685,514000</CSUD_ACQUISTI>
    <NORD_ACQUISTI>18996,957000</NORD_ACQUISTI>
    <SARD_ACQUISTI>1009,369000</SARD_ACQUISTI>
    <SICI_ACQUISTI>2056,778000</SICI_ACQUISTI>
    <SUD_ACQUISTI>2631,723000</SUD_ACQUISTI>
    <AUST_ACQUISTI>0,000000</AUST_ACQUISTI>
    <BRNN_ACQUISTI>0,000000</BRNN_ACQUISTI>
    <COAC_ACQUISTI>60,000000</COAC_ACQUISTI>
    <CORS_ACQUISTI>49,000000</CORS_ACQUISTI>
    <FOGN_ACQUISTI>0,000000</FOGN_ACQUISTI>
    <FRAN_ACQUISTI>45,000000</FRAN_ACQUISTI>
    <GREC_ACQUISTI>0,000000</GREC_ACQUISTI>
    <MFTV_ACQUISTI>0,000000</MFTV_ACQUISTI>
    <PRGP_ACQUISTI>0,000000</PRGP_ACQUISTI>
    <ROSN_ACQUISTI>0,000000</ROSN_ACQUISTI>
    <SLOV_ACQUISTI>0,000000</SLOV_ACQUISTI>
    <SVIZ_ACQUISTI>1338,000000</SVIZ_ACQUISTI>
    <BSP_ACQUISTI>0,000000</BSP_ACQUISTI>
    <MALT_ACQUISTI>190,000000</MALT_ACQUISTI>
    <XAUS_ACQUISTI>0,000000</XAUS_ACQUISTI>
    <XFRA_ACQUISTI>751,677000</XFRA_ACQUISTI>
    <TOTALE_VENDITE>36090,486</TOTALE_VENDITE>
    <NAT_VENDITE>36677,245000</NAT_VENDITE>
    <CNOR_VENDITE>2177,468000</CNOR_VENDITE>
    <CSUD_VENDITE>5270,130000</CSUD_VENDITE>
    <NORD_VENDITE>19113,634000</NORD_VENDITE>
    <SARD_VENDITE>1561,431000</SARD_VENDITE>
    <SICI_VENDITE>1439,979000</SICI_VENDITE>
    <SUD_VENDITE>1798,609000</SUD_VENDITE>
    <AUST_VENDITE>6,000000</AUST_VENDITE>
    <BRNN_VENDITE>1962,788000</BRNN_VENDITE>
    <COAC_VENDITE>0,000000</COAC_VENDITE>
    <CORS_VENDITE>0,000000</CORS_VENDITE>
    <FOGN_VENDITE>995,403000</FOGN_VENDITE>
    <FRAN_VENDITE>45,000000</FRAN_VENDITE>
    <GREC_VENDITE>0,000000</GREC_VENDITE>
    <MFTV_VENDITE>0,000000</MFTV_VENDITE>
    <PRGP_VENDITE>6,573000</PRGP_VENDITE>
    <ROSN_VENDITE>1598,471000</ROSN_VENDITE>
    <SLOV_VENDITE>0,000000</SLOV_VENDITE>
    <SVIZ_VENDITE>115,000000</SVIZ_VENDITE>
    <BSP_VENDITE>157,000000</BSP_VENDITE>
    <MALT_VENDITE>0,000000</MALT_VENDITE>
    <XAUS_VENDITE>295,000000</XAUS_VENDITE>
    <XFRA_VENDITE>0,000000</XFRA_VENDITE>
    <TOTITABSP_VENDITE>36247,486</TOTITABSP_VENDITE>
    <TOTITABSP_ACQUISTI>35790,809</TOTITABSP_ACQUISTI>
  </Quantita>
  <Quantita>
    <Data>20170104</Data>
    <Mercato>MGP</Mercato>
    <Ora>16</Ora>
    <TOTALE_ACQUISTI>36881,836</TOTALE_ACQUISTI>
    <NAT_ACQUISTI>37010,397000</NAT_ACQUISTI>
    <CNOR_ACQUISTI>3907,472000</CNOR_ACQUISTI>
    <CSUD_ACQUISTI>5847,971000</CSUD_ACQUISTI>
    <NORD_ACQUISTI>19402,601000</NORD_ACQUISTI>
    <SARD_ACQUISTI>1026,270000</SARD_ACQUISTI>
    <SICI_ACQUISTI>2133,146000</SICI_ACQUISTI>
    <SUD_ACQUISTI>2763,376000</SUD_ACQUISTI>
    <AUST_ACQUISTI>0,000000</AUST_ACQUISTI>
    <BRNN_ACQUISTI>0,000000</BRNN_ACQUISTI>
    <COAC_ACQUISTI>69,000000</COAC_ACQUISTI>
    <CORS_ACQUISTI>49,000000</CORS_ACQUISTI>
    <FOGN_ACQUISTI>0,000000</FOGN_ACQUISTI>
    <FRAN_ACQUISTI>45,000000</FRAN_ACQUISTI>
    <GREC_ACQUISTI>0,000000</GREC_ACQUISTI>
    <MFTV_ACQUISTI>0,000000</MFTV_ACQUISTI>
    <PRGP_ACQUISTI>0,000000</PRGP_ACQUISTI>
    <ROSN_ACQUISTI>0,000000</ROSN_ACQUISTI>
    <SLOV_ACQUISTI>0,000000</SLOV_ACQUISTI>
    <SVIZ_ACQUISTI>1440,000000</SVIZ_ACQUISTI>
    <BSP_ACQUISTI>0,000000</BSP_ACQUISTI>
    <MALT_ACQUISTI>198,000000</MALT_ACQUISTI>
    <XAUS_ACQUISTI>0,000000</XAUS_ACQUISTI>
    <XFRA_ACQUISTI>0,000000</XFRA_ACQUISTI>
    <TOTALE_VENDITE>36265,631</TOTALE_VENDITE>
    <NAT_VENDITE>37010,397000</NAT_VENDITE>
    <CNOR_VENDITE>2356,472000</CNOR_VENDITE>
    <CSUD_VENDITE>5566,918000</CSUD_VENDITE>
    <NORD_VENDITE>18701,396000</NORD_VENDITE>
    <SARD_VENDITE>1571,331000</SARD_VENDITE>
    <SICI_VENDITE>1350,769000</SICI_VENDITE>
    <SUD_VENDITE>1600,995000</SUD_VENDITE>
    <AUST_VENDITE>6,000000</AUST_VENDITE>
    <BRNN_VENDITE>1962,122000</BRNN_VENDITE>
    <COAC_VENDITE>0,000000</COAC_VENDITE>
    <CORS_VENDITE>0,000000</CORS_VENDITE>
    <FOGN_VENDITE>1197,302000</FOGN_VENDITE>
    <FRAN_VENDITE>45,000000</FRAN_VENDITE>
    <GREC_VENDITE>0,000000</GREC_VENDITE>
    <MFTV_VENDITE>0,000000</MFTV_VENDITE>
    <PRGP_VENDITE>4,029000</PRGP_VENDITE>
    <ROSN_VENDITE>1784,297000</ROSN_VENDITE>
    <SLOV_VENDITE>0,000000</SLOV_VENDITE>
    <SVIZ_VENDITE>119,000000</SVIZ_VENDITE>
    <BSP_VENDITE>263,000000</BSP_VENDITE>
    <MALT_VENDITE>0,000000</MALT_VENDITE>
    <XAUS_VENDITE>295,000000</XAUS_VENDITE>
    <XFRA_VENDITE>58,205000</XFRA_VENDITE>
    <TOTITABSP_VENDITE>36528,631</TOTITABSP_VENDITE>
    <TOTITABSP_ACQUISTI>36881,836</TOTITABSP_ACQUISTI>
  </Quantita>
  <Quantita>
    <Data>20170104</Data>
    <Mercato>MGP</Mercato>
    <Ora>17</Ora>
    <TOTALE_ACQUISTI>38243,602</TOTALE_ACQUISTI>
    <NAT_ACQUISTI>38312,109000</NAT_ACQUISTI>
    <CNOR_ACQUISTI>4101,802000</CNOR_ACQUISTI>
    <CSUD_ACQUISTI>6296,023000</CSUD_ACQUISTI>
    <NORD_ACQUISTI>19802,713000</NORD_ACQUISTI>
    <SARD_ACQUISTI>1083,748000</SARD_ACQUISTI>
    <SICI_ACQUISTI>2266,345000</SICI_ACQUISTI>
    <SUD_ACQUISTI>3052,971000</SUD_ACQUISTI>
    <AUST_ACQUISTI>0,000000</AUST_ACQUISTI>
    <BRNN_ACQUISTI>0,000000</BRNN_ACQUISTI>
    <COAC_ACQUISTI>83,000000</COAC_ACQUISTI>
    <CORS_ACQUISTI>49,000000</CORS_ACQUISTI>
    <FOGN_ACQUISTI>0,000000</FOGN_ACQUISTI>
    <FRAN_ACQUISTI>45,000000</FRAN_ACQUISTI>
    <GREC_ACQUISTI>0,000000</GREC_ACQUISTI>
    <MFTV_ACQUISTI>0,000000</MFTV_ACQUISTI>
    <PRGP_ACQUISTI>0,000000</PRGP_ACQUISTI>
    <ROSN_ACQUISTI>0,000000</ROSN_ACQUISTI>
    <SLOV_ACQUISTI>0,000000</SLOV_ACQUISTI>
    <SVIZ_ACQUISTI>1265,000000</SVIZ_ACQUISTI>
    <BSP_ACQUISTI>0,000000</BSP_ACQUISTI>
    <MALT_ACQUISTI>198,000000</MALT_ACQUISTI>
    <XAUS_ACQUISTI>0,000000</XAUS_ACQUISTI>
    <XFRA_ACQUISTI>0,000000</XFRA_ACQUISTI>
    <TOTALE_VENDITE>37277,681</TOTALE_VENDITE>
    <NAT_VENDITE>38312,109000</NAT_VENDITE>
    <CNOR_VENDITE>2366,247000</CNOR_VENDITE>
    <CSUD_VENDITE>5440,581000</CSUD_VENDITE>
    <NORD_VENDITE>18713,347000</NORD_VENDITE>
    <SARD_VENDITE>1564,442000</SARD_VENDITE>
    <SICI_VENDITE>1363,341000</SICI_VENDITE>
    <SUD_VENDITE>1449,538000</SUD_VENDITE>
    <AUST_VENDITE>6,000000</AUST_VENDITE>
    <BRNN_VENDITE>2262,061000</BRNN_VENDITE>
    <COAC_VENDITE>0,000000</COAC_VENDITE>
    <CORS_VENDITE>0,000000</CORS_VENDITE>
    <FOGN_VENDITE>1351,937000</FOGN_VENDITE>
    <FRAN_VENDITE>45,000000</FRAN_VENDITE>
    <GREC_VENDITE>0,000000</GREC_VENDITE>
    <MFTV_VENDITE>0,000000</MFTV_VENDITE>
    <PRGP_VENDITE>1,004000</PRGP_VENDITE>
    <ROSN_VENDITE>2547,183000</ROSN_VENDITE>
    <SLOV_VENDITE>0,000000</SLOV_VENDITE>
    <SVIZ_VENDITE>167,000000</SVIZ_VENDITE>
    <BSP_VENDITE>402,000000</BSP_VENDITE>
    <MALT_VENDITE>0,000000</MALT_VENDITE>
    <XAUS_VENDITE>295,000000</XAUS_VENDITE>
    <XFRA_VENDITE>268,921000</XFRA_VENDITE>
    <TOTITABSP_VENDITE>37679,681</TOTITABSP_VENDITE>
    <TOTITABSP_ACQUISTI>38243,602</TOTITABSP_ACQUISTI>
  </Quantita>
  <Quantita>
    <Data>20170104</Data>
    <Mercato>MGP</Mercato>
    <Ora>18</Ora>
    <TOTALE_ACQUISTI>41575,278</TOTALE_ACQUISTI>
    <NAT_ACQUISTI>41700,278000</NAT_ACQUISTI>
    <CNOR_ACQUISTI>4452,556000</CNOR_ACQUISTI>
    <CSUD_ACQUISTI>7015,786000</CSUD_ACQUISTI>
    <NORD_ACQUISTI>21235,979000</NORD_ACQUISTI>
    <SARD_ACQUISTI>1213,357000</SARD_ACQUISTI>
    <SICI_ACQUISTI>2560,730000</SICI_ACQUISTI>
    <SUD_ACQUISTI>3601,870000</SUD_ACQUISTI>
    <AUST_ACQUISTI>0,000000</AUST_ACQUISTI>
    <BRNN_ACQUISTI>0,000000</BRNN_ACQUISTI>
    <COAC_ACQUISTI>95,000000</COAC_ACQUISTI>
    <CORS_ACQUISTI>49,000000</CORS_ACQUISTI>
    <FOGN_ACQUISTI>0,000000</FOGN_ACQUISTI>
    <FRAN_ACQUISTI>45,000000</FRAN_ACQUISTI>
    <GREC_ACQUISTI>0,000000</GREC_ACQUISTI>
    <MFTV_ACQUISTI>0,000000</MFTV_ACQUISTI>
    <PRGP_ACQUISTI>0,000000</PRGP_ACQUISTI>
    <ROSN_ACQUISTI>0,000000</ROSN_ACQUISTI>
    <SLOV_ACQUISTI>0,000000</SLOV_ACQUISTI>
    <SVIZ_ACQUISTI>1108,000000</SVIZ_ACQUISTI>
    <BSP_ACQUISTI>0,000000</BSP_ACQUISTI>
    <MALT_ACQUISTI>198,000000</MALT_ACQUISTI>
    <XAUS_ACQUISTI>0,000000</XAUS_ACQUISTI>
    <XFRA_ACQUISTI>0,000000</XFRA_ACQUISTI>
    <TOTALE_VENDITE>40422,084</TOTALE_VENDITE>
    <NAT_VENDITE>41700,278000</NAT_VENDITE>
    <CNOR_VENDITE>2471,863000</CNOR_VENDITE>
    <CSUD_VENDITE>6054,217000</CSUD_VENDITE>
    <NORD_VENDITE>19482,478000</NORD_VENDITE>
    <SARD_VENDITE>1490,353000</SARD_VENDITE>
    <SICI_VENDITE>1173,834000</SICI_VENDITE>
    <SUD_VENDITE>1536,119000</SUD_VENDITE>
    <AUST_VENDITE>6,000000</AUST_VENDITE>
    <BRNN_VENDITE>2982,808000</BRNN_VENDITE>
    <COAC_VENDITE>0,000000</COAC_VENDITE>
    <CORS_VENDITE>0,000000</CORS_VENDITE>
    <FOGN_VENDITE>1400,523000</FOGN_VENDITE>
    <FRAN_VENDITE>45,000000</FRAN_VENDITE>
    <GREC_VENDITE>0,000000</GREC_VENDITE>
    <MFTV_VENDITE>0,000000</MFTV_VENDITE>
    <PRGP_VENDITE>484,896000</PRGP_VENDITE>
    <ROSN_VENDITE>2561,993000</ROSN_VENDITE>
    <SLOV_VENDITE>0,000000</SLOV_VENDITE>
    <SVIZ_VENDITE>732,000000</SVIZ_VENDITE>
    <BSP_VENDITE>338,000000</BSP_VENDITE>
    <MALT_VENDITE>0,000000</MALT_VENDITE>
    <XAUS_VENDITE>295,000000</XAUS_VENDITE>
    <XFRA_VENDITE>520,194000</XFRA_VENDITE>
    <TOTITABSP_VENDITE>40760,084</TOTITABSP_VENDITE>
    <TOTITABSP_ACQUISTI>41575,278</TOTITABSP_ACQUISTI>
  </Quantita>
  <Quantita>
    <Data>20170104</Data>
    <Mercato>MGP</Mercato>
    <Ora>19</Ora>
    <TOTALE_ACQUISTI>41311,672</TOTALE_ACQUISTI>
    <NAT_ACQUISTI>41728,518000</NAT_ACQUISTI>
    <CNOR_ACQUISTI>4502,585000</CNOR_ACQUISTI>
    <CSUD_ACQUISTI>7156,426000</CSUD_ACQUISTI>
    <NORD_ACQUISTI>20653,603000</NORD_ACQUISTI>
    <SARD_ACQUISTI>1223,190000</SARD_ACQUISTI>
    <SICI_ACQUISTI>2657,088000</SICI_ACQUISTI>
    <SUD_ACQUISTI>3629,780000</SUD_ACQUISTI>
    <AUST_ACQUISTI>0,000000</AUST_ACQUISTI>
    <BRNN_ACQUISTI>0,000000</BRNN_ACQUISTI>
    <COAC_ACQUISTI>95,000000</COAC_ACQUISTI>
    <CORS_ACQUISTI>49,000000</CORS_ACQUISTI>
    <FOGN_ACQUISTI>0,000000</FOGN_ACQUISTI>
    <FRAN_ACQUISTI>45,000000</FRAN_ACQUISTI>
    <GREC_ACQUISTI>0,000000</GREC_ACQUISTI>
    <MFTV_ACQUISTI>0,000000</MFTV_ACQUISTI>
    <PRGP_ACQUISTI>0,000000</PRGP_ACQUISTI>
    <ROSN_ACQUISTI>0,000000</ROSN_ACQUISTI>
    <SLOV_ACQUISTI>0,000000</SLOV_ACQUISTI>
    <SVIZ_ACQUISTI>1102,000000</SVIZ_ACQUISTI>
    <BSP_ACQUISTI>0,000000</BSP_ACQUISTI>
    <MALT_ACQUISTI>198,000000</MALT_ACQUISTI>
    <XAUS_ACQUISTI>0,000000</XAUS_ACQUISTI>
    <XFRA_ACQUISTI>431,846000</XFRA_ACQUISTI>
    <TOTALE_VENDITE>41046,518</TOTALE_VENDITE>
    <NAT_VENDITE>41728,518000</NAT_VENDITE>
    <CNOR_VENDITE>2466,509000</CNOR_VENDITE>
    <CSUD_VENDITE>5740,445000</CSUD_VENDITE>
    <NORD_VENDITE>19672,525000</NORD_VENDITE>
    <SARD_VENDITE>1526,362000</SARD_VENDITE>
    <SICI_VENDITE>1415,863000</SICI_VENDITE>
    <SUD_VENDITE>1807,344000</SUD_VENDITE>
    <AUST_VENDITE>6,000000</AUST_VENDITE>
    <BRNN_VENDITE>3122,926000</BRNN_VENDITE>
    <COAC_VENDITE>0,000000</COAC_VENDITE>
    <CORS_VENDITE>0,000000</CORS_VENDITE>
    <FOGN_VENDITE>1405,765000</FOGN_VENDITE>
    <FRAN_VENDITE>45,000000</FRAN_VENDITE>
    <GREC_VENDITE>0,000000</GREC_VENDITE>
    <MFTV_VENDITE>0,000000</MFTV_VENDITE>
    <PRGP_VENDITE>339,225000</PRGP_VENDITE>
    <ROSN_VENDITE>2601,554000</ROSN_VENDITE>
    <SLOV_VENDITE>0,000000</SLOV_VENDITE>
    <SVIZ_VENDITE>897,000000</SVIZ_VENDITE>
    <BSP_VENDITE>393,000000</BSP_VENDITE>
    <MALT_VENDITE>0,000000</MALT_VENDITE>
    <XAUS_VENDITE>304,000000</XAUS_VENDITE>
    <XFRA_VENDITE>0,000000</XFRA_VENDITE>
    <TOTITABSP_VENDITE>41439,518</TOTITABSP_VENDITE>
    <TOTITABSP_ACQUISTI>41311,672</TOTITABSP_ACQUISTI>
  </Quantita>
  <Quantita>
    <Data>20170104</Data>
    <Mercato>MGP</Mercato>
    <Ora>20</Ora>
    <TOTALE_ACQUISTI>40335,593</TOTALE_ACQUISTI>
    <NAT_ACQUISTI>41321,852000</NAT_ACQUISTI>
    <CNOR_ACQUISTI>4426,602000</CNOR_ACQUISTI>
    <CSUD_ACQUISTI>7152,551000</CSUD_ACQUISTI>
    <NORD_ACQUISTI>19800,256000</NORD_ACQUISTI>
    <SARD_ACQUISTI>1248,397000</SARD_ACQUISTI>
    <SICI_ACQUISTI>2690,640000</SICI_ACQUISTI>
    <SUD_ACQUISTI>3617,147000</SUD_ACQUISTI>
    <AUST_ACQUISTI>0,000000</AUST_ACQUISTI>
    <BRNN_ACQUISTI>0,000000</BRNN_ACQUISTI>
    <COAC_ACQUISTI>95,000000</COAC_ACQUISTI>
    <CORS_ACQUISTI>49,000000</CORS_ACQUISTI>
    <FOGN_ACQUISTI>0,000000</FOGN_ACQUISTI>
    <FRAN_ACQUISTI>45,000000</FRAN_ACQUISTI>
    <GREC_ACQUISTI>0,000000</GREC_ACQUISTI>
    <MFTV_ACQUISTI>0,000000</MFTV_ACQUISTI>
    <PRGP_ACQUISTI>0,000000</PRGP_ACQUISTI>
    <ROSN_ACQUISTI>0,000000</ROSN_ACQUISTI>
    <SLOV_ACQUISTI>0,000000</SLOV_ACQUISTI>
    <SVIZ_ACQUISTI>1013,000000</SVIZ_ACQUISTI>
    <BSP_ACQUISTI>0,000000</BSP_ACQUISTI>
    <MALT_ACQUISTI>198,000000</MALT_ACQUISTI>
    <XAUS_ACQUISTI>0,000000</XAUS_ACQUISTI>
    <XFRA_ACQUISTI>995,000000</XFRA_ACQUISTI>
    <TOTALE_VENDITE>40674,593</TOTALE_VENDITE>
    <NAT_VENDITE>41321,852000</NAT_VENDITE>
    <CNOR_VENDITE>2440,312000</CNOR_VENDITE>
    <CSUD_VENDITE>5622,554000</CSUD_VENDITE>
    <NORD_VENDITE>19553,546000</NORD_VENDITE>
    <SARD_VENDITE>1565,054000</SARD_VENDITE>
    <SICI_VENDITE>1433,640000</SICI_VENDITE>
    <SUD_VENDITE>1907,515000</SUD_VENDITE>
    <AUST_VENDITE>6,000000</AUST_VENDITE>
    <BRNN_VENDITE>3109,208000</BRNN_VENDITE>
    <COAC_VENDITE>0,000000</COAC_VENDITE>
    <CORS_VENDITE>0,000000</CORS_VENDITE>
    <FOGN_VENDITE>1411,744000</FOGN_VENDITE>
    <FRAN_VENDITE>45,000000</FRAN_VENDITE>
    <GREC_VENDITE>0,000000</GREC_VENDITE>
    <MFTV_VENDITE>0,000000</MFTV_VENDITE>
    <PRGP_VENDITE>355,000000</PRGP_VENDITE>
    <ROSN_VENDITE>2597,020000</ROSN_VENDITE>
    <SLOV_VENDITE>0,000000</SLOV_VENDITE>
    <SVIZ_VENDITE>628,000000</SVIZ_VENDITE>
    <BSP_VENDITE>352,000000</BSP_VENDITE>
    <MALT_VENDITE>0,000000</MALT_VENDITE>
    <XAUS_VENDITE>304,000000</XAUS_VENDITE>
    <XFRA_VENDITE>0,000000</XFRA_VENDITE>
    <TOTITABSP_VENDITE>41026,593</TOTITABSP_VENDITE>
    <TOTITABSP_ACQUISTI>40335,593</TOTITABSP_ACQUISTI>
  </Quantita>
  <Quantita>
    <Data>20170104</Data>
    <Mercato>MGP</Mercato>
    <Ora>21</Ora>
    <TOTALE_ACQUISTI>37919,949</TOTALE_ACQUISTI>
    <NAT_ACQUISTI>38907,949000</NAT_ACQUISTI>
    <CNOR_ACQUISTI>4087,191000</CNOR_ACQUISTI>
    <CSUD_ACQUISTI>6772,189000</CSUD_ACQUISTI>
    <NORD_ACQUISTI>18284,870000</NORD_ACQUISTI>
    <SARD_ACQUISTI>1222,685000</SARD_ACQUISTI>
    <SICI_ACQUISTI>2616,701000</SICI_ACQUISTI>
    <SUD_ACQUISTI>3452,313000</SUD_ACQUISTI>
    <AUST_ACQUISTI>0,000000</AUST_ACQUISTI>
    <BRNN_ACQUISTI>0,000000</BRNN_ACQUISTI>
    <COAC_ACQUISTI>95,000000</COAC_ACQUISTI>
    <CORS_ACQUISTI>49,000000</CORS_ACQUISTI>
    <FOGN_ACQUISTI>0,000000</FOGN_ACQUISTI>
    <FRAN_ACQUISTI>45,000000</FRAN_ACQUISTI>
    <GREC_ACQUISTI>0,000000</GREC_ACQUISTI>
    <MFTV_ACQUISTI>0,000000</MFTV_ACQUISTI>
    <PRGP_ACQUISTI>0,000000</PRGP_ACQUISTI>
    <ROSN_ACQUISTI>0,000000</ROSN_ACQUISTI>
    <SLOV_ACQUISTI>0,000000</SLOV_ACQUISTI>
    <SVIZ_ACQUISTI>1105,000000</SVIZ_ACQUISTI>
    <BSP_ACQUISTI>0,000000</BSP_ACQUISTI>
    <MALT_ACQUISTI>190,000000</MALT_ACQUISTI>
    <XAUS_ACQUISTI>0,000000</XAUS_ACQUISTI>
    <XFRA_ACQUISTI>995,000000</XFRA_ACQUISTI>
    <TOTALE_VENDITE>38553,949</TOTALE_VENDITE>
    <NAT_VENDITE>38907,949000</NAT_VENDITE>
    <CNOR_VENDITE>2396,786000</CNOR_VENDITE>
    <CSUD_VENDITE>5548,183000</CSUD_VENDITE>
    <NORD_VENDITE>18033,275000</NORD_VENDITE>
    <SARD_VENDITE>1589,688000</SARD_VENDITE>
    <SICI_VENDITE>1457,976000</SICI_VENDITE>
    <SUD_VENDITE>2072,227000</SUD_VENDITE>
    <AUST_VENDITE>6,000000</AUST_VENDITE>
    <BRNN_VENDITE>2396,871000</BRNN_VENDITE>
    <COAC_VENDITE>0,000000</COAC_VENDITE>
    <CORS_VENDITE>0,000000</CORS_VENDITE>
    <FOGN_VENDITE>1417,063000</FOGN_VENDITE>
    <FRAN_VENDITE>45,000000</FRAN_VENDITE>
    <GREC_VENDITE>0,000000</GREC_VENDITE>
    <MFTV_VENDITE>0,000000</MFTV_VENDITE>
    <PRGP_VENDITE>248,725000</PRGP_VENDITE>
    <ROSN_VENDITE>2618,155000</ROSN_VENDITE>
    <SLOV_VENDITE>0,000000</SLOV_VENDITE>
    <SVIZ_VENDITE>724,000000</SVIZ_VENDITE>
    <BSP_VENDITE>57,000000</BSP_VENDITE>
    <MALT_VENDITE>0,000000</MALT_VENDITE>
    <XAUS_VENDITE>304,000000</XAUS_VENDITE>
    <XFRA_VENDITE>0,000000</XFRA_VENDITE>
    <TOTITABSP_VENDITE>38610,949</TOTITABSP_VENDITE>
    <TOTITABSP_ACQUISTI>37919,949</TOTITABSP_ACQUISTI>
  </Quantita>
  <Quantita>
    <Data>20170104</Data>
    <Mercato>MGP</Mercato>
    <Ora>22</Ora>
    <TOTALE_ACQUISTI>35411,033</TOTALE_ACQUISTI>
    <NAT_ACQUISTI>36774,494000</NAT_ACQUISTI>
    <CNOR_ACQUISTI>3788,374000</CNOR_ACQUISTI>
    <CSUD_ACQUISTI>6188,038000</CSUD_ACQUISTI>
    <NORD_ACQUISTI>17220,179000</NORD_ACQUISTI>
    <SARD_ACQUISTI>1158,049000</SARD_ACQUISTI>
    <SICI_ACQUISTI>2434,792000</SICI_ACQUISTI>
    <SUD_ACQUISTI>3131,601000</SUD_ACQUISTI>
    <AUST_ACQUISTI>0,000000</AUST_ACQUISTI>
    <BRNN_ACQUISTI>0,000000</BRNN_ACQUISTI>
    <COAC_ACQUISTI>95,000000</COAC_ACQUISTI>
    <CORS_ACQUISTI>49,000000</CORS_ACQUISTI>
    <FOGN_ACQUISTI>0,000000</FOGN_ACQUISTI>
    <FRAN_ACQUISTI>45,000000</FRAN_ACQUISTI>
    <GREC_ACQUISTI>0,000000</GREC_ACQUISTI>
    <MFTV_ACQUISTI>0,000000</MFTV_ACQUISTI>
    <PRGP_ACQUISTI>0,000000</PRGP_ACQUISTI>
    <ROSN_ACQUISTI>0,000000</ROSN_ACQUISTI>
    <SLOV_ACQUISTI>0,000000</SLOV_ACQUISTI>
    <SVIZ_ACQUISTI>1121,000000</SVIZ_ACQUISTI>
    <BSP_ACQUISTI>0,000000</BSP_ACQUISTI>
    <MALT_ACQUISTI>180,000000</MALT_ACQUISTI>
    <XAUS_ACQUISTI>0,000000</XAUS_ACQUISTI>
    <XFRA_ACQUISTI>995,000000</XFRA_ACQUISTI>
    <TOTALE_VENDITE>35700,033</TOTALE_VENDITE>
    <NAT_VENDITE>36774,494000</NAT_VENDITE>
    <CNOR_VENDITE>2409,911000</CNOR_VENDITE>
    <CSUD_VENDITE>5374,381000</CSUD_VENDITE>
    <NORD_VENDITE>16759,642000</NORD_VENDITE>
    <SARD_VENDITE>1657,798000</SARD_VENDITE>
    <SICI_VENDITE>1364,792000</SICI_VENDITE>
    <SUD_VENDITE>2511,196000</SUD_VENDITE>
    <AUST_VENDITE>6,000000</AUST_VENDITE>
    <BRNN_VENDITE>1974,470000</BRNN_VENDITE>
    <COAC_VENDITE>0,000000</COAC_VENDITE>
    <CORS_VENDITE>0,000000</CORS_VENDITE>
    <FOGN_VENDITE>1324,702000</FOGN_VENDITE>
    <FRAN_VENDITE>45,000000</FRAN_VENDITE>
    <GREC_VENDITE>0,000000</GREC_VENDITE>
    <MFTV_VENDITE>0,000000</MFTV_VENDITE>
    <PRGP_VENDITE>150,000000</PRGP_VENDITE>
    <ROSN_VENDITE>1830,141000</ROSN_VENDITE>
    <SLOV_VENDITE>0,000000</SLOV_VENDITE>
    <SVIZ_VENDITE>292,000000</SVIZ_VENDITE>
    <BSP_VENDITE>402,000000</BSP_VENDITE>
    <MALT_VENDITE>0,000000</MALT_VENDITE>
    <XAUS_VENDITE>304,000000</XAUS_VENDITE>
    <XFRA_VENDITE>0,000000</XFRA_VENDITE>
    <TOTITABSP_VENDITE>36102,033</TOTITABSP_VENDITE>
    <TOTITABSP_ACQUISTI>35411,033</TOTITABSP_ACQUISTI>
  </Quantita>
  <Quantita>
    <Data>20170104</Data>
    <Mercato>MGP</Mercato>
    <Ora>23</Ora>
    <TOTALE_ACQUISTI>31957,482</TOTALE_ACQUISTI>
    <NAT_ACQUISTI>33077,482000</NAT_ACQUISTI>
    <CNOR_ACQUISTI>3371,372000</CNOR_ACQUISTI>
    <CSUD_ACQUISTI>5450,994000</CSUD_ACQUISTI>
    <NORD_ACQUISTI>15611,229000</NORD_ACQUISTI>
    <SARD_ACQUISTI>1047,366000</SARD_ACQUISTI>
    <SICI_ACQUISTI>2196,904000</SICI_ACQUISTI>
    <SUD_ACQUISTI>2759,617000</SUD_ACQUISTI>
    <AUST_ACQUISTI>0,000000</AUST_ACQUISTI>
    <BRNN_ACQUISTI>0,000000</BRNN_ACQUISTI>
    <COAC_ACQUISTI>95,000000</COAC_ACQUISTI>
    <CORS_ACQUISTI>49,000000</CORS_ACQUISTI>
    <FOGN_ACQUISTI>0,000000</FOGN_ACQUISTI>
    <FRAN_ACQUISTI>45,000000</FRAN_ACQUISTI>
    <GREC_ACQUISTI>0,000000</GREC_ACQUISTI>
    <MFTV_ACQUISTI>0,000000</MFTV_ACQUISTI>
    <PRGP_ACQUISTI>0,000000</PRGP_ACQUISTI>
    <ROSN_ACQUISTI>0,000000</ROSN_ACQUISTI>
    <SLOV_ACQUISTI>0,000000</SLOV_ACQUISTI>
    <SVIZ_ACQUISTI>1161,000000</SVIZ_ACQUISTI>
    <BSP_ACQUISTI>0,000000</BSP_ACQUISTI>
    <MALT_ACQUISTI>170,000000</MALT_ACQUISTI>
    <XAUS_ACQUISTI>0,000000</XAUS_ACQUISTI>
    <XFRA_ACQUISTI>995,000000</XFRA_ACQUISTI>
    <TOTALE_VENDITE>32458,482</TOTALE_VENDITE>
    <NAT_VENDITE>33077,482000</NAT_VENDITE>
    <CNOR_VENDITE>2120,372000</CNOR_VENDITE>
    <CSUD_VENDITE>5273,959000</CSUD_VENDITE>
    <NORD_VENDITE>15215,229000</NORD_VENDITE>
    <SARD_VENDITE>1703,006000</SARD_VENDITE>
    <SICI_VENDITE>1236,751000</SICI_VENDITE>
    <SUD_VENDITE>2942,489000</SUD_VENDITE>
    <AUST_VENDITE>6,000000</AUST_VENDITE>
    <BRNN_VENDITE>782,471000</BRNN_VENDITE>
    <COAC_VENDITE>0,000000</COAC_VENDITE>
    <CORS_VENDITE>0,000000</CORS_VENDITE>
    <FOGN_VENDITE>1123,009000</FOGN_VENDITE>
    <FRAN_VENDITE>45,000000</FRAN_VENDITE>
    <GREC_VENDITE>0,000000</GREC_VENDITE>
    <MFTV_VENDITE>0,000000</MFTV_VENDITE>
    <PRGP_VENDITE>30,153000</PRGP_VENDITE>
    <ROSN_VENDITE>1628,043000</ROSN_VENDITE>
    <SLOV_VENDITE>0,000000</SLOV_VENDITE>
    <SVIZ_VENDITE>352,000000</SVIZ_VENDITE>
    <BSP_VENDITE>190,000000</BSP_VENDITE>
    <MALT_VENDITE>0,000000</MALT_VENDITE>
    <XAUS_VENDITE>304,000000</XAUS_VENDITE>
    <XFRA_VENDITE>0,000000</XFRA_VENDITE>
    <TOTITABSP_VENDITE>32648,482</TOTITABSP_VENDITE>
    <TOTITABSP_ACQUISTI>31957,482</TOTITABSP_ACQUISTI>
  </Quantita>
  <Quantita>
    <Data>20170104</Data>
    <Mercato>MGP</Mercato>
    <Ora>24</Ora>
    <TOTALE_ACQUISTI>28651,742</TOTALE_ACQUISTI>
    <NAT_ACQUISTI>28856,136000</NAT_ACQUISTI>
    <CNOR_ACQUISTI>2918,244000</CNOR_ACQUISTI>
    <CSUD_ACQUISTI>4686,094000</CSUD_ACQUISTI>
    <NORD_ACQUISTI>14058,839000</NORD_ACQUISTI>
    <SARD_ACQUISTI>935,494000</SARD_ACQUISTI>
    <SICI_ACQUISTI>1888,356000</SICI_ACQUISTI>
    <SUD_ACQUISTI>2363,715000</SUD_ACQUISTI>
    <AUST_ACQUISTI>0,000000</AUST_ACQUISTI>
    <BRNN_ACQUISTI>0,000000</BRNN_ACQUISTI>
    <COAC_ACQUISTI>98,000000</COAC_ACQUISTI>
    <CORS_ACQUISTI>49,000000</CORS_ACQUISTI>
    <FOGN_ACQUISTI>0,000000</FOGN_ACQUISTI>
    <FRAN_ACQUISTI>45,000000</FRAN_ACQUISTI>
    <GREC_ACQUISTI>0,000000</GREC_ACQUISTI>
    <MFTV_ACQUISTI>0,000000</MFTV_ACQUISTI>
    <PRGP_ACQUISTI>0,000000</PRGP_ACQUISTI>
    <ROSN_ACQUISTI>0,000000</ROSN_ACQUISTI>
    <SLOV_ACQUISTI>0,000000</SLOV_ACQUISTI>
    <SVIZ_ACQUISTI>1454,000000</SVIZ_ACQUISTI>
    <BSP_ACQUISTI>0,000000</BSP_ACQUISTI>
    <MALT_ACQUISTI>155,000000</MALT_ACQUISTI>
    <XAUS_ACQUISTI>0,000000</XAUS_ACQUISTI>
    <XFRA_ACQUISTI>54,394000</XFRA_ACQUISTI>
    <TOTALE_VENDITE>27819,136</TOTALE_VENDITE>
    <NAT_VENDITE>28856,136000</NAT_VENDITE>
    <CNOR_VENDITE>2167,244000</CNOR_VENDITE>
    <CSUD_VENDITE>4553,652000</CSUD_VENDITE>
    <NORD_VENDITE>12138,233000</NORD_VENDITE>
    <SARD_VENDITE>1698,257000</SARD_VENDITE>
    <SICI_VENDITE>1251,222000</SICI_VENDITE>
    <SUD_VENDITE>2840,231000</SUD_VENDITE>
    <AUST_VENDITE>6,000000</AUST_VENDITE>
    <BRNN_VENDITE>559,095000</BRNN_VENDITE>
    <COAC_VENDITE>0,000000</COAC_VENDITE>
    <CORS_VENDITE>0,000000</CORS_VENDITE>
    <FOGN_VENDITE>620,942000</FOGN_VENDITE>
    <FRAN_VENDITE>45,000000</FRAN_VENDITE>
    <GREC_VENDITE>0,000000</GREC_VENDITE>
    <MFTV_VENDITE>0,000000</MFTV_VENDITE>
    <PRGP_VENDITE>0,000000</PRGP_VENDITE>
    <ROSN_VENDITE>1603,260000</ROSN_VENDITE>
    <SLOV_VENDITE>0,000000</SLOV_VENDITE>
    <SVIZ_VENDITE>336,000000</SVIZ_VENDITE>
    <BSP_VENDITE>604,000000</BSP_VENDITE>
    <MALT_VENDITE>0,000000</MALT_VENDITE>
    <XAUS_VENDITE>283,000000</XAUS_VENDITE>
    <XFRA_VENDITE>0,000000</XFRA_VENDITE>
    <TOTITABSP_VENDITE>28423,136</TOTITABSP_VENDITE>
    <TOTITABSP_ACQUISTI>28651,742</TOTITABSP_ACQUISTI>
  </Quantita>
</NewDataSet>