<?xml version="1.0" standalone="yes"?>
<NewDataSet>
  <xs:schema id="NewDataSet" xmlns="" xmlns:xs="http://www.w3.org/2001/XMLSchema" xmlns:msdata="urn:schemas-microsoft-com:xml-msdata">
    <xs:element name="NewDataSet" msdata:IsDataSet="true" msdata:UseCurrentLocale="true">
      <xs:complexType>
        <xs:choice minOccurs="0" maxOccurs="unbounded">
          <xs:element name="Quantita">
            <xs:complexType>
              <xs:sequence>
                <xs:element name="Data" type="xs:string" minOccurs="0" />
                <xs:element name="Mercato" type="xs:string" minOccurs="0" />
                <xs:element name="Ora" type="xs:string" minOccurs="0" />
                <xs:element name="TOTALE_ACQUISTI" type="xs:string" minOccurs="0" />
                <xs:element name="NAT_ACQUISTI" type="xs:string" minOccurs="0" />
                <xs:element name="CNOR_ACQUISTI" type="xs:string" minOccurs="0" />
                <xs:element name="CSUD_ACQUISTI" type="xs:string" minOccurs="0" />
                <xs:element name="NORD_ACQUISTI" type="xs:string" minOccurs="0" />
                <xs:element name="SARD_ACQUISTI" type="xs:string" minOccurs="0" />
                <xs:element name="SICI_ACQUISTI" type="xs:string" minOccurs="0" />
                <xs:element name="SUD_ACQUISTI" type="xs:string" minOccurs="0" />
                <xs:element name="AUST_ACQUISTI" type="xs:string" minOccurs="0" />
                <xs:element name="BRNN_ACQUISTI" type="xs:string" minOccurs="0" />
                <xs:element name="COAC_ACQUISTI" type="xs:string" minOccurs="0" />
                <xs:element name="CORS_ACQUISTI" type="xs:string" minOccurs="0" />
                <xs:element name="FOGN_ACQUISTI" type="xs:string" minOccurs="0" />
                <xs:element name="FRAN_ACQUISTI" type="xs:string" minOccurs="0" />
                <xs:element name="GREC_ACQUISTI" type="xs:string" minOccurs="0" />
                <xs:element name="MFTV_ACQUISTI" type="xs:string" minOccurs="0" />
                <xs:element name="PRGP_ACQUISTI" type="xs:string" minOccurs="0" />
                <xs:element name="ROSN_ACQUISTI" type="xs:string" minOccurs="0" />
                <xs:element name="SLOV_ACQUISTI" type="xs:string" minOccurs="0" />
                <xs:element name="SVIZ_ACQUISTI" type="xs:string" minOccurs="0" />
                <xs:element name="BSP_ACQUISTI" type="xs:string" minOccurs="0" />
                <xs:element name="MALT_ACQUISTI" type="xs:string" minOccurs="0" />
                <xs:element name="XAUS_ACQUISTI" type="xs:string" minOccurs="0" />
                <xs:element name="XFRA_ACQUISTI" type="xs:string" minOccurs="0" />
                <xs:element name="TOTALE_VENDITE" type="xs:string" minOccurs="0" />
                <xs:element name="NAT_VENDITE" type="xs:string" minOccurs="0" />
                <xs:element name="CNOR_VENDITE" type="xs:string" minOccurs="0" />
                <xs:element name="CSUD_VENDITE" type="xs:string" minOccurs="0" />
                <xs:element name="NORD_VENDITE" type="xs:string" minOccurs="0" />
                <xs:element name="SARD_VENDITE" type="xs:string" minOccurs="0" />
                <xs:element name="SICI_VENDITE" type="xs:string" minOccurs="0" />
                <xs:element name="SUD_VENDITE" type="xs:string" minOccurs="0" />
                <xs:element name="AUST_VENDITE" type="xs:string" minOccurs="0" />
                <xs:element name="BRNN_VENDITE" type="xs:string" minOccurs="0" />
                <xs:element name="COAC_VENDITE" type="xs:string" minOccurs="0" />
                <xs:element name="CORS_VENDITE" type="xs:string" minOccurs="0" />
                <xs:element name="FOGN_VENDITE" type="xs:string" minOccurs="0" />
                <xs:element name="FRAN_VENDITE" type="xs:string" minOccurs="0" />
                <xs:element name="GREC_VENDITE" type="xs:string" minOccurs="0" />
                <xs:element name="MFTV_VENDITE" type="xs:string" minOccurs="0" />
                <xs:element name="PRGP_VENDITE" type="xs:string" minOccurs="0" />
                <xs:element name="ROSN_VENDITE" type="xs:string" minOccurs="0" />
                <xs:element name="SLOV_VENDITE" type="xs:string" minOccurs="0" />
                <xs:element name="SVIZ_VENDITE" type="xs:string" minOccurs="0" />
                <xs:element name="BSP_VENDITE" type="xs:string" minOccurs="0" />
                <xs:element name="MALT_VENDITE" type="xs:string" minOccurs="0" />
                <xs:element name="XAUS_VENDITE" type="xs:string" minOccurs="0" />
                <xs:element name="XFRA_VENDITE" type="xs:string" minOccurs="0" />
                <xs:element name="TOTITABSP_VENDITE" msdata:ReadOnly="true" msdata:Expression="Convert(TOTALE_VENDITE, System.Double) + Convert(BSP_VENDITE,System.Double)" type="xs:string" minOccurs="0" />
                <xs:element name="TOTITABSP_ACQUISTI" msdata:ReadOnly="true" msdata:Expression="Convert(TOTALE_ACQUISTI, System.Double) + Convert(BSP_ACQUISTI, System.Double)" type="xs:string" minOccurs="0" />
              </xs:sequence>
            </xs:complexType>
          </xs:element>
        </xs:choice>
      </xs:complexType>
    </xs:element>
  </xs:schema>
  <Quantita>
    <Data>20170103</Data>
    <Mercato>MGP</Mercato>
    <Ora>1</Ora>
    <TOTALE_ACQUISTI>24629,694</TOTALE_ACQUISTI>
    <NAT_ACQUISTI>25789,694000</NAT_ACQUISTI>
    <CNOR_ACQUISTI>2446,084000</CNOR_ACQUISTI>
    <CSUD_ACQUISTI>3918,623000</CSUD_ACQUISTI>
    <NORD_ACQUISTI>12162,098000</NORD_ACQUISTI>
    <SARD_ACQUISTI>838,894000</SARD_ACQUISTI>
    <SICI_ACQUISTI>1534,525000</SICI_ACQUISTI>
    <SUD_ACQUISTI>2241,470000</SUD_ACQUISTI>
    <AUST_ACQUISTI>0,000000</AUST_ACQUISTI>
    <BRNN_ACQUISTI>0,000000</BRNN_ACQUISTI>
    <COAC_ACQUISTI>91,000000</COAC_ACQUISTI>
    <CORS_ACQUISTI>49,000000</CORS_ACQUISTI>
    <FOGN_ACQUISTI>0,000000</FOGN_ACQUISTI>
    <FRAN_ACQUISTI>45,000000</FRAN_ACQUISTI>
    <GREC_ACQUISTI>0,000000</GREC_ACQUISTI>
    <MFTV_ACQUISTI>0,000000</MFTV_ACQUISTI>
    <PRGP_ACQUISTI>0,000000</PRGP_ACQUISTI>
    <ROSN_ACQUISTI>0,000000</ROSN_ACQUISTI>
    <SLOV_ACQUISTI>0,000000</SLOV_ACQUISTI>
    <SVIZ_ACQUISTI>1160,000000</SVIZ_ACQUISTI>
    <BSP_ACQUISTI>0,000000</BSP_ACQUISTI>
    <MALT_ACQUISTI>143,000000</MALT_ACQUISTI>
    <XAUS_ACQUISTI>0,000000</XAUS_ACQUISTI>
    <XFRA_ACQUISTI>1160,000000</XFRA_ACQUISTI>
    <TOTALE_VENDITE>24822,694</TOTALE_VENDITE>
    <NAT_VENDITE>25789,694000</NAT_VENDITE>
    <CNOR_VENDITE>1845,033000</CNOR_VENDITE>
    <CSUD_VENDITE>3918,517000</CSUD_VENDITE>
    <NORD_VENDITE>11064,584000</NORD_VENDITE>
    <SARD_VENDITE>1322,029000</SARD_VENDITE>
    <SICI_VENDITE>818,984000</SICI_VENDITE>
    <SUD_VENDITE>2209,770000</SUD_VENDITE>
    <AUST_VENDITE>6,000000</AUST_VENDITE>
    <BRNN_VENDITE>782,992000</BRNN_VENDITE>
    <COAC_VENDITE>0,000000</COAC_VENDITE>
    <CORS_VENDITE>0,000000</CORS_VENDITE>
    <FOGN_VENDITE>290,303000</FOGN_VENDITE>
    <FRAN_VENDITE>45,000000</FRAN_VENDITE>
    <GREC_VENDITE>0,000000</GREC_VENDITE>
    <MFTV_VENDITE>0,000000</MFTV_VENDITE>
    <PRGP_VENDITE>0,000000</PRGP_VENDITE>
    <ROSN_VENDITE>2194,482000</ROSN_VENDITE>
    <SLOV_VENDITE>0,000000</SLOV_VENDITE>
    <SVIZ_VENDITE>325,000000</SVIZ_VENDITE>
    <BSP_VENDITE>663,000000</BSP_VENDITE>
    <MALT_VENDITE>0,000000</MALT_VENDITE>
    <XAUS_VENDITE>304,000000</XAUS_VENDITE>
    <XFRA_VENDITE>0,000000</XFRA_VENDITE>
    <TOTITABSP_VENDITE>25485,694</TOTITABSP_VENDITE>
    <TOTITABSP_ACQUISTI>24629,694</TOTITABSP_ACQUISTI>
  </Quantita>
  <Quantita>
    <Data>20170103</Data>
    <Mercato>MGP</Mercato>
    <Ora>2</Ora>
    <TOTALE_ACQUISTI>23071,485</TOTALE_ACQUISTI>
    <NAT_ACQUISTI>24231,485000</NAT_ACQUISTI>
    <CNOR_ACQUISTI>2302,151000</CNOR_ACQUISTI>
    <CSUD_ACQUISTI>3547,517000</CSUD_ACQUISTI>
    <NORD_ACQUISTI>11456,828000</NORD_ACQUISTI>
    <SARD_ACQUISTI>779,368000</SARD_ACQUISTI>
    <SICI_ACQUISTI>1381,112000</SICI_ACQUISTI>
    <SUD_ACQUISTI>2071,509000</SUD_ACQUISTI>
    <AUST_ACQUISTI>0,000000</AUST_ACQUISTI>
    <BRNN_ACQUISTI>0,000000</BRNN_ACQUISTI>
    <COAC_ACQUISTI>78,000000</COAC_ACQUISTI>
    <CORS_ACQUISTI>49,000000</CORS_ACQUISTI>
    <FOGN_ACQUISTI>0,000000</FOGN_ACQUISTI>
    <FRAN_ACQUISTI>45,000000</FRAN_ACQUISTI>
    <GREC_ACQUISTI>0,000000</GREC_ACQUISTI>
    <MFTV_ACQUISTI>0,000000</MFTV_ACQUISTI>
    <PRGP_ACQUISTI>0,000000</PRGP_ACQUISTI>
    <ROSN_ACQUISTI>0,000000</ROSN_ACQUISTI>
    <SLOV_ACQUISTI>0,000000</SLOV_ACQUISTI>
    <SVIZ_ACQUISTI>1231,000000</SVIZ_ACQUISTI>
    <BSP_ACQUISTI>0,000000</BSP_ACQUISTI>
    <MALT_ACQUISTI>130,000000</MALT_ACQUISTI>
    <XAUS_ACQUISTI>0,000000</XAUS_ACQUISTI>
    <XFRA_ACQUISTI>1160,000000</XFRA_ACQUISTI>
    <TOTALE_VENDITE>23264,485</TOTALE_VENDITE>
    <NAT_VENDITE>24231,485000</NAT_VENDITE>
    <CNOR_VENDITE>1784,017000</CNOR_VENDITE>
    <CSUD_VENDITE>3398,040000</CSUD_VENDITE>
    <NORD_VENDITE>10453,573000</NORD_VENDITE>
    <SARD_VENDITE>1322,129000</SARD_VENDITE>
    <SICI_VENDITE>851,676000</SICI_VENDITE>
    <SUD_VENDITE>2229,762000</SUD_VENDITE>
    <AUST_VENDITE>6,000000</AUST_VENDITE>
    <BRNN_VENDITE>562,128000</BRNN_VENDITE>
    <COAC_VENDITE>0,000000</COAC_VENDITE>
    <CORS_VENDITE>0,000000</CORS_VENDITE>
    <FOGN_VENDITE>199,352000</FOGN_VENDITE>
    <FRAN_VENDITE>45,000000</FRAN_VENDITE>
    <GREC_VENDITE>0,000000</GREC_VENDITE>
    <MFTV_VENDITE>0,000000</MFTV_VENDITE>
    <PRGP_VENDITE>0,000000</PRGP_VENDITE>
    <ROSN_VENDITE>2173,808000</ROSN_VENDITE>
    <SLOV_VENDITE>0,000000</SLOV_VENDITE>
    <SVIZ_VENDITE>239,000000</SVIZ_VENDITE>
    <BSP_VENDITE>663,000000</BSP_VENDITE>
    <MALT_VENDITE>0,000000</MALT_VENDITE>
    <XAUS_VENDITE>304,000000</XAUS_VENDITE>
    <XFRA_VENDITE>0,000000</XFRA_VENDITE>
    <TOTITABSP_VENDITE>23927,485</TOTITABSP_VENDITE>
    <TOTITABSP_ACQUISTI>23071,485</TOTITABSP_ACQUISTI>
  </Quantita>
  <Quantita>
    <Data>20170103</Data>
    <Mercato>MGP</Mercato>
    <Ora>3</Ora>
    <TOTALE_ACQUISTI>22077,436</TOTALE_ACQUISTI>
    <NAT_ACQUISTI>23237,436000</NAT_ACQUISTI>
    <CNOR_ACQUISTI>2219,121000</CNOR_ACQUISTI>
    <CSUD_ACQUISTI>3357,228000</CSUD_ACQUISTI>
    <NORD_ACQUISTI>10973,334000</NORD_ACQUISTI>
    <SARD_ACQUISTI>752,074000</SARD_ACQUISTI>
    <SICI_ACQUISTI>1292,820000</SICI_ACQUISTI>
    <SUD_ACQUISTI>2005,859000</SUD_ACQUISTI>
    <AUST_ACQUISTI>0,000000</AUST_ACQUISTI>
    <BRNN_ACQUISTI>0,000000</BRNN_ACQUISTI>
    <COAC_ACQUISTI>65,000000</COAC_ACQUISTI>
    <CORS_ACQUISTI>49,000000</CORS_ACQUISTI>
    <FOGN_ACQUISTI>0,000000</FOGN_ACQUISTI>
    <FRAN_ACQUISTI>45,000000</FRAN_ACQUISTI>
    <GREC_ACQUISTI>0,000000</GREC_ACQUISTI>
    <MFTV_ACQUISTI>0,000000</MFTV_ACQUISTI>
    <PRGP_ACQUISTI>0,000000</PRGP_ACQUISTI>
    <ROSN_ACQUISTI>0,000000</ROSN_ACQUISTI>
    <SLOV_ACQUISTI>0,000000</SLOV_ACQUISTI>
    <SVIZ_ACQUISTI>1196,000000</SVIZ_ACQUISTI>
    <BSP_ACQUISTI>0,000000</BSP_ACQUISTI>
    <MALT_ACQUISTI>122,000000</MALT_ACQUISTI>
    <XAUS_ACQUISTI>0,000000</XAUS_ACQUISTI>
    <XFRA_ACQUISTI>1160,000000</XFRA_ACQUISTI>
    <TOTALE_VENDITE>22270,436</TOTALE_VENDITE>
    <NAT_VENDITE>23237,436000</NAT_VENDITE>
    <CNOR_VENDITE>1785,970000</CNOR_VENDITE>
    <CSUD_VENDITE>3355,933000</CSUD_VENDITE>
    <NORD_VENDITE>9653,534000</NORD_VENDITE>
    <SARD_VENDITE>1282,276000</SARD_VENDITE>
    <SICI_VENDITE>809,766000</SICI_VENDITE>
    <SUD_VENDITE>2158,224000</SUD_VENDITE>
    <AUST_VENDITE>6,000000</AUST_VENDITE>
    <BRNN_VENDITE>563,376000</BRNN_VENDITE>
    <COAC_VENDITE>0,000000</COAC_VENDITE>
    <CORS_VENDITE>0,000000</CORS_VENDITE>
    <FOGN_VENDITE>200,584000</FOGN_VENDITE>
    <FRAN_VENDITE>45,000000</FRAN_VENDITE>
    <GREC_VENDITE>0,000000</GREC_VENDITE>
    <MFTV_VENDITE>0,000000</MFTV_VENDITE>
    <PRGP_VENDITE>0,000000</PRGP_VENDITE>
    <ROSN_VENDITE>2170,773000</ROSN_VENDITE>
    <SLOV_VENDITE>0,000000</SLOV_VENDITE>
    <SVIZ_VENDITE>239,000000</SVIZ_VENDITE>
    <BSP_VENDITE>663,000000</BSP_VENDITE>
    <MALT_VENDITE>0,000000</MALT_VENDITE>
    <XAUS_VENDITE>304,000000</XAUS_VENDITE>
    <XFRA_VENDITE>0,000000</XFRA_VENDITE>
    <TOTITABSP_VENDITE>22933,436</TOTITABSP_VENDITE>
    <TOTITABSP_ACQUISTI>22077,436</TOTITABSP_ACQUISTI>
  </Quantita>
  <Quantita>
    <Data>20170103</Data>
    <Mercato>MGP</Mercato>
    <Ora>4</Ora>
    <TOTALE_ACQUISTI>21956,083</TOTALE_ACQUISTI>
    <NAT_ACQUISTI>22703,452000</NAT_ACQUISTI>
    <CNOR_ACQUISTI>2175,663000</CNOR_ACQUISTI>
    <CSUD_ACQUISTI>3287,208000</CSUD_ACQUISTI>
    <NORD_ACQUISTI>10965,483000</NORD_ACQUISTI>
    <SARD_ACQUISTI>742,102000</SARD_ACQUISTI>
    <SICI_ACQUISTI>1255,145000</SICI_ACQUISTI>
    <SUD_ACQUISTI>1987,482000</SUD_ACQUISTI>
    <AUST_ACQUISTI>0,000000</AUST_ACQUISTI>
    <BRNN_ACQUISTI>0,000000</BRNN_ACQUISTI>
    <COAC_ACQUISTI>60,000000</COAC_ACQUISTI>
    <CORS_ACQUISTI>49,000000</CORS_ACQUISTI>
    <FOGN_ACQUISTI>0,000000</FOGN_ACQUISTI>
    <FRAN_ACQUISTI>45,000000</FRAN_ACQUISTI>
    <GREC_ACQUISTI>0,000000</GREC_ACQUISTI>
    <MFTV_ACQUISTI>0,000000</MFTV_ACQUISTI>
    <PRGP_ACQUISTI>0,000000</PRGP_ACQUISTI>
    <ROSN_ACQUISTI>0,000000</ROSN_ACQUISTI>
    <SLOV_ACQUISTI>0,000000</SLOV_ACQUISTI>
    <SVIZ_ACQUISTI>1267,000000</SVIZ_ACQUISTI>
    <BSP_ACQUISTI>0,000000</BSP_ACQUISTI>
    <MALT_ACQUISTI>122,000000</MALT_ACQUISTI>
    <XAUS_ACQUISTI>0,000000</XAUS_ACQUISTI>
    <XFRA_ACQUISTI>747,369000</XFRA_ACQUISTI>
    <TOTALE_VENDITE>21736,452</TOTALE_VENDITE>
    <NAT_VENDITE>22703,452000</NAT_VENDITE>
    <CNOR_VENDITE>1571,216000</CNOR_VENDITE>
    <CSUD_VENDITE>3346,029000</CSUD_VENDITE>
    <NORD_VENDITE>9406,299000</NORD_VENDITE>
    <SARD_VENDITE>1287,400000</SARD_VENDITE>
    <SICI_VENDITE>795,539000</SICI_VENDITE>
    <SUD_VENDITE>2212,711000</SUD_VENDITE>
    <AUST_VENDITE>6,000000</AUST_VENDITE>
    <BRNN_VENDITE>566,381000</BRNN_VENDITE>
    <COAC_VENDITE>0,000000</COAC_VENDITE>
    <CORS_VENDITE>0,000000</CORS_VENDITE>
    <FOGN_VENDITE>202,263000</FOGN_VENDITE>
    <FRAN_VENDITE>45,000000</FRAN_VENDITE>
    <GREC_VENDITE>0,000000</GREC_VENDITE>
    <MFTV_VENDITE>0,000000</MFTV_VENDITE>
    <PRGP_VENDITE>0,000000</PRGP_VENDITE>
    <ROSN_VENDITE>2043,614000</ROSN_VENDITE>
    <SLOV_VENDITE>0,000000</SLOV_VENDITE>
    <SVIZ_VENDITE>254,000000</SVIZ_VENDITE>
    <BSP_VENDITE>663,000000</BSP_VENDITE>
    <MALT_VENDITE>0,000000</MALT_VENDITE>
    <XAUS_VENDITE>304,000000</XAUS_VENDITE>
    <XFRA_VENDITE>0,000000</XFRA_VENDITE>
    <TOTITABSP_VENDITE>22399,452</TOTITABSP_VENDITE>
    <TOTITABSP_ACQUISTI>21956,083</TOTITABSP_ACQUISTI>
  </Quantita>
  <Quantita>
    <Data>20170103</Data>
    <Mercato>MGP</Mercato>
    <Ora>5</Ora>
    <TOTALE_ACQUISTI>22159,739</TOTALE_ACQUISTI>
    <NAT_ACQUISTI>22556,019000</NAT_ACQUISTI>
    <CNOR_ACQUISTI>2169,767000</CNOR_ACQUISTI>
    <CSUD_ACQUISTI>3304,561000</CSUD_ACQUISTI>
    <NORD_ACQUISTI>11217,273000</NORD_ACQUISTI>
    <SARD_ACQUISTI>748,070000</SARD_ACQUISTI>
    <SICI_ACQUISTI>1255,751000</SICI_ACQUISTI>
    <SUD_ACQUISTI>2002,317000</SUD_ACQUISTI>
    <AUST_ACQUISTI>0,000000</AUST_ACQUISTI>
    <BRNN_ACQUISTI>0,000000</BRNN_ACQUISTI>
    <COAC_ACQUISTI>56,000000</COAC_ACQUISTI>
    <CORS_ACQUISTI>49,000000</CORS_ACQUISTI>
    <FOGN_ACQUISTI>0,000000</FOGN_ACQUISTI>
    <FRAN_ACQUISTI>45,000000</FRAN_ACQUISTI>
    <GREC_ACQUISTI>0,000000</GREC_ACQUISTI>
    <MFTV_ACQUISTI>0,000000</MFTV_ACQUISTI>
    <PRGP_ACQUISTI>0,000000</PRGP_ACQUISTI>
    <ROSN_ACQUISTI>0,000000</ROSN_ACQUISTI>
    <SLOV_ACQUISTI>0,000000</SLOV_ACQUISTI>
    <SVIZ_ACQUISTI>1185,000000</SVIZ_ACQUISTI>
    <BSP_ACQUISTI>0,000000</BSP_ACQUISTI>
    <MALT_ACQUISTI>127,000000</MALT_ACQUISTI>
    <XAUS_ACQUISTI>0,000000</XAUS_ACQUISTI>
    <XFRA_ACQUISTI>396,280000</XFRA_ACQUISTI>
    <TOTALE_VENDITE>21589,019</TOTALE_VENDITE>
    <NAT_VENDITE>22556,019000</NAT_VENDITE>
    <CNOR_VENDITE>1567,619000</CNOR_VENDITE>
    <CSUD_VENDITE>3321,640000</CSUD_VENDITE>
    <NORD_VENDITE>9153,701000</NORD_VENDITE>
    <SARD_VENDITE>1294,205000</SARD_VENDITE>
    <SICI_VENDITE>809,198000</SICI_VENDITE>
    <SUD_VENDITE>2219,484000</SUD_VENDITE>
    <AUST_VENDITE>6,000000</AUST_VENDITE>
    <BRNN_VENDITE>569,915000</BRNN_VENDITE>
    <COAC_VENDITE>0,000000</COAC_VENDITE>
    <CORS_VENDITE>0,000000</CORS_VENDITE>
    <FOGN_VENDITE>202,452000</FOGN_VENDITE>
    <FRAN_VENDITE>45,000000</FRAN_VENDITE>
    <GREC_VENDITE>0,000000</GREC_VENDITE>
    <MFTV_VENDITE>0,000000</MFTV_VENDITE>
    <PRGP_VENDITE>0,000000</PRGP_VENDITE>
    <ROSN_VENDITE>2076,805000</ROSN_VENDITE>
    <SLOV_VENDITE>0,000000</SLOV_VENDITE>
    <SVIZ_VENDITE>323,000000</SVIZ_VENDITE>
    <BSP_VENDITE>663,000000</BSP_VENDITE>
    <MALT_VENDITE>0,000000</MALT_VENDITE>
    <XAUS_VENDITE>304,000000</XAUS_VENDITE>
    <XFRA_VENDITE>0,000000</XFRA_VENDITE>
    <TOTITABSP_VENDITE>22252,019</TOTITABSP_VENDITE>
    <TOTITABSP_ACQUISTI>22159,739</TOTITABSP_ACQUISTI>
  </Quantita>
  <Quantita>
    <Data>20170103</Data>
    <Mercato>MGP</Mercato>
    <Ora>6</Ora>
    <TOTALE_ACQUISTI>22917,485</TOTALE_ACQUISTI>
    <NAT_ACQUISTI>24077,485000</NAT_ACQUISTI>
    <CNOR_ACQUISTI>2249,054000</CNOR_ACQUISTI>
    <CSUD_ACQUISTI>3469,953000</CSUD_ACQUISTI>
    <NORD_ACQUISTI>11962,646000</NORD_ACQUISTI>
    <SARD_ACQUISTI>784,930000</SARD_ACQUISTI>
    <SICI_ACQUISTI>1329,503000</SICI_ACQUISTI>
    <SUD_ACQUISTI>2100,399000</SUD_ACQUISTI>
    <AUST_ACQUISTI>0,000000</AUST_ACQUISTI>
    <BRNN_ACQUISTI>0,000000</BRNN_ACQUISTI>
    <COAC_ACQUISTI>55,000000</COAC_ACQUISTI>
    <CORS_ACQUISTI>49,000000</CORS_ACQUISTI>
    <FOGN_ACQUISTI>0,000000</FOGN_ACQUISTI>
    <FRAN_ACQUISTI>45,000000</FRAN_ACQUISTI>
    <GREC_ACQUISTI>0,000000</GREC_ACQUISTI>
    <MFTV_ACQUISTI>0,000000</MFTV_ACQUISTI>
    <PRGP_ACQUISTI>0,000000</PRGP_ACQUISTI>
    <ROSN_ACQUISTI>0,000000</ROSN_ACQUISTI>
    <SLOV_ACQUISTI>0,000000</SLOV_ACQUISTI>
    <SVIZ_ACQUISTI>719,000000</SVIZ_ACQUISTI>
    <BSP_ACQUISTI>0,000000</BSP_ACQUISTI>
    <MALT_ACQUISTI>153,000000</MALT_ACQUISTI>
    <XAUS_ACQUISTI>0,000000</XAUS_ACQUISTI>
    <XFRA_ACQUISTI>1160,000000</XFRA_ACQUISTI>
    <TOTALE_VENDITE>23248,485</TOTALE_VENDITE>
    <NAT_VENDITE>24077,485000</NAT_VENDITE>
    <CNOR_VENDITE>1769,576000</CNOR_VENDITE>
    <CSUD_VENDITE>3413,789000</CSUD_VENDITE>
    <NORD_VENDITE>10296,124000</NORD_VENDITE>
    <SARD_VENDITE>1315,565000</SARD_VENDITE>
    <SICI_VENDITE>878,223000</SICI_VENDITE>
    <SUD_VENDITE>2278,649000</SUD_VENDITE>
    <AUST_VENDITE>6,000000</AUST_VENDITE>
    <BRNN_VENDITE>572,207000</BRNN_VENDITE>
    <COAC_VENDITE>0,000000</COAC_VENDITE>
    <CORS_VENDITE>0,000000</CORS_VENDITE>
    <FOGN_VENDITE>200,691000</FOGN_VENDITE>
    <FRAN_VENDITE>45,000000</FRAN_VENDITE>
    <GREC_VENDITE>0,000000</GREC_VENDITE>
    <MFTV_VENDITE>0,000000</MFTV_VENDITE>
    <PRGP_VENDITE>0,000000</PRGP_VENDITE>
    <ROSN_VENDITE>2233,661000</ROSN_VENDITE>
    <SLOV_VENDITE>0,000000</SLOV_VENDITE>
    <SVIZ_VENDITE>239,000000</SVIZ_VENDITE>
    <BSP_VENDITE>525,000000</BSP_VENDITE>
    <MALT_VENDITE>0,000000</MALT_VENDITE>
    <XAUS_VENDITE>304,000000</XAUS_VENDITE>
    <XFRA_VENDITE>0,000000</XFRA_VENDITE>
    <TOTITABSP_VENDITE>23773,485</TOTITABSP_VENDITE>
    <TOTITABSP_ACQUISTI>22917,485</TOTITABSP_ACQUISTI>
  </Quantita>
  <Quantita>
    <Data>20170103</Data>
    <Mercato>MGP</Mercato>
    <Ora>7</Ora>
    <TOTALE_ACQUISTI>27177,195</TOTALE_ACQUISTI>
    <NAT_ACQUISTI>28467,195000</NAT_ACQUISTI>
    <CNOR_ACQUISTI>2614,648000</CNOR_ACQUISTI>
    <CSUD_ACQUISTI>4076,711000</CSUD_ACQUISTI>
    <NORD_ACQUISTI>14327,509000</NORD_ACQUISTI>
    <SARD_ACQUISTI>906,891000</SARD_ACQUISTI>
    <SICI_ACQUISTI>1522,868000</SICI_ACQUISTI>
    <SUD_ACQUISTI>2392,568000</SUD_ACQUISTI>
    <AUST_ACQUISTI>0,000000</AUST_ACQUISTI>
    <BRNN_ACQUISTI>0,000000</BRNN_ACQUISTI>
    <COAC_ACQUISTI>56,000000</COAC_ACQUISTI>
    <CORS_ACQUISTI>49,000000</CORS_ACQUISTI>
    <FOGN_ACQUISTI>0,000000</FOGN_ACQUISTI>
    <FRAN_ACQUISTI>45,000000</FRAN_ACQUISTI>
    <GREC_ACQUISTI>0,000000</GREC_ACQUISTI>
    <MFTV_ACQUISTI>0,000000</MFTV_ACQUISTI>
    <PRGP_ACQUISTI>0,000000</PRGP_ACQUISTI>
    <ROSN_ACQUISTI>0,000000</ROSN_ACQUISTI>
    <SLOV_ACQUISTI>0,000000</SLOV_ACQUISTI>
    <SVIZ_ACQUISTI>1002,000000</SVIZ_ACQUISTI>
    <BSP_ACQUISTI>0,000000</BSP_ACQUISTI>
    <MALT_ACQUISTI>184,000000</MALT_ACQUISTI>
    <XAUS_ACQUISTI>0,000000</XAUS_ACQUISTI>
    <XFRA_ACQUISTI>1160,000000</XFRA_ACQUISTI>
    <TOTALE_VENDITE>27622,188</TOTALE_VENDITE>
    <NAT_VENDITE>28467,195000</NAT_VENDITE>
    <CNOR_VENDITE>2002,315000</CNOR_VENDITE>
    <CSUD_VENDITE>4757,158000</CSUD_VENDITE>
    <NORD_VENDITE>13225,835000</NORD_VENDITE>
    <SARD_VENDITE>1349,437000</SARD_VENDITE>
    <SICI_VENDITE>875,217000</SICI_VENDITE>
    <SUD_VENDITE>2187,794000</SUD_VENDITE>
    <AUST_VENDITE>6,000000</AUST_VENDITE>
    <BRNN_VENDITE>572,965000</BRNN_VENDITE>
    <COAC_VENDITE>0,000000</COAC_VENDITE>
    <CORS_VENDITE>0,000000</CORS_VENDITE>
    <FOGN_VENDITE>196,996000</FOGN_VENDITE>
    <FRAN_VENDITE>45,000000</FRAN_VENDITE>
    <GREC_VENDITE>0,000000</GREC_VENDITE>
    <MFTV_VENDITE>0,000000</MFTV_VENDITE>
    <PRGP_VENDITE>0,000000</PRGP_VENDITE>
    <ROSN_VENDITE>2199,471000</ROSN_VENDITE>
    <SLOV_VENDITE>0,000000</SLOV_VENDITE>
    <SVIZ_VENDITE>204,000000</SVIZ_VENDITE>
    <BSP_VENDITE>411,007000</BSP_VENDITE>
    <MALT_VENDITE>0,000000</MALT_VENDITE>
    <XAUS_VENDITE>304,000000</XAUS_VENDITE>
    <XFRA_VENDITE>0,000000</XFRA_VENDITE>
    <TOTITABSP_VENDITE>28033,195</TOTITABSP_VENDITE>
    <TOTITABSP_ACQUISTI>27177,195</TOTITABSP_ACQUISTI>
  </Quantita>
  <Quantita>
    <Data>20170103</Data>
    <Mercato>MGP</Mercato>
    <Ora>8</Ora>
    <TOTALE_ACQUISTI>32573,864</TOTALE_ACQUISTI>
    <NAT_ACQUISTI>33568,864000</NAT_ACQUISTI>
    <CNOR_ACQUISTI>3215,001000</CNOR_ACQUISTI>
    <CSUD_ACQUISTI>4887,129000</CSUD_ACQUISTI>
    <NORD_ACQUISTI>17312,647000</NORD_ACQUISTI>
    <SARD_ACQUISTI>1091,728000</SARD_ACQUISTI>
    <SICI_ACQUISTI>1855,256000</SICI_ACQUISTI>
    <SUD_ACQUISTI>2705,103000</SUD_ACQUISTI>
    <AUST_ACQUISTI>0,000000</AUST_ACQUISTI>
    <BRNN_ACQUISTI>0,000000</BRNN_ACQUISTI>
    <COAC_ACQUISTI>58,000000</COAC_ACQUISTI>
    <CORS_ACQUISTI>49,000000</CORS_ACQUISTI>
    <FOGN_ACQUISTI>0,000000</FOGN_ACQUISTI>
    <FRAN_ACQUISTI>45,000000</FRAN_ACQUISTI>
    <GREC_ACQUISTI>0,000000</GREC_ACQUISTI>
    <MFTV_ACQUISTI>0,000000</MFTV_ACQUISTI>
    <PRGP_ACQUISTI>0,000000</PRGP_ACQUISTI>
    <ROSN_ACQUISTI>0,000000</ROSN_ACQUISTI>
    <SLOV_ACQUISTI>0,000000</SLOV_ACQUISTI>
    <SVIZ_ACQUISTI>1157,000000</SVIZ_ACQUISTI>
    <BSP_ACQUISTI>0,000000</BSP_ACQUISTI>
    <MALT_ACQUISTI>198,000000</MALT_ACQUISTI>
    <XAUS_ACQUISTI>0,000000</XAUS_ACQUISTI>
    <XFRA_ACQUISTI>995,000000</XFRA_ACQUISTI>
    <TOTALE_VENDITE>32871,864</TOTALE_VENDITE>
    <NAT_VENDITE>33568,864000</NAT_VENDITE>
    <CNOR_VENDITE>2252,628000</CNOR_VENDITE>
    <CSUD_VENDITE>4773,074000</CSUD_VENDITE>
    <NORD_VENDITE>16413,020000</NORD_VENDITE>
    <SARD_VENDITE>1348,230000</SARD_VENDITE>
    <SICI_VENDITE>952,658000</SICI_VENDITE>
    <SUD_VENDITE>2268,093000</SUD_VENDITE>
    <AUST_VENDITE>6,000000</AUST_VENDITE>
    <BRNN_VENDITE>1790,579000</BRNN_VENDITE>
    <COAC_VENDITE>0,000000</COAC_VENDITE>
    <CORS_VENDITE>0,000000</CORS_VENDITE>
    <FOGN_VENDITE>197,171000</FOGN_VENDITE>
    <FRAN_VENDITE>45,000000</FRAN_VENDITE>
    <GREC_VENDITE>0,000000</GREC_VENDITE>
    <MFTV_VENDITE>0,000000</MFTV_VENDITE>
    <PRGP_VENDITE>0,598000</PRGP_VENDITE>
    <ROSN_VENDITE>2464,813000</ROSN_VENDITE>
    <SLOV_VENDITE>0,000000</SLOV_VENDITE>
    <SVIZ_VENDITE>360,000000</SVIZ_VENDITE>
    <BSP_VENDITE>385,000000</BSP_VENDITE>
    <MALT_VENDITE>0,000000</MALT_VENDITE>
    <XAUS_VENDITE>312,000000</XAUS_VENDITE>
    <XFRA_VENDITE>0,000000</XFRA_VENDITE>
    <TOTITABSP_VENDITE>33256,864</TOTITABSP_VENDITE>
    <TOTITABSP_ACQUISTI>32573,864</TOTITABSP_ACQUISTI>
  </Quantita>
  <Quantita>
    <Data>20170103</Data>
    <Mercato>MGP</Mercato>
    <Ora>9</Ora>
    <TOTALE_ACQUISTI>35513,513</TOTALE_ACQUISTI>
    <NAT_ACQUISTI>36509,096000</NAT_ACQUISTI>
    <CNOR_ACQUISTI>3660,193000</CNOR_ACQUISTI>
    <CSUD_ACQUISTI>5411,543000</CSUD_ACQUISTI>
    <NORD_ACQUISTI>18900,029000</NORD_ACQUISTI>
    <SARD_ACQUISTI>1178,032000</SARD_ACQUISTI>
    <SICI_ACQUISTI>2088,025000</SICI_ACQUISTI>
    <SUD_ACQUISTI>2957,691000</SUD_ACQUISTI>
    <AUST_ACQUISTI>0,000000</AUST_ACQUISTI>
    <BRNN_ACQUISTI>0,000000</BRNN_ACQUISTI>
    <COAC_ACQUISTI>66,000000</COAC_ACQUISTI>
    <CORS_ACQUISTI>49,000000</CORS_ACQUISTI>
    <FOGN_ACQUISTI>0,000000</FOGN_ACQUISTI>
    <FRAN_ACQUISTI>45,000000</FRAN_ACQUISTI>
    <GREC_ACQUISTI>0,000000</GREC_ACQUISTI>
    <MFTV_ACQUISTI>0,000000</MFTV_ACQUISTI>
    <PRGP_ACQUISTI>0,000000</PRGP_ACQUISTI>
    <ROSN_ACQUISTI>0,000000</ROSN_ACQUISTI>
    <SLOV_ACQUISTI>0,000000</SLOV_ACQUISTI>
    <SVIZ_ACQUISTI>960,000000</SVIZ_ACQUISTI>
    <BSP_ACQUISTI>0,000000</BSP_ACQUISTI>
    <MALT_ACQUISTI>198,000000</MALT_ACQUISTI>
    <XAUS_ACQUISTI>0,000000</XAUS_ACQUISTI>
    <XFRA_ACQUISTI>995,000000</XFRA_ACQUISTI>
    <TOTALE_VENDITE>36012,513</TOTALE_VENDITE>
    <NAT_VENDITE>36509,096000</NAT_VENDITE>
    <CNOR_VENDITE>2404,248000</CNOR_VENDITE>
    <CSUD_VENDITE>4751,370000</CSUD_VENDITE>
    <NORD_VENDITE>18179,974000</NORD_VENDITE>
    <SARD_VENDITE>1367,585000</SARD_VENDITE>
    <SICI_VENDITE>1183,369000</SICI_VENDITE>
    <SUD_VENDITE>2753,125000</SUD_VENDITE>
    <AUST_VENDITE>6,000000</AUST_VENDITE>
    <BRNN_VENDITE>2074,794000</BRNN_VENDITE>
    <COAC_VENDITE>0,000000</COAC_VENDITE>
    <CORS_VENDITE>0,000000</CORS_VENDITE>
    <FOGN_VENDITE>299,604000</FOGN_VENDITE>
    <FRAN_VENDITE>45,000000</FRAN_VENDITE>
    <GREC_VENDITE>0,000000</GREC_VENDITE>
    <MFTV_VENDITE>0,000000</MFTV_VENDITE>
    <PRGP_VENDITE>2,656000</PRGP_VENDITE>
    <ROSN_VENDITE>2466,788000</ROSN_VENDITE>
    <SLOV_VENDITE>0,000000</SLOV_VENDITE>
    <SVIZ_VENDITE>478,000000</SVIZ_VENDITE>
    <BSP_VENDITE>184,000000</BSP_VENDITE>
    <MALT_VENDITE>0,000000</MALT_VENDITE>
    <XAUS_VENDITE>312,000000</XAUS_VENDITE>
    <XFRA_VENDITE>0,000000</XFRA_VENDITE>
    <TOTITABSP_VENDITE>36196,513</TOTITABSP_VENDITE>
    <TOTITABSP_ACQUISTI>35513,513</TOTITABSP_ACQUISTI>
  </Quantita>
  <Quantita>
    <Data>20170103</Data>
    <Mercato>MGP</Mercato>
    <Ora>10</Ora>
    <TOTALE_ACQUISTI>36699,86</TOTALE_ACQUISTI>
    <NAT_ACQUISTI>37695,565000</NAT_ACQUISTI>
    <CNOR_ACQUISTI>3864,489000</CNOR_ACQUISTI>
    <CSUD_ACQUISTI>5763,382000</CSUD_ACQUISTI>
    <NORD_ACQUISTI>19324,910000</NORD_ACQUISTI>
    <SARD_ACQUISTI>1181,621000</SARD_ACQUISTI>
    <SICI_ACQUISTI>2170,468000</SICI_ACQUISTI>
    <SUD_ACQUISTI>2976,990000</SUD_ACQUISTI>
    <AUST_ACQUISTI>0,000000</AUST_ACQUISTI>
    <BRNN_ACQUISTI>0,000000</BRNN_ACQUISTI>
    <COAC_ACQUISTI>66,000000</COAC_ACQUISTI>
    <CORS_ACQUISTI>49,000000</CORS_ACQUISTI>
    <FOGN_ACQUISTI>0,000000</FOGN_ACQUISTI>
    <FRAN_ACQUISTI>45,000000</FRAN_ACQUISTI>
    <GREC_ACQUISTI>0,000000</GREC_ACQUISTI>
    <MFTV_ACQUISTI>0,000000</MFTV_ACQUISTI>
    <PRGP_ACQUISTI>0,000000</PRGP_ACQUISTI>
    <ROSN_ACQUISTI>0,000000</ROSN_ACQUISTI>
    <SLOV_ACQUISTI>0,000000</SLOV_ACQUISTI>
    <SVIZ_ACQUISTI>1060,000000</SVIZ_ACQUISTI>
    <BSP_ACQUISTI>0,000000</BSP_ACQUISTI>
    <MALT_ACQUISTI>198,000000</MALT_ACQUISTI>
    <XAUS_ACQUISTI>0,000000</XAUS_ACQUISTI>
    <XFRA_ACQUISTI>995,000000</XFRA_ACQUISTI>
    <TOTALE_VENDITE>37192,86</TOTALE_VENDITE>
    <NAT_VENDITE>37695,565000</NAT_VENDITE>
    <CNOR_VENDITE>2302,628000</CNOR_VENDITE>
    <CSUD_VENDITE>5031,792000</CSUD_VENDITE>
    <NORD_VENDITE>18921,910000</NORD_VENDITE>
    <SARD_VENDITE>1408,590000</SARD_VENDITE>
    <SICI_VENDITE>1263,921000</SICI_VENDITE>
    <SUD_VENDITE>3045,929000</SUD_VENDITE>
    <AUST_VENDITE>6,000000</AUST_VENDITE>
    <BRNN_VENDITE>1750,294000</BRNN_VENDITE>
    <COAC_VENDITE>0,000000</COAC_VENDITE>
    <CORS_VENDITE>0,000000</CORS_VENDITE>
    <FOGN_VENDITE>303,071000</FOGN_VENDITE>
    <FRAN_VENDITE>45,000000</FRAN_VENDITE>
    <GREC_VENDITE>0,000000</GREC_VENDITE>
    <MFTV_VENDITE>0,000000</MFTV_VENDITE>
    <PRGP_VENDITE>4,547000</PRGP_VENDITE>
    <ROSN_VENDITE>2459,178000</ROSN_VENDITE>
    <SLOV_VENDITE>0,000000</SLOV_VENDITE>
    <SVIZ_VENDITE>650,000000</SVIZ_VENDITE>
    <BSP_VENDITE>190,000000</BSP_VENDITE>
    <MALT_VENDITE>0,000000</MALT_VENDITE>
    <XAUS_VENDITE>312,000000</XAUS_VENDITE>
    <XFRA_VENDITE>0,000000</XFRA_VENDITE>
    <TOTITABSP_VENDITE>37382,86</TOTITABSP_VENDITE>
    <TOTITABSP_ACQUISTI>36699,86</TOTITABSP_ACQUISTI>
  </Quantita>
  <Quantita>
    <Data>20170103</Data>
    <Mercato>MGP</Mercato>
    <Ora>11</Ora>
    <TOTALE_ACQUISTI>36691,302</TOTALE_ACQUISTI>
    <NAT_ACQUISTI>37687,006000</NAT_ACQUISTI>
    <CNOR_ACQUISTI>3860,348000</CNOR_ACQUISTI>
    <CSUD_ACQUISTI>5873,611000</CSUD_ACQUISTI>
    <NORD_ACQUISTI>19425,997000</NORD_ACQUISTI>
    <SARD_ACQUISTI>1154,837000</SARD_ACQUISTI>
    <SICI_ACQUISTI>2125,274000</SICI_ACQUISTI>
    <SUD_ACQUISTI>2913,235000</SUD_ACQUISTI>
    <AUST_ACQUISTI>0,000000</AUST_ACQUISTI>
    <BRNN_ACQUISTI>0,000000</BRNN_ACQUISTI>
    <COAC_ACQUISTI>60,000000</COAC_ACQUISTI>
    <CORS_ACQUISTI>49,000000</CORS_ACQUISTI>
    <FOGN_ACQUISTI>0,000000</FOGN_ACQUISTI>
    <FRAN_ACQUISTI>45,000000</FRAN_ACQUISTI>
    <GREC_ACQUISTI>0,000000</GREC_ACQUISTI>
    <MFTV_ACQUISTI>0,000000</MFTV_ACQUISTI>
    <PRGP_ACQUISTI>0,000000</PRGP_ACQUISTI>
    <ROSN_ACQUISTI>0,000000</ROSN_ACQUISTI>
    <SLOV_ACQUISTI>0,000000</SLOV_ACQUISTI>
    <SVIZ_ACQUISTI>991,000000</SVIZ_ACQUISTI>
    <BSP_ACQUISTI>0,000000</BSP_ACQUISTI>
    <MALT_ACQUISTI>193,000000</MALT_ACQUISTI>
    <XAUS_ACQUISTI>0,000000</XAUS_ACQUISTI>
    <XFRA_ACQUISTI>995,000000</XFRA_ACQUISTI>
    <TOTALE_VENDITE>37224,302</TOTALE_VENDITE>
    <NAT_VENDITE>37687,006000</NAT_VENDITE>
    <CNOR_VENDITE>2381,820000</CNOR_VENDITE>
    <CSUD_VENDITE>4978,840000</CSUD_VENDITE>
    <NORD_VENDITE>19114,997000</NORD_VENDITE>
    <SARD_VENDITE>1480,468000</SARD_VENDITE>
    <SICI_VENDITE>1449,429000</SICI_VENDITE>
    <SUD_VENDITE>3304,747000</SUD_VENDITE>
    <AUST_VENDITE>6,000000</AUST_VENDITE>
    <BRNN_VENDITE>1167,127000</BRNN_VENDITE>
    <COAC_VENDITE>0,000000</COAC_VENDITE>
    <CORS_VENDITE>0,000000</CORS_VENDITE>
    <FOGN_VENDITE>297,840000</FOGN_VENDITE>
    <FRAN_VENDITE>45,000000</FRAN_VENDITE>
    <GREC_VENDITE>0,000000</GREC_VENDITE>
    <MFTV_VENDITE>0,000000</MFTV_VENDITE>
    <PRGP_VENDITE>5,456000</PRGP_VENDITE>
    <ROSN_VENDITE>2463,578000</ROSN_VENDITE>
    <SLOV_VENDITE>0,000000</SLOV_VENDITE>
    <SVIZ_VENDITE>529,000000</SVIZ_VENDITE>
    <BSP_VENDITE>150,000000</BSP_VENDITE>
    <MALT_VENDITE>0,000000</MALT_VENDITE>
    <XAUS_VENDITE>312,000000</XAUS_VENDITE>
    <XFRA_VENDITE>0,000000</XFRA_VENDITE>
    <TOTITABSP_VENDITE>37374,302</TOTITABSP_VENDITE>
    <TOTITABSP_ACQUISTI>36691,302</TOTITABSP_ACQUISTI>
  </Quantita>
  <Quantita>
    <Data>20170103</Data>
    <Mercato>MGP</Mercato>
    <Ora>12</Ora>
    <TOTALE_ACQUISTI>36416,079</TOTALE_ACQUISTI>
    <NAT_ACQUISTI>37512,079000</NAT_ACQUISTI>
    <CNOR_ACQUISTI>3788,191000</CNOR_ACQUISTI>
    <CSUD_ACQUISTI>5785,396000</CSUD_ACQUISTI>
    <NORD_ACQUISTI>19348,812000</NORD_ACQUISTI>
    <SARD_ACQUISTI>1107,149000</SARD_ACQUISTI>
    <SICI_ACQUISTI>2076,468000</SICI_ACQUISTI>
    <SUD_ACQUISTI>2846,063000</SUD_ACQUISTI>
    <AUST_ACQUISTI>0,000000</AUST_ACQUISTI>
    <BRNN_ACQUISTI>0,000000</BRNN_ACQUISTI>
    <COAC_ACQUISTI>55,000000</COAC_ACQUISTI>
    <CORS_ACQUISTI>49,000000</CORS_ACQUISTI>
    <FOGN_ACQUISTI>0,000000</FOGN_ACQUISTI>
    <FRAN_ACQUISTI>45,000000</FRAN_ACQUISTI>
    <GREC_ACQUISTI>0,000000</GREC_ACQUISTI>
    <MFTV_ACQUISTI>0,000000</MFTV_ACQUISTI>
    <PRGP_ACQUISTI>0,000000</PRGP_ACQUISTI>
    <ROSN_ACQUISTI>0,000000</ROSN_ACQUISTI>
    <SLOV_ACQUISTI>0,000000</SLOV_ACQUISTI>
    <SVIZ_ACQUISTI>1129,000000</SVIZ_ACQUISTI>
    <BSP_ACQUISTI>96,000000</BSP_ACQUISTI>
    <MALT_ACQUISTI>186,000000</MALT_ACQUISTI>
    <XAUS_ACQUISTI>0,000000</XAUS_ACQUISTI>
    <XFRA_ACQUISTI>995,000000</XFRA_ACQUISTI>
    <TOTALE_VENDITE>37195,079</TOTALE_VENDITE>
    <NAT_VENDITE>37512,079000</NAT_VENDITE>
    <CNOR_VENDITE>2172,277000</CNOR_VENDITE>
    <CSUD_VENDITE>4982,365000</CSUD_VENDITE>
    <NORD_VENDITE>19584,812000</NORD_VENDITE>
    <SARD_VENDITE>1563,741000</SARD_VENDITE>
    <SICI_VENDITE>1600,018000</SICI_VENDITE>
    <SUD_VENDITE>3394,132000</SUD_VENDITE>
    <AUST_VENDITE>6,000000</AUST_VENDITE>
    <BRNN_VENDITE>782,775000</BRNN_VENDITE>
    <COAC_VENDITE>0,000000</COAC_VENDITE>
    <CORS_VENDITE>0,000000</CORS_VENDITE>
    <FOGN_VENDITE>292,100000</FOGN_VENDITE>
    <FRAN_VENDITE>45,000000</FRAN_VENDITE>
    <GREC_VENDITE>0,000000</GREC_VENDITE>
    <MFTV_VENDITE>0,000000</MFTV_VENDITE>
    <PRGP_VENDITE>5,597000</PRGP_VENDITE>
    <ROSN_VENDITE>2400,262000</ROSN_VENDITE>
    <SLOV_VENDITE>0,000000</SLOV_VENDITE>
    <SVIZ_VENDITE>366,000000</SVIZ_VENDITE>
    <BSP_VENDITE>0,000000</BSP_VENDITE>
    <MALT_VENDITE>0,000000</MALT_VENDITE>
    <XAUS_VENDITE>312,000000</XAUS_VENDITE>
    <XFRA_VENDITE>0,000000</XFRA_VENDITE>
    <TOTITABSP_VENDITE>37195,079</TOTITABSP_VENDITE>
    <TOTITABSP_ACQUISTI>36512,079</TOTITABSP_ACQUISTI>
  </Quantita>
  <Quantita>
    <Data>20170103</Data>
    <Mercato>MGP</Mercato>
    <Ora>13</Ora>
    <TOTALE_ACQUISTI>34940,505</TOTALE_ACQUISTI>
    <NAT_ACQUISTI>36219,505000</NAT_ACQUISTI>
    <CNOR_ACQUISTI>3596,343000</CNOR_ACQUISTI>
    <CSUD_ACQUISTI>5767,613000</CSUD_ACQUISTI>
    <NORD_ACQUISTI>17991,210000</NORD_ACQUISTI>
    <SARD_ACQUISTI>1095,569000</SARD_ACQUISTI>
    <SICI_ACQUISTI>2072,271000</SICI_ACQUISTI>
    <SUD_ACQUISTI>2848,499000</SUD_ACQUISTI>
    <AUST_ACQUISTI>0,000000</AUST_ACQUISTI>
    <BRNN_ACQUISTI>0,000000</BRNN_ACQUISTI>
    <COAC_ACQUISTI>53,000000</COAC_ACQUISTI>
    <CORS_ACQUISTI>49,000000</CORS_ACQUISTI>
    <FOGN_ACQUISTI>0,000000</FOGN_ACQUISTI>
    <FRAN_ACQUISTI>45,000000</FRAN_ACQUISTI>
    <GREC_ACQUISTI>0,000000</GREC_ACQUISTI>
    <MFTV_ACQUISTI>0,000000</MFTV_ACQUISTI>
    <PRGP_ACQUISTI>0,000000</PRGP_ACQUISTI>
    <ROSN_ACQUISTI>0,000000</ROSN_ACQUISTI>
    <SLOV_ACQUISTI>0,000000</SLOV_ACQUISTI>
    <SVIZ_ACQUISTI>1229,000000</SVIZ_ACQUISTI>
    <BSP_ACQUISTI>284,000000</BSP_ACQUISTI>
    <MALT_ACQUISTI>193,000000</MALT_ACQUISTI>
    <XAUS_ACQUISTI>0,000000</XAUS_ACQUISTI>
    <XFRA_ACQUISTI>995,000000</XFRA_ACQUISTI>
    <TOTALE_VENDITE>35907,505</TOTALE_VENDITE>
    <NAT_VENDITE>36219,505000</NAT_VENDITE>
    <CNOR_VENDITE>2010,253000</CNOR_VENDITE>
    <CSUD_VENDITE>4946,252000</CSUD_VENDITE>
    <NORD_VENDITE>18632,210000</NORD_VENDITE>
    <SARD_VENDITE>1636,325000</SARD_VENDITE>
    <SICI_VENDITE>1695,959000</SICI_VENDITE>
    <SUD_VENDITE>3165,369000</SUD_VENDITE>
    <AUST_VENDITE>6,000000</AUST_VENDITE>
    <BRNN_VENDITE>787,585000</BRNN_VENDITE>
    <COAC_VENDITE>0,000000</COAC_VENDITE>
    <CORS_VENDITE>0,000000</CORS_VENDITE>
    <FOGN_VENDITE>326,700000</FOGN_VENDITE>
    <FRAN_VENDITE>45,000000</FRAN_VENDITE>
    <GREC_VENDITE>0,000000</GREC_VENDITE>
    <MFTV_VENDITE>0,000000</MFTV_VENDITE>
    <PRGP_VENDITE>5,040000</PRGP_VENDITE>
    <ROSN_VENDITE>2401,812000</ROSN_VENDITE>
    <SLOV_VENDITE>0,000000</SLOV_VENDITE>
    <SVIZ_VENDITE>249,000000</SVIZ_VENDITE>
    <BSP_VENDITE>0,000000</BSP_VENDITE>
    <MALT_VENDITE>0,000000</MALT_VENDITE>
    <XAUS_VENDITE>312,000000</XAUS_VENDITE>
    <XFRA_VENDITE>0,000000</XFRA_VENDITE>
    <TOTITABSP_VENDITE>35907,505</TOTITABSP_VENDITE>
    <TOTITABSP_ACQUISTI>35224,505</TOTITABSP_ACQUISTI>
  </Quantita>
  <Quantita>
    <Data>20170103</Data>
    <Mercato>MGP</Mercato>
    <Ora>14</Ora>
    <TOTALE_ACQUISTI>34202,949</TOTALE_ACQUISTI>
    <NAT_ACQUISTI>35456,949000</NAT_ACQUISTI>
    <CNOR_ACQUISTI>3428,976000</CNOR_ACQUISTI>
    <CSUD_ACQUISTI>5581,688000</CSUD_ACQUISTI>
    <NORD_ACQUISTI>17841,890000</NORD_ACQUISTI>
    <SARD_ACQUISTI>1068,318000</SARD_ACQUISTI>
    <SICI_ACQUISTI>2041,544000</SICI_ACQUISTI>
    <SUD_ACQUISTI>2771,533000</SUD_ACQUISTI>
    <AUST_ACQUISTI>0,000000</AUST_ACQUISTI>
    <BRNN_ACQUISTI>0,000000</BRNN_ACQUISTI>
    <COAC_ACQUISTI>51,000000</COAC_ACQUISTI>
    <CORS_ACQUISTI>49,000000</CORS_ACQUISTI>
    <FOGN_ACQUISTI>0,000000</FOGN_ACQUISTI>
    <FRAN_ACQUISTI>45,000000</FRAN_ACQUISTI>
    <GREC_ACQUISTI>0,000000</GREC_ACQUISTI>
    <MFTV_ACQUISTI>0,000000</MFTV_ACQUISTI>
    <PRGP_ACQUISTI>0,000000</PRGP_ACQUISTI>
    <ROSN_ACQUISTI>0,000000</ROSN_ACQUISTI>
    <SLOV_ACQUISTI>0,000000</SLOV_ACQUISTI>
    <SVIZ_ACQUISTI>1126,000000</SVIZ_ACQUISTI>
    <BSP_ACQUISTI>259,000000</BSP_ACQUISTI>
    <MALT_ACQUISTI>198,000000</MALT_ACQUISTI>
    <XAUS_ACQUISTI>0,000000</XAUS_ACQUISTI>
    <XFRA_ACQUISTI>995,000000</XFRA_ACQUISTI>
    <TOTALE_VENDITE>35161,949</TOTALE_VENDITE>
    <NAT_VENDITE>35456,949000</NAT_VENDITE>
    <CNOR_VENDITE>2177,976000</CNOR_VENDITE>
    <CSUD_VENDITE>5022,640000</CSUD_VENDITE>
    <NORD_VENDITE>18021,890000</NORD_VENDITE>
    <SARD_VENDITE>1663,287000</SARD_VENDITE>
    <SICI_VENDITE>1715,599000</SICI_VENDITE>
    <SUD_VENDITE>2633,863000</SUD_VENDITE>
    <AUST_VENDITE>6,000000</AUST_VENDITE>
    <BRNN_VENDITE>899,898000</BRNN_VENDITE>
    <COAC_VENDITE>0,000000</COAC_VENDITE>
    <CORS_VENDITE>0,000000</CORS_VENDITE>
    <FOGN_VENDITE>321,500000</FOGN_VENDITE>
    <FRAN_VENDITE>45,000000</FRAN_VENDITE>
    <GREC_VENDITE>0,000000</GREC_VENDITE>
    <MFTV_VENDITE>0,000000</MFTV_VENDITE>
    <PRGP_VENDITE>3,847000</PRGP_VENDITE>
    <ROSN_VENDITE>2451,449000</ROSN_VENDITE>
    <SLOV_VENDITE>0,000000</SLOV_VENDITE>
    <SVIZ_VENDITE>199,000000</SVIZ_VENDITE>
    <BSP_VENDITE>0,000000</BSP_VENDITE>
    <MALT_VENDITE>0,000000</MALT_VENDITE>
    <XAUS_VENDITE>295,000000</XAUS_VENDITE>
    <XFRA_VENDITE>0,000000</XFRA_VENDITE>
    <TOTITABSP_VENDITE>35161,949</TOTITABSP_VENDITE>
    <TOTITABSP_ACQUISTI>34461,949</TOTITABSP_ACQUISTI>
  </Quantita>
  <Quantita>
    <Data>20170103</Data>
    <Mercato>MGP</Mercato>
    <Ora>15</Ora>
    <TOTALE_ACQUISTI>35208,048</TOTALE_ACQUISTI>
    <NAT_ACQUISTI>36322,048000</NAT_ACQUISTI>
    <CNOR_ACQUISTI>3603,335000</CNOR_ACQUISTI>
    <CSUD_ACQUISTI>5656,939000</CSUD_ACQUISTI>
    <NORD_ACQUISTI>18369,905000</NORD_ACQUISTI>
    <SARD_ACQUISTI>1064,633000</SARD_ACQUISTI>
    <SICI_ACQUISTI>2077,417000</SICI_ACQUISTI>
    <SUD_ACQUISTI>2925,819000</SUD_ACQUISTI>
    <AUST_ACQUISTI>0,000000</AUST_ACQUISTI>
    <BRNN_ACQUISTI>0,000000</BRNN_ACQUISTI>
    <COAC_ACQUISTI>52,000000</COAC_ACQUISTI>
    <CORS_ACQUISTI>49,000000</CORS_ACQUISTI>
    <FOGN_ACQUISTI>0,000000</FOGN_ACQUISTI>
    <FRAN_ACQUISTI>45,000000</FRAN_ACQUISTI>
    <GREC_ACQUISTI>0,000000</GREC_ACQUISTI>
    <MFTV_ACQUISTI>0,000000</MFTV_ACQUISTI>
    <PRGP_ACQUISTI>0,000000</PRGP_ACQUISTI>
    <ROSN_ACQUISTI>0,000000</ROSN_ACQUISTI>
    <SLOV_ACQUISTI>0,000000</SLOV_ACQUISTI>
    <SVIZ_ACQUISTI>1166,000000</SVIZ_ACQUISTI>
    <BSP_ACQUISTI>119,000000</BSP_ACQUISTI>
    <MALT_ACQUISTI>198,000000</MALT_ACQUISTI>
    <XAUS_ACQUISTI>0,000000</XAUS_ACQUISTI>
    <XFRA_ACQUISTI>995,000000</XFRA_ACQUISTI>
    <TOTALE_VENDITE>36027,048</TOTALE_VENDITE>
    <NAT_VENDITE>36322,048000</NAT_VENDITE>
    <CNOR_VENDITE>2352,335000</CNOR_VENDITE>
    <CSUD_VENDITE>4858,193000</CSUD_VENDITE>
    <NORD_VENDITE>18424,905000</NORD_VENDITE>
    <SARD_VENDITE>1634,546000</SARD_VENDITE>
    <SICI_VENDITE>1623,227000</SICI_VENDITE>
    <SUD_VENDITE>2275,467000</SUD_VENDITE>
    <AUST_VENDITE>6,000000</AUST_VENDITE>
    <BRNN_VENDITE>1816,098000</BRNN_VENDITE>
    <COAC_VENDITE>0,000000</COAC_VENDITE>
    <CORS_VENDITE>0,000000</CORS_VENDITE>
    <FOGN_VENDITE>317,434000</FOGN_VENDITE>
    <FRAN_VENDITE>45,000000</FRAN_VENDITE>
    <GREC_VENDITE>0,000000</GREC_VENDITE>
    <MFTV_VENDITE>0,000000</MFTV_VENDITE>
    <PRGP_VENDITE>2,590000</PRGP_VENDITE>
    <ROSN_VENDITE>2447,253000</ROSN_VENDITE>
    <SLOV_VENDITE>0,000000</SLOV_VENDITE>
    <SVIZ_VENDITE>224,000000</SVIZ_VENDITE>
    <BSP_VENDITE>0,000000</BSP_VENDITE>
    <MALT_VENDITE>0,000000</MALT_VENDITE>
    <XAUS_VENDITE>295,000000</XAUS_VENDITE>
    <XFRA_VENDITE>0,000000</XFRA_VENDITE>
    <TOTITABSP_VENDITE>36027,048</TOTITABSP_VENDITE>
    <TOTITABSP_ACQUISTI>35327,048</TOTITABSP_ACQUISTI>
  </Quantita>
  <Quantita>
    <Data>20170103</Data>
    <Mercato>MGP</Mercato>
    <Ora>16</Ora>
    <TOTALE_ACQUISTI>36002,832</TOTALE_ACQUISTI>
    <NAT_ACQUISTI>37078,832000</NAT_ACQUISTI>
    <CNOR_ACQUISTI>3744,468000</CNOR_ACQUISTI>
    <CSUD_ACQUISTI>5764,456000</CSUD_ACQUISTI>
    <NORD_ACQUISTI>18779,681000</NORD_ACQUISTI>
    <SARD_ACQUISTI>1073,136000</SARD_ACQUISTI>
    <SICI_ACQUISTI>2139,367000</SICI_ACQUISTI>
    <SUD_ACQUISTI>2973,724000</SUD_ACQUISTI>
    <AUST_ACQUISTI>0,000000</AUST_ACQUISTI>
    <BRNN_ACQUISTI>0,000000</BRNN_ACQUISTI>
    <COAC_ACQUISTI>60,000000</COAC_ACQUISTI>
    <CORS_ACQUISTI>49,000000</CORS_ACQUISTI>
    <FOGN_ACQUISTI>0,000000</FOGN_ACQUISTI>
    <FRAN_ACQUISTI>45,000000</FRAN_ACQUISTI>
    <GREC_ACQUISTI>0,000000</GREC_ACQUISTI>
    <MFTV_ACQUISTI>0,000000</MFTV_ACQUISTI>
    <PRGP_ACQUISTI>0,000000</PRGP_ACQUISTI>
    <ROSN_ACQUISTI>0,000000</ROSN_ACQUISTI>
    <SLOV_ACQUISTI>0,000000</SLOV_ACQUISTI>
    <SVIZ_ACQUISTI>1176,000000</SVIZ_ACQUISTI>
    <BSP_ACQUISTI>81,000000</BSP_ACQUISTI>
    <MALT_ACQUISTI>198,000000</MALT_ACQUISTI>
    <XAUS_ACQUISTI>0,000000</XAUS_ACQUISTI>
    <XFRA_ACQUISTI>995,000000</XFRA_ACQUISTI>
    <TOTALE_VENDITE>36783,832</TOTALE_VENDITE>
    <NAT_VENDITE>37078,832000</NAT_VENDITE>
    <CNOR_VENDITE>2384,474000</CNOR_VENDITE>
    <CSUD_VENDITE>5077,968000</CSUD_VENDITE>
    <NORD_VENDITE>18945,675000</NORD_VENDITE>
    <SARD_VENDITE>1576,273000</SARD_VENDITE>
    <SICI_VENDITE>1470,173000</SICI_VENDITE>
    <SUD_VENDITE>1941,705000</SUD_VENDITE>
    <AUST_VENDITE>6,000000</AUST_VENDITE>
    <BRNN_VENDITE>2193,581000</BRNN_VENDITE>
    <COAC_VENDITE>0,000000</COAC_VENDITE>
    <CORS_VENDITE>0,000000</CORS_VENDITE>
    <FOGN_VENDITE>510,970000</FOGN_VENDITE>
    <FRAN_VENDITE>45,000000</FRAN_VENDITE>
    <GREC_VENDITE>0,000000</GREC_VENDITE>
    <MFTV_VENDITE>0,000000</MFTV_VENDITE>
    <PRGP_VENDITE>1,356000</PRGP_VENDITE>
    <ROSN_VENDITE>2436,657000</ROSN_VENDITE>
    <SLOV_VENDITE>0,000000</SLOV_VENDITE>
    <SVIZ_VENDITE>194,000000</SVIZ_VENDITE>
    <BSP_VENDITE>0,000000</BSP_VENDITE>
    <MALT_VENDITE>0,000000</MALT_VENDITE>
    <XAUS_VENDITE>295,000000</XAUS_VENDITE>
    <XFRA_VENDITE>0,000000</XFRA_VENDITE>
    <TOTITABSP_VENDITE>36783,832</TOTITABSP_VENDITE>
    <TOTITABSP_ACQUISTI>36083,832</TOTITABSP_ACQUISTI>
  </Quantita>
  <Quantita>
    <Data>20170103</Data>
    <Mercato>MGP</Mercato>
    <Ora>17</Ora>
    <TOTALE_ACQUISTI>37092,616</TOTALE_ACQUISTI>
    <NAT_ACQUISTI>38365,616000</NAT_ACQUISTI>
    <CNOR_ACQUISTI>3953,342000</CNOR_ACQUISTI>
    <CSUD_ACQUISTI>6023,747000</CSUD_ACQUISTI>
    <NORD_ACQUISTI>19358,293000</NORD_ACQUISTI>
    <SARD_ACQUISTI>1118,043000</SARD_ACQUISTI>
    <SICI_ACQUISTI>2247,777000</SICI_ACQUISTI>
    <SUD_ACQUISTI>3333,414000</SUD_ACQUISTI>
    <AUST_ACQUISTI>0,000000</AUST_ACQUISTI>
    <BRNN_ACQUISTI>0,000000</BRNN_ACQUISTI>
    <COAC_ACQUISTI>74,000000</COAC_ACQUISTI>
    <CORS_ACQUISTI>49,000000</CORS_ACQUISTI>
    <FOGN_ACQUISTI>0,000000</FOGN_ACQUISTI>
    <FRAN_ACQUISTI>45,000000</FRAN_ACQUISTI>
    <GREC_ACQUISTI>0,000000</GREC_ACQUISTI>
    <MFTV_ACQUISTI>0,000000</MFTV_ACQUISTI>
    <PRGP_ACQUISTI>0,000000</PRGP_ACQUISTI>
    <ROSN_ACQUISTI>0,000000</ROSN_ACQUISTI>
    <SLOV_ACQUISTI>0,000000</SLOV_ACQUISTI>
    <SVIZ_ACQUISTI>692,000000</SVIZ_ACQUISTI>
    <BSP_ACQUISTI>78,000000</BSP_ACQUISTI>
    <MALT_ACQUISTI>198,000000</MALT_ACQUISTI>
    <XAUS_ACQUISTI>0,000000</XAUS_ACQUISTI>
    <XFRA_ACQUISTI>995,000000</XFRA_ACQUISTI>
    <TOTALE_VENDITE>37870,616</TOTALE_VENDITE>
    <NAT_VENDITE>38365,616000</NAT_VENDITE>
    <CNOR_VENDITE>2302,342000</CNOR_VENDITE>
    <CSUD_VENDITE>5219,427000</CSUD_VENDITE>
    <NORD_VENDITE>19064,293000</NORD_VENDITE>
    <SARD_VENDITE>1444,412000</SARD_VENDITE>
    <SICI_VENDITE>1195,505000</SICI_VENDITE>
    <SUD_VENDITE>1633,084000</SUD_VENDITE>
    <AUST_VENDITE>6,000000</AUST_VENDITE>
    <BRNN_VENDITE>2769,138000</BRNN_VENDITE>
    <COAC_VENDITE>0,000000</COAC_VENDITE>
    <CORS_VENDITE>0,000000</CORS_VENDITE>
    <FOGN_VENDITE>1007,551000</FOGN_VENDITE>
    <FRAN_VENDITE>45,000000</FRAN_VENDITE>
    <GREC_VENDITE>0,000000</GREC_VENDITE>
    <MFTV_VENDITE>0,000000</MFTV_VENDITE>
    <PRGP_VENDITE>150,272000</PRGP_VENDITE>
    <ROSN_VENDITE>2575,592000</ROSN_VENDITE>
    <SLOV_VENDITE>0,000000</SLOV_VENDITE>
    <SVIZ_VENDITE>458,000000</SVIZ_VENDITE>
    <BSP_VENDITE>0,000000</BSP_VENDITE>
    <MALT_VENDITE>0,000000</MALT_VENDITE>
    <XAUS_VENDITE>295,000000</XAUS_VENDITE>
    <XFRA_VENDITE>0,000000</XFRA_VENDITE>
    <TOTITABSP_VENDITE>37870,616</TOTITABSP_VENDITE>
    <TOTITABSP_ACQUISTI>37170,616</TOTITABSP_ACQUISTI>
  </Quantita>
  <Quantita>
    <Data>20170103</Data>
    <Mercato>MGP</Mercato>
    <Ora>18</Ora>
    <TOTALE_ACQUISTI>39911,037</TOTALE_ACQUISTI>
    <NAT_ACQUISTI>40906,037000</NAT_ACQUISTI>
    <CNOR_ACQUISTI>4201,888000</CNOR_ACQUISTI>
    <CSUD_ACQUISTI>6625,432000</CSUD_ACQUISTI>
    <NORD_ACQUISTI>20478,402000</NORD_ACQUISTI>
    <SARD_ACQUISTI>1225,839000</SARD_ACQUISTI>
    <SICI_ACQUISTI>2501,907000</SICI_ACQUISTI>
    <SUD_ACQUISTI>3772,569000</SUD_ACQUISTI>
    <AUST_ACQUISTI>0,000000</AUST_ACQUISTI>
    <BRNN_ACQUISTI>0,000000</BRNN_ACQUISTI>
    <COAC_ACQUISTI>90,000000</COAC_ACQUISTI>
    <CORS_ACQUISTI>49,000000</CORS_ACQUISTI>
    <FOGN_ACQUISTI>0,000000</FOGN_ACQUISTI>
    <FRAN_ACQUISTI>45,000000</FRAN_ACQUISTI>
    <GREC_ACQUISTI>0,000000</GREC_ACQUISTI>
    <MFTV_ACQUISTI>0,000000</MFTV_ACQUISTI>
    <PRGP_ACQUISTI>0,000000</PRGP_ACQUISTI>
    <ROSN_ACQUISTI>0,000000</ROSN_ACQUISTI>
    <SLOV_ACQUISTI>0,000000</SLOV_ACQUISTI>
    <SVIZ_ACQUISTI>723,000000</SVIZ_ACQUISTI>
    <BSP_ACQUISTI>0,000000</BSP_ACQUISTI>
    <MALT_ACQUISTI>198,000000</MALT_ACQUISTI>
    <XAUS_ACQUISTI>0,000000</XAUS_ACQUISTI>
    <XFRA_ACQUISTI>995,000000</XFRA_ACQUISTI>
    <TOTALE_VENDITE>40564,037</TOTALE_VENDITE>
    <NAT_VENDITE>40906,037000</NAT_VENDITE>
    <CNOR_VENDITE>2511,924000</CNOR_VENDITE>
    <CSUD_VENDITE>5575,197000</CSUD_VENDITE>
    <NORD_VENDITE>19552,763000</NORD_VENDITE>
    <SARD_VENDITE>1301,580000</SARD_VENDITE>
    <SICI_VENDITE>1031,725000</SICI_VENDITE>
    <SUD_VENDITE>1748,320000</SUD_VENDITE>
    <AUST_VENDITE>6,000000</AUST_VENDITE>
    <BRNN_VENDITE>3066,170000</BRNN_VENDITE>
    <COAC_VENDITE>0,000000</COAC_VENDITE>
    <CORS_VENDITE>0,000000</CORS_VENDITE>
    <FOGN_VENDITE>974,736000</FOGN_VENDITE>
    <FRAN_VENDITE>45,000000</FRAN_VENDITE>
    <GREC_VENDITE>0,000000</GREC_VENDITE>
    <MFTV_VENDITE>0,000000</MFTV_VENDITE>
    <PRGP_VENDITE>690,000000</PRGP_VENDITE>
    <ROSN_VENDITE>2739,622000</ROSN_VENDITE>
    <SLOV_VENDITE>0,000000</SLOV_VENDITE>
    <SVIZ_VENDITE>1321,000000</SVIZ_VENDITE>
    <BSP_VENDITE>47,000000</BSP_VENDITE>
    <MALT_VENDITE>0,000000</MALT_VENDITE>
    <XAUS_VENDITE>295,000000</XAUS_VENDITE>
    <XFRA_VENDITE>0,000000</XFRA_VENDITE>
    <TOTITABSP_VENDITE>40611,037</TOTITABSP_VENDITE>
    <TOTITABSP_ACQUISTI>39911,037</TOTITABSP_ACQUISTI>
  </Quantita>
  <Quantita>
    <Data>20170103</Data>
    <Mercato>MGP</Mercato>
    <Ora>19</Ora>
    <TOTALE_ACQUISTI>39703,868</TOTALE_ACQUISTI>
    <NAT_ACQUISTI>40612,825000</NAT_ACQUISTI>
    <CNOR_ACQUISTI>4181,778000</CNOR_ACQUISTI>
    <CSUD_ACQUISTI>6705,178000</CSUD_ACQUISTI>
    <NORD_ACQUISTI>19986,873000</NORD_ACQUISTI>
    <SARD_ACQUISTI>1285,969000</SARD_ACQUISTI>
    <SICI_ACQUISTI>2569,954000</SICI_ACQUISTI>
    <SUD_ACQUISTI>3732,116000</SUD_ACQUISTI>
    <AUST_ACQUISTI>0,000000</AUST_ACQUISTI>
    <BRNN_ACQUISTI>0,000000</BRNN_ACQUISTI>
    <COAC_ACQUISTI>95,000000</COAC_ACQUISTI>
    <CORS_ACQUISTI>49,000000</CORS_ACQUISTI>
    <FOGN_ACQUISTI>0,000000</FOGN_ACQUISTI>
    <FRAN_ACQUISTI>45,000000</FRAN_ACQUISTI>
    <GREC_ACQUISTI>0,000000</GREC_ACQUISTI>
    <MFTV_ACQUISTI>0,000000</MFTV_ACQUISTI>
    <PRGP_ACQUISTI>0,000000</PRGP_ACQUISTI>
    <ROSN_ACQUISTI>0,000000</ROSN_ACQUISTI>
    <SLOV_ACQUISTI>0,000000</SLOV_ACQUISTI>
    <SVIZ_ACQUISTI>855,000000</SVIZ_ACQUISTI>
    <BSP_ACQUISTI>0,000000</BSP_ACQUISTI>
    <MALT_ACQUISTI>198,000000</MALT_ACQUISTI>
    <XAUS_ACQUISTI>0,000000</XAUS_ACQUISTI>
    <XFRA_ACQUISTI>995,000000</XFRA_ACQUISTI>
    <TOTALE_VENDITE>40128,868</TOTALE_VENDITE>
    <NAT_VENDITE>40612,825000</NAT_VENDITE>
    <CNOR_VENDITE>2454,417000</CNOR_VENDITE>
    <CSUD_VENDITE>5286,788000</CSUD_VENDITE>
    <NORD_VENDITE>19614,562000</NORD_VENDITE>
    <SARD_VENDITE>1165,754000</SARD_VENDITE>
    <SICI_VENDITE>1312,954000</SICI_VENDITE>
    <SUD_VENDITE>1834,841000</SUD_VENDITE>
    <AUST_VENDITE>6,000000</AUST_VENDITE>
    <BRNN_VENDITE>3073,336000</BRNN_VENDITE>
    <COAC_VENDITE>0,000000</COAC_VENDITE>
    <CORS_VENDITE>0,000000</CORS_VENDITE>
    <FOGN_VENDITE>976,265000</FOGN_VENDITE>
    <FRAN_VENDITE>45,000000</FRAN_VENDITE>
    <GREC_VENDITE>0,000000</GREC_VENDITE>
    <MFTV_VENDITE>0,000000</MFTV_VENDITE>
    <PRGP_VENDITE>355,000000</PRGP_VENDITE>
    <ROSN_VENDITE>2736,951000</ROSN_VENDITE>
    <SLOV_VENDITE>0,000000</SLOV_VENDITE>
    <SVIZ_VENDITE>1267,000000</SVIZ_VENDITE>
    <BSP_VENDITE>259,000000</BSP_VENDITE>
    <MALT_VENDITE>0,000000</MALT_VENDITE>
    <XAUS_VENDITE>311,000000</XAUS_VENDITE>
    <XFRA_VENDITE>0,000000</XFRA_VENDITE>
    <TOTITABSP_VENDITE>40387,868</TOTITABSP_VENDITE>
    <TOTITABSP_ACQUISTI>39703,868</TOTITABSP_ACQUISTI>
  </Quantita>
  <Quantita>
    <Data>20170103</Data>
    <Mercato>MGP</Mercato>
    <Ora>20</Ora>
    <TOTALE_ACQUISTI>39164,178</TOTALE_ACQUISTI>
    <NAT_ACQUISTI>40159,178000</NAT_ACQUISTI>
    <CNOR_ACQUISTI>4192,694000</CNOR_ACQUISTI>
    <CSUD_ACQUISTI>6735,416000</CSUD_ACQUISTI>
    <NORD_ACQUISTI>19318,535000</NORD_ACQUISTI>
    <SARD_ACQUISTI>1297,051000</SARD_ACQUISTI>
    <SICI_ACQUISTI>2600,713000</SICI_ACQUISTI>
    <SUD_ACQUISTI>3722,769000</SUD_ACQUISTI>
    <AUST_ACQUISTI>0,000000</AUST_ACQUISTI>
    <BRNN_ACQUISTI>0,000000</BRNN_ACQUISTI>
    <COAC_ACQUISTI>95,000000</COAC_ACQUISTI>
    <CORS_ACQUISTI>49,000000</CORS_ACQUISTI>
    <FOGN_ACQUISTI>0,000000</FOGN_ACQUISTI>
    <FRAN_ACQUISTI>45,000000</FRAN_ACQUISTI>
    <GREC_ACQUISTI>0,000000</GREC_ACQUISTI>
    <MFTV_ACQUISTI>0,000000</MFTV_ACQUISTI>
    <PRGP_ACQUISTI>0,000000</PRGP_ACQUISTI>
    <ROSN_ACQUISTI>0,000000</ROSN_ACQUISTI>
    <SLOV_ACQUISTI>0,000000</SLOV_ACQUISTI>
    <SVIZ_ACQUISTI>910,000000</SVIZ_ACQUISTI>
    <BSP_ACQUISTI>0,000000</BSP_ACQUISTI>
    <MALT_ACQUISTI>198,000000</MALT_ACQUISTI>
    <XAUS_ACQUISTI>0,000000</XAUS_ACQUISTI>
    <XFRA_ACQUISTI>995,000000</XFRA_ACQUISTI>
    <TOTALE_VENDITE>39541,178</TOTALE_VENDITE>
    <NAT_VENDITE>40159,178000</NAT_VENDITE>
    <CNOR_VENDITE>2436,011000</CNOR_VENDITE>
    <CSUD_VENDITE>5814,807000</CSUD_VENDITE>
    <NORD_VENDITE>18823,142000</NORD_VENDITE>
    <SARD_VENDITE>1096,224000</SARD_VENDITE>
    <SICI_VENDITE>1288,655000</SICI_VENDITE>
    <SUD_VENDITE>1594,504000</SUD_VENDITE>
    <AUST_VENDITE>6,000000</AUST_VENDITE>
    <BRNN_VENDITE>3021,355000</BRNN_VENDITE>
    <COAC_VENDITE>0,000000</COAC_VENDITE>
    <CORS_VENDITE>0,000000</CORS_VENDITE>
    <FOGN_VENDITE>982,907000</FOGN_VENDITE>
    <FRAN_VENDITE>45,000000</FRAN_VENDITE>
    <GREC_VENDITE>0,000000</GREC_VENDITE>
    <MFTV_VENDITE>0,000000</MFTV_VENDITE>
    <PRGP_VENDITE>410,058000</PRGP_VENDITE>
    <ROSN_VENDITE>2589,515000</ROSN_VENDITE>
    <SLOV_VENDITE>0,000000</SLOV_VENDITE>
    <SVIZ_VENDITE>1433,000000</SVIZ_VENDITE>
    <BSP_VENDITE>307,000000</BSP_VENDITE>
    <MALT_VENDITE>0,000000</MALT_VENDITE>
    <XAUS_VENDITE>311,000000</XAUS_VENDITE>
    <XFRA_VENDITE>0,000000</XFRA_VENDITE>
    <TOTITABSP_VENDITE>39848,178</TOTITABSP_VENDITE>
    <TOTITABSP_ACQUISTI>39164,178</TOTITABSP_ACQUISTI>
  </Quantita>
  <Quantita>
    <Data>20170103</Data>
    <Mercato>MGP</Mercato>
    <Ora>21</Ora>
    <TOTALE_ACQUISTI>36689,729</TOTALE_ACQUISTI>
    <NAT_ACQUISTI>37684,729000</NAT_ACQUISTI>
    <CNOR_ACQUISTI>3812,030000</CNOR_ACQUISTI>
    <CSUD_ACQUISTI>6391,269000</CSUD_ACQUISTI>
    <NORD_ACQUISTI>17935,565000</NORD_ACQUISTI>
    <SARD_ACQUISTI>1271,829000</SARD_ACQUISTI>
    <SICI_ACQUISTI>2623,297000</SICI_ACQUISTI>
    <SUD_ACQUISTI>3422,739000</SUD_ACQUISTI>
    <AUST_ACQUISTI>0,000000</AUST_ACQUISTI>
    <BRNN_ACQUISTI>0,000000</BRNN_ACQUISTI>
    <COAC_ACQUISTI>95,000000</COAC_ACQUISTI>
    <CORS_ACQUISTI>49,000000</CORS_ACQUISTI>
    <FOGN_ACQUISTI>0,000000</FOGN_ACQUISTI>
    <FRAN_ACQUISTI>45,000000</FRAN_ACQUISTI>
    <GREC_ACQUISTI>0,000000</GREC_ACQUISTI>
    <MFTV_ACQUISTI>0,000000</MFTV_ACQUISTI>
    <PRGP_ACQUISTI>0,000000</PRGP_ACQUISTI>
    <ROSN_ACQUISTI>0,000000</ROSN_ACQUISTI>
    <SLOV_ACQUISTI>0,000000</SLOV_ACQUISTI>
    <SVIZ_ACQUISTI>856,000000</SVIZ_ACQUISTI>
    <BSP_ACQUISTI>0,000000</BSP_ACQUISTI>
    <MALT_ACQUISTI>188,000000</MALT_ACQUISTI>
    <XAUS_ACQUISTI>0,000000</XAUS_ACQUISTI>
    <XFRA_ACQUISTI>995,000000</XFRA_ACQUISTI>
    <TOTALE_VENDITE>37056,729</TOTALE_VENDITE>
    <NAT_VENDITE>37684,729000</NAT_VENDITE>
    <CNOR_VENDITE>2409,191000</CNOR_VENDITE>
    <CSUD_VENDITE>5285,181000</CSUD_VENDITE>
    <NORD_VENDITE>17260,240000</NORD_VENDITE>
    <SARD_VENDITE>1074,135000</SARD_VENDITE>
    <SICI_VENDITE>1312,417000</SICI_VENDITE>
    <SUD_VENDITE>1484,992000</SUD_VENDITE>
    <AUST_VENDITE>6,000000</AUST_VENDITE>
    <BRNN_VENDITE>3087,986000</BRNN_VENDITE>
    <COAC_VENDITE>0,000000</COAC_VENDITE>
    <CORS_VENDITE>0,000000</CORS_VENDITE>
    <FOGN_VENDITE>981,125000</FOGN_VENDITE>
    <FRAN_VENDITE>45,000000</FRAN_VENDITE>
    <GREC_VENDITE>0,000000</GREC_VENDITE>
    <MFTV_VENDITE>0,000000</MFTV_VENDITE>
    <PRGP_VENDITE>398,880000</PRGP_VENDITE>
    <ROSN_VENDITE>2589,582000</ROSN_VENDITE>
    <SLOV_VENDITE>0,000000</SLOV_VENDITE>
    <SVIZ_VENDITE>1122,000000</SVIZ_VENDITE>
    <BSP_VENDITE>317,000000</BSP_VENDITE>
    <MALT_VENDITE>0,000000</MALT_VENDITE>
    <XAUS_VENDITE>311,000000</XAUS_VENDITE>
    <XFRA_VENDITE>0,000000</XFRA_VENDITE>
    <TOTITABSP_VENDITE>37373,729</TOTITABSP_VENDITE>
    <TOTITABSP_ACQUISTI>36689,729</TOTITABSP_ACQUISTI>
  </Quantita>
  <Quantita>
    <Data>20170103</Data>
    <Mercato>MGP</Mercato>
    <Ora>22</Ora>
    <TOTALE_ACQUISTI>34136,323</TOTALE_ACQUISTI>
    <NAT_ACQUISTI>35345,323000</NAT_ACQUISTI>
    <CNOR_ACQUISTI>3493,951000</CNOR_ACQUISTI>
    <CSUD_ACQUISTI>5872,610000</CSUD_ACQUISTI>
    <NORD_ACQUISTI>16697,250000</NORD_ACQUISTI>
    <SARD_ACQUISTI>1171,278000</SARD_ACQUISTI>
    <SICI_ACQUISTI>2474,127000</SICI_ACQUISTI>
    <SUD_ACQUISTI>3115,107000</SUD_ACQUISTI>
    <AUST_ACQUISTI>0,000000</AUST_ACQUISTI>
    <BRNN_ACQUISTI>0,000000</BRNN_ACQUISTI>
    <COAC_ACQUISTI>95,000000</COAC_ACQUISTI>
    <CORS_ACQUISTI>49,000000</CORS_ACQUISTI>
    <FOGN_ACQUISTI>0,000000</FOGN_ACQUISTI>
    <FRAN_ACQUISTI>45,000000</FRAN_ACQUISTI>
    <GREC_ACQUISTI>0,000000</GREC_ACQUISTI>
    <MFTV_ACQUISTI>0,000000</MFTV_ACQUISTI>
    <PRGP_ACQUISTI>0,000000</PRGP_ACQUISTI>
    <ROSN_ACQUISTI>0,000000</ROSN_ACQUISTI>
    <SLOV_ACQUISTI>0,000000</SLOV_ACQUISTI>
    <SVIZ_ACQUISTI>946,000000</SVIZ_ACQUISTI>
    <BSP_ACQUISTI>214,000000</BSP_ACQUISTI>
    <MALT_ACQUISTI>177,000000</MALT_ACQUISTI>
    <XAUS_ACQUISTI>0,000000</XAUS_ACQUISTI>
    <XFRA_ACQUISTI>995,000000</XFRA_ACQUISTI>
    <TOTALE_VENDITE>35034,323</TOTALE_VENDITE>
    <NAT_VENDITE>35345,323000</NAT_VENDITE>
    <CNOR_VENDITE>2260,509000</CNOR_VENDITE>
    <CSUD_VENDITE>5263,496000</CSUD_VENDITE>
    <NORD_VENDITE>16480,250000</NORD_VENDITE>
    <SARD_VENDITE>1056,534000</SARD_VENDITE>
    <SICI_VENDITE>1237,721000</SICI_VENDITE>
    <SUD_VENDITE>1405,534000</SUD_VENDITE>
    <AUST_VENDITE>6,000000</AUST_VENDITE>
    <BRNN_VENDITE>3048,857000</BRNN_VENDITE>
    <COAC_VENDITE>0,000000</COAC_VENDITE>
    <CORS_VENDITE>0,000000</CORS_VENDITE>
    <FOGN_VENDITE>981,220000</FOGN_VENDITE>
    <FRAN_VENDITE>45,000000</FRAN_VENDITE>
    <GREC_VENDITE>0,000000</GREC_VENDITE>
    <MFTV_VENDITE>0,000000</MFTV_VENDITE>
    <PRGP_VENDITE>313,406000</PRGP_VENDITE>
    <ROSN_VENDITE>2580,796000</ROSN_VENDITE>
    <SLOV_VENDITE>0,000000</SLOV_VENDITE>
    <SVIZ_VENDITE>355,000000</SVIZ_VENDITE>
    <BSP_VENDITE>0,000000</BSP_VENDITE>
    <MALT_VENDITE>0,000000</MALT_VENDITE>
    <XAUS_VENDITE>311,000000</XAUS_VENDITE>
    <XFRA_VENDITE>0,000000</XFRA_VENDITE>
    <TOTITABSP_VENDITE>35034,323</TOTITABSP_VENDITE>
    <TOTITABSP_ACQUISTI>34350,323</TOTITABSP_ACQUISTI>
  </Quantita>
  <Quantita>
    <Data>20170103</Data>
    <Mercato>MGP</Mercato>
    <Ora>23</Ora>
    <TOTALE_ACQUISTI>30718,551</TOTALE_ACQUISTI>
    <NAT_ACQUISTI>31914,551000</NAT_ACQUISTI>
    <CNOR_ACQUISTI>3092,007000</CNOR_ACQUISTI>
    <CSUD_ACQUISTI>5205,823000</CSUD_ACQUISTI>
    <NORD_ACQUISTI>15057,205000</NORD_ACQUISTI>
    <SARD_ACQUISTI>1060,376000</SARD_ACQUISTI>
    <SICI_ACQUISTI>2250,368000</SICI_ACQUISTI>
    <SUD_ACQUISTI>2759,772000</SUD_ACQUISTI>
    <AUST_ACQUISTI>0,000000</AUST_ACQUISTI>
    <BRNN_ACQUISTI>0,000000</BRNN_ACQUISTI>
    <COAC_ACQUISTI>95,000000</COAC_ACQUISTI>
    <CORS_ACQUISTI>49,000000</CORS_ACQUISTI>
    <FOGN_ACQUISTI>0,000000</FOGN_ACQUISTI>
    <FRAN_ACQUISTI>45,000000</FRAN_ACQUISTI>
    <GREC_ACQUISTI>0,000000</GREC_ACQUISTI>
    <MFTV_ACQUISTI>0,000000</MFTV_ACQUISTI>
    <PRGP_ACQUISTI>0,000000</PRGP_ACQUISTI>
    <ROSN_ACQUISTI>0,000000</ROSN_ACQUISTI>
    <SLOV_ACQUISTI>0,000000</SLOV_ACQUISTI>
    <SVIZ_ACQUISTI>937,000000</SVIZ_ACQUISTI>
    <BSP_ACQUISTI>116,000000</BSP_ACQUISTI>
    <MALT_ACQUISTI>167,000000</MALT_ACQUISTI>
    <XAUS_ACQUISTI>0,000000</XAUS_ACQUISTI>
    <XFRA_ACQUISTI>995,000000</XFRA_ACQUISTI>
    <TOTALE_VENDITE>31518,551</TOTALE_VENDITE>
    <NAT_VENDITE>31914,551000</NAT_VENDITE>
    <CNOR_VENDITE>2050,683000</CNOR_VENDITE>
    <CSUD_VENDITE>4877,041000</CSUD_VENDITE>
    <NORD_VENDITE>14857,205000</NORD_VENDITE>
    <SARD_VENDITE>1061,228000</SARD_VENDITE>
    <SICI_VENDITE>1167,368000</SICI_VENDITE>
    <SUD_VENDITE>1472,159000</SUD_VENDITE>
    <AUST_VENDITE>6,000000</AUST_VENDITE>
    <BRNN_VENDITE>2196,615000</BRNN_VENDITE>
    <COAC_VENDITE>0,000000</COAC_VENDITE>
    <CORS_VENDITE>0,000000</CORS_VENDITE>
    <FOGN_VENDITE>978,050000</FOGN_VENDITE>
    <FRAN_VENDITE>45,000000</FRAN_VENDITE>
    <GREC_VENDITE>0,000000</GREC_VENDITE>
    <MFTV_VENDITE>0,000000</MFTV_VENDITE>
    <PRGP_VENDITE>150,000000</PRGP_VENDITE>
    <ROSN_VENDITE>2426,202000</ROSN_VENDITE>
    <SLOV_VENDITE>0,000000</SLOV_VENDITE>
    <SVIZ_VENDITE>231,000000</SVIZ_VENDITE>
    <BSP_VENDITE>0,000000</BSP_VENDITE>
    <MALT_VENDITE>0,000000</MALT_VENDITE>
    <XAUS_VENDITE>311,000000</XAUS_VENDITE>
    <XFRA_VENDITE>0,000000</XFRA_VENDITE>
    <TOTITABSP_VENDITE>31518,551</TOTITABSP_VENDITE>
    <TOTITABSP_ACQUISTI>30834,551</TOTITABSP_ACQUISTI>
  </Quantita>
  <Quantita>
    <Data>20170103</Data>
    <Mercato>MGP</Mercato>
    <Ora>24</Ora>
    <TOTALE_ACQUISTI>27465,195</TOTALE_ACQUISTI>
    <NAT_ACQUISTI>28925,741000</NAT_ACQUISTI>
    <CNOR_ACQUISTI>2667,712000</CNOR_ACQUISTI>
    <CSUD_ACQUISTI>4465,864000</CSUD_ACQUISTI>
    <NORD_ACQUISTI>13573,687000</NORD_ACQUISTI>
    <SARD_ACQUISTI>944,128000</SARD_ACQUISTI>
    <SICI_ACQUISTI>1947,705000</SICI_ACQUISTI>
    <SUD_ACQUISTI>2369,099000</SUD_ACQUISTI>
    <AUST_ACQUISTI>0,000000</AUST_ACQUISTI>
    <BRNN_ACQUISTI>0,000000</BRNN_ACQUISTI>
    <COAC_ACQUISTI>97,000000</COAC_ACQUISTI>
    <CORS_ACQUISTI>49,000000</CORS_ACQUISTI>
    <FOGN_ACQUISTI>0,000000</FOGN_ACQUISTI>
    <FRAN_ACQUISTI>45,000000</FRAN_ACQUISTI>
    <GREC_ACQUISTI>0,000000</GREC_ACQUISTI>
    <MFTV_ACQUISTI>0,000000</MFTV_ACQUISTI>
    <PRGP_ACQUISTI>0,000000</PRGP_ACQUISTI>
    <ROSN_ACQUISTI>0,000000</ROSN_ACQUISTI>
    <SLOV_ACQUISTI>0,000000</SLOV_ACQUISTI>
    <SVIZ_ACQUISTI>1139,000000</SVIZ_ACQUISTI>
    <BSP_ACQUISTI>147,000000</BSP_ACQUISTI>
    <MALT_ACQUISTI>167,000000</MALT_ACQUISTI>
    <XAUS_ACQUISTI>0,000000</XAUS_ACQUISTI>
    <XFRA_ACQUISTI>1160,000000</XFRA_ACQUISTI>
    <TOTALE_VENDITE>28481,195</TOTALE_VENDITE>
    <NAT_VENDITE>28925,741000</NAT_VENDITE>
    <CNOR_VENDITE>2054,052000</CNOR_VENDITE>
    <CSUD_VENDITE>4520,062000</CSUD_VENDITE>
    <NORD_VENDITE>13288,687000</NORD_VENDITE>
    <SARD_VENDITE>1142,107000</SARD_VENDITE>
    <SICI_VENDITE>1040,923000</SICI_VENDITE>
    <SUD_VENDITE>1443,007000</SUD_VENDITE>
    <AUST_VENDITE>6,000000</AUST_VENDITE>
    <BRNN_VENDITE>1303,474000</BRNN_VENDITE>
    <COAC_VENDITE>0,000000</COAC_VENDITE>
    <CORS_VENDITE>0,000000</CORS_VENDITE>
    <FOGN_VENDITE>977,093000</FOGN_VENDITE>
    <FRAN_VENDITE>45,000000</FRAN_VENDITE>
    <GREC_VENDITE>0,000000</GREC_VENDITE>
    <MFTV_VENDITE>0,000000</MFTV_VENDITE>
    <PRGP_VENDITE>0,000000</PRGP_VENDITE>
    <ROSN_VENDITE>2426,790000</ROSN_VENDITE>
    <SLOV_VENDITE>0,000000</SLOV_VENDITE>
    <SVIZ_VENDITE>234,000000</SVIZ_VENDITE>
    <BSP_VENDITE>0,000000</BSP_VENDITE>
    <MALT_VENDITE>0,000000</MALT_VENDITE>
    <XAUS_VENDITE>291,000000</XAUS_VENDITE>
    <XFRA_VENDITE>0,000000</XFRA_VENDITE>
    <TOTITABSP_VENDITE>28481,195</TOTITABSP_VENDITE>
    <TOTITABSP_ACQUISTI>27612,195</TOTITABSP_ACQUISTI>
  </Quantita>
</NewDataSet>