<?xml version="1.0" standalone="yes"?>
<NewDataSet>
  <xs:schema id="NewDataSet" xmlns="" xmlns:xs="http://www.w3.org/2001/XMLSchema" xmlns:msdata="urn:schemas-microsoft-com:xml-msdata">
    <xs:element name="NewDataSet" msdata:IsDataSet="true" msdata:UseCurrentLocale="true">
      <xs:complexType>
        <xs:choice minOccurs="0" maxOccurs="unbounded">
          <xs:element name="Prezzi">
            <xs:complexType>
              <xs:sequence>
                <xs:element name="Data" type="xs:string" minOccurs="0" />
                <xs:element name="Mercato" type="xs:string" minOccurs="0" />
                <xs:element name="Ora" type="xs:string" minOccurs="0" />
                <xs:element name="PUN" type="xs:string" minOccurs="0" />
                <xs:element name="NAT" type="xs:string" minOccurs="0" />
                <xs:element name="CNOR" type="xs:string" minOccurs="0" />
                <xs:element name="CSUD" type="xs:string" minOccurs="0" />
                <xs:element name="NORD" type="xs:string" minOccurs="0" />
                <xs:element name="SARD" type="xs:string" minOccurs="0" />
                <xs:element name="SICI" type="xs:string" minOccurs="0" />
                <xs:element name="SUD" type="xs:string" minOccurs="0" />
                <xs:element name="AUST" type="xs:string" minOccurs="0" />
                <xs:element name="BRNN" type="xs:string" minOccurs="0" />
                <xs:element name="COAC" type="xs:string" minOccurs="0" />
                <xs:element name="CORS" type="xs:string" minOccurs="0" />
                <xs:element name="FOGN" type="xs:string" minOccurs="0" />
                <xs:element name="FRAN" type="xs:string" minOccurs="0" />
                <xs:element name="GREC" type="xs:string" minOccurs="0" />
                <xs:element name="MFTV" type="xs:string" minOccurs="0" />
                <xs:element name="PRGP" type="xs:string" minOccurs="0" />
                <xs:element name="ROSN" type="xs:string" minOccurs="0" />
                <xs:element name="SLOV" type="xs:string" minOccurs="0" />
                <xs:element name="SVIZ" type="xs:string" minOccurs="0" />
                <xs:element name="BSP" type="xs:string" minOccurs="0" />
                <xs:element name="MALT" type="xs:string" minOccurs="0" />
                <xs:element name="XAUS" type="xs:string" minOccurs="0" />
                <xs:element name="XFRA" type="xs:string" minOccurs="0" />
              </xs:sequence>
            </xs:complexType>
          </xs:element>
        </xs:choice>
      </xs:complexType>
    </xs:element>
  </xs:schema>
  <Prezzi>
    <Data>20161229</Data>
    <Mercato>MGP</Mercato>
    <Ora>1</Ora>
    <PUN>38,788840</PUN>
    <NAT>40,770000</NAT>
    <CNOR>42,400000</CNOR>
    <CSUD>41,120000</CSUD>
    <NORD>42,400000</NORD>
    <SARD>41,120000</SARD>
    <SICI>15,000000</SICI>
    <SUD>25,000000</SUD>
    <AUST>42,400000</AUST>
    <BRNN>25,000000</BRNN>
    <COAC>41,120000</COAC>
    <CORS>42,400000</CORS>
    <FOGN>25,000000</FOGN>
    <FRAN>42,400000</FRAN>
    <GREC>25,000000</GREC>
    <MFTV>42,400000</MFTV>
    <PRGP>15,000000</PRGP>
    <ROSN>15,000000</ROSN>
    <SLOV>42,400000</SLOV>
    <SVIZ>42,400000</SVIZ>
    <BSP>42,400000</BSP>
    <MALT>15,000000</MALT>
    <XAUS>42,400000</XAUS>
    <XFRA>42,400000</XFRA>
  </Prezzi>
  <Prezzi>
    <Data>20161229</Data>
    <Mercato>MGP</Mercato>
    <Ora>2</Ora>
    <PUN>35,647940</PUN>
    <NAT>30,150000</NAT>
    <CNOR>39,300000</CNOR>
    <CSUD>39,300000</CSUD>
    <NORD>39,300000</NORD>
    <SARD>39,300000</SARD>
    <SICI>9,520000</SICI>
    <SUD>20,000000</SUD>
    <AUST>39,300000</AUST>
    <BRNN>20,000000</BRNN>
    <COAC>39,300000</COAC>
    <CORS>39,300000</CORS>
    <FOGN>20,000000</FOGN>
    <FRAN>39,300000</FRAN>
    <GREC>20,000000</GREC>
    <MFTV>39,300000</MFTV>
    <PRGP>9,520000</PRGP>
    <ROSN>9,520000</ROSN>
    <SLOV>39,300000</SLOV>
    <SVIZ>39,300000</SVIZ>
    <BSP>39,300000</BSP>
    <MALT>9,520000</MALT>
    <XAUS>39,300000</XAUS>
    <XFRA>39,300000</XFRA>
  </Prezzi>
  <Prezzi>
    <Data>20161229</Data>
    <Mercato>MGP</Mercato>
    <Ora>3</Ora>
    <PUN>32,962450</PUN>
    <NAT>26,670000</NAT>
    <CNOR>36,832000</CNOR>
    <CSUD>34,200000</CSUD>
    <NORD>36,832000</NORD>
    <SARD>34,200000</SARD>
    <SICI>9,520000</SICI>
    <SUD>19,000000</SUD>
    <AUST>36,832000</AUST>
    <BRNN>19,000000</BRNN>
    <COAC>34,200000</COAC>
    <CORS>36,832000</CORS>
    <FOGN>19,000000</FOGN>
    <FRAN>36,832000</FRAN>
    <GREC>19,000000</GREC>
    <MFTV>36,832000</MFTV>
    <PRGP>9,520000</PRGP>
    <ROSN>9,520000</ROSN>
    <SLOV>36,832000</SLOV>
    <SVIZ>36,832000</SVIZ>
    <BSP>36,832000</BSP>
    <MALT>9,520000</MALT>
    <XAUS>36,832000</XAUS>
    <XFRA>36,832000</XFRA>
  </Prezzi>
  <Prezzi>
    <Data>20161229</Data>
    <Mercato>MGP</Mercato>
    <Ora>4</Ora>
    <PUN>29,886340</PUN>
    <NAT>25,000000</NAT>
    <CNOR>34,110140</CNOR>
    <CSUD>31,360000</CSUD>
    <NORD>34,110140</NORD>
    <SARD>31,360000</SARD>
    <SICI>3,000000</SICI>
    <SUD>15,000000</SUD>
    <AUST>34,110140</AUST>
    <BRNN>15,000000</BRNN>
    <COAC>31,360000</COAC>
    <CORS>34,110140</CORS>
    <FOGN>15,000000</FOGN>
    <FRAN>34,110140</FRAN>
    <GREC>15,000000</GREC>
    <MFTV>34,110140</MFTV>
    <PRGP>3,000000</PRGP>
    <ROSN>3,000000</ROSN>
    <SLOV>34,110140</SLOV>
    <SVIZ>34,110140</SVIZ>
    <BSP>34,110140</BSP>
    <MALT>3,000000</MALT>
    <XAUS>34,110140</XAUS>
    <XFRA>34,110140</XFRA>
  </Prezzi>
  <Prezzi>
    <Data>20161229</Data>
    <Mercato>MGP</Mercato>
    <Ora>5</Ora>
    <PUN>31,231680</PUN>
    <NAT>25,000000</NAT>
    <CNOR>34,990000</CNOR>
    <CSUD>30,880000</CSUD>
    <NORD>34,990000</NORD>
    <SARD>30,880000</SARD>
    <SICI>9,520000</SICI>
    <SUD>20,000000</SUD>
    <AUST>34,990000</AUST>
    <BRNN>20,000000</BRNN>
    <COAC>30,880000</COAC>
    <CORS>34,990000</CORS>
    <FOGN>20,000000</FOGN>
    <FRAN>34,990000</FRAN>
    <GREC>20,000000</GREC>
    <MFTV>34,990000</MFTV>
    <PRGP>9,520000</PRGP>
    <ROSN>9,520000</ROSN>
    <SLOV>34,990000</SLOV>
    <SVIZ>34,990000</SVIZ>
    <BSP>34,990000</BSP>
    <MALT>9,520000</MALT>
    <XAUS>34,990000</XAUS>
    <XFRA>34,990000</XFRA>
  </Prezzi>
  <Prezzi>
    <Data>20161229</Data>
    <Mercato>MGP</Mercato>
    <Ora>6</Ora>
    <PUN>33,642530</PUN>
    <NAT>29,900000</NAT>
    <CNOR>37,643440</CNOR>
    <CSUD>34,200000</CSUD>
    <NORD>37,643440</NORD>
    <SARD>34,200000</SARD>
    <SICI>9,520000</SICI>
    <SUD>20,000000</SUD>
    <AUST>37,643440</AUST>
    <BRNN>20,000000</BRNN>
    <COAC>34,200000</COAC>
    <CORS>37,643440</CORS>
    <FOGN>20,000000</FOGN>
    <FRAN>37,643440</FRAN>
    <GREC>20,000000</GREC>
    <MFTV>37,643440</MFTV>
    <PRGP>9,520000</PRGP>
    <ROSN>9,520000</ROSN>
    <SLOV>37,643440</SLOV>
    <SVIZ>37,643440</SVIZ>
    <BSP>37,643440</BSP>
    <MALT>9,520000</MALT>
    <XAUS>37,643440</XAUS>
    <XFRA>37,643440</XFRA>
  </Prezzi>
  <Prezzi>
    <Data>20161229</Data>
    <Mercato>MGP</Mercato>
    <Ora>7</Ora>
    <PUN>40,368750</PUN>
    <NAT>33,990000</NAT>
    <CNOR>47,300000</CNOR>
    <CSUD>31,990000</CSUD>
    <NORD>47,300000</NORD>
    <SARD>31,990000</SARD>
    <SICI>15,000000</SICI>
    <SUD>25,000000</SUD>
    <AUST>47,300000</AUST>
    <BRNN>25,000000</BRNN>
    <COAC>31,990000</COAC>
    <CORS>47,300000</CORS>
    <FOGN>25,000000</FOGN>
    <FRAN>47,300000</FRAN>
    <GREC>25,000000</GREC>
    <MFTV>47,300000</MFTV>
    <PRGP>15,000000</PRGP>
    <ROSN>15,000000</ROSN>
    <SLOV>47,300000</SLOV>
    <SVIZ>47,300000</SVIZ>
    <BSP>47,300000</BSP>
    <MALT>15,000000</MALT>
    <XAUS>47,300000</XAUS>
    <XFRA>47,300000</XFRA>
  </Prezzi>
  <Prezzi>
    <Data>20161229</Data>
    <Mercato>MGP</Mercato>
    <Ora>8</Ora>
    <PUN>47,162040</PUN>
    <NAT>48,500000</NAT>
    <CNOR>51,270000</CNOR>
    <CSUD>41,120000</CSUD>
    <NORD>51,270000</NORD>
    <SARD>41,120000</SARD>
    <SICI>31,150000</SICI>
    <SUD>41,120000</SUD>
    <AUST>51,270000</AUST>
    <BRNN>41,120000</BRNN>
    <COAC>41,120000</COAC>
    <CORS>51,270000</CORS>
    <FOGN>41,120000</FOGN>
    <FRAN>51,270000</FRAN>
    <GREC>41,120000</GREC>
    <MFTV>51,270000</MFTV>
    <PRGP>31,150000</PRGP>
    <ROSN>31,150000</ROSN>
    <SLOV>51,270000</SLOV>
    <SVIZ>51,270000</SVIZ>
    <BSP>51,270000</BSP>
    <MALT>31,150000</MALT>
    <XAUS>51,270000</XAUS>
    <XFRA>51,270000</XFRA>
  </Prezzi>
  <Prezzi>
    <Data>20161229</Data>
    <Mercato>MGP</Mercato>
    <Ora>9</Ora>
    <PUN>52,049740</PUN>
    <NAT>51,270000</NAT>
    <CNOR>57,415320</CNOR>
    <CSUD>49,000000</CSUD>
    <NORD>57,415320</NORD>
    <SARD>49,000000</SARD>
    <SICI>31,150000</SICI>
    <SUD>32,000000</SUD>
    <AUST>57,415320</AUST>
    <BRNN>32,000000</BRNN>
    <COAC>49,000000</COAC>
    <CORS>57,415320</CORS>
    <FOGN>32,000000</FOGN>
    <FRAN>57,415320</FRAN>
    <GREC>32,000000</GREC>
    <MFTV>57,415320</MFTV>
    <PRGP>31,150000</PRGP>
    <ROSN>31,150000</ROSN>
    <SLOV>57,415320</SLOV>
    <SVIZ>57,415320</SVIZ>
    <BSP>57,415320</BSP>
    <MALT>31,150000</MALT>
    <XAUS>57,415320</XAUS>
    <XFRA>57,415320</XFRA>
  </Prezzi>
  <Prezzi>
    <Data>20161229</Data>
    <Mercato>MGP</Mercato>
    <Ora>10</Ora>
    <PUN>51,498210</PUN>
    <NAT>51,210000</NAT>
    <CNOR>58,033470</CNOR>
    <CSUD>49,000000</CSUD>
    <NORD>58,033470</NORD>
    <SARD>49,000000</SARD>
    <SICI>25,000000</SICI>
    <SUD>25,000000</SUD>
    <AUST>58,033470</AUST>
    <BRNN>25,000000</BRNN>
    <COAC>49,000000</COAC>
    <CORS>58,033470</CORS>
    <FOGN>25,000000</FOGN>
    <FRAN>58,033470</FRAN>
    <GREC>25,000000</GREC>
    <MFTV>58,033470</MFTV>
    <PRGP>25,000000</PRGP>
    <ROSN>25,000000</ROSN>
    <SLOV>58,033470</SLOV>
    <SVIZ>58,033470</SVIZ>
    <BSP>58,033470</BSP>
    <MALT>25,000000</MALT>
    <XAUS>58,033470</XAUS>
    <XFRA>58,033470</XFRA>
  </Prezzi>
  <Prezzi>
    <Data>20161229</Data>
    <Mercato>MGP</Mercato>
    <Ora>11</Ora>
    <PUN>48,417580</PUN>
    <NAT>51,000000</NAT>
    <CNOR>56,880000</CNOR>
    <CSUD>41,120000</CSUD>
    <NORD>56,880000</NORD>
    <SARD>41,120000</SARD>
    <SICI>19,000000</SICI>
    <SUD>19,000000</SUD>
    <AUST>56,880000</AUST>
    <BRNN>19,000000</BRNN>
    <COAC>41,120000</COAC>
    <CORS>56,880000</CORS>
    <FOGN>19,000000</FOGN>
    <FRAN>56,880000</FRAN>
    <GREC>19,000000</GREC>
    <MFTV>56,880000</MFTV>
    <PRGP>19,000000</PRGP>
    <ROSN>19,000000</ROSN>
    <SLOV>56,880000</SLOV>
    <SVIZ>56,880000</SVIZ>
    <BSP>56,880000</BSP>
    <MALT>19,000000</MALT>
    <XAUS>56,880000</XAUS>
    <XFRA>56,880000</XFRA>
  </Prezzi>
  <Prezzi>
    <Data>20161229</Data>
    <Mercato>MGP</Mercato>
    <Ora>12</Ora>
    <PUN>44,858920</PUN>
    <NAT>48,090000</NAT>
    <CNOR>53,360000</CNOR>
    <CSUD>40,770000</CSUD>
    <NORD>53,360000</NORD>
    <SARD>40,770000</SARD>
    <SICI>10,000000</SICI>
    <SUD>10,000000</SUD>
    <AUST>53,360000</AUST>
    <BRNN>10,000000</BRNN>
    <COAC>40,770000</COAC>
    <CORS>53,360000</CORS>
    <FOGN>10,000000</FOGN>
    <FRAN>53,360000</FRAN>
    <GREC>10,000000</GREC>
    <MFTV>53,360000</MFTV>
    <PRGP>10,000000</PRGP>
    <ROSN>10,000000</ROSN>
    <SLOV>53,360000</SLOV>
    <SVIZ>53,360000</SVIZ>
    <BSP>53,360000</BSP>
    <MALT>10,000000</MALT>
    <XAUS>53,360000</XAUS>
    <XFRA>53,360000</XFRA>
  </Prezzi>
  <Prezzi>
    <Data>20161229</Data>
    <Mercato>MGP</Mercato>
    <Ora>13</Ora>
    <PUN>42,684430</PUN>
    <NAT>44,760000</NAT>
    <CNOR>51,600000</CNOR>
    <CSUD>37,740000</CSUD>
    <NORD>51,600000</NORD>
    <SARD>37,740000</SARD>
    <SICI>10,000000</SICI>
    <SUD>10,000000</SUD>
    <AUST>51,600000</AUST>
    <BRNN>10,000000</BRNN>
    <COAC>37,740000</COAC>
    <CORS>51,600000</CORS>
    <FOGN>10,000000</FOGN>
    <FRAN>51,600000</FRAN>
    <GREC>10,000000</GREC>
    <MFTV>51,600000</MFTV>
    <PRGP>10,000000</PRGP>
    <ROSN>10,000000</ROSN>
    <SLOV>51,600000</SLOV>
    <SVIZ>51,600000</SVIZ>
    <BSP>51,600000</BSP>
    <MALT>10,000000</MALT>
    <XAUS>51,600000</XAUS>
    <XFRA>51,600000</XFRA>
  </Prezzi>
  <Prezzi>
    <Data>20161229</Data>
    <Mercato>MGP</Mercato>
    <Ora>14</Ora>
    <PUN>41,780180</PUN>
    <NAT>43,350000</NAT>
    <CNOR>51,220000</CNOR>
    <CSUD>32,000000</CSUD>
    <NORD>51,220000</NORD>
    <SARD>32,000000</SARD>
    <SICI>10,500000</SICI>
    <SUD>15,000000</SUD>
    <AUST>51,220000</AUST>
    <BRNN>15,000000</BRNN>
    <COAC>32,000000</COAC>
    <CORS>51,220000</CORS>
    <FOGN>15,000000</FOGN>
    <FRAN>51,220000</FRAN>
    <GREC>15,000000</GREC>
    <MFTV>51,220000</MFTV>
    <PRGP>10,500000</PRGP>
    <ROSN>10,500000</ROSN>
    <SLOV>51,220000</SLOV>
    <SVIZ>51,220000</SVIZ>
    <BSP>51,220000</BSP>
    <MALT>10,500000</MALT>
    <XAUS>51,220000</XAUS>
    <XFRA>51,220000</XFRA>
  </Prezzi>
  <Prezzi>
    <Data>20161229</Data>
    <Mercato>MGP</Mercato>
    <Ora>15</Ora>
    <PUN>43,770000</PUN>
    <NAT>43,460000</NAT>
    <CNOR>49,600000</CNOR>
    <CSUD>40,209670</CSUD>
    <NORD>49,600000</NORD>
    <SARD>40,209670</SARD>
    <SICI>20,000000</SICI>
    <SUD>23,000000</SUD>
    <AUST>49,600000</AUST>
    <BRNN>23,000000</BRNN>
    <COAC>40,209670</COAC>
    <CORS>49,600000</CORS>
    <FOGN>23,000000</FOGN>
    <FRAN>49,600000</FRAN>
    <GREC>23,000000</GREC>
    <MFTV>49,600000</MFTV>
    <PRGP>20,000000</PRGP>
    <ROSN>20,000000</ROSN>
    <SLOV>49,600000</SLOV>
    <SVIZ>49,600000</SVIZ>
    <BSP>49,600000</BSP>
    <MALT>20,000000</MALT>
    <XAUS>49,600000</XAUS>
    <XFRA>49,600000</XFRA>
  </Prezzi>
  <Prezzi>
    <Data>20161229</Data>
    <Mercato>MGP</Mercato>
    <Ora>16</Ora>
    <PUN>47,306290</PUN>
    <NAT>48,690000</NAT>
    <CNOR>51,634110</CNOR>
    <CSUD>41,120000</CSUD>
    <NORD>51,634110</NORD>
    <SARD>41,120000</SARD>
    <SICI>30,150000</SICI>
    <SUD>41,120000</SUD>
    <AUST>51,634110</AUST>
    <BRNN>41,120000</BRNN>
    <COAC>41,120000</COAC>
    <CORS>51,634110</CORS>
    <FOGN>41,120000</FOGN>
    <FRAN>51,634110</FRAN>
    <GREC>41,120000</GREC>
    <MFTV>51,634110</MFTV>
    <PRGP>30,150000</PRGP>
    <ROSN>30,150000</ROSN>
    <SLOV>51,634110</SLOV>
    <SVIZ>51,634110</SVIZ>
    <BSP>51,634110</BSP>
    <MALT>30,150000</MALT>
    <XAUS>51,634110</XAUS>
    <XFRA>51,634110</XFRA>
  </Prezzi>
  <Prezzi>
    <Data>20161229</Data>
    <Mercato>MGP</Mercato>
    <Ora>17</Ora>
    <PUN>51,777670</PUN>
    <NAT>51,600000</NAT>
    <CNOR>54,429540</CNOR>
    <CSUD>50,210000</CSUD>
    <NORD>54,429540</NORD>
    <SARD>50,210000</SARD>
    <SICI>32,160000</SICI>
    <SUD>50,210000</SUD>
    <AUST>54,429540</AUST>
    <BRNN>50,210000</BRNN>
    <COAC>50,210000</COAC>
    <CORS>54,429540</CORS>
    <FOGN>50,210000</FOGN>
    <FRAN>54,429540</FRAN>
    <GREC>50,210000</GREC>
    <MFTV>54,429540</MFTV>
    <PRGP>32,160000</PRGP>
    <ROSN>32,160000</ROSN>
    <SLOV>54,429540</SLOV>
    <SVIZ>54,429540</SVIZ>
    <BSP>54,429540</BSP>
    <MALT>32,160000</MALT>
    <XAUS>54,429540</XAUS>
    <XFRA>54,429540</XFRA>
  </Prezzi>
  <Prezzi>
    <Data>20161229</Data>
    <Mercato>MGP</Mercato>
    <Ora>18</Ora>
    <PUN>62,008420</PUN>
    <NAT>56,000000</NAT>
    <CNOR>63,950550</CNOR>
    <CSUD>63,950550</CSUD>
    <NORD>63,950550</NORD>
    <SARD>63,950550</SARD>
    <SICI>48,500000</SICI>
    <SUD>54,000000</SUD>
    <AUST>63,950550</AUST>
    <BRNN>54,000000</BRNN>
    <COAC>63,950550</COAC>
    <CORS>63,950550</CORS>
    <FOGN>54,000000</FOGN>
    <FRAN>63,950550</FRAN>
    <GREC>54,000000</GREC>
    <MFTV>63,950550</MFTV>
    <PRGP>48,500000</PRGP>
    <ROSN>32,170000</ROSN>
    <SLOV>63,950550</SLOV>
    <SVIZ>63,950550</SVIZ>
    <BSP>63,950550</BSP>
    <MALT>48,500000</MALT>
    <XAUS>63,950550</XAUS>
    <XFRA>63,950550</XFRA>
  </Prezzi>
  <Prezzi>
    <Data>20161229</Data>
    <Mercato>MGP</Mercato>
    <Ora>19</Ora>
    <PUN>65,081690</PUN>
    <NAT>56,510000</NAT>
    <CNOR>67,166500</CNOR>
    <CSUD>67,166500</CSUD>
    <NORD>67,166500</NORD>
    <SARD>67,166500</SARD>
    <SICI>54,380000</SICI>
    <SUD>54,000000</SUD>
    <AUST>67,166500</AUST>
    <BRNN>54,000000</BRNN>
    <COAC>67,166500</COAC>
    <CORS>67,166500</CORS>
    <FOGN>54,000000</FOGN>
    <FRAN>67,166500</FRAN>
    <GREC>54,000000</GREC>
    <MFTV>67,166500</MFTV>
    <PRGP>54,380000</PRGP>
    <ROSN>32,170000</ROSN>
    <SLOV>67,166500</SLOV>
    <SVIZ>67,166500</SVIZ>
    <BSP>67,166500</BSP>
    <MALT>54,380000</MALT>
    <XAUS>67,166500</XAUS>
    <XFRA>67,166500</XFRA>
  </Prezzi>
  <Prezzi>
    <Data>20161229</Data>
    <Mercato>MGP</Mercato>
    <Ora>20</Ora>
    <PUN>64,416720</PUN>
    <NAT>56,000000</NAT>
    <CNOR>66,400000</CNOR>
    <CSUD>66,400000</CSUD>
    <NORD>66,400000</NORD>
    <SARD>66,400000</SARD>
    <SICI>54,380000</SICI>
    <SUD>54,000000</SUD>
    <AUST>66,400000</AUST>
    <BRNN>54,000000</BRNN>
    <COAC>66,400000</COAC>
    <CORS>66,400000</CORS>
    <FOGN>54,000000</FOGN>
    <FRAN>66,400000</FRAN>
    <GREC>54,000000</GREC>
    <MFTV>66,400000</MFTV>
    <PRGP>54,380000</PRGP>
    <ROSN>32,170000</ROSN>
    <SLOV>66,400000</SLOV>
    <SVIZ>66,400000</SVIZ>
    <BSP>66,400000</BSP>
    <MALT>54,380000</MALT>
    <XAUS>66,400000</XAUS>
    <XFRA>66,400000</XFRA>
  </Prezzi>
  <Prezzi>
    <Data>20161229</Data>
    <Mercato>MGP</Mercato>
    <Ora>21</Ora>
    <PUN>58,543140</PUN>
    <NAT>55,000000</NAT>
    <CNOR>59,413800</CNOR>
    <CSUD>59,413800</CSUD>
    <NORD>59,413800</NORD>
    <SARD>59,413800</SARD>
    <SICI>54,380000</SICI>
    <SUD>54,000000</SUD>
    <AUST>59,413800</AUST>
    <BRNN>54,000000</BRNN>
    <COAC>59,413800</COAC>
    <CORS>59,413800</CORS>
    <FOGN>54,000000</FOGN>
    <FRAN>59,413800</FRAN>
    <GREC>54,000000</GREC>
    <MFTV>59,413800</MFTV>
    <PRGP>54,380000</PRGP>
    <ROSN>32,170000</ROSN>
    <SLOV>59,413800</SLOV>
    <SVIZ>59,413800</SVIZ>
    <BSP>59,413800</BSP>
    <MALT>54,380000</MALT>
    <XAUS>59,413800</XAUS>
    <XFRA>59,413800</XFRA>
  </Prezzi>
  <Prezzi>
    <Data>20161229</Data>
    <Mercato>MGP</Mercato>
    <Ora>22</Ora>
    <PUN>51,479210</PUN>
    <NAT>51,600000</NAT>
    <CNOR>51,717040</CNOR>
    <CSUD>51,717040</CSUD>
    <NORD>51,717040</NORD>
    <SARD>51,717040</SARD>
    <SICI>48,500000</SICI>
    <SUD>51,717040</SUD>
    <AUST>51,717040</AUST>
    <BRNN>51,717040</BRNN>
    <COAC>51,717040</COAC>
    <CORS>51,717040</CORS>
    <FOGN>51,717040</FOGN>
    <FRAN>51,717040</FRAN>
    <GREC>51,717040</GREC>
    <MFTV>51,717040</MFTV>
    <PRGP>48,500000</PRGP>
    <ROSN>32,170000</ROSN>
    <SLOV>51,717040</SLOV>
    <SVIZ>51,717040</SVIZ>
    <BSP>51,717040</BSP>
    <MALT>48,500000</MALT>
    <XAUS>51,717040</XAUS>
    <XFRA>51,717040</XFRA>
  </Prezzi>
  <Prezzi>
    <Data>20161229</Data>
    <Mercato>MGP</Mercato>
    <Ora>23</Ora>
    <PUN>49,234750</PUN>
    <NAT>51,200000</NAT>
    <CNOR>49,000000</CNOR>
    <CSUD>49,000000</CSUD>
    <NORD>51,480000</NORD>
    <SARD>49,000000</SARD>
    <SICI>35,000000</SICI>
    <SUD>49,000000</SUD>
    <AUST>51,480000</AUST>
    <BRNN>49,000000</BRNN>
    <COAC>49,000000</COAC>
    <CORS>49,000000</CORS>
    <FOGN>49,000000</FOGN>
    <FRAN>51,480000</FRAN>
    <GREC>49,000000</GREC>
    <MFTV>51,480000</MFTV>
    <PRGP>35,000000</PRGP>
    <ROSN>32,170000</ROSN>
    <SLOV>51,480000</SLOV>
    <SVIZ>51,480000</SVIZ>
    <BSP>51,480000</BSP>
    <MALT>35,000000</MALT>
    <XAUS>51,480000</XAUS>
    <XFRA>51,480000</XFRA>
  </Prezzi>
  <Prezzi>
    <Data>20161229</Data>
    <Mercato>MGP</Mercato>
    <Ora>24</Ora>
    <PUN>45,493530</PUN>
    <NAT>48,080000</NAT>
    <CNOR>41,190000</CNOR>
    <CSUD>41,120000</CSUD>
    <NORD>50,910000</NORD>
    <SARD>41,120000</SARD>
    <SICI>31,150000</SICI>
    <SUD>41,120000</SUD>
    <AUST>50,910000</AUST>
    <BRNN>41,120000</BRNN>
    <COAC>41,120000</COAC>
    <CORS>41,190000</CORS>
    <FOGN>41,120000</FOGN>
    <FRAN>50,910000</FRAN>
    <GREC>41,120000</GREC>
    <MFTV>50,910000</MFTV>
    <PRGP>31,150000</PRGP>
    <ROSN>31,150000</ROSN>
    <SLOV>50,910000</SLOV>
    <SVIZ>50,910000</SVIZ>
    <BSP>50,910000</BSP>
    <MALT>31,150000</MALT>
    <XAUS>50,910000</XAUS>
    <XFRA>50,910000</XFRA>
  </Prezzi>
</NewDataSet>