<?xml version="1.0" standalone="yes"?>
<NewDataSet>
  <xs:schema id="NewDataSet" xmlns="" xmlns:xs="http://www.w3.org/2001/XMLSchema" xmlns:msdata="urn:schemas-microsoft-com:xml-msdata">
    <xs:element name="NewDataSet" msdata:IsDataSet="true" msdata:UseCurrentLocale="true">
      <xs:complexType>
        <xs:choice minOccurs="0" maxOccurs="unbounded">
          <xs:element name="Prezzi">
            <xs:complexType>
              <xs:sequence>
                <xs:element name="Data" type="xs:string" minOccurs="0" />
                <xs:element name="Mercato" type="xs:string" minOccurs="0" />
                <xs:element name="Ora" type="xs:string" minOccurs="0" />
                <xs:element name="PUN" type="xs:string" minOccurs="0" />
                <xs:element name="NAT" type="xs:string" minOccurs="0" />
                <xs:element name="CNOR" type="xs:string" minOccurs="0" />
                <xs:element name="CSUD" type="xs:string" minOccurs="0" />
                <xs:element name="NORD" type="xs:string" minOccurs="0" />
                <xs:element name="SARD" type="xs:string" minOccurs="0" />
                <xs:element name="SICI" type="xs:string" minOccurs="0" />
                <xs:element name="SUD" type="xs:string" minOccurs="0" />
                <xs:element name="AUST" type="xs:string" minOccurs="0" />
                <xs:element name="BRNN" type="xs:string" minOccurs="0" />
                <xs:element name="COAC" type="xs:string" minOccurs="0" />
                <xs:element name="CORS" type="xs:string" minOccurs="0" />
                <xs:element name="FOGN" type="xs:string" minOccurs="0" />
                <xs:element name="FRAN" type="xs:string" minOccurs="0" />
                <xs:element name="GREC" type="xs:string" minOccurs="0" />
                <xs:element name="MFTV" type="xs:string" minOccurs="0" />
                <xs:element name="PRGP" type="xs:string" minOccurs="0" />
                <xs:element name="ROSN" type="xs:string" minOccurs="0" />
                <xs:element name="SLOV" type="xs:string" minOccurs="0" />
                <xs:element name="SVIZ" type="xs:string" minOccurs="0" />
                <xs:element name="BSP" type="xs:string" minOccurs="0" />
                <xs:element name="MALT" type="xs:string" minOccurs="0" />
                <xs:element name="XAUS" type="xs:string" minOccurs="0" />
                <xs:element name="XFRA" type="xs:string" minOccurs="0" />
              </xs:sequence>
            </xs:complexType>
          </xs:element>
        </xs:choice>
      </xs:complexType>
    </xs:element>
  </xs:schema>
  <Prezzi>
    <Data>20161230</Data>
    <Mercato>MGP</Mercato>
    <Ora>1</Ora>
    <PUN>47,702040</PUN>
    <NAT>48,100000</NAT>
    <CNOR>49,000000</CNOR>
    <CSUD>49,000000</CSUD>
    <NORD>49,000000</NORD>
    <SARD>49,000000</SARD>
    <SICI>30,150000</SICI>
    <SUD>49,000000</SUD>
    <AUST>49,000000</AUST>
    <BRNN>49,000000</BRNN>
    <COAC>49,000000</COAC>
    <CORS>49,000000</CORS>
    <FOGN>49,000000</FOGN>
    <FRAN>49,000000</FRAN>
    <GREC>49,000000</GREC>
    <MFTV>49,000000</MFTV>
    <PRGP>30,150000</PRGP>
    <ROSN>30,150000</ROSN>
    <SLOV>49,000000</SLOV>
    <SVIZ>49,000000</SVIZ>
    <BSP>49,000000</BSP>
    <MALT>30,150000</MALT>
    <XAUS>49,000000</XAUS>
    <XFRA>49,000000</XFRA>
  </Prezzi>
  <Prezzi>
    <Data>20161230</Data>
    <Mercato>MGP</Mercato>
    <Ora>2</Ora>
    <PUN>46,861030</PUN>
    <NAT>47,690000</NAT>
    <CNOR>48,080000</CNOR>
    <CSUD>48,080000</CSUD>
    <NORD>48,080000</NORD>
    <SARD>48,080000</SARD>
    <SICI>30,000000</SICI>
    <SUD>48,080000</SUD>
    <AUST>48,080000</AUST>
    <BRNN>48,080000</BRNN>
    <COAC>48,080000</COAC>
    <CORS>48,080000</CORS>
    <FOGN>48,080000</FOGN>
    <FRAN>48,080000</FRAN>
    <GREC>48,080000</GREC>
    <MFTV>48,080000</MFTV>
    <PRGP>30,000000</PRGP>
    <ROSN>30,000000</ROSN>
    <SLOV>48,080000</SLOV>
    <SVIZ>48,080000</SVIZ>
    <BSP>48,080000</BSP>
    <MALT>30,000000</MALT>
    <XAUS>48,080000</XAUS>
    <XFRA>48,080000</XFRA>
  </Prezzi>
  <Prezzi>
    <Data>20161230</Data>
    <Mercato>MGP</Mercato>
    <Ora>3</Ora>
    <PUN>46,255430</PUN>
    <NAT>44,030000</NAT>
    <CNOR>47,750000</CNOR>
    <CSUD>47,750000</CSUD>
    <NORD>47,750000</NORD>
    <SARD>47,750000</SARD>
    <SICI>25,330000</SICI>
    <SUD>47,750000</SUD>
    <AUST>47,750000</AUST>
    <BRNN>47,750000</BRNN>
    <COAC>47,750000</COAC>
    <CORS>47,750000</CORS>
    <FOGN>47,750000</FOGN>
    <FRAN>47,750000</FRAN>
    <GREC>47,750000</GREC>
    <MFTV>47,750000</MFTV>
    <PRGP>25,330000</PRGP>
    <ROSN>25,330000</ROSN>
    <SLOV>47,750000</SLOV>
    <SVIZ>47,750000</SVIZ>
    <BSP>47,750000</BSP>
    <MALT>25,330000</MALT>
    <XAUS>47,750000</XAUS>
    <XFRA>47,750000</XFRA>
  </Prezzi>
  <Prezzi>
    <Data>20161230</Data>
    <Mercato>MGP</Mercato>
    <Ora>4</Ora>
    <PUN>45,681550</PUN>
    <NAT>41,120000</NAT>
    <CNOR>47,100000</CNOR>
    <CSUD>47,100000</CSUD>
    <NORD>47,100000</NORD>
    <SARD>47,100000</SARD>
    <SICI>25,330000</SICI>
    <SUD>47,100000</SUD>
    <AUST>47,100000</AUST>
    <BRNN>47,100000</BRNN>
    <COAC>47,100000</COAC>
    <CORS>47,100000</CORS>
    <FOGN>47,100000</FOGN>
    <FRAN>47,100000</FRAN>
    <GREC>47,100000</GREC>
    <MFTV>47,100000</MFTV>
    <PRGP>25,330000</PRGP>
    <ROSN>25,330000</ROSN>
    <SLOV>47,100000</SLOV>
    <SVIZ>47,100000</SVIZ>
    <BSP>47,100000</BSP>
    <MALT>25,330000</MALT>
    <XAUS>47,100000</XAUS>
    <XFRA>47,100000</XFRA>
  </Prezzi>
  <Prezzi>
    <Data>20161230</Data>
    <Mercato>MGP</Mercato>
    <Ora>5</Ora>
    <PUN>44,901910</PUN>
    <NAT>40,780000</NAT>
    <CNOR>46,250000</CNOR>
    <CSUD>46,250000</CSUD>
    <NORD>46,250000</NORD>
    <SARD>46,250000</SARD>
    <SICI>25,330000</SICI>
    <SUD>46,250000</SUD>
    <AUST>46,250000</AUST>
    <BRNN>46,250000</BRNN>
    <COAC>46,250000</COAC>
    <CORS>46,250000</CORS>
    <FOGN>46,250000</FOGN>
    <FRAN>46,250000</FRAN>
    <GREC>46,250000</GREC>
    <MFTV>46,250000</MFTV>
    <PRGP>25,330000</PRGP>
    <ROSN>25,330000</ROSN>
    <SLOV>46,250000</SLOV>
    <SVIZ>46,250000</SVIZ>
    <BSP>46,250000</BSP>
    <MALT>25,330000</MALT>
    <XAUS>46,250000</XAUS>
    <XFRA>46,250000</XFRA>
  </Prezzi>
  <Prezzi>
    <Data>20161230</Data>
    <Mercato>MGP</Mercato>
    <Ora>6</Ora>
    <PUN>46,904880</PUN>
    <NAT>46,550000</NAT>
    <CNOR>48,060000</CNOR>
    <CSUD>48,060000</CSUD>
    <NORD>48,060000</NORD>
    <SARD>48,060000</SARD>
    <SICI>30,150000</SICI>
    <SUD>48,060000</SUD>
    <AUST>48,060000</AUST>
    <BRNN>48,060000</BRNN>
    <COAC>48,060000</COAC>
    <CORS>48,060000</CORS>
    <FOGN>48,060000</FOGN>
    <FRAN>48,060000</FRAN>
    <GREC>48,060000</GREC>
    <MFTV>48,060000</MFTV>
    <PRGP>30,150000</PRGP>
    <ROSN>30,150000</ROSN>
    <SLOV>48,060000</SLOV>
    <SVIZ>48,060000</SVIZ>
    <BSP>48,060000</BSP>
    <MALT>30,150000</MALT>
    <XAUS>48,060000</XAUS>
    <XFRA>48,060000</XFRA>
  </Prezzi>
  <Prezzi>
    <Data>20161230</Data>
    <Mercato>MGP</Mercato>
    <Ora>7</Ora>
    <PUN>50,144900</PUN>
    <NAT>50,080000</NAT>
    <CNOR>51,350000</CNOR>
    <CSUD>51,350000</CSUD>
    <NORD>51,350000</NORD>
    <SARD>51,350000</SARD>
    <SICI>32,150000</SICI>
    <SUD>51,350000</SUD>
    <AUST>51,350000</AUST>
    <BRNN>51,350000</BRNN>
    <COAC>51,350000</COAC>
    <CORS>51,350000</CORS>
    <FOGN>51,350000</FOGN>
    <FRAN>51,350000</FRAN>
    <GREC>51,350000</GREC>
    <MFTV>51,350000</MFTV>
    <PRGP>32,150000</PRGP>
    <ROSN>32,150000</ROSN>
    <SLOV>51,350000</SLOV>
    <SVIZ>51,350000</SVIZ>
    <BSP>51,350000</BSP>
    <MALT>32,150000</MALT>
    <XAUS>51,350000</XAUS>
    <XFRA>51,350000</XFRA>
  </Prezzi>
  <Prezzi>
    <Data>20161230</Data>
    <Mercato>MGP</Mercato>
    <Ora>8</Ora>
    <PUN>57,762490</PUN>
    <NAT>55,690000</NAT>
    <CNOR>60,000000</CNOR>
    <CSUD>60,000000</CSUD>
    <NORD>60,000000</NORD>
    <SARD>60,000000</SARD>
    <SICI>32,150000</SICI>
    <SUD>54,000000</SUD>
    <AUST>60,000000</AUST>
    <BRNN>54,000000</BRNN>
    <COAC>60,000000</COAC>
    <CORS>60,000000</CORS>
    <FOGN>54,000000</FOGN>
    <FRAN>60,000000</FRAN>
    <GREC>54,000000</GREC>
    <MFTV>60,000000</MFTV>
    <PRGP>32,150000</PRGP>
    <ROSN>32,150000</ROSN>
    <SLOV>60,000000</SLOV>
    <SVIZ>60,000000</SVIZ>
    <BSP>60,000000</BSP>
    <MALT>32,150000</MALT>
    <XAUS>60,000000</XAUS>
    <XFRA>60,000000</XFRA>
  </Prezzi>
  <Prezzi>
    <Data>20161230</Data>
    <Mercato>MGP</Mercato>
    <Ora>9</Ora>
    <PUN>64,920420</PUN>
    <NAT>57,010000</NAT>
    <CNOR>67,700000</CNOR>
    <CSUD>67,700000</CSUD>
    <NORD>67,700000</NORD>
    <SARD>67,700000</SARD>
    <SICI>41,500000</SICI>
    <SUD>54,000000</SUD>
    <AUST>67,700000</AUST>
    <BRNN>54,000000</BRNN>
    <COAC>67,700000</COAC>
    <CORS>67,700000</CORS>
    <FOGN>54,000000</FOGN>
    <FRAN>67,700000</FRAN>
    <GREC>54,000000</GREC>
    <MFTV>67,700000</MFTV>
    <PRGP>41,500000</PRGP>
    <ROSN>32,150000</ROSN>
    <SLOV>67,700000</SLOV>
    <SVIZ>67,700000</SVIZ>
    <BSP>67,700000</BSP>
    <MALT>41,500000</MALT>
    <XAUS>67,700000</XAUS>
    <XFRA>67,700000</XFRA>
  </Prezzi>
  <Prezzi>
    <Data>20161230</Data>
    <Mercato>MGP</Mercato>
    <Ora>10</Ora>
    <PUN>62,343500</PUN>
    <NAT>56,000000</NAT>
    <CNOR>65,500000</CNOR>
    <CSUD>65,500000</CSUD>
    <NORD>65,500000</NORD>
    <SARD>65,500000</SARD>
    <SICI>32,150000</SICI>
    <SUD>53,000000</SUD>
    <AUST>65,500000</AUST>
    <BRNN>53,000000</BRNN>
    <COAC>65,500000</COAC>
    <CORS>65,500000</CORS>
    <FOGN>53,000000</FOGN>
    <FRAN>65,500000</FRAN>
    <GREC>53,000000</GREC>
    <MFTV>65,500000</MFTV>
    <PRGP>32,150000</PRGP>
    <ROSN>32,150000</ROSN>
    <SLOV>65,500000</SLOV>
    <SVIZ>65,500000</SVIZ>
    <BSP>65,500000</BSP>
    <MALT>32,150000</MALT>
    <XAUS>65,500000</XAUS>
    <XFRA>65,500000</XFRA>
  </Prezzi>
  <Prezzi>
    <Data>20161230</Data>
    <Mercato>MGP</Mercato>
    <Ora>11</Ora>
    <PUN>60,067010</PUN>
    <NAT>55,000000</NAT>
    <CNOR>62,770000</CNOR>
    <CSUD>62,770000</CSUD>
    <NORD>62,770000</NORD>
    <SARD>62,770000</SARD>
    <SICI>32,150000</SICI>
    <SUD>53,000000</SUD>
    <AUST>62,770000</AUST>
    <BRNN>53,000000</BRNN>
    <COAC>62,770000</COAC>
    <CORS>62,770000</CORS>
    <FOGN>53,000000</FOGN>
    <FRAN>62,770000</FRAN>
    <GREC>53,000000</GREC>
    <MFTV>62,770000</MFTV>
    <PRGP>32,150000</PRGP>
    <ROSN>32,150000</ROSN>
    <SLOV>62,770000</SLOV>
    <SVIZ>62,770000</SVIZ>
    <BSP>62,770000</BSP>
    <MALT>32,150000</MALT>
    <XAUS>62,770000</XAUS>
    <XFRA>62,770000</XFRA>
  </Prezzi>
  <Prezzi>
    <Data>20161230</Data>
    <Mercato>MGP</Mercato>
    <Ora>12</Ora>
    <PUN>56,300000</PUN>
    <NAT>53,800000</NAT>
    <CNOR>59,215400</CNOR>
    <CSUD>59,215400</CSUD>
    <NORD>59,215400</NORD>
    <SARD>59,215400</SARD>
    <SICI>30,150000</SICI>
    <SUD>45,220000</SUD>
    <AUST>59,215400</AUST>
    <BRNN>45,220000</BRNN>
    <COAC>59,215400</COAC>
    <CORS>59,215400</CORS>
    <FOGN>45,220000</FOGN>
    <FRAN>59,215400</FRAN>
    <GREC>45,220000</GREC>
    <MFTV>59,215400</MFTV>
    <PRGP>30,150000</PRGP>
    <ROSN>30,150000</ROSN>
    <SLOV>59,215400</SLOV>
    <SVIZ>59,215400</SVIZ>
    <BSP>59,215400</BSP>
    <MALT>30,150000</MALT>
    <XAUS>59,215400</XAUS>
    <XFRA>59,215400</XFRA>
  </Prezzi>
  <Prezzi>
    <Data>20161230</Data>
    <Mercato>MGP</Mercato>
    <Ora>13</Ora>
    <PUN>52,136850</PUN>
    <NAT>52,740000</NAT>
    <CNOR>54,500000</CNOR>
    <CSUD>54,500000</CSUD>
    <NORD>54,500000</NORD>
    <SARD>54,500000</SARD>
    <SICI>30,150000</SICI>
    <SUD>45,220000</SUD>
    <AUST>54,500000</AUST>
    <BRNN>45,220000</BRNN>
    <COAC>54,500000</COAC>
    <CORS>54,500000</CORS>
    <FOGN>45,220000</FOGN>
    <FRAN>54,500000</FRAN>
    <GREC>45,220000</GREC>
    <MFTV>54,500000</MFTV>
    <PRGP>30,150000</PRGP>
    <ROSN>30,150000</ROSN>
    <SLOV>54,500000</SLOV>
    <SVIZ>54,500000</SVIZ>
    <BSP>54,500000</BSP>
    <MALT>30,150000</MALT>
    <XAUS>54,500000</XAUS>
    <XFRA>54,500000</XFRA>
  </Prezzi>
  <Prezzi>
    <Data>20161230</Data>
    <Mercato>MGP</Mercato>
    <Ora>14</Ora>
    <PUN>50,624700</PUN>
    <NAT>51,470000</NAT>
    <CNOR>53,800000</CNOR>
    <CSUD>49,000000</CSUD>
    <NORD>53,800000</NORD>
    <SARD>49,000000</SARD>
    <SICI>30,150000</SICI>
    <SUD>46,290000</SUD>
    <AUST>53,800000</AUST>
    <BRNN>46,290000</BRNN>
    <COAC>49,000000</COAC>
    <CORS>53,800000</CORS>
    <FOGN>46,290000</FOGN>
    <FRAN>53,800000</FRAN>
    <GREC>46,290000</GREC>
    <MFTV>53,800000</MFTV>
    <PRGP>30,150000</PRGP>
    <ROSN>30,150000</ROSN>
    <SLOV>53,800000</SLOV>
    <SVIZ>53,800000</SVIZ>
    <BSP>53,800000</BSP>
    <MALT>30,150000</MALT>
    <XAUS>53,800000</XAUS>
    <XFRA>53,800000</XFRA>
  </Prezzi>
  <Prezzi>
    <Data>20161230</Data>
    <Mercato>MGP</Mercato>
    <Ora>15</Ora>
    <PUN>50,084820</PUN>
    <NAT>51,020000</NAT>
    <CNOR>51,470000</CNOR>
    <CSUD>51,470000</CSUD>
    <NORD>51,470000</NORD>
    <SARD>51,470000</SARD>
    <SICI>30,150000</SICI>
    <SUD>51,470000</SUD>
    <AUST>51,470000</AUST>
    <BRNN>51,470000</BRNN>
    <COAC>51,470000</COAC>
    <CORS>51,470000</CORS>
    <FOGN>51,470000</FOGN>
    <FRAN>51,470000</FRAN>
    <GREC>51,470000</GREC>
    <MFTV>51,470000</MFTV>
    <PRGP>30,150000</PRGP>
    <ROSN>30,150000</ROSN>
    <SLOV>51,470000</SLOV>
    <SVIZ>51,470000</SVIZ>
    <BSP>51,470000</BSP>
    <MALT>30,150000</MALT>
    <XAUS>51,470000</XAUS>
    <XFRA>51,470000</XFRA>
  </Prezzi>
  <Prezzi>
    <Data>20161230</Data>
    <Mercato>MGP</Mercato>
    <Ora>16</Ora>
    <PUN>51,648120</PUN>
    <NAT>52,200000</NAT>
    <CNOR>53,000000</CNOR>
    <CSUD>53,000000</CSUD>
    <NORD>53,000000</NORD>
    <SARD>53,000000</SARD>
    <SICI>32,150000</SICI>
    <SUD>53,000000</SUD>
    <AUST>53,000000</AUST>
    <BRNN>53,000000</BRNN>
    <COAC>53,000000</COAC>
    <CORS>53,000000</CORS>
    <FOGN>53,000000</FOGN>
    <FRAN>53,000000</FRAN>
    <GREC>53,000000</GREC>
    <MFTV>53,000000</MFTV>
    <PRGP>32,150000</PRGP>
    <ROSN>32,150000</ROSN>
    <SLOV>53,000000</SLOV>
    <SVIZ>53,000000</SVIZ>
    <BSP>53,000000</BSP>
    <MALT>32,150000</MALT>
    <XAUS>53,000000</XAUS>
    <XFRA>53,000000</XFRA>
  </Prezzi>
  <Prezzi>
    <Data>20161230</Data>
    <Mercato>MGP</Mercato>
    <Ora>17</Ora>
    <PUN>56,894890</PUN>
    <NAT>56,000000</NAT>
    <CNOR>57,233650</CNOR>
    <CSUD>57,233650</CSUD>
    <NORD>57,233650</NORD>
    <SARD>57,233650</SARD>
    <SICI>55,000000</SICI>
    <SUD>55,000000</SUD>
    <AUST>57,233650</AUST>
    <BRNN>55,000000</BRNN>
    <COAC>57,233650</COAC>
    <CORS>57,233650</CORS>
    <FOGN>55,000000</FOGN>
    <FRAN>57,233650</FRAN>
    <GREC>55,000000</GREC>
    <MFTV>57,233650</MFTV>
    <PRGP>55,000000</PRGP>
    <ROSN>55,000000</ROSN>
    <SLOV>57,233650</SLOV>
    <SVIZ>57,233650</SVIZ>
    <BSP>57,233650</BSP>
    <MALT>55,000000</MALT>
    <XAUS>57,233650</XAUS>
    <XFRA>57,233650</XFRA>
  </Prezzi>
  <Prezzi>
    <Data>20161230</Data>
    <Mercato>MGP</Mercato>
    <Ora>18</Ora>
    <PUN>67,400000</PUN>
    <NAT>67,400000</NAT>
    <CNOR>67,400000</CNOR>
    <CSUD>67,400000</CSUD>
    <NORD>67,400000</NORD>
    <SARD>67,400000</SARD>
    <SICI>67,400000</SICI>
    <SUD>67,400000</SUD>
    <AUST>67,400000</AUST>
    <BRNN>67,400000</BRNN>
    <COAC>67,400000</COAC>
    <CORS>67,400000</CORS>
    <FOGN>67,400000</FOGN>
    <FRAN>67,400000</FRAN>
    <GREC>67,400000</GREC>
    <MFTV>67,400000</MFTV>
    <PRGP>67,400000</PRGP>
    <ROSN>67,400000</ROSN>
    <SLOV>67,400000</SLOV>
    <SVIZ>67,400000</SVIZ>
    <BSP>67,400000</BSP>
    <MALT>67,400000</MALT>
    <XAUS>67,400000</XAUS>
    <XFRA>67,400000</XFRA>
  </Prezzi>
  <Prezzi>
    <Data>20161230</Data>
    <Mercato>MGP</Mercato>
    <Ora>19</Ora>
    <PUN>72,425280</PUN>
    <NAT>71,900000</NAT>
    <CNOR>72,425280</CNOR>
    <CSUD>72,425280</CSUD>
    <NORD>72,425280</NORD>
    <SARD>72,425280</SARD>
    <SICI>72,425280</SICI>
    <SUD>72,425280</SUD>
    <AUST>72,425280</AUST>
    <BRNN>72,425280</BRNN>
    <COAC>72,425280</COAC>
    <CORS>72,425280</CORS>
    <FOGN>72,425280</FOGN>
    <FRAN>72,425280</FRAN>
    <GREC>72,425280</GREC>
    <MFTV>72,425280</MFTV>
    <PRGP>72,425280</PRGP>
    <ROSN>72,425280</ROSN>
    <SLOV>72,425280</SLOV>
    <SVIZ>72,425280</SVIZ>
    <BSP>72,425280</BSP>
    <MALT>72,425280</MALT>
    <XAUS>72,425280</XAUS>
    <XFRA>72,425280</XFRA>
  </Prezzi>
  <Prezzi>
    <Data>20161230</Data>
    <Mercato>MGP</Mercato>
    <Ora>20</Ora>
    <PUN>72,040000</PUN>
    <NAT>72,000000</NAT>
    <CNOR>72,040000</CNOR>
    <CSUD>72,040000</CSUD>
    <NORD>72,040000</NORD>
    <SARD>72,040000</SARD>
    <SICI>72,040000</SICI>
    <SUD>72,040000</SUD>
    <AUST>72,040000</AUST>
    <BRNN>72,040000</BRNN>
    <COAC>72,040000</COAC>
    <CORS>72,040000</CORS>
    <FOGN>72,040000</FOGN>
    <FRAN>72,040000</FRAN>
    <GREC>72,040000</GREC>
    <MFTV>72,040000</MFTV>
    <PRGP>72,040000</PRGP>
    <ROSN>72,040000</ROSN>
    <SLOV>72,040000</SLOV>
    <SVIZ>72,040000</SVIZ>
    <BSP>72,040000</BSP>
    <MALT>72,040000</MALT>
    <XAUS>72,040000</XAUS>
    <XFRA>72,040000</XFRA>
  </Prezzi>
  <Prezzi>
    <Data>20161230</Data>
    <Mercato>MGP</Mercato>
    <Ora>21</Ora>
    <PUN>70,600000</PUN>
    <NAT>70,000000</NAT>
    <CNOR>70,600000</CNOR>
    <CSUD>70,600000</CSUD>
    <NORD>70,600000</NORD>
    <SARD>70,600000</SARD>
    <SICI>70,600000</SICI>
    <SUD>70,600000</SUD>
    <AUST>70,600000</AUST>
    <BRNN>70,600000</BRNN>
    <COAC>70,600000</COAC>
    <CORS>70,600000</CORS>
    <FOGN>70,600000</FOGN>
    <FRAN>70,600000</FRAN>
    <GREC>70,600000</GREC>
    <MFTV>70,600000</MFTV>
    <PRGP>70,600000</PRGP>
    <ROSN>70,600000</ROSN>
    <SLOV>70,600000</SLOV>
    <SVIZ>70,600000</SVIZ>
    <BSP>70,600000</BSP>
    <MALT>70,600000</MALT>
    <XAUS>70,600000</XAUS>
    <XFRA>70,600000</XFRA>
  </Prezzi>
  <Prezzi>
    <Data>20161230</Data>
    <Mercato>MGP</Mercato>
    <Ora>22</Ora>
    <PUN>63,000000</PUN>
    <NAT>63,000000</NAT>
    <CNOR>63,000000</CNOR>
    <CSUD>63,000000</CSUD>
    <NORD>63,000000</NORD>
    <SARD>63,000000</SARD>
    <SICI>63,000000</SICI>
    <SUD>63,000000</SUD>
    <AUST>63,000000</AUST>
    <BRNN>63,000000</BRNN>
    <COAC>63,000000</COAC>
    <CORS>63,000000</CORS>
    <FOGN>63,000000</FOGN>
    <FRAN>63,000000</FRAN>
    <GREC>63,000000</GREC>
    <MFTV>63,000000</MFTV>
    <PRGP>63,000000</PRGP>
    <ROSN>63,000000</ROSN>
    <SLOV>63,000000</SLOV>
    <SVIZ>63,000000</SVIZ>
    <BSP>63,000000</BSP>
    <MALT>63,000000</MALT>
    <XAUS>63,000000</XAUS>
    <XFRA>63,000000</XFRA>
  </Prezzi>
  <Prezzi>
    <Data>20161230</Data>
    <Mercato>MGP</Mercato>
    <Ora>23</Ora>
    <PUN>57,526690</PUN>
    <NAT>57,400000</NAT>
    <CNOR>58,500000</CNOR>
    <CSUD>56,000000</CSUD>
    <NORD>58,500000</NORD>
    <SARD>56,000000</SARD>
    <SICI>56,000000</SICI>
    <SUD>56,000000</SUD>
    <AUST>58,500000</AUST>
    <BRNN>56,000000</BRNN>
    <COAC>56,000000</COAC>
    <CORS>58,500000</CORS>
    <FOGN>56,000000</FOGN>
    <FRAN>58,500000</FRAN>
    <GREC>56,000000</GREC>
    <MFTV>58,500000</MFTV>
    <PRGP>56,000000</PRGP>
    <ROSN>56,000000</ROSN>
    <SLOV>58,500000</SLOV>
    <SVIZ>58,500000</SVIZ>
    <BSP>58,500000</BSP>
    <MALT>56,000000</MALT>
    <XAUS>58,500000</XAUS>
    <XFRA>58,500000</XFRA>
  </Prezzi>
  <Prezzi>
    <Data>20161230</Data>
    <Mercato>MGP</Mercato>
    <Ora>24</Ora>
    <PUN>54,309350</PUN>
    <NAT>54,000000</NAT>
    <CNOR>54,500000</CNOR>
    <CSUD>54,000000</CSUD>
    <NORD>54,500000</NORD>
    <SARD>54,000000</SARD>
    <SICI>54,000000</SICI>
    <SUD>54,000000</SUD>
    <AUST>54,500000</AUST>
    <BRNN>54,000000</BRNN>
    <COAC>54,000000</COAC>
    <CORS>54,500000</CORS>
    <FOGN>54,000000</FOGN>
    <FRAN>54,500000</FRAN>
    <GREC>54,000000</GREC>
    <MFTV>54,500000</MFTV>
    <PRGP>54,000000</PRGP>
    <ROSN>54,000000</ROSN>
    <SLOV>54,500000</SLOV>
    <SVIZ>54,500000</SVIZ>
    <BSP>54,500000</BSP>
    <MALT>54,000000</MALT>
    <XAUS>54,500000</XAUS>
    <XFRA>54,500000</XFRA>
  </Prezzi>
</NewDataSet>