<?xml version="1.0" standalone="yes"?>
<NewDataSet>
  <xs:schema id="NewDataSet" xmlns="" xmlns:xs="http://www.w3.org/2001/XMLSchema" xmlns:msdata="urn:schemas-microsoft-com:xml-msdata">
    <xs:element name="NewDataSet" msdata:IsDataSet="true" msdata:UseCurrentLocale="true">
      <xs:complexType>
        <xs:choice minOccurs="0" maxOccurs="unbounded">
          <xs:element name="Quantita">
            <xs:complexType>
              <xs:sequence>
                <xs:element name="Data" type="xs:string" minOccurs="0" />
                <xs:element name="Mercato" type="xs:string" minOccurs="0" />
                <xs:element name="Ora" type="xs:string" minOccurs="0" />
                <xs:element name="TOTALE_ACQUISTI" type="xs:string" minOccurs="0" />
                <xs:element name="NAT_ACQUISTI" type="xs:string" minOccurs="0" />
                <xs:element name="CNOR_ACQUISTI" type="xs:string" minOccurs="0" />
                <xs:element name="CSUD_ACQUISTI" type="xs:string" minOccurs="0" />
                <xs:element name="NORD_ACQUISTI" type="xs:string" minOccurs="0" />
                <xs:element name="SARD_ACQUISTI" type="xs:string" minOccurs="0" />
                <xs:element name="SICI_ACQUISTI" type="xs:string" minOccurs="0" />
                <xs:element name="SUD_ACQUISTI" type="xs:string" minOccurs="0" />
                <xs:element name="AUST_ACQUISTI" type="xs:string" minOccurs="0" />
                <xs:element name="BRNN_ACQUISTI" type="xs:string" minOccurs="0" />
                <xs:element name="COAC_ACQUISTI" type="xs:string" minOccurs="0" />
                <xs:element name="CORS_ACQUISTI" type="xs:string" minOccurs="0" />
                <xs:element name="FOGN_ACQUISTI" type="xs:string" minOccurs="0" />
                <xs:element name="FRAN_ACQUISTI" type="xs:string" minOccurs="0" />
                <xs:element name="GREC_ACQUISTI" type="xs:string" minOccurs="0" />
                <xs:element name="MFTV_ACQUISTI" type="xs:string" minOccurs="0" />
                <xs:element name="PRGP_ACQUISTI" type="xs:string" minOccurs="0" />
                <xs:element name="ROSN_ACQUISTI" type="xs:string" minOccurs="0" />
                <xs:element name="SLOV_ACQUISTI" type="xs:string" minOccurs="0" />
                <xs:element name="SVIZ_ACQUISTI" type="xs:string" minOccurs="0" />
                <xs:element name="BSP_ACQUISTI" type="xs:string" minOccurs="0" />
                <xs:element name="MALT_ACQUISTI" type="xs:string" minOccurs="0" />
                <xs:element name="XAUS_ACQUISTI" type="xs:string" minOccurs="0" />
                <xs:element name="XFRA_ACQUISTI" type="xs:string" minOccurs="0" />
                <xs:element name="TOTALE_VENDITE" type="xs:string" minOccurs="0" />
                <xs:element name="NAT_VENDITE" type="xs:string" minOccurs="0" />
                <xs:element name="CNOR_VENDITE" type="xs:string" minOccurs="0" />
                <xs:element name="CSUD_VENDITE" type="xs:string" minOccurs="0" />
                <xs:element name="NORD_VENDITE" type="xs:string" minOccurs="0" />
                <xs:element name="SARD_VENDITE" type="xs:string" minOccurs="0" />
                <xs:element name="SICI_VENDITE" type="xs:string" minOccurs="0" />
                <xs:element name="SUD_VENDITE" type="xs:string" minOccurs="0" />
                <xs:element name="AUST_VENDITE" type="xs:string" minOccurs="0" />
                <xs:element name="BRNN_VENDITE" type="xs:string" minOccurs="0" />
                <xs:element name="COAC_VENDITE" type="xs:string" minOccurs="0" />
                <xs:element name="CORS_VENDITE" type="xs:string" minOccurs="0" />
                <xs:element name="FOGN_VENDITE" type="xs:string" minOccurs="0" />
                <xs:element name="FRAN_VENDITE" type="xs:string" minOccurs="0" />
                <xs:element name="GREC_VENDITE" type="xs:string" minOccurs="0" />
                <xs:element name="MFTV_VENDITE" type="xs:string" minOccurs="0" />
                <xs:element name="PRGP_VENDITE" type="xs:string" minOccurs="0" />
                <xs:element name="ROSN_VENDITE" type="xs:string" minOccurs="0" />
                <xs:element name="SLOV_VENDITE" type="xs:string" minOccurs="0" />
                <xs:element name="SVIZ_VENDITE" type="xs:string" minOccurs="0" />
                <xs:element name="BSP_VENDITE" type="xs:string" minOccurs="0" />
                <xs:element name="MALT_VENDITE" type="xs:string" minOccurs="0" />
                <xs:element name="XAUS_VENDITE" type="xs:string" minOccurs="0" />
                <xs:element name="XFRA_VENDITE" type="xs:string" minOccurs="0" />
                <xs:element name="TOTITABSP_VENDITE" msdata:ReadOnly="true" msdata:Expression="Convert(TOTALE_VENDITE, System.Double) + Convert(BSP_VENDITE,System.Double)" type="xs:string" minOccurs="0" />
                <xs:element name="TOTITABSP_ACQUISTI" msdata:ReadOnly="true" msdata:Expression="Convert(TOTALE_ACQUISTI, System.Double) + Convert(BSP_ACQUISTI, System.Double)" type="xs:string" minOccurs="0" />
              </xs:sequence>
            </xs:complexType>
          </xs:element>
        </xs:choice>
      </xs:complexType>
    </xs:element>
  </xs:schema>
  <Quantita>
    <Data>20161230</Data>
    <Mercato>MGP</Mercato>
    <Ora>1</Ora>
    <TOTALE_ACQUISTI>24963,081</TOTALE_ACQUISTI>
    <NAT_ACQUISTI>26142,081000</NAT_ACQUISTI>
    <CNOR_ACQUISTI>2453,734000</CNOR_ACQUISTI>
    <CSUD_ACQUISTI>4161,292000</CSUD_ACQUISTI>
    <NORD_ACQUISTI>12425,096000</NORD_ACQUISTI>
    <SARD_ACQUISTI>848,721000</SARD_ACQUISTI>
    <SICI_ACQUISTI>1619,733000</SICI_ACQUISTI>
    <SUD_ACQUISTI>2014,505000</SUD_ACQUISTI>
    <AUST_ACQUISTI>0,000000</AUST_ACQUISTI>
    <BRNN_ACQUISTI>0,000000</BRNN_ACQUISTI>
    <COAC_ACQUISTI>92,000000</COAC_ACQUISTI>
    <CORS_ACQUISTI>49,000000</CORS_ACQUISTI>
    <FOGN_ACQUISTI>0,000000</FOGN_ACQUISTI>
    <FRAN_ACQUISTI>120,000000</FRAN_ACQUISTI>
    <GREC_ACQUISTI>0,000000</GREC_ACQUISTI>
    <MFTV_ACQUISTI>0,000000</MFTV_ACQUISTI>
    <PRGP_ACQUISTI>0,000000</PRGP_ACQUISTI>
    <ROSN_ACQUISTI>0,000000</ROSN_ACQUISTI>
    <SLOV_ACQUISTI>0,000000</SLOV_ACQUISTI>
    <SVIZ_ACQUISTI>1044,000000</SVIZ_ACQUISTI>
    <BSP_ACQUISTI>0,000000</BSP_ACQUISTI>
    <MALT_ACQUISTI>135,000000</MALT_ACQUISTI>
    <XAUS_ACQUISTI>0,000000</XAUS_ACQUISTI>
    <XFRA_ACQUISTI>1179,000000</XFRA_ACQUISTI>
    <TOTALE_VENDITE>25529,081</TOTALE_VENDITE>
    <NAT_VENDITE>26142,081000</NAT_VENDITE>
    <CNOR_VENDITE>1835,949000</CNOR_VENDITE>
    <CSUD_VENDITE>3539,519000</CSUD_VENDITE>
    <NORD_VENDITE>10922,924000</NORD_VENDITE>
    <SARD_VENDITE>1634,882000</SARD_VENDITE>
    <SICI_VENDITE>1127,369000</SICI_VENDITE>
    <SUD_VENDITE>2428,017000</SUD_VENDITE>
    <AUST_VENDITE>32,000000</AUST_VENDITE>
    <BRNN_VENDITE>696,760000</BRNN_VENDITE>
    <COAC_VENDITE>0,000000</COAC_VENDITE>
    <CORS_VENDITE>0,000000</CORS_VENDITE>
    <FOGN_VENDITE>863,297000</FOGN_VENDITE>
    <FRAN_VENDITE>139,000000</FRAN_VENDITE>
    <GREC_VENDITE>39,000000</GREC_VENDITE>
    <MFTV_VENDITE>0,000000</MFTV_VENDITE>
    <PRGP_VENDITE>0,000000</PRGP_VENDITE>
    <ROSN_VENDITE>1427,364000</ROSN_VENDITE>
    <SLOV_VENDITE>20,000000</SLOV_VENDITE>
    <SVIZ_VENDITE>823,000000</SVIZ_VENDITE>
    <BSP_VENDITE>421,000000</BSP_VENDITE>
    <MALT_VENDITE>0,000000</MALT_VENDITE>
    <XAUS_VENDITE>192,000000</XAUS_VENDITE>
    <XFRA_VENDITE>0,000000</XFRA_VENDITE>
    <TOTITABSP_VENDITE>25950,081</TOTITABSP_VENDITE>
    <TOTITABSP_ACQUISTI>24963,081</TOTITABSP_ACQUISTI>
  </Quantita>
  <Quantita>
    <Data>20161230</Data>
    <Mercato>MGP</Mercato>
    <Ora>2</Ora>
    <TOTALE_ACQUISTI>23119,205</TOTALE_ACQUISTI>
    <NAT_ACQUISTI>24298,205000</NAT_ACQUISTI>
    <CNOR_ACQUISTI>2258,203000</CNOR_ACQUISTI>
    <CSUD_ACQUISTI>3766,991000</CSUD_ACQUISTI>
    <NORD_ACQUISTI>11446,688000</NORD_ACQUISTI>
    <SARD_ACQUISTI>789,926000</SARD_ACQUISTI>
    <SICI_ACQUISTI>1455,426000</SICI_ACQUISTI>
    <SUD_ACQUISTI>1869,971000</SUD_ACQUISTI>
    <AUST_ACQUISTI>0,000000</AUST_ACQUISTI>
    <BRNN_ACQUISTI>0,000000</BRNN_ACQUISTI>
    <COAC_ACQUISTI>79,000000</COAC_ACQUISTI>
    <CORS_ACQUISTI>49,000000</CORS_ACQUISTI>
    <FOGN_ACQUISTI>0,000000</FOGN_ACQUISTI>
    <FRAN_ACQUISTI>120,000000</FRAN_ACQUISTI>
    <GREC_ACQUISTI>0,000000</GREC_ACQUISTI>
    <MFTV_ACQUISTI>0,000000</MFTV_ACQUISTI>
    <PRGP_ACQUISTI>0,000000</PRGP_ACQUISTI>
    <ROSN_ACQUISTI>0,000000</ROSN_ACQUISTI>
    <SLOV_ACQUISTI>0,000000</SLOV_ACQUISTI>
    <SVIZ_ACQUISTI>1164,000000</SVIZ_ACQUISTI>
    <BSP_ACQUISTI>0,000000</BSP_ACQUISTI>
    <MALT_ACQUISTI>120,000000</MALT_ACQUISTI>
    <XAUS_ACQUISTI>0,000000</XAUS_ACQUISTI>
    <XFRA_ACQUISTI>1179,000000</XFRA_ACQUISTI>
    <TOTALE_VENDITE>23636,205</TOTALE_VENDITE>
    <NAT_VENDITE>24298,205000</NAT_VENDITE>
    <CNOR_VENDITE>1775,595000</CNOR_VENDITE>
    <CSUD_VENDITE>3066,034000</CSUD_VENDITE>
    <NORD_VENDITE>9963,533000</NORD_VENDITE>
    <SARD_VENDITE>1608,460000</SARD_VENDITE>
    <SICI_VENDITE>1101,344000</SICI_VENDITE>
    <SUD_VENDITE>2302,507000</SUD_VENDITE>
    <AUST_VENDITE>32,000000</AUST_VENDITE>
    <BRNN_VENDITE>701,177000</BRNN_VENDITE>
    <COAC_VENDITE>0,000000</COAC_VENDITE>
    <CORS_VENDITE>0,000000</CORS_VENDITE>
    <FOGN_VENDITE>656,473000</FOGN_VENDITE>
    <FRAN_VENDITE>139,000000</FRAN_VENDITE>
    <GREC_VENDITE>39,000000</GREC_VENDITE>
    <MFTV_VENDITE>0,000000</MFTV_VENDITE>
    <PRGP_VENDITE>0,000000</PRGP_VENDITE>
    <ROSN_VENDITE>1274,082000</ROSN_VENDITE>
    <SLOV_VENDITE>20,000000</SLOV_VENDITE>
    <SVIZ_VENDITE>957,000000</SVIZ_VENDITE>
    <BSP_VENDITE>470,000000</BSP_VENDITE>
    <MALT_VENDITE>0,000000</MALT_VENDITE>
    <XAUS_VENDITE>192,000000</XAUS_VENDITE>
    <XFRA_VENDITE>0,000000</XFRA_VENDITE>
    <TOTITABSP_VENDITE>24106,205</TOTITABSP_VENDITE>
    <TOTITABSP_ACQUISTI>23119,205</TOTITABSP_ACQUISTI>
  </Quantita>
  <Quantita>
    <Data>20161230</Data>
    <Mercato>MGP</Mercato>
    <Ora>3</Ora>
    <TOTALE_ACQUISTI>22245,02</TOTALE_ACQUISTI>
    <NAT_ACQUISTI>23490,020000</NAT_ACQUISTI>
    <CNOR_ACQUISTI>2172,772000</CNOR_ACQUISTI>
    <CSUD_ACQUISTI>3595,047000</CSUD_ACQUISTI>
    <NORD_ACQUISTI>10989,174000</NORD_ACQUISTI>
    <SARD_ACQUISTI>765,015000</SARD_ACQUISTI>
    <SICI_ACQUISTI>1374,643000</SICI_ACQUISTI>
    <SUD_ACQUISTI>1771,369000</SUD_ACQUISTI>
    <AUST_ACQUISTI>0,000000</AUST_ACQUISTI>
    <BRNN_ACQUISTI>0,000000</BRNN_ACQUISTI>
    <COAC_ACQUISTI>66,000000</COAC_ACQUISTI>
    <CORS_ACQUISTI>49,000000</CORS_ACQUISTI>
    <FOGN_ACQUISTI>0,000000</FOGN_ACQUISTI>
    <FRAN_ACQUISTI>120,000000</FRAN_ACQUISTI>
    <GREC_ACQUISTI>0,000000</GREC_ACQUISTI>
    <MFTV_ACQUISTI>0,000000</MFTV_ACQUISTI>
    <PRGP_ACQUISTI>0,000000</PRGP_ACQUISTI>
    <ROSN_ACQUISTI>0,000000</ROSN_ACQUISTI>
    <SLOV_ACQUISTI>0,000000</SLOV_ACQUISTI>
    <SVIZ_ACQUISTI>1232,000000</SVIZ_ACQUISTI>
    <BSP_ACQUISTI>0,000000</BSP_ACQUISTI>
    <MALT_ACQUISTI>110,000000</MALT_ACQUISTI>
    <XAUS_ACQUISTI>0,000000</XAUS_ACQUISTI>
    <XFRA_ACQUISTI>1179,000000</XFRA_ACQUISTI>
    <TOTALE_VENDITE>22733,02</TOTALE_VENDITE>
    <NAT_VENDITE>23490,020000</NAT_VENDITE>
    <CNOR_VENDITE>1766,659000</CNOR_VENDITE>
    <CSUD_VENDITE>3065,835000</CSUD_VENDITE>
    <NORD_VENDITE>9305,241000</NORD_VENDITE>
    <SARD_VENDITE>1614,977000</SARD_VENDITE>
    <SICI_VENDITE>1014,699000</SICI_VENDITE>
    <SUD_VENDITE>2393,638000</SUD_VENDITE>
    <AUST_VENDITE>32,000000</AUST_VENDITE>
    <BRNN_VENDITE>706,576000</BRNN_VENDITE>
    <COAC_VENDITE>0,000000</COAC_VENDITE>
    <CORS_VENDITE>0,000000</CORS_VENDITE>
    <FOGN_VENDITE>410,451000</FOGN_VENDITE>
    <FRAN_VENDITE>139,000000</FRAN_VENDITE>
    <GREC_VENDITE>39,000000</GREC_VENDITE>
    <MFTV_VENDITE>0,000000</MFTV_VENDITE>
    <PRGP_VENDITE>0,000000</PRGP_VENDITE>
    <ROSN_VENDITE>1269,944000</ROSN_VENDITE>
    <SLOV_VENDITE>20,000000</SLOV_VENDITE>
    <SVIZ_VENDITE>955,000000</SVIZ_VENDITE>
    <BSP_VENDITE>499,000000</BSP_VENDITE>
    <MALT_VENDITE>0,000000</MALT_VENDITE>
    <XAUS_VENDITE>192,000000</XAUS_VENDITE>
    <XFRA_VENDITE>0,000000</XFRA_VENDITE>
    <TOTITABSP_VENDITE>23232,02</TOTITABSP_VENDITE>
    <TOTITABSP_ACQUISTI>22245,02</TOTITABSP_ACQUISTI>
  </Quantita>
  <Quantita>
    <Data>20161230</Data>
    <Mercato>MGP</Mercato>
    <Ora>4</Ora>
    <TOTALE_ACQUISTI>21822,036</TOTALE_ACQUISTI>
    <NAT_ACQUISTI>22913,095000</NAT_ACQUISTI>
    <CNOR_ACQUISTI>2122,207000</CNOR_ACQUISTI>
    <CSUD_ACQUISTI>3542,969000</CSUD_ACQUISTI>
    <NORD_ACQUISTI>11040,898000</NORD_ACQUISTI>
    <SARD_ACQUISTI>754,973000</SARD_ACQUISTI>
    <SICI_ACQUISTI>1336,091000</SICI_ACQUISTI>
    <SUD_ACQUISTI>1755,898000</SUD_ACQUISTI>
    <AUST_ACQUISTI>0,000000</AUST_ACQUISTI>
    <BRNN_ACQUISTI>0,000000</BRNN_ACQUISTI>
    <COAC_ACQUISTI>60,000000</COAC_ACQUISTI>
    <CORS_ACQUISTI>49,000000</CORS_ACQUISTI>
    <FOGN_ACQUISTI>0,000000</FOGN_ACQUISTI>
    <FRAN_ACQUISTI>120,000000</FRAN_ACQUISTI>
    <GREC_ACQUISTI>0,000000</GREC_ACQUISTI>
    <MFTV_ACQUISTI>0,000000</MFTV_ACQUISTI>
    <PRGP_ACQUISTI>0,000000</PRGP_ACQUISTI>
    <ROSN_ACQUISTI>0,000000</ROSN_ACQUISTI>
    <SLOV_ACQUISTI>0,000000</SLOV_ACQUISTI>
    <SVIZ_ACQUISTI>930,000000</SVIZ_ACQUISTI>
    <BSP_ACQUISTI>0,000000</BSP_ACQUISTI>
    <MALT_ACQUISTI>110,000000</MALT_ACQUISTI>
    <XAUS_ACQUISTI>0,000000</XAUS_ACQUISTI>
    <XFRA_ACQUISTI>1024,534000</XFRA_ACQUISTI>
    <TOTALE_VENDITE>22155,57</TOTALE_VENDITE>
    <NAT_VENDITE>22913,095000</NAT_VENDITE>
    <CNOR_VENDITE>1761,404000</CNOR_VENDITE>
    <CSUD_VENDITE>2998,142000</CSUD_VENDITE>
    <NORD_VENDITE>8782,855000</NORD_VENDITE>
    <SARD_VENDITE>1595,336000</SARD_VENDITE>
    <SICI_VENDITE>977,561000</SICI_VENDITE>
    <SUD_VENDITE>2352,050000</SUD_VENDITE>
    <AUST_VENDITE>32,000000</AUST_VENDITE>
    <BRNN_VENDITE>709,618000</BRNN_VENDITE>
    <COAC_VENDITE>0,000000</COAC_VENDITE>
    <CORS_VENDITE>0,000000</CORS_VENDITE>
    <FOGN_VENDITE>414,636000</FOGN_VENDITE>
    <FRAN_VENDITE>139,000000</FRAN_VENDITE>
    <GREC_VENDITE>39,000000</GREC_VENDITE>
    <MFTV_VENDITE>0,000000</MFTV_VENDITE>
    <PRGP_VENDITE>0,000000</PRGP_VENDITE>
    <ROSN_VENDITE>1268,530000</ROSN_VENDITE>
    <SLOV_VENDITE>20,000000</SLOV_VENDITE>
    <SVIZ_VENDITE>1065,438000</SVIZ_VENDITE>
    <BSP_VENDITE>499,000000</BSP_VENDITE>
    <MALT_VENDITE>0,000000</MALT_VENDITE>
    <XAUS_VENDITE>192,000000</XAUS_VENDITE>
    <XFRA_VENDITE>0,000000</XFRA_VENDITE>
    <TOTITABSP_VENDITE>22654,57</TOTITABSP_VENDITE>
    <TOTITABSP_ACQUISTI>21822,036</TOTITABSP_ACQUISTI>
  </Quantita>
  <Quantita>
    <Data>20161230</Data>
    <Mercato>MGP</Mercato>
    <Ora>5</Ora>
    <TOTALE_ACQUISTI>22116,012</TOTALE_ACQUISTI>
    <NAT_ACQUISTI>22354,744000</NAT_ACQUISTI>
    <CNOR_ACQUISTI>2143,704000</CNOR_ACQUISTI>
    <CSUD_ACQUISTI>3562,134000</CSUD_ACQUISTI>
    <NORD_ACQUISTI>11255,616000</NORD_ACQUISTI>
    <SARD_ACQUISTI>761,324000</SARD_ACQUISTI>
    <SICI_ACQUISTI>1338,618000</SICI_ACQUISTI>
    <SUD_ACQUISTI>1758,616000</SUD_ACQUISTI>
    <AUST_ACQUISTI>0,000000</AUST_ACQUISTI>
    <BRNN_ACQUISTI>0,000000</BRNN_ACQUISTI>
    <COAC_ACQUISTI>58,000000</COAC_ACQUISTI>
    <CORS_ACQUISTI>49,000000</CORS_ACQUISTI>
    <FOGN_ACQUISTI>0,000000</FOGN_ACQUISTI>
    <FRAN_ACQUISTI>120,000000</FRAN_ACQUISTI>
    <GREC_ACQUISTI>0,000000</GREC_ACQUISTI>
    <MFTV_ACQUISTI>0,000000</MFTV_ACQUISTI>
    <PRGP_ACQUISTI>0,000000</PRGP_ACQUISTI>
    <ROSN_ACQUISTI>0,000000</ROSN_ACQUISTI>
    <SLOV_ACQUISTI>0,000000</SLOV_ACQUISTI>
    <SVIZ_ACQUISTI>953,000000</SVIZ_ACQUISTI>
    <BSP_ACQUISTI>0,000000</BSP_ACQUISTI>
    <MALT_ACQUISTI>116,000000</MALT_ACQUISTI>
    <XAUS_ACQUISTI>0,000000</XAUS_ACQUISTI>
    <XFRA_ACQUISTI>188,724000</XFRA_ACQUISTI>
    <TOTALE_VENDITE>21613,736</TOTALE_VENDITE>
    <NAT_VENDITE>22354,744000</NAT_VENDITE>
    <CNOR_VENDITE>1566,290000</CNOR_VENDITE>
    <CSUD_VENDITE>3014,635000</CSUD_VENDITE>
    <NORD_VENDITE>8594,393000</NORD_VENDITE>
    <SARD_VENDITE>1594,838000</SARD_VENDITE>
    <SICI_VENDITE>984,977000</SICI_VENDITE>
    <SUD_VENDITE>2382,487000</SUD_VENDITE>
    <AUST_VENDITE>32,000000</AUST_VENDITE>
    <BRNN_VENDITE>706,053000</BRNN_VENDITE>
    <COAC_VENDITE>0,000000</COAC_VENDITE>
    <CORS_VENDITE>0,000000</CORS_VENDITE>
    <FOGN_VENDITE>354,422000</FOGN_VENDITE>
    <FRAN_VENDITE>139,000000</FRAN_VENDITE>
    <GREC_VENDITE>39,000000</GREC_VENDITE>
    <MFTV_VENDITE>0,000000</MFTV_VENDITE>
    <PRGP_VENDITE>0,000000</PRGP_VENDITE>
    <ROSN_VENDITE>1269,641000</ROSN_VENDITE>
    <SLOV_VENDITE>20,000000</SLOV_VENDITE>
    <SVIZ_VENDITE>916,000000</SVIZ_VENDITE>
    <BSP_VENDITE>499,000000</BSP_VENDITE>
    <MALT_VENDITE>0,000000</MALT_VENDITE>
    <XAUS_VENDITE>192,000000</XAUS_VENDITE>
    <XFRA_VENDITE>0,000000</XFRA_VENDITE>
    <TOTITABSP_VENDITE>22112,736</TOTITABSP_VENDITE>
    <TOTITABSP_ACQUISTI>22116,012</TOTITABSP_ACQUISTI>
  </Quantita>
  <Quantita>
    <Data>20161230</Data>
    <Mercato>MGP</Mercato>
    <Ora>6</Ora>
    <TOTALE_ACQUISTI>23475,826</TOTALE_ACQUISTI>
    <NAT_ACQUISTI>24593,921000</NAT_ACQUISTI>
    <CNOR_ACQUISTI>2237,578000</CNOR_ACQUISTI>
    <CSUD_ACQUISTI>3755,864000</CSUD_ACQUISTI>
    <NORD_ACQUISTI>12039,712000</NORD_ACQUISTI>
    <SARD_ACQUISTI>798,046000</SARD_ACQUISTI>
    <SICI_ACQUISTI>1421,473000</SICI_ACQUISTI>
    <SUD_ACQUISTI>1834,153000</SUD_ACQUISTI>
    <AUST_ACQUISTI>0,000000</AUST_ACQUISTI>
    <BRNN_ACQUISTI>0,000000</BRNN_ACQUISTI>
    <COAC_ACQUISTI>60,000000</COAC_ACQUISTI>
    <CORS_ACQUISTI>49,000000</CORS_ACQUISTI>
    <FOGN_ACQUISTI>0,000000</FOGN_ACQUISTI>
    <FRAN_ACQUISTI>120,000000</FRAN_ACQUISTI>
    <GREC_ACQUISTI>0,000000</GREC_ACQUISTI>
    <MFTV_ACQUISTI>0,000000</MFTV_ACQUISTI>
    <PRGP_ACQUISTI>0,000000</PRGP_ACQUISTI>
    <ROSN_ACQUISTI>0,000000</ROSN_ACQUISTI>
    <SLOV_ACQUISTI>0,000000</SLOV_ACQUISTI>
    <SVIZ_ACQUISTI>1022,000000</SVIZ_ACQUISTI>
    <BSP_ACQUISTI>0,000000</BSP_ACQUISTI>
    <MALT_ACQUISTI>138,000000</MALT_ACQUISTI>
    <XAUS_ACQUISTI>0,000000</XAUS_ACQUISTI>
    <XFRA_ACQUISTI>1096,802000</XFRA_ACQUISTI>
    <TOTALE_VENDITE>23711,628</TOTALE_VENDITE>
    <NAT_VENDITE>24593,921000</NAT_VENDITE>
    <CNOR_VENDITE>1772,894000</CNOR_VENDITE>
    <CSUD_VENDITE>3142,741000</CSUD_VENDITE>
    <NORD_VENDITE>9901,519000</NORD_VENDITE>
    <SARD_VENDITE>1597,650000</SARD_VENDITE>
    <SICI_VENDITE>1042,013000</SICI_VENDITE>
    <SUD_VENDITE>2448,274000</SUD_VENDITE>
    <AUST_VENDITE>32,000000</AUST_VENDITE>
    <BRNN_VENDITE>702,058000</BRNN_VENDITE>
    <COAC_VENDITE>0,000000</COAC_VENDITE>
    <CORS_VENDITE>0,000000</CORS_VENDITE>
    <FOGN_VENDITE>419,019000</FOGN_VENDITE>
    <FRAN_VENDITE>139,000000</FRAN_VENDITE>
    <GREC_VENDITE>0,000000</GREC_VENDITE>
    <MFTV_VENDITE>0,000000</MFTV_VENDITE>
    <PRGP_VENDITE>0,000000</PRGP_VENDITE>
    <ROSN_VENDITE>1317,460000</ROSN_VENDITE>
    <SLOV_VENDITE>20,000000</SLOV_VENDITE>
    <SVIZ_VENDITE>1177,000000</SVIZ_VENDITE>
    <BSP_VENDITE>607,000000</BSP_VENDITE>
    <MALT_VENDITE>0,000000</MALT_VENDITE>
    <XAUS_VENDITE>254,000000</XAUS_VENDITE>
    <XFRA_VENDITE>0,000000</XFRA_VENDITE>
    <TOTITABSP_VENDITE>24318,628</TOTITABSP_VENDITE>
    <TOTITABSP_ACQUISTI>23475,826</TOTITABSP_ACQUISTI>
  </Quantita>
  <Quantita>
    <Data>20161230</Data>
    <Mercato>MGP</Mercato>
    <Ora>7</Ora>
    <TOTALE_ACQUISTI>27043,892</TOTALE_ACQUISTI>
    <NAT_ACQUISTI>27542,472000</NAT_ACQUISTI>
    <CNOR_ACQUISTI>2603,699000</CNOR_ACQUISTI>
    <CSUD_ACQUISTI>4390,627000</CSUD_ACQUISTI>
    <NORD_ACQUISTI>14064,618000</NORD_ACQUISTI>
    <SARD_ACQUISTI>896,876000</SARD_ACQUISTI>
    <SICI_ACQUISTI>1611,181000</SICI_ACQUISTI>
    <SUD_ACQUISTI>2102,891000</SUD_ACQUISTI>
    <AUST_ACQUISTI>0,000000</AUST_ACQUISTI>
    <BRNN_ACQUISTI>0,000000</BRNN_ACQUISTI>
    <COAC_ACQUISTI>66,000000</COAC_ACQUISTI>
    <CORS_ACQUISTI>49,000000</CORS_ACQUISTI>
    <FOGN_ACQUISTI>0,000000</FOGN_ACQUISTI>
    <FRAN_ACQUISTI>120,000000</FRAN_ACQUISTI>
    <GREC_ACQUISTI>0,000000</GREC_ACQUISTI>
    <MFTV_ACQUISTI>0,000000</MFTV_ACQUISTI>
    <PRGP_ACQUISTI>0,000000</PRGP_ACQUISTI>
    <ROSN_ACQUISTI>0,000000</ROSN_ACQUISTI>
    <SLOV_ACQUISTI>0,000000</SLOV_ACQUISTI>
    <SVIZ_ACQUISTI>969,000000</SVIZ_ACQUISTI>
    <BSP_ACQUISTI>0,000000</BSP_ACQUISTI>
    <MALT_ACQUISTI>170,000000</MALT_ACQUISTI>
    <XAUS_ACQUISTI>0,000000</XAUS_ACQUISTI>
    <XFRA_ACQUISTI>498,580000</XFRA_ACQUISTI>
    <TOTALE_VENDITE>26724,472</TOTALE_VENDITE>
    <NAT_VENDITE>27542,472000</NAT_VENDITE>
    <CNOR_VENDITE>1780,103000</CNOR_VENDITE>
    <CSUD_VENDITE>3448,560000</CSUD_VENDITE>
    <NORD_VENDITE>12377,959000</NORD_VENDITE>
    <SARD_VENDITE>1599,565000</SARD_VENDITE>
    <SICI_VENDITE>1062,284000</SICI_VENDITE>
    <SUD_VENDITE>2588,427000</SUD_VENDITE>
    <AUST_VENDITE>77,000000</AUST_VENDITE>
    <BRNN_VENDITE>697,525000</BRNN_VENDITE>
    <COAC_VENDITE>0,000000</COAC_VENDITE>
    <CORS_VENDITE>0,000000</CORS_VENDITE>
    <FOGN_VENDITE>422,152000</FOGN_VENDITE>
    <FRAN_VENDITE>139,000000</FRAN_VENDITE>
    <GREC_VENDITE>0,000000</GREC_VENDITE>
    <MFTV_VENDITE>0,000000</MFTV_VENDITE>
    <PRGP_VENDITE>0,000000</PRGP_VENDITE>
    <ROSN_VENDITE>1518,897000</ROSN_VENDITE>
    <SLOV_VENDITE>20,000000</SLOV_VENDITE>
    <SVIZ_VENDITE>993,000000</SVIZ_VENDITE>
    <BSP_VENDITE>600,000000</BSP_VENDITE>
    <MALT_VENDITE>0,000000</MALT_VENDITE>
    <XAUS_VENDITE>218,000000</XAUS_VENDITE>
    <XFRA_VENDITE>0,000000</XFRA_VENDITE>
    <TOTITABSP_VENDITE>27324,472</TOTITABSP_VENDITE>
    <TOTITABSP_ACQUISTI>27043,892</TOTITABSP_ACQUISTI>
  </Quantita>
  <Quantita>
    <Data>20161230</Data>
    <Mercato>MGP</Mercato>
    <Ora>8</Ora>
    <TOTALE_ACQUISTI>32062,884</TOTALE_ACQUISTI>
    <NAT_ACQUISTI>33065,471000</NAT_ACQUISTI>
    <CNOR_ACQUISTI>3180,055000</CNOR_ACQUISTI>
    <CSUD_ACQUISTI>5232,918000</CSUD_ACQUISTI>
    <NORD_ACQUISTI>16748,001000</NORD_ACQUISTI>
    <SARD_ACQUISTI>1043,778000</SARD_ACQUISTI>
    <SICI_ACQUISTI>1921,287000</SICI_ACQUISTI>
    <SUD_ACQUISTI>2504,845000</SUD_ACQUISTI>
    <AUST_ACQUISTI>0,000000</AUST_ACQUISTI>
    <BRNN_ACQUISTI>0,000000</BRNN_ACQUISTI>
    <COAC_ACQUISTI>81,000000</COAC_ACQUISTI>
    <CORS_ACQUISTI>49,000000</CORS_ACQUISTI>
    <FOGN_ACQUISTI>0,000000</FOGN_ACQUISTI>
    <FRAN_ACQUISTI>120,000000</FRAN_ACQUISTI>
    <GREC_ACQUISTI>0,000000</GREC_ACQUISTI>
    <MFTV_ACQUISTI>0,000000</MFTV_ACQUISTI>
    <PRGP_ACQUISTI>0,000000</PRGP_ACQUISTI>
    <ROSN_ACQUISTI>0,000000</ROSN_ACQUISTI>
    <SLOV_ACQUISTI>0,000000</SLOV_ACQUISTI>
    <SVIZ_ACQUISTI>994,000000</SVIZ_ACQUISTI>
    <BSP_ACQUISTI>0,000000</BSP_ACQUISTI>
    <MALT_ACQUISTI>188,000000</MALT_ACQUISTI>
    <XAUS_ACQUISTI>0,000000</XAUS_ACQUISTI>
    <XFRA_ACQUISTI>999,389000</XFRA_ACQUISTI>
    <TOTALE_VENDITE>32143,273</TOTALE_VENDITE>
    <NAT_VENDITE>33065,471000</NAT_VENDITE>
    <CNOR_VENDITE>1902,858000</CNOR_VENDITE>
    <CSUD_VENDITE>3796,258000</CSUD_VENDITE>
    <NORD_VENDITE>15327,721000</NORD_VENDITE>
    <SARD_VENDITE>1596,304000</SARD_VENDITE>
    <SICI_VENDITE>1030,932000</SICI_VENDITE>
    <SUD_VENDITE>2758,114000</SUD_VENDITE>
    <AUST_VENDITE>77,000000</AUST_VENDITE>
    <BRNN_VENDITE>1724,249000</BRNN_VENDITE>
    <COAC_VENDITE>0,000000</COAC_VENDITE>
    <CORS_VENDITE>0,000000</CORS_VENDITE>
    <FOGN_VENDITE>422,482000</FOGN_VENDITE>
    <FRAN_VENDITE>139,000000</FRAN_VENDITE>
    <GREC_VENDITE>0,000000</GREC_VENDITE>
    <MFTV_VENDITE>0,000000</MFTV_VENDITE>
    <PRGP_VENDITE>1,782000</PRGP_VENDITE>
    <ROSN_VENDITE>1876,573000</ROSN_VENDITE>
    <SLOV_VENDITE>20,000000</SLOV_VENDITE>
    <SVIZ_VENDITE>1470,000000</SVIZ_VENDITE>
    <BSP_VENDITE>688,000000</BSP_VENDITE>
    <MALT_VENDITE>0,000000</MALT_VENDITE>
    <XAUS_VENDITE>231,000000</XAUS_VENDITE>
    <XFRA_VENDITE>0,000000</XFRA_VENDITE>
    <TOTITABSP_VENDITE>32831,273</TOTITABSP_VENDITE>
    <TOTITABSP_ACQUISTI>32062,884</TOTITABSP_ACQUISTI>
  </Quantita>
  <Quantita>
    <Data>20161230</Data>
    <Mercato>MGP</Mercato>
    <Ora>9</Ora>
    <TOTALE_ACQUISTI>35085,253</TOTALE_ACQUISTI>
    <NAT_ACQUISTI>35862,046000</NAT_ACQUISTI>
    <CNOR_ACQUISTI>3559,893000</CNOR_ACQUISTI>
    <CSUD_ACQUISTI>5694,507000</CSUD_ACQUISTI>
    <NORD_ACQUISTI>18170,299000</NORD_ACQUISTI>
    <SARD_ACQUISTI>1153,973000</SARD_ACQUISTI>
    <SICI_ACQUISTI>2123,410000</SICI_ACQUISTI>
    <SUD_ACQUISTI>2720,171000</SUD_ACQUISTI>
    <AUST_ACQUISTI>0,000000</AUST_ACQUISTI>
    <BRNN_ACQUISTI>0,000000</BRNN_ACQUISTI>
    <COAC_ACQUISTI>89,000000</COAC_ACQUISTI>
    <CORS_ACQUISTI>49,000000</CORS_ACQUISTI>
    <FOGN_ACQUISTI>0,000000</FOGN_ACQUISTI>
    <FRAN_ACQUISTI>130,000000</FRAN_ACQUISTI>
    <GREC_ACQUISTI>0,000000</GREC_ACQUISTI>
    <MFTV_ACQUISTI>0,000000</MFTV_ACQUISTI>
    <PRGP_ACQUISTI>0,000000</PRGP_ACQUISTI>
    <ROSN_ACQUISTI>0,000000</ROSN_ACQUISTI>
    <SLOV_ACQUISTI>0,000000</SLOV_ACQUISTI>
    <SVIZ_ACQUISTI>1199,000000</SVIZ_ACQUISTI>
    <BSP_ACQUISTI>0,000000</BSP_ACQUISTI>
    <MALT_ACQUISTI>196,000000</MALT_ACQUISTI>
    <XAUS_ACQUISTI>0,000000</XAUS_ACQUISTI>
    <XFRA_ACQUISTI>697,390000</XFRA_ACQUISTI>
    <TOTALE_VENDITE>34863,643</TOTALE_VENDITE>
    <NAT_VENDITE>35862,046000</NAT_VENDITE>
    <CNOR_VENDITE>2169,995000</CNOR_VENDITE>
    <CSUD_VENDITE>4123,815000</CSUD_VENDITE>
    <NORD_VENDITE>16858,637000</NORD_VENDITE>
    <SARD_VENDITE>1609,615000</SARD_VENDITE>
    <SICI_VENDITE>1211,286000</SICI_VENDITE>
    <SUD_VENDITE>3078,949000</SUD_VENDITE>
    <AUST_VENDITE>77,000000</AUST_VENDITE>
    <BRNN_VENDITE>1617,550000</BRNN_VENDITE>
    <COAC_VENDITE>0,000000</COAC_VENDITE>
    <CORS_VENDITE>0,000000</CORS_VENDITE>
    <FOGN_VENDITE>423,672000</FOGN_VENDITE>
    <FRAN_VENDITE>139,000000</FRAN_VENDITE>
    <GREC_VENDITE>0,000000</GREC_VENDITE>
    <MFTV_VENDITE>0,000000</MFTV_VENDITE>
    <PRGP_VENDITE>8,124000</PRGP_VENDITE>
    <ROSN_VENDITE>1900,000000</ROSN_VENDITE>
    <SLOV_VENDITE>20,000000</SLOV_VENDITE>
    <SVIZ_VENDITE>1626,000000</SVIZ_VENDITE>
    <BSP_VENDITE>688,000000</BSP_VENDITE>
    <MALT_VENDITE>0,000000</MALT_VENDITE>
    <XAUS_VENDITE>231,000000</XAUS_VENDITE>
    <XFRA_VENDITE>0,000000</XFRA_VENDITE>
    <TOTITABSP_VENDITE>35551,643</TOTITABSP_VENDITE>
    <TOTITABSP_ACQUISTI>35085,253</TOTITABSP_ACQUISTI>
  </Quantita>
  <Quantita>
    <Data>20161230</Data>
    <Mercato>MGP</Mercato>
    <Ora>10</Ora>
    <TOTALE_ACQUISTI>35888,436</TOTALE_ACQUISTI>
    <NAT_ACQUISTI>37048,349000</NAT_ACQUISTI>
    <CNOR_ACQUISTI>3726,984000</CNOR_ACQUISTI>
    <CSUD_ACQUISTI>5971,406000</CSUD_ACQUISTI>
    <NORD_ACQUISTI>18463,948000</NORD_ACQUISTI>
    <SARD_ACQUISTI>1166,942000</SARD_ACQUISTI>
    <SICI_ACQUISTI>2212,916000</SICI_ACQUISTI>
    <SUD_ACQUISTI>2757,240000</SUD_ACQUISTI>
    <AUST_ACQUISTI>0,000000</AUST_ACQUISTI>
    <BRNN_ACQUISTI>0,000000</BRNN_ACQUISTI>
    <COAC_ACQUISTI>81,000000</COAC_ACQUISTI>
    <CORS_ACQUISTI>49,000000</CORS_ACQUISTI>
    <FOGN_ACQUISTI>0,000000</FOGN_ACQUISTI>
    <FRAN_ACQUISTI>130,000000</FRAN_ACQUISTI>
    <GREC_ACQUISTI>9,000000</GREC_ACQUISTI>
    <MFTV_ACQUISTI>0,000000</MFTV_ACQUISTI>
    <PRGP_ACQUISTI>0,000000</PRGP_ACQUISTI>
    <ROSN_ACQUISTI>0,000000</ROSN_ACQUISTI>
    <SLOV_ACQUISTI>0,000000</SLOV_ACQUISTI>
    <SVIZ_ACQUISTI>1142,000000</SVIZ_ACQUISTI>
    <BSP_ACQUISTI>0,000000</BSP_ACQUISTI>
    <MALT_ACQUISTI>178,000000</MALT_ACQUISTI>
    <XAUS_ACQUISTI>0,000000</XAUS_ACQUISTI>
    <XFRA_ACQUISTI>1004,000000</XFRA_ACQUISTI>
    <TOTALE_VENDITE>35973,436</TOTALE_VENDITE>
    <NAT_VENDITE>37048,349000</NAT_VENDITE>
    <CNOR_VENDITE>2326,536000</CNOR_VENDITE>
    <CSUD_VENDITE>4458,785000</CSUD_VENDITE>
    <NORD_VENDITE>17476,820000</NORD_VENDITE>
    <SARD_VENDITE>1635,550000</SARD_VENDITE>
    <SICI_VENDITE>1337,392000</SICI_VENDITE>
    <SUD_VENDITE>3610,920000</SUD_VENDITE>
    <AUST_VENDITE>77,000000</AUST_VENDITE>
    <BRNN_VENDITE>1129,880000</BRNN_VENDITE>
    <COAC_VENDITE>0,000000</COAC_VENDITE>
    <CORS_VENDITE>0,000000</CORS_VENDITE>
    <FOGN_VENDITE>425,440000</FOGN_VENDITE>
    <FRAN_VENDITE>139,000000</FRAN_VENDITE>
    <GREC_VENDITE>0,000000</GREC_VENDITE>
    <MFTV_VENDITE>0,000000</MFTV_VENDITE>
    <PRGP_VENDITE>12,071000</PRGP_VENDITE>
    <ROSN_VENDITE>1841,453000</ROSN_VENDITE>
    <SLOV_VENDITE>20,000000</SLOV_VENDITE>
    <SVIZ_VENDITE>1482,589000</SVIZ_VENDITE>
    <BSP_VENDITE>688,000000</BSP_VENDITE>
    <MALT_VENDITE>0,000000</MALT_VENDITE>
    <XAUS_VENDITE>231,000000</XAUS_VENDITE>
    <XFRA_VENDITE>0,000000</XFRA_VENDITE>
    <TOTITABSP_VENDITE>36661,436</TOTITABSP_VENDITE>
    <TOTITABSP_ACQUISTI>35888,436</TOTITABSP_ACQUISTI>
  </Quantita>
  <Quantita>
    <Data>20161230</Data>
    <Mercato>MGP</Mercato>
    <Ora>11</Ora>
    <TOTALE_ACQUISTI>35884,596</TOTALE_ACQUISTI>
    <NAT_ACQUISTI>37091,704000</NAT_ACQUISTI>
    <CNOR_ACQUISTI>3680,830000</CNOR_ACQUISTI>
    <CSUD_ACQUISTI>5967,211000</CSUD_ACQUISTI>
    <NORD_ACQUISTI>18438,310000</NORD_ACQUISTI>
    <SARD_ACQUISTI>1136,054000</SARD_ACQUISTI>
    <SICI_ACQUISTI>2152,230000</SICI_ACQUISTI>
    <SUD_ACQUISTI>2674,961000</SUD_ACQUISTI>
    <AUST_ACQUISTI>0,000000</AUST_ACQUISTI>
    <BRNN_ACQUISTI>0,000000</BRNN_ACQUISTI>
    <COAC_ACQUISTI>69,000000</COAC_ACQUISTI>
    <CORS_ACQUISTI>49,000000</CORS_ACQUISTI>
    <FOGN_ACQUISTI>0,000000</FOGN_ACQUISTI>
    <FRAN_ACQUISTI>130,000000</FRAN_ACQUISTI>
    <GREC_ACQUISTI>77,000000</GREC_ACQUISTI>
    <MFTV_ACQUISTI>0,000000</MFTV_ACQUISTI>
    <PRGP_ACQUISTI>0,000000</PRGP_ACQUISTI>
    <ROSN_ACQUISTI>0,000000</ROSN_ACQUISTI>
    <SLOV_ACQUISTI>0,000000</SLOV_ACQUISTI>
    <SVIZ_ACQUISTI>1335,000000</SVIZ_ACQUISTI>
    <BSP_ACQUISTI>0,000000</BSP_ACQUISTI>
    <MALT_ACQUISTI>175,000000</MALT_ACQUISTI>
    <XAUS_ACQUISTI>0,000000</XAUS_ACQUISTI>
    <XFRA_ACQUISTI>1004,000000</XFRA_ACQUISTI>
    <TOTALE_VENDITE>36151,596</TOTALE_VENDITE>
    <NAT_VENDITE>37091,704000</NAT_VENDITE>
    <CNOR_VENDITE>2446,209000</CNOR_VENDITE>
    <CSUD_VENDITE>4756,641000</CSUD_VENDITE>
    <NORD_VENDITE>17423,913000</NORD_VENDITE>
    <SARD_VENDITE>1688,642000</SARD_VENDITE>
    <SICI_VENDITE>1479,102000</SICI_VENDITE>
    <SUD_VENDITE>3989,774000</SUD_VENDITE>
    <AUST_VENDITE>77,000000</AUST_VENDITE>
    <BRNN_VENDITE>739,305000</BRNN_VENDITE>
    <COAC_VENDITE>0,000000</COAC_VENDITE>
    <CORS_VENDITE>0,000000</CORS_VENDITE>
    <FOGN_VENDITE>422,882000</FOGN_VENDITE>
    <FRAN_VENDITE>139,000000</FRAN_VENDITE>
    <GREC_VENDITE>0,000000</GREC_VENDITE>
    <MFTV_VENDITE>0,000000</MFTV_VENDITE>
    <PRGP_VENDITE>13,470000</PRGP_VENDITE>
    <ROSN_VENDITE>1634,658000</ROSN_VENDITE>
    <SLOV_VENDITE>20,000000</SLOV_VENDITE>
    <SVIZ_VENDITE>1321,000000</SVIZ_VENDITE>
    <BSP_VENDITE>506,000000</BSP_VENDITE>
    <MALT_VENDITE>0,000000</MALT_VENDITE>
    <XAUS_VENDITE>231,000000</XAUS_VENDITE>
    <XFRA_VENDITE>0,000000</XFRA_VENDITE>
    <TOTITABSP_VENDITE>36657,596</TOTITABSP_VENDITE>
    <TOTITABSP_ACQUISTI>35884,596</TOTITABSP_ACQUISTI>
  </Quantita>
  <Quantita>
    <Data>20161230</Data>
    <Mercato>MGP</Mercato>
    <Ora>12</Ora>
    <TOTALE_ACQUISTI>35529,344</TOTALE_ACQUISTI>
    <NAT_ACQUISTI>36699,112000</NAT_ACQUISTI>
    <CNOR_ACQUISTI>3575,271000</CNOR_ACQUISTI>
    <CSUD_ACQUISTI>5823,458000</CSUD_ACQUISTI>
    <NORD_ACQUISTI>18304,000000</NORD_ACQUISTI>
    <SARD_ACQUISTI>1089,204000</SARD_ACQUISTI>
    <SICI_ACQUISTI>2097,183000</SICI_ACQUISTI>
    <SUD_ACQUISTI>2626,228000</SUD_ACQUISTI>
    <AUST_ACQUISTI>0,000000</AUST_ACQUISTI>
    <BRNN_ACQUISTI>0,000000</BRNN_ACQUISTI>
    <COAC_ACQUISTI>60,000000</COAC_ACQUISTI>
    <CORS_ACQUISTI>49,000000</CORS_ACQUISTI>
    <FOGN_ACQUISTI>0,000000</FOGN_ACQUISTI>
    <FRAN_ACQUISTI>130,000000</FRAN_ACQUISTI>
    <GREC_ACQUISTI>77,000000</GREC_ACQUISTI>
    <MFTV_ACQUISTI>0,000000</MFTV_ACQUISTI>
    <PRGP_ACQUISTI>0,000000</PRGP_ACQUISTI>
    <ROSN_ACQUISTI>0,000000</ROSN_ACQUISTI>
    <SLOV_ACQUISTI>0,000000</SLOV_ACQUISTI>
    <SVIZ_ACQUISTI>1535,000000</SVIZ_ACQUISTI>
    <BSP_ACQUISTI>0,000000</BSP_ACQUISTI>
    <MALT_ACQUISTI>163,000000</MALT_ACQUISTI>
    <XAUS_ACQUISTI>0,000000</XAUS_ACQUISTI>
    <XFRA_ACQUISTI>1004,000000</XFRA_ACQUISTI>
    <TOTALE_VENDITE>35765,344</TOTALE_VENDITE>
    <NAT_VENDITE>36699,112000</NAT_VENDITE>
    <CNOR_VENDITE>2482,474000</CNOR_VENDITE>
    <CSUD_VENDITE>4914,441000</CSUD_VENDITE>
    <NORD_VENDITE>17198,117000</NORD_VENDITE>
    <SARD_VENDITE>1732,901000</SARD_VENDITE>
    <SICI_VENDITE>1605,990000</SICI_VENDITE>
    <SUD_VENDITE>4097,667000</SUD_VENDITE>
    <AUST_VENDITE>77,000000</AUST_VENDITE>
    <BRNN_VENDITE>645,668000</BRNN_VENDITE>
    <COAC_VENDITE>0,000000</COAC_VENDITE>
    <CORS_VENDITE>0,000000</CORS_VENDITE>
    <FOGN_VENDITE>359,893000</FOGN_VENDITE>
    <FRAN_VENDITE>139,000000</FRAN_VENDITE>
    <GREC_VENDITE>0,000000</GREC_VENDITE>
    <MFTV_VENDITE>0,000000</MFTV_VENDITE>
    <PRGP_VENDITE>13,470000</PRGP_VENDITE>
    <ROSN_VENDITE>1440,723000</ROSN_VENDITE>
    <SLOV_VENDITE>20,000000</SLOV_VENDITE>
    <SVIZ_VENDITE>1038,000000</SVIZ_VENDITE>
    <BSP_VENDITE>537,000000</BSP_VENDITE>
    <MALT_VENDITE>0,000000</MALT_VENDITE>
    <XAUS_VENDITE>231,000000</XAUS_VENDITE>
    <XFRA_VENDITE>0,000000</XFRA_VENDITE>
    <TOTITABSP_VENDITE>36302,344</TOTITABSP_VENDITE>
    <TOTITABSP_ACQUISTI>35529,344</TOTITABSP_ACQUISTI>
  </Quantita>
  <Quantita>
    <Data>20161230</Data>
    <Mercato>MGP</Mercato>
    <Ora>13</Ora>
    <TOTALE_ACQUISTI>34229,84</TOTALE_ACQUISTI>
    <NAT_ACQUISTI>35233,840000</NAT_ACQUISTI>
    <CNOR_ACQUISTI>3389,286000</CNOR_ACQUISTI>
    <CSUD_ACQUISTI>5782,879000</CSUD_ACQUISTI>
    <NORD_ACQUISTI>16853,682000</NORD_ACQUISTI>
    <SARD_ACQUISTI>1070,197000</SARD_ACQUISTI>
    <SICI_ACQUISTI>2080,374000</SICI_ACQUISTI>
    <SUD_ACQUISTI>2644,422000</SUD_ACQUISTI>
    <AUST_ACQUISTI>0,000000</AUST_ACQUISTI>
    <BRNN_ACQUISTI>0,000000</BRNN_ACQUISTI>
    <COAC_ACQUISTI>54,000000</COAC_ACQUISTI>
    <CORS_ACQUISTI>49,000000</CORS_ACQUISTI>
    <FOGN_ACQUISTI>0,000000</FOGN_ACQUISTI>
    <FRAN_ACQUISTI>130,000000</FRAN_ACQUISTI>
    <GREC_ACQUISTI>77,000000</GREC_ACQUISTI>
    <MFTV_ACQUISTI>0,000000</MFTV_ACQUISTI>
    <PRGP_ACQUISTI>0,000000</PRGP_ACQUISTI>
    <ROSN_ACQUISTI>0,000000</ROSN_ACQUISTI>
    <SLOV_ACQUISTI>0,000000</SLOV_ACQUISTI>
    <SVIZ_ACQUISTI>1944,000000</SVIZ_ACQUISTI>
    <BSP_ACQUISTI>0,000000</BSP_ACQUISTI>
    <MALT_ACQUISTI>155,000000</MALT_ACQUISTI>
    <XAUS_ACQUISTI>0,000000</XAUS_ACQUISTI>
    <XFRA_ACQUISTI>1004,000000</XFRA_ACQUISTI>
    <TOTALE_VENDITE>34566,84</TOTALE_VENDITE>
    <NAT_VENDITE>35233,840000</NAT_VENDITE>
    <CNOR_VENDITE>2337,123000</CNOR_VENDITE>
    <CSUD_VENDITE>4916,725000</CSUD_VENDITE>
    <NORD_VENDITE>16411,076000</NORD_VENDITE>
    <SARD_VENDITE>1750,120000</SARD_VENDITE>
    <SICI_VENDITE>1661,801000</SICI_VENDITE>
    <SUD_VENDITE>4098,800000</SUD_VENDITE>
    <AUST_VENDITE>77,000000</AUST_VENDITE>
    <BRNN_VENDITE>665,418000</BRNN_VENDITE>
    <COAC_VENDITE>0,000000</COAC_VENDITE>
    <CORS_VENDITE>0,000000</CORS_VENDITE>
    <FOGN_VENDITE>357,204000</FOGN_VENDITE>
    <FRAN_VENDITE>139,000000</FRAN_VENDITE>
    <GREC_VENDITE>0,000000</GREC_VENDITE>
    <MFTV_VENDITE>0,000000</MFTV_VENDITE>
    <PRGP_VENDITE>13,064000</PRGP_VENDITE>
    <ROSN_VENDITE>1360,509000</ROSN_VENDITE>
    <SLOV_VENDITE>20,000000</SLOV_VENDITE>
    <SVIZ_VENDITE>759,000000</SVIZ_VENDITE>
    <BSP_VENDITE>436,000000</BSP_VENDITE>
    <MALT_VENDITE>0,000000</MALT_VENDITE>
    <XAUS_VENDITE>231,000000</XAUS_VENDITE>
    <XFRA_VENDITE>0,000000</XFRA_VENDITE>
    <TOTITABSP_VENDITE>35002,84</TOTITABSP_VENDITE>
    <TOTITABSP_ACQUISTI>34229,84</TOTITABSP_ACQUISTI>
  </Quantita>
  <Quantita>
    <Data>20161230</Data>
    <Mercato>MGP</Mercato>
    <Ora>14</Ora>
    <TOTALE_ACQUISTI>33117,056</TOTALE_ACQUISTI>
    <NAT_ACQUISTI>34220,639000</NAT_ACQUISTI>
    <CNOR_ACQUISTI>3241,787000</CNOR_ACQUISTI>
    <CSUD_ACQUISTI>5571,947000</CSUD_ACQUISTI>
    <NORD_ACQUISTI>16749,014000</NORD_ACQUISTI>
    <SARD_ACQUISTI>1040,268000</SARD_ACQUISTI>
    <SICI_ACQUISTI>2039,906000</SICI_ACQUISTI>
    <SUD_ACQUISTI>2530,134000</SUD_ACQUISTI>
    <AUST_ACQUISTI>0,000000</AUST_ACQUISTI>
    <BRNN_ACQUISTI>0,000000</BRNN_ACQUISTI>
    <COAC_ACQUISTI>50,000000</COAC_ACQUISTI>
    <CORS_ACQUISTI>49,000000</CORS_ACQUISTI>
    <FOGN_ACQUISTI>0,000000</FOGN_ACQUISTI>
    <FRAN_ACQUISTI>130,000000</FRAN_ACQUISTI>
    <GREC_ACQUISTI>77,000000</GREC_ACQUISTI>
    <MFTV_ACQUISTI>0,000000</MFTV_ACQUISTI>
    <PRGP_ACQUISTI>0,000000</PRGP_ACQUISTI>
    <ROSN_ACQUISTI>0,000000</ROSN_ACQUISTI>
    <SLOV_ACQUISTI>0,000000</SLOV_ACQUISTI>
    <SVIZ_ACQUISTI>1480,000000</SVIZ_ACQUISTI>
    <BSP_ACQUISTI>0,000000</BSP_ACQUISTI>
    <MALT_ACQUISTI>158,000000</MALT_ACQUISTI>
    <XAUS_ACQUISTI>0,000000</XAUS_ACQUISTI>
    <XFRA_ACQUISTI>1004,000000</XFRA_ACQUISTI>
    <TOTALE_VENDITE>33468,056</TOTALE_VENDITE>
    <NAT_VENDITE>34220,639000</NAT_VENDITE>
    <CNOR_VENDITE>2257,663000</CNOR_VENDITE>
    <CSUD_VENDITE>4743,585000</CSUD_VENDITE>
    <NORD_VENDITE>15720,138000</NORD_VENDITE>
    <SARD_VENDITE>1718,630000</SARD_VENDITE>
    <SICI_VENDITE>1668,977000</SICI_VENDITE>
    <SUD_VENDITE>3901,364000</SUD_VENDITE>
    <AUST_VENDITE>77,000000</AUST_VENDITE>
    <BRNN_VENDITE>700,708000</BRNN_VENDITE>
    <COAC_VENDITE>0,000000</COAC_VENDITE>
    <CORS_VENDITE>0,000000</CORS_VENDITE>
    <FOGN_VENDITE>405,062000</FOGN_VENDITE>
    <FRAN_VENDITE>139,000000</FRAN_VENDITE>
    <GREC_VENDITE>0,000000</GREC_VENDITE>
    <MFTV_VENDITE>0,000000</MFTV_VENDITE>
    <PRGP_VENDITE>10,516000</PRGP_VENDITE>
    <ROSN_VENDITE>1318,413000</ROSN_VENDITE>
    <SLOV_VENDITE>20,000000</SLOV_VENDITE>
    <SVIZ_VENDITE>787,000000</SVIZ_VENDITE>
    <BSP_VENDITE>424,000000</BSP_VENDITE>
    <MALT_VENDITE>0,000000</MALT_VENDITE>
    <XAUS_VENDITE>229,000000</XAUS_VENDITE>
    <XFRA_VENDITE>0,000000</XFRA_VENDITE>
    <TOTITABSP_VENDITE>33892,056</TOTITABSP_VENDITE>
    <TOTITABSP_ACQUISTI>33117,056</TOTITABSP_ACQUISTI>
  </Quantita>
  <Quantita>
    <Data>20161230</Data>
    <Mercato>MGP</Mercato>
    <Ora>15</Ora>
    <TOTALE_ACQUISTI>33416,028</TOTALE_ACQUISTI>
    <NAT_ACQUISTI>33416,028000</NAT_ACQUISTI>
    <CNOR_ACQUISTI>3389,492000</CNOR_ACQUISTI>
    <CSUD_ACQUISTI>5561,097000</CSUD_ACQUISTI>
    <NORD_ACQUISTI>17349,522000</NORD_ACQUISTI>
    <SARD_ACQUISTI>1029,793000</SARD_ACQUISTI>
    <SICI_ACQUISTI>2074,980000</SICI_ACQUISTI>
    <SUD_ACQUISTI>2532,144000</SUD_ACQUISTI>
    <AUST_ACQUISTI>0,000000</AUST_ACQUISTI>
    <BRNN_ACQUISTI>0,000000</BRNN_ACQUISTI>
    <COAC_ACQUISTI>56,000000</COAC_ACQUISTI>
    <CORS_ACQUISTI>49,000000</CORS_ACQUISTI>
    <FOGN_ACQUISTI>0,000000</FOGN_ACQUISTI>
    <FRAN_ACQUISTI>130,000000</FRAN_ACQUISTI>
    <GREC_ACQUISTI>77,000000</GREC_ACQUISTI>
    <MFTV_ACQUISTI>0,000000</MFTV_ACQUISTI>
    <PRGP_ACQUISTI>0,000000</PRGP_ACQUISTI>
    <ROSN_ACQUISTI>0,000000</ROSN_ACQUISTI>
    <SLOV_ACQUISTI>0,000000</SLOV_ACQUISTI>
    <SVIZ_ACQUISTI>1001,000000</SVIZ_ACQUISTI>
    <BSP_ACQUISTI>0,000000</BSP_ACQUISTI>
    <MALT_ACQUISTI>166,000000</MALT_ACQUISTI>
    <XAUS_ACQUISTI>0,000000</XAUS_ACQUISTI>
    <XFRA_ACQUISTI>0,000000</XFRA_ACQUISTI>
    <TOTALE_VENDITE>31706,775</TOTALE_VENDITE>
    <NAT_VENDITE>33416,028000</NAT_VENDITE>
    <CNOR_VENDITE>2134,858000</CNOR_VENDITE>
    <CSUD_VENDITE>4502,612000</CSUD_VENDITE>
    <NORD_VENDITE>14463,311000</NORD_VENDITE>
    <SARD_VENDITE>1680,079000</SARD_VENDITE>
    <SICI_VENDITE>1585,577000</SICI_VENDITE>
    <SUD_VENDITE>3491,150000</SUD_VENDITE>
    <AUST_VENDITE>77,000000</AUST_VENDITE>
    <BRNN_VENDITE>948,096000</BRNN_VENDITE>
    <COAC_VENDITE>0,000000</COAC_VENDITE>
    <CORS_VENDITE>0,000000</CORS_VENDITE>
    <FOGN_VENDITE>407,689000</FOGN_VENDITE>
    <FRAN_VENDITE>139,000000</FRAN_VENDITE>
    <GREC_VENDITE>0,000000</GREC_VENDITE>
    <MFTV_VENDITE>0,000000</MFTV_VENDITE>
    <PRGP_VENDITE>7,588000</PRGP_VENDITE>
    <ROSN_VENDITE>1447,815000</ROSN_VENDITE>
    <SLOV_VENDITE>20,000000</SLOV_VENDITE>
    <SVIZ_VENDITE>802,000000</SVIZ_VENDITE>
    <BSP_VENDITE>481,000000</BSP_VENDITE>
    <MALT_VENDITE>0,000000</MALT_VENDITE>
    <XAUS_VENDITE>229,000000</XAUS_VENDITE>
    <XFRA_VENDITE>999,253000</XFRA_VENDITE>
    <TOTITABSP_VENDITE>32187,775</TOTITABSP_VENDITE>
    <TOTITABSP_ACQUISTI>33416,028</TOTITABSP_ACQUISTI>
  </Quantita>
  <Quantita>
    <Data>20161230</Data>
    <Mercato>MGP</Mercato>
    <Ora>16</Ora>
    <TOTALE_ACQUISTI>34612,441</TOTALE_ACQUISTI>
    <NAT_ACQUISTI>34637,430000</NAT_ACQUISTI>
    <CNOR_ACQUISTI>3550,687000</CNOR_ACQUISTI>
    <CSUD_ACQUISTI>5815,750000</CSUD_ACQUISTI>
    <NORD_ACQUISTI>17798,590000</NORD_ACQUISTI>
    <SARD_ACQUISTI>1068,654000</SARD_ACQUISTI>
    <SICI_ACQUISTI>2139,364000</SICI_ACQUISTI>
    <SUD_ACQUISTI>2622,396000</SUD_ACQUISTI>
    <AUST_ACQUISTI>0,000000</AUST_ACQUISTI>
    <BRNN_ACQUISTI>0,000000</BRNN_ACQUISTI>
    <COAC_ACQUISTI>70,000000</COAC_ACQUISTI>
    <CORS_ACQUISTI>49,000000</CORS_ACQUISTI>
    <FOGN_ACQUISTI>0,000000</FOGN_ACQUISTI>
    <FRAN_ACQUISTI>130,000000</FRAN_ACQUISTI>
    <GREC_ACQUISTI>77,000000</GREC_ACQUISTI>
    <MFTV_ACQUISTI>0,000000</MFTV_ACQUISTI>
    <PRGP_ACQUISTI>0,000000</PRGP_ACQUISTI>
    <ROSN_ACQUISTI>0,000000</ROSN_ACQUISTI>
    <SLOV_ACQUISTI>0,000000</SLOV_ACQUISTI>
    <SVIZ_ACQUISTI>1115,000000</SVIZ_ACQUISTI>
    <BSP_ACQUISTI>0,000000</BSP_ACQUISTI>
    <MALT_ACQUISTI>176,000000</MALT_ACQUISTI>
    <XAUS_ACQUISTI>0,000000</XAUS_ACQUISTI>
    <XFRA_ACQUISTI>0,000000</XFRA_ACQUISTI>
    <TOTALE_VENDITE>31710,031</TOTALE_VENDITE>
    <NAT_VENDITE>34637,430000</NAT_VENDITE>
    <CNOR_VENDITE>1979,200000</CNOR_VENDITE>
    <CSUD_VENDITE>4497,323000</CSUD_VENDITE>
    <NORD_VENDITE>14630,937000</NORD_VENDITE>
    <SARD_VENDITE>1623,453000</SARD_VENDITE>
    <SICI_VENDITE>1458,233000</SICI_VENDITE>
    <SUD_VENDITE>2999,972000</SUD_VENDITE>
    <AUST_VENDITE>77,000000</AUST_VENDITE>
    <BRNN_VENDITE>1138,900000</BRNN_VENDITE>
    <COAC_VENDITE>0,000000</COAC_VENDITE>
    <CORS_VENDITE>0,000000</CORS_VENDITE>
    <FOGN_VENDITE>661,882000</FOGN_VENDITE>
    <FRAN_VENDITE>139,000000</FRAN_VENDITE>
    <GREC_VENDITE>0,000000</GREC_VENDITE>
    <MFTV_VENDITE>0,000000</MFTV_VENDITE>
    <PRGP_VENDITE>4,534000</PRGP_VENDITE>
    <ROSN_VENDITE>1652,597000</ROSN_VENDITE>
    <SLOV_VENDITE>20,000000</SLOV_VENDITE>
    <SVIZ_VENDITE>827,000000</SVIZ_VENDITE>
    <BSP_VENDITE>622,000000</BSP_VENDITE>
    <MALT_VENDITE>0,000000</MALT_VENDITE>
    <XAUS_VENDITE>229,000000</XAUS_VENDITE>
    <XFRA_VENDITE>2051,410000</XFRA_VENDITE>
    <TOTITABSP_VENDITE>32332,031</TOTITABSP_VENDITE>
    <TOTITABSP_ACQUISTI>34612,441</TOTITABSP_ACQUISTI>
  </Quantita>
  <Quantita>
    <Data>20161230</Data>
    <Mercato>MGP</Mercato>
    <Ora>17</Ora>
    <TOTALE_ACQUISTI>36023,533</TOTALE_ACQUISTI>
    <NAT_ACQUISTI>36048,533000</NAT_ACQUISTI>
    <CNOR_ACQUISTI>3769,142000</CNOR_ACQUISTI>
    <CSUD_ACQUISTI>6124,035000</CSUD_ACQUISTI>
    <NORD_ACQUISTI>18330,358000</NORD_ACQUISTI>
    <SARD_ACQUISTI>1126,884000</SARD_ACQUISTI>
    <SICI_ACQUISTI>2273,960000</SICI_ACQUISTI>
    <SUD_ACQUISTI>2973,154000</SUD_ACQUISTI>
    <AUST_ACQUISTI>0,000000</AUST_ACQUISTI>
    <BRNN_ACQUISTI>0,000000</BRNN_ACQUISTI>
    <COAC_ACQUISTI>90,000000</COAC_ACQUISTI>
    <CORS_ACQUISTI>49,000000</CORS_ACQUISTI>
    <FOGN_ACQUISTI>0,000000</FOGN_ACQUISTI>
    <FRAN_ACQUISTI>130,000000</FRAN_ACQUISTI>
    <GREC_ACQUISTI>9,000000</GREC_ACQUISTI>
    <MFTV_ACQUISTI>0,000000</MFTV_ACQUISTI>
    <PRGP_ACQUISTI>0,000000</PRGP_ACQUISTI>
    <ROSN_ACQUISTI>0,000000</ROSN_ACQUISTI>
    <SLOV_ACQUISTI>0,000000</SLOV_ACQUISTI>
    <SVIZ_ACQUISTI>956,000000</SVIZ_ACQUISTI>
    <BSP_ACQUISTI>0,000000</BSP_ACQUISTI>
    <MALT_ACQUISTI>192,000000</MALT_ACQUISTI>
    <XAUS_ACQUISTI>0,000000</XAUS_ACQUISTI>
    <XFRA_ACQUISTI>0,000000</XFRA_ACQUISTI>
    <TOTALE_VENDITE>33843,466</TOTALE_VENDITE>
    <NAT_VENDITE>36048,533000</NAT_VENDITE>
    <CNOR_VENDITE>1966,643000</CNOR_VENDITE>
    <CSUD_VENDITE>4150,662000</CSUD_VENDITE>
    <NORD_VENDITE>15109,353000</NORD_VENDITE>
    <SARD_VENDITE>1505,694000</SARD_VENDITE>
    <SICI_VENDITE>1504,122000</SICI_VENDITE>
    <SUD_VENDITE>2352,206000</SUD_VENDITE>
    <AUST_VENDITE>77,000000</AUST_VENDITE>
    <BRNN_VENDITE>2727,809000</BRNN_VENDITE>
    <COAC_VENDITE>0,000000</COAC_VENDITE>
    <CORS_VENDITE>0,000000</CORS_VENDITE>
    <FOGN_VENDITE>1011,079000</FOGN_VENDITE>
    <FRAN_VENDITE>139,000000</FRAN_VENDITE>
    <GREC_VENDITE>0,000000</GREC_VENDITE>
    <MFTV_VENDITE>0,000000</MFTV_VENDITE>
    <PRGP_VENDITE>450,867000</PRGP_VENDITE>
    <ROSN_VENDITE>2002,031000</ROSN_VENDITE>
    <SLOV_VENDITE>20,000000</SLOV_VENDITE>
    <SVIZ_VENDITE>827,000000</SVIZ_VENDITE>
    <BSP_VENDITE>386,000000</BSP_VENDITE>
    <MALT_VENDITE>0,000000</MALT_VENDITE>
    <XAUS_VENDITE>229,000000</XAUS_VENDITE>
    <XFRA_VENDITE>1565,067000</XFRA_VENDITE>
    <TOTITABSP_VENDITE>34229,466</TOTITABSP_VENDITE>
    <TOTITABSP_ACQUISTI>36023,533</TOTITABSP_ACQUISTI>
  </Quantita>
  <Quantita>
    <Data>20161230</Data>
    <Mercato>MGP</Mercato>
    <Ora>18</Ora>
    <TOTALE_ACQUISTI>38659,303</TOTALE_ACQUISTI>
    <NAT_ACQUISTI>38659,303000</NAT_ACQUISTI>
    <CNOR_ACQUISTI>4094,876000</CNOR_ACQUISTI>
    <CSUD_ACQUISTI>6734,186000</CSUD_ACQUISTI>
    <NORD_ACQUISTI>19517,342000</NORD_ACQUISTI>
    <SARD_ACQUISTI>1227,317000</SARD_ACQUISTI>
    <SICI_ACQUISTI>2586,784000</SICI_ACQUISTI>
    <SUD_ACQUISTI>3429,798000</SUD_ACQUISTI>
    <AUST_ACQUISTI>0,000000</AUST_ACQUISTI>
    <BRNN_ACQUISTI>0,000000</BRNN_ACQUISTI>
    <COAC_ACQUISTI>95,000000</COAC_ACQUISTI>
    <CORS_ACQUISTI>49,000000</CORS_ACQUISTI>
    <FOGN_ACQUISTI>0,000000</FOGN_ACQUISTI>
    <FRAN_ACQUISTI>130,000000</FRAN_ACQUISTI>
    <GREC_ACQUISTI>9,000000</GREC_ACQUISTI>
    <MFTV_ACQUISTI>0,000000</MFTV_ACQUISTI>
    <PRGP_ACQUISTI>0,000000</PRGP_ACQUISTI>
    <ROSN_ACQUISTI>0,000000</ROSN_ACQUISTI>
    <SLOV_ACQUISTI>0,000000</SLOV_ACQUISTI>
    <SVIZ_ACQUISTI>594,000000</SVIZ_ACQUISTI>
    <BSP_ACQUISTI>0,000000</BSP_ACQUISTI>
    <MALT_ACQUISTI>192,000000</MALT_ACQUISTI>
    <XAUS_ACQUISTI>0,000000</XAUS_ACQUISTI>
    <XFRA_ACQUISTI>0,000000</XFRA_ACQUISTI>
    <TOTALE_VENDITE>37709,029</TOTALE_VENDITE>
    <NAT_VENDITE>38659,303000</NAT_VENDITE>
    <CNOR_VENDITE>2054,525000</CNOR_VENDITE>
    <CSUD_VENDITE>4422,825000</CSUD_VENDITE>
    <NORD_VENDITE>16737,595000</NORD_VENDITE>
    <SARD_VENDITE>1497,861000</SARD_VENDITE>
    <SICI_VENDITE>1523,369000</SICI_VENDITE>
    <SUD_VENDITE>2148,778000</SUD_VENDITE>
    <AUST_VENDITE>77,000000</AUST_VENDITE>
    <BRNN_VENDITE>3300,433000</BRNN_VENDITE>
    <COAC_VENDITE>0,000000</COAC_VENDITE>
    <CORS_VENDITE>0,000000</CORS_VENDITE>
    <FOGN_VENDITE>1034,136000</FOGN_VENDITE>
    <FRAN_VENDITE>139,000000</FRAN_VENDITE>
    <GREC_VENDITE>0,000000</GREC_VENDITE>
    <MFTV_VENDITE>0,000000</MFTV_VENDITE>
    <PRGP_VENDITE>690,000000</PRGP_VENDITE>
    <ROSN_VENDITE>2011,253000</ROSN_VENDITE>
    <SLOV_VENDITE>20,000000</SLOV_VENDITE>
    <SVIZ_VENDITE>2052,254000</SVIZ_VENDITE>
    <BSP_VENDITE>681,000000</BSP_VENDITE>
    <MALT_VENDITE>0,000000</MALT_VENDITE>
    <XAUS_VENDITE>229,000000</XAUS_VENDITE>
    <XFRA_VENDITE>40,274000</XFRA_VENDITE>
    <TOTITABSP_VENDITE>38390,029</TOTITABSP_VENDITE>
    <TOTITABSP_ACQUISTI>38659,303</TOTITABSP_ACQUISTI>
  </Quantita>
  <Quantita>
    <Data>20161230</Data>
    <Mercato>MGP</Mercato>
    <Ora>19</Ora>
    <TOTALE_ACQUISTI>38902,511</TOTALE_ACQUISTI>
    <NAT_ACQUISTI>38902,511000</NAT_ACQUISTI>
    <CNOR_ACQUISTI>4193,621000</CNOR_ACQUISTI>
    <CSUD_ACQUISTI>6979,436000</CSUD_ACQUISTI>
    <NORD_ACQUISTI>19210,395000</NORD_ACQUISTI>
    <SARD_ACQUISTI>1282,853000</SARD_ACQUISTI>
    <SICI_ACQUISTI>2643,297000</SICI_ACQUISTI>
    <SUD_ACQUISTI>3517,909000</SUD_ACQUISTI>
    <AUST_ACQUISTI>0,000000</AUST_ACQUISTI>
    <BRNN_ACQUISTI>0,000000</BRNN_ACQUISTI>
    <COAC_ACQUISTI>95,000000</COAC_ACQUISTI>
    <CORS_ACQUISTI>49,000000</CORS_ACQUISTI>
    <FOGN_ACQUISTI>0,000000</FOGN_ACQUISTI>
    <FRAN_ACQUISTI>130,000000</FRAN_ACQUISTI>
    <GREC_ACQUISTI>9,000000</GREC_ACQUISTI>
    <MFTV_ACQUISTI>0,000000</MFTV_ACQUISTI>
    <PRGP_ACQUISTI>0,000000</PRGP_ACQUISTI>
    <ROSN_ACQUISTI>0,000000</ROSN_ACQUISTI>
    <SLOV_ACQUISTI>0,000000</SLOV_ACQUISTI>
    <SVIZ_ACQUISTI>594,000000</SVIZ_ACQUISTI>
    <BSP_ACQUISTI>0,000000</BSP_ACQUISTI>
    <MALT_ACQUISTI>198,000000</MALT_ACQUISTI>
    <XAUS_ACQUISTI>0,000000</XAUS_ACQUISTI>
    <XFRA_ACQUISTI>0,000000</XFRA_ACQUISTI>
    <TOTALE_VENDITE>37742,836</TOTALE_VENDITE>
    <NAT_VENDITE>38902,511000</NAT_VENDITE>
    <CNOR_VENDITE>2036,127000</CNOR_VENDITE>
    <CSUD_VENDITE>4177,295000</CSUD_VENDITE>
    <NORD_VENDITE>17195,777000</NORD_VENDITE>
    <SARD_VENDITE>1490,335000</SARD_VENDITE>
    <SICI_VENDITE>1467,047000</SICI_VENDITE>
    <SUD_VENDITE>2174,812000</SUD_VENDITE>
    <AUST_VENDITE>77,000000</AUST_VENDITE>
    <BRNN_VENDITE>3293,689000</BRNN_VENDITE>
    <COAC_VENDITE>0,000000</COAC_VENDITE>
    <CORS_VENDITE>0,000000</CORS_VENDITE>
    <FOGN_VENDITE>1026,912000</FOGN_VENDITE>
    <FRAN_VENDITE>139,000000</FRAN_VENDITE>
    <GREC_VENDITE>0,000000</GREC_VENDITE>
    <MFTV_VENDITE>0,000000</MFTV_VENDITE>
    <PRGP_VENDITE>450,000000</PRGP_VENDITE>
    <ROSN_VENDITE>2017,842000</ROSN_VENDITE>
    <SLOV_VENDITE>20,000000</SLOV_VENDITE>
    <SVIZ_VENDITE>2177,000000</SVIZ_VENDITE>
    <BSP_VENDITE>672,000000</BSP_VENDITE>
    <MALT_VENDITE>0,000000</MALT_VENDITE>
    <XAUS_VENDITE>226,000000</XAUS_VENDITE>
    <XFRA_VENDITE>261,675000</XFRA_VENDITE>
    <TOTITABSP_VENDITE>38414,836</TOTITABSP_VENDITE>
    <TOTITABSP_ACQUISTI>38902,511</TOTITABSP_ACQUISTI>
  </Quantita>
  <Quantita>
    <Data>20161230</Data>
    <Mercato>MGP</Mercato>
    <Ora>20</Ora>
    <TOTALE_ACQUISTI>38168,625</TOTALE_ACQUISTI>
    <NAT_ACQUISTI>38595,074000</NAT_ACQUISTI>
    <CNOR_ACQUISTI>4112,724000</CNOR_ACQUISTI>
    <CSUD_ACQUISTI>6967,278000</CSUD_ACQUISTI>
    <NORD_ACQUISTI>18616,891000</NORD_ACQUISTI>
    <SARD_ACQUISTI>1277,937000</SARD_ACQUISTI>
    <SICI_ACQUISTI>2654,986000</SICI_ACQUISTI>
    <SUD_ACQUISTI>3473,809000</SUD_ACQUISTI>
    <AUST_ACQUISTI>0,000000</AUST_ACQUISTI>
    <BRNN_ACQUISTI>0,000000</BRNN_ACQUISTI>
    <COAC_ACQUISTI>95,000000</COAC_ACQUISTI>
    <CORS_ACQUISTI>49,000000</CORS_ACQUISTI>
    <FOGN_ACQUISTI>0,000000</FOGN_ACQUISTI>
    <FRAN_ACQUISTI>130,000000</FRAN_ACQUISTI>
    <GREC_ACQUISTI>0,000000</GREC_ACQUISTI>
    <MFTV_ACQUISTI>0,000000</MFTV_ACQUISTI>
    <PRGP_ACQUISTI>0,000000</PRGP_ACQUISTI>
    <ROSN_ACQUISTI>0,000000</ROSN_ACQUISTI>
    <SLOV_ACQUISTI>0,000000</SLOV_ACQUISTI>
    <SVIZ_ACQUISTI>599,000000</SVIZ_ACQUISTI>
    <BSP_ACQUISTI>0,000000</BSP_ACQUISTI>
    <MALT_ACQUISTI>192,000000</MALT_ACQUISTI>
    <XAUS_ACQUISTI>0,000000</XAUS_ACQUISTI>
    <XFRA_ACQUISTI>426,449000</XFRA_ACQUISTI>
    <TOTALE_VENDITE>37697,074</TOTALE_VENDITE>
    <NAT_VENDITE>38595,074000</NAT_VENDITE>
    <CNOR_VENDITE>2028,967000</CNOR_VENDITE>
    <CSUD_VENDITE>4653,880000</CSUD_VENDITE>
    <NORD_VENDITE>17013,016000</NORD_VENDITE>
    <SARD_VENDITE>1460,958000</SARD_VENDITE>
    <SICI_VENDITE>1384,893000</SICI_VENDITE>
    <SUD_VENDITE>2028,443000</SUD_VENDITE>
    <AUST_VENDITE>77,000000</AUST_VENDITE>
    <BRNN_VENDITE>3289,561000</BRNN_VENDITE>
    <COAC_VENDITE>0,000000</COAC_VENDITE>
    <CORS_VENDITE>0,000000</CORS_VENDITE>
    <FOGN_VENDITE>1023,131000</FOGN_VENDITE>
    <FRAN_VENDITE>139,000000</FRAN_VENDITE>
    <GREC_VENDITE>0,000000</GREC_VENDITE>
    <MFTV_VENDITE>0,000000</MFTV_VENDITE>
    <PRGP_VENDITE>450,000000</PRGP_VENDITE>
    <ROSN_VENDITE>2019,225000</ROSN_VENDITE>
    <SLOV_VENDITE>20,000000</SLOV_VENDITE>
    <SVIZ_VENDITE>2109,000000</SVIZ_VENDITE>
    <BSP_VENDITE>672,000000</BSP_VENDITE>
    <MALT_VENDITE>0,000000</MALT_VENDITE>
    <XAUS_VENDITE>226,000000</XAUS_VENDITE>
    <XFRA_VENDITE>0,000000</XFRA_VENDITE>
    <TOTITABSP_VENDITE>38369,074</TOTITABSP_VENDITE>
    <TOTITABSP_ACQUISTI>38168,625</TOTITABSP_ACQUISTI>
  </Quantita>
  <Quantita>
    <Data>20161230</Data>
    <Mercato>MGP</Mercato>
    <Ora>21</Ora>
    <TOTALE_ACQUISTI>36136,994</TOTALE_ACQUISTI>
    <NAT_ACQUISTI>37148,222000</NAT_ACQUISTI>
    <CNOR_ACQUISTI>3740,607000</CNOR_ACQUISTI>
    <CSUD_ACQUISTI>6544,052000</CSUD_ACQUISTI>
    <NORD_ACQUISTI>17261,299000</NORD_ACQUISTI>
    <SARD_ACQUISTI>1236,450000</SARD_ACQUISTI>
    <SICI_ACQUISTI>2571,528000</SICI_ACQUISTI>
    <SUD_ACQUISTI>3314,058000</SUD_ACQUISTI>
    <AUST_ACQUISTI>0,000000</AUST_ACQUISTI>
    <BRNN_ACQUISTI>0,000000</BRNN_ACQUISTI>
    <COAC_ACQUISTI>95,000000</COAC_ACQUISTI>
    <CORS_ACQUISTI>49,000000</CORS_ACQUISTI>
    <FOGN_ACQUISTI>0,000000</FOGN_ACQUISTI>
    <FRAN_ACQUISTI>120,000000</FRAN_ACQUISTI>
    <GREC_ACQUISTI>0,000000</GREC_ACQUISTI>
    <MFTV_ACQUISTI>0,000000</MFTV_ACQUISTI>
    <PRGP_ACQUISTI>0,000000</PRGP_ACQUISTI>
    <ROSN_ACQUISTI>0,000000</ROSN_ACQUISTI>
    <SLOV_ACQUISTI>0,000000</SLOV_ACQUISTI>
    <SVIZ_ACQUISTI>1030,000000</SVIZ_ACQUISTI>
    <BSP_ACQUISTI>0,000000</BSP_ACQUISTI>
    <MALT_ACQUISTI>175,000000</MALT_ACQUISTI>
    <XAUS_ACQUISTI>0,000000</XAUS_ACQUISTI>
    <XFRA_ACQUISTI>1011,228000</XFRA_ACQUISTI>
    <TOTALE_VENDITE>36250,222</TOTALE_VENDITE>
    <NAT_VENDITE>37148,222000</NAT_VENDITE>
    <CNOR_VENDITE>2087,660000</CNOR_VENDITE>
    <CSUD_VENDITE>4016,106000</CSUD_VENDITE>
    <NORD_VENDITE>16810,283000</NORD_VENDITE>
    <SARD_VENDITE>1441,836000</SARD_VENDITE>
    <SICI_VENDITE>1323,653000</SICI_VENDITE>
    <SUD_VENDITE>1799,913000</SUD_VENDITE>
    <AUST_VENDITE>77,000000</AUST_VENDITE>
    <BRNN_VENDITE>3283,265000</BRNN_VENDITE>
    <COAC_VENDITE>0,000000</COAC_VENDITE>
    <CORS_VENDITE>0,000000</CORS_VENDITE>
    <FOGN_VENDITE>1013,263000</FOGN_VENDITE>
    <FRAN_VENDITE>139,000000</FRAN_VENDITE>
    <GREC_VENDITE>0,000000</GREC_VENDITE>
    <MFTV_VENDITE>0,000000</MFTV_VENDITE>
    <PRGP_VENDITE>450,000000</PRGP_VENDITE>
    <ROSN_VENDITE>2018,243000</ROSN_VENDITE>
    <SLOV_VENDITE>20,000000</SLOV_VENDITE>
    <SVIZ_VENDITE>1770,000000</SVIZ_VENDITE>
    <BSP_VENDITE>672,000000</BSP_VENDITE>
    <MALT_VENDITE>0,000000</MALT_VENDITE>
    <XAUS_VENDITE>226,000000</XAUS_VENDITE>
    <XFRA_VENDITE>0,000000</XFRA_VENDITE>
    <TOTITABSP_VENDITE>36922,222</TOTITABSP_VENDITE>
    <TOTITABSP_ACQUISTI>36136,994</TOTITABSP_ACQUISTI>
  </Quantita>
  <Quantita>
    <Data>20161230</Data>
    <Mercato>MGP</Mercato>
    <Ora>22</Ora>
    <TOTALE_ACQUISTI>33936,064</TOTALE_ACQUISTI>
    <NAT_ACQUISTI>34950,064000</NAT_ACQUISTI>
    <CNOR_ACQUISTI>3436,063000</CNOR_ACQUISTI>
    <CSUD_ACQUISTI>5992,972000</CSUD_ACQUISTI>
    <NORD_ACQUISTI>16044,155000</NORD_ACQUISTI>
    <SARD_ACQUISTI>1143,803000</SARD_ACQUISTI>
    <SICI_ACQUISTI>2376,019000</SICI_ACQUISTI>
    <SUD_ACQUISTI>3012,052000</SUD_ACQUISTI>
    <AUST_ACQUISTI>0,000000</AUST_ACQUISTI>
    <BRNN_ACQUISTI>0,000000</BRNN_ACQUISTI>
    <COAC_ACQUISTI>95,000000</COAC_ACQUISTI>
    <CORS_ACQUISTI>49,000000</CORS_ACQUISTI>
    <FOGN_ACQUISTI>0,000000</FOGN_ACQUISTI>
    <FRAN_ACQUISTI>120,000000</FRAN_ACQUISTI>
    <GREC_ACQUISTI>0,000000</GREC_ACQUISTI>
    <MFTV_ACQUISTI>0,000000</MFTV_ACQUISTI>
    <PRGP_ACQUISTI>0,000000</PRGP_ACQUISTI>
    <ROSN_ACQUISTI>0,000000</ROSN_ACQUISTI>
    <SLOV_ACQUISTI>0,000000</SLOV_ACQUISTI>
    <SVIZ_ACQUISTI>1499,000000</SVIZ_ACQUISTI>
    <BSP_ACQUISTI>0,000000</BSP_ACQUISTI>
    <MALT_ACQUISTI>168,000000</MALT_ACQUISTI>
    <XAUS_ACQUISTI>0,000000</XAUS_ACQUISTI>
    <XFRA_ACQUISTI>1014,000000</XFRA_ACQUISTI>
    <TOTALE_VENDITE>34052,064</TOTALE_VENDITE>
    <NAT_VENDITE>34950,064000</NAT_VENDITE>
    <CNOR_VENDITE>1951,101000</CNOR_VENDITE>
    <CSUD_VENDITE>3999,301000</CSUD_VENDITE>
    <NORD_VENDITE>15541,305000</NORD_VENDITE>
    <SARD_VENDITE>1403,938000</SARD_VENDITE>
    <SICI_VENDITE>1146,455000</SICI_VENDITE>
    <SUD_VENDITE>1654,745000</SUD_VENDITE>
    <AUST_VENDITE>77,000000</AUST_VENDITE>
    <BRNN_VENDITE>3279,522000</BRNN_VENDITE>
    <COAC_VENDITE>0,000000</COAC_VENDITE>
    <CORS_VENDITE>0,000000</CORS_VENDITE>
    <FOGN_VENDITE>994,660000</FOGN_VENDITE>
    <FRAN_VENDITE>139,000000</FRAN_VENDITE>
    <GREC_VENDITE>0,000000</GREC_VENDITE>
    <MFTV_VENDITE>0,000000</MFTV_VENDITE>
    <PRGP_VENDITE>450,000000</PRGP_VENDITE>
    <ROSN_VENDITE>2019,037000</ROSN_VENDITE>
    <SLOV_VENDITE>20,000000</SLOV_VENDITE>
    <SVIZ_VENDITE>1376,000000</SVIZ_VENDITE>
    <BSP_VENDITE>672,000000</BSP_VENDITE>
    <MALT_VENDITE>0,000000</MALT_VENDITE>
    <XAUS_VENDITE>226,000000</XAUS_VENDITE>
    <XFRA_VENDITE>0,000000</XFRA_VENDITE>
    <TOTITABSP_VENDITE>34724,064</TOTITABSP_VENDITE>
    <TOTITABSP_ACQUISTI>33936,064</TOTITABSP_ACQUISTI>
  </Quantita>
  <Quantita>
    <Data>20161230</Data>
    <Mercato>MGP</Mercato>
    <Ora>23</Ora>
    <TOTALE_ACQUISTI>31161,393</TOTALE_ACQUISTI>
    <NAT_ACQUISTI>32189,410000</NAT_ACQUISTI>
    <CNOR_ACQUISTI>3110,436000</CNOR_ACQUISTI>
    <CSUD_ACQUISTI>5413,578000</CSUD_ACQUISTI>
    <NORD_ACQUISTI>14601,268000</NORD_ACQUISTI>
    <SARD_ACQUISTI>1052,101000</SARD_ACQUISTI>
    <SICI_ACQUISTI>2144,131000</SICI_ACQUISTI>
    <SUD_ACQUISTI>2681,879000</SUD_ACQUISTI>
    <AUST_ACQUISTI>0,000000</AUST_ACQUISTI>
    <BRNN_ACQUISTI>0,000000</BRNN_ACQUISTI>
    <COAC_ACQUISTI>95,000000</COAC_ACQUISTI>
    <CORS_ACQUISTI>49,000000</CORS_ACQUISTI>
    <FOGN_ACQUISTI>0,000000</FOGN_ACQUISTI>
    <FRAN_ACQUISTI>120,000000</FRAN_ACQUISTI>
    <GREC_ACQUISTI>0,000000</GREC_ACQUISTI>
    <MFTV_ACQUISTI>0,000000</MFTV_ACQUISTI>
    <PRGP_ACQUISTI>0,000000</PRGP_ACQUISTI>
    <ROSN_ACQUISTI>0,000000</ROSN_ACQUISTI>
    <SLOV_ACQUISTI>0,000000</SLOV_ACQUISTI>
    <SVIZ_ACQUISTI>1734,000000</SVIZ_ACQUISTI>
    <BSP_ACQUISTI>0,000000</BSP_ACQUISTI>
    <MALT_ACQUISTI>160,000000</MALT_ACQUISTI>
    <XAUS_ACQUISTI>0,000000</XAUS_ACQUISTI>
    <XFRA_ACQUISTI>1014,000000</XFRA_ACQUISTI>
    <TOTALE_VENDITE>31424,393</TOTALE_VENDITE>
    <NAT_VENDITE>32189,410000</NAT_VENDITE>
    <CNOR_VENDITE>1798,070000</CNOR_VENDITE>
    <CSUD_VENDITE>3577,631000</CSUD_VENDITE>
    <NORD_VENDITE>13949,593000</NORD_VENDITE>
    <SARD_VENDITE>1413,301000</SARD_VENDITE>
    <SICI_VENDITE>1247,203000</SICI_VENDITE>
    <SUD_VENDITE>1724,916000</SUD_VENDITE>
    <AUST_VENDITE>77,000000</AUST_VENDITE>
    <BRNN_VENDITE>3127,464000</BRNN_VENDITE>
    <COAC_VENDITE>0,000000</COAC_VENDITE>
    <CORS_VENDITE>0,000000</CORS_VENDITE>
    <FOGN_VENDITE>985,940000</FOGN_VENDITE>
    <FRAN_VENDITE>139,000000</FRAN_VENDITE>
    <GREC_VENDITE>0,000000</GREC_VENDITE>
    <MFTV_VENDITE>0,000000</MFTV_VENDITE>
    <PRGP_VENDITE>450,000000</PRGP_VENDITE>
    <ROSN_VENDITE>2020,234000</ROSN_VENDITE>
    <SLOV_VENDITE>20,000000</SLOV_VENDITE>
    <SVIZ_VENDITE>894,041000</SVIZ_VENDITE>
    <BSP_VENDITE>525,000000</BSP_VENDITE>
    <MALT_VENDITE>0,000000</MALT_VENDITE>
    <XAUS_VENDITE>226,000000</XAUS_VENDITE>
    <XFRA_VENDITE>0,000000</XFRA_VENDITE>
    <TOTITABSP_VENDITE>31949,393</TOTITABSP_VENDITE>
    <TOTITABSP_ACQUISTI>31161,393</TOTITABSP_ACQUISTI>
  </Quantita>
  <Quantita>
    <Data>20161230</Data>
    <Mercato>MGP</Mercato>
    <Ora>24</Ora>
    <TOTALE_ACQUISTI>28093,56</TOTALE_ACQUISTI>
    <NAT_ACQUISTI>29272,560000</NAT_ACQUISTI>
    <CNOR_ACQUISTI>2690,511000</CNOR_ACQUISTI>
    <CSUD_ACQUISTI>4703,741000</CSUD_ACQUISTI>
    <NORD_ACQUISTI>13215,874000</NORD_ACQUISTI>
    <SARD_ACQUISTI>963,251000</SARD_ACQUISTI>
    <SICI_ACQUISTI>1866,082000</SICI_ACQUISTI>
    <SUD_ACQUISTI>2270,101000</SUD_ACQUISTI>
    <AUST_ACQUISTI>0,000000</AUST_ACQUISTI>
    <BRNN_ACQUISTI>0,000000</BRNN_ACQUISTI>
    <COAC_ACQUISTI>99,000000</COAC_ACQUISTI>
    <CORS_ACQUISTI>49,000000</CORS_ACQUISTI>
    <FOGN_ACQUISTI>0,000000</FOGN_ACQUISTI>
    <FRAN_ACQUISTI>120,000000</FRAN_ACQUISTI>
    <GREC_ACQUISTI>0,000000</GREC_ACQUISTI>
    <MFTV_ACQUISTI>0,000000</MFTV_ACQUISTI>
    <PRGP_ACQUISTI>0,000000</PRGP_ACQUISTI>
    <ROSN_ACQUISTI>0,000000</ROSN_ACQUISTI>
    <SLOV_ACQUISTI>0,000000</SLOV_ACQUISTI>
    <SVIZ_ACQUISTI>1971,000000</SVIZ_ACQUISTI>
    <BSP_ACQUISTI>0,000000</BSP_ACQUISTI>
    <MALT_ACQUISTI>145,000000</MALT_ACQUISTI>
    <XAUS_ACQUISTI>0,000000</XAUS_ACQUISTI>
    <XFRA_ACQUISTI>1179,000000</XFRA_ACQUISTI>
    <TOTALE_VENDITE>28617,029</TOTALE_VENDITE>
    <NAT_VENDITE>29272,560000</NAT_VENDITE>
    <CNOR_VENDITE>1837,190000</CNOR_VENDITE>
    <CSUD_VENDITE>3604,879000</CSUD_VENDITE>
    <NORD_VENDITE>12729,664000</NORD_VENDITE>
    <SARD_VENDITE>1386,767000</SARD_VENDITE>
    <SICI_VENDITE>1094,279000</SICI_VENDITE>
    <SUD_VENDITE>1785,046000</SUD_VENDITE>
    <AUST_VENDITE>32,000000</AUST_VENDITE>
    <BRNN_VENDITE>2074,314000</BRNN_VENDITE>
    <COAC_VENDITE>0,000000</COAC_VENDITE>
    <CORS_VENDITE>0,000000</CORS_VENDITE>
    <FOGN_VENDITE>1077,403000</FOGN_VENDITE>
    <FRAN_VENDITE>139,000000</FRAN_VENDITE>
    <GREC_VENDITE>0,000000</GREC_VENDITE>
    <MFTV_VENDITE>0,000000</MFTV_VENDITE>
    <PRGP_VENDITE>0,000000</PRGP_VENDITE>
    <ROSN_VENDITE>2024,487000</ROSN_VENDITE>
    <SLOV_VENDITE>20,000000</SLOV_VENDITE>
    <SVIZ_VENDITE>812,000000</SVIZ_VENDITE>
    <BSP_VENDITE>415,531000</BSP_VENDITE>
    <MALT_VENDITE>0,000000</MALT_VENDITE>
    <XAUS_VENDITE>240,000000</XAUS_VENDITE>
    <XFRA_VENDITE>0,000000</XFRA_VENDITE>
    <TOTITABSP_VENDITE>29032,56</TOTITABSP_VENDITE>
    <TOTITABSP_ACQUISTI>28093,56</TOTITABSP_ACQUISTI>
  </Quantita>
</NewDataSet>