<?xml version="1.0" standalone="yes"?>
<NewDataSet>
  <xs:schema id="NewDataSet" xmlns="" xmlns:xs="http://www.w3.org/2001/XMLSchema" xmlns:msdata="urn:schemas-microsoft-com:xml-msdata">
    <xs:element name="NewDataSet" msdata:IsDataSet="true" msdata:UseCurrentLocale="true">
      <xs:complexType>
        <xs:choice minOccurs="0" maxOccurs="unbounded">
          <xs:element name="Quantita">
            <xs:complexType>
              <xs:sequence>
                <xs:element name="Data" type="xs:string" minOccurs="0" />
                <xs:element name="Mercato" type="xs:string" minOccurs="0" />
                <xs:element name="Ora" type="xs:string" minOccurs="0" />
                <xs:element name="TOTALE_ACQUISTI" type="xs:string" minOccurs="0" />
                <xs:element name="NAT_ACQUISTI" type="xs:string" minOccurs="0" />
                <xs:element name="CNOR_ACQUISTI" type="xs:string" minOccurs="0" />
                <xs:element name="CSUD_ACQUISTI" type="xs:string" minOccurs="0" />
                <xs:element name="NORD_ACQUISTI" type="xs:string" minOccurs="0" />
                <xs:element name="SARD_ACQUISTI" type="xs:string" minOccurs="0" />
                <xs:element name="SICI_ACQUISTI" type="xs:string" minOccurs="0" />
                <xs:element name="SUD_ACQUISTI" type="xs:string" minOccurs="0" />
                <xs:element name="AUST_ACQUISTI" type="xs:string" minOccurs="0" />
                <xs:element name="BRNN_ACQUISTI" type="xs:string" minOccurs="0" />
                <xs:element name="COAC_ACQUISTI" type="xs:string" minOccurs="0" />
                <xs:element name="CORS_ACQUISTI" type="xs:string" minOccurs="0" />
                <xs:element name="FOGN_ACQUISTI" type="xs:string" minOccurs="0" />
                <xs:element name="FRAN_ACQUISTI" type="xs:string" minOccurs="0" />
                <xs:element name="GREC_ACQUISTI" type="xs:string" minOccurs="0" />
                <xs:element name="MFTV_ACQUISTI" type="xs:string" minOccurs="0" />
                <xs:element name="PRGP_ACQUISTI" type="xs:string" minOccurs="0" />
                <xs:element name="ROSN_ACQUISTI" type="xs:string" minOccurs="0" />
                <xs:element name="SLOV_ACQUISTI" type="xs:string" minOccurs="0" />
                <xs:element name="SVIZ_ACQUISTI" type="xs:string" minOccurs="0" />
                <xs:element name="BSP_ACQUISTI" type="xs:string" minOccurs="0" />
                <xs:element name="MALT_ACQUISTI" type="xs:string" minOccurs="0" />
                <xs:element name="XAUS_ACQUISTI" type="xs:string" minOccurs="0" />
                <xs:element name="XFRA_ACQUISTI" type="xs:string" minOccurs="0" />
                <xs:element name="TOTALE_VENDITE" type="xs:string" minOccurs="0" />
                <xs:element name="NAT_VENDITE" type="xs:string" minOccurs="0" />
                <xs:element name="CNOR_VENDITE" type="xs:string" minOccurs="0" />
                <xs:element name="CSUD_VENDITE" type="xs:string" minOccurs="0" />
                <xs:element name="NORD_VENDITE" type="xs:string" minOccurs="0" />
                <xs:element name="SARD_VENDITE" type="xs:string" minOccurs="0" />
                <xs:element name="SICI_VENDITE" type="xs:string" minOccurs="0" />
                <xs:element name="SUD_VENDITE" type="xs:string" minOccurs="0" />
                <xs:element name="AUST_VENDITE" type="xs:string" minOccurs="0" />
                <xs:element name="BRNN_VENDITE" type="xs:string" minOccurs="0" />
                <xs:element name="COAC_VENDITE" type="xs:string" minOccurs="0" />
                <xs:element name="CORS_VENDITE" type="xs:string" minOccurs="0" />
                <xs:element name="FOGN_VENDITE" type="xs:string" minOccurs="0" />
                <xs:element name="FRAN_VENDITE" type="xs:string" minOccurs="0" />
                <xs:element name="GREC_VENDITE" type="xs:string" minOccurs="0" />
                <xs:element name="MFTV_VENDITE" type="xs:string" minOccurs="0" />
                <xs:element name="PRGP_VENDITE" type="xs:string" minOccurs="0" />
                <xs:element name="ROSN_VENDITE" type="xs:string" minOccurs="0" />
                <xs:element name="SLOV_VENDITE" type="xs:string" minOccurs="0" />
                <xs:element name="SVIZ_VENDITE" type="xs:string" minOccurs="0" />
                <xs:element name="BSP_VENDITE" type="xs:string" minOccurs="0" />
                <xs:element name="MALT_VENDITE" type="xs:string" minOccurs="0" />
                <xs:element name="XAUS_VENDITE" type="xs:string" minOccurs="0" />
                <xs:element name="XFRA_VENDITE" type="xs:string" minOccurs="0" />
                <xs:element name="TOTITABSP_VENDITE" msdata:ReadOnly="true" msdata:Expression="Convert(TOTALE_VENDITE, System.Double) + Convert(BSP_VENDITE,System.Double)" type="xs:string" minOccurs="0" />
                <xs:element name="TOTITABSP_ACQUISTI" msdata:ReadOnly="true" msdata:Expression="Convert(TOTALE_ACQUISTI, System.Double) + Convert(BSP_ACQUISTI, System.Double)" type="xs:string" minOccurs="0" />
              </xs:sequence>
            </xs:complexType>
          </xs:element>
        </xs:choice>
      </xs:complexType>
    </xs:element>
  </xs:schema>
  <Quantita>
    <Data>20161229</Data>
    <Mercato>MGP</Mercato>
    <Ora>1</Ora>
    <TOTALE_ACQUISTI>24527,457</TOTALE_ACQUISTI>
    <NAT_ACQUISTI>24472,890000</NAT_ACQUISTI>
    <CNOR_ACQUISTI>2481,365000</CNOR_ACQUISTI>
    <CSUD_ACQUISTI>4046,346000</CSUD_ACQUISTI>
    <NORD_ACQUISTI>12269,221000</NORD_ACQUISTI>
    <SARD_ACQUISTI>855,333000</SARD_ACQUISTI>
    <SICI_ACQUISTI>1609,888000</SICI_ACQUISTI>
    <SUD_ACQUISTI>1914,304000</SUD_ACQUISTI>
    <AUST_ACQUISTI>0,000000</AUST_ACQUISTI>
    <BRNN_ACQUISTI>0,000000</BRNN_ACQUISTI>
    <COAC_ACQUISTI>80,000000</COAC_ACQUISTI>
    <CORS_ACQUISTI>49,000000</CORS_ACQUISTI>
    <FOGN_ACQUISTI>0,000000</FOGN_ACQUISTI>
    <FRAN_ACQUISTI>120,000000</FRAN_ACQUISTI>
    <GREC_ACQUISTI>0,000000</GREC_ACQUISTI>
    <MFTV_ACQUISTI>0,000000</MFTV_ACQUISTI>
    <PRGP_ACQUISTI>0,000000</PRGP_ACQUISTI>
    <ROSN_ACQUISTI>0,000000</ROSN_ACQUISTI>
    <SLOV_ACQUISTI>0,000000</SLOV_ACQUISTI>
    <SVIZ_ACQUISTI>977,000000</SVIZ_ACQUISTI>
    <BSP_ACQUISTI>0,000000</BSP_ACQUISTI>
    <MALT_ACQUISTI>125,000000</MALT_ACQUISTI>
    <XAUS_ACQUISTI>0,000000</XAUS_ACQUISTI>
    <XFRA_ACQUISTI>0,000000</XFRA_ACQUISTI>
    <TOTALE_VENDITE>23705,464</TOTALE_VENDITE>
    <NAT_VENDITE>24472,890000</NAT_VENDITE>
    <CNOR_VENDITE>1798,480000</CNOR_VENDITE>
    <CSUD_VENDITE>3336,172000</CSUD_VENDITE>
    <NORD_VENDITE>9203,113000</NORD_VENDITE>
    <SARD_VENDITE>1445,507000</SARD_VENDITE>
    <SICI_VENDITE>1251,171000</SICI_VENDITE>
    <SUD_VENDITE>3275,983000</SUD_VENDITE>
    <AUST_VENDITE>32,000000</AUST_VENDITE>
    <BRNN_VENDITE>680,094000</BRNN_VENDITE>
    <COAC_VENDITE>0,000000</COAC_VENDITE>
    <CORS_VENDITE>0,000000</CORS_VENDITE>
    <FOGN_VENDITE>358,227000</FOGN_VENDITE>
    <FRAN_VENDITE>139,000000</FRAN_VENDITE>
    <GREC_VENDITE>0,000000</GREC_VENDITE>
    <MFTV_VENDITE>0,000000</MFTV_VENDITE>
    <PRGP_VENDITE>0,000000</PRGP_VENDITE>
    <ROSN_VENDITE>1283,717000</ROSN_VENDITE>
    <SLOV_VENDITE>20,000000</SLOV_VENDITE>
    <SVIZ_VENDITE>882,000000</SVIZ_VENDITE>
    <BSP_VENDITE>499,000000</BSP_VENDITE>
    <MALT_VENDITE>0,000000</MALT_VENDITE>
    <XAUS_VENDITE>192,000000</XAUS_VENDITE>
    <XFRA_VENDITE>130,993000</XFRA_VENDITE>
    <TOTITABSP_VENDITE>24204,464</TOTITABSP_VENDITE>
    <TOTITABSP_ACQUISTI>24527,457</TOTITABSP_ACQUISTI>
  </Quantita>
  <Quantita>
    <Data>20161229</Data>
    <Mercato>MGP</Mercato>
    <Ora>2</Ora>
    <TOTALE_ACQUISTI>22927,111</TOTALE_ACQUISTI>
    <NAT_ACQUISTI>22974,326000</NAT_ACQUISTI>
    <CNOR_ACQUISTI>2321,030000</CNOR_ACQUISTI>
    <CSUD_ACQUISTI>3678,739000</CSUD_ACQUISTI>
    <NORD_ACQUISTI>11383,316000</NORD_ACQUISTI>
    <SARD_ACQUISTI>798,761000</SARD_ACQUISTI>
    <SICI_ACQUISTI>1475,526000</SICI_ACQUISTI>
    <SUD_ACQUISTI>1768,739000</SUD_ACQUISTI>
    <AUST_ACQUISTI>0,000000</AUST_ACQUISTI>
    <BRNN_ACQUISTI>0,000000</BRNN_ACQUISTI>
    <COAC_ACQUISTI>66,000000</COAC_ACQUISTI>
    <CORS_ACQUISTI>49,000000</CORS_ACQUISTI>
    <FOGN_ACQUISTI>0,000000</FOGN_ACQUISTI>
    <FRAN_ACQUISTI>120,000000</FRAN_ACQUISTI>
    <GREC_ACQUISTI>0,000000</GREC_ACQUISTI>
    <MFTV_ACQUISTI>0,000000</MFTV_ACQUISTI>
    <PRGP_ACQUISTI>0,000000</PRGP_ACQUISTI>
    <ROSN_ACQUISTI>0,000000</ROSN_ACQUISTI>
    <SLOV_ACQUISTI>0,000000</SLOV_ACQUISTI>
    <SVIZ_ACQUISTI>1151,000000</SVIZ_ACQUISTI>
    <BSP_ACQUISTI>0,000000</BSP_ACQUISTI>
    <MALT_ACQUISTI>115,000000</MALT_ACQUISTI>
    <XAUS_ACQUISTI>0,000000</XAUS_ACQUISTI>
    <XFRA_ACQUISTI>0,000000</XFRA_ACQUISTI>
    <TOTALE_VENDITE>21457,938</TOTALE_VENDITE>
    <NAT_VENDITE>22974,326000</NAT_VENDITE>
    <CNOR_VENDITE>1561,542000</CNOR_VENDITE>
    <CSUD_VENDITE>2792,066000</CSUD_VENDITE>
    <NORD_VENDITE>8134,989000</NORD_VENDITE>
    <SARD_VENDITE>1473,076000</SARD_VENDITE>
    <SICI_VENDITE>1116,503000</SICI_VENDITE>
    <SUD_VENDITE>3163,127000</SUD_VENDITE>
    <AUST_VENDITE>32,000000</AUST_VENDITE>
    <BRNN_VENDITE>679,960000</BRNN_VENDITE>
    <COAC_VENDITE>0,000000</COAC_VENDITE>
    <CORS_VENDITE>0,000000</CORS_VENDITE>
    <FOGN_VENDITE>325,652000</FOGN_VENDITE>
    <FRAN_VENDITE>139,000000</FRAN_VENDITE>
    <GREC_VENDITE>0,000000</GREC_VENDITE>
    <MFTV_VENDITE>0,000000</MFTV_VENDITE>
    <PRGP_VENDITE>0,000000</PRGP_VENDITE>
    <ROSN_VENDITE>1274,023000</ROSN_VENDITE>
    <SLOV_VENDITE>20,000000</SLOV_VENDITE>
    <SVIZ_VENDITE>746,000000</SVIZ_VENDITE>
    <BSP_VENDITE>154,000000</BSP_VENDITE>
    <MALT_VENDITE>0,000000</MALT_VENDITE>
    <XAUS_VENDITE>192,000000</XAUS_VENDITE>
    <XFRA_VENDITE>1123,173000</XFRA_VENDITE>
    <TOTITABSP_VENDITE>21611,938</TOTITABSP_VENDITE>
    <TOTITABSP_ACQUISTI>22927,111</TOTITABSP_ACQUISTI>
  </Quantita>
  <Quantita>
    <Data>20161229</Data>
    <Mercato>MGP</Mercato>
    <Ora>3</Ora>
    <TOTALE_ACQUISTI>21984,471</TOTALE_ACQUISTI>
    <NAT_ACQUISTI>22031,260000</NAT_ACQUISTI>
    <CNOR_ACQUISTI>2234,050000</CNOR_ACQUISTI>
    <CSUD_ACQUISTI>3476,814000</CSUD_ACQUISTI>
    <NORD_ACQUISTI>10905,201000</NORD_ACQUISTI>
    <SARD_ACQUISTI>770,708000</SARD_ACQUISTI>
    <SICI_ACQUISTI>1383,226000</SICI_ACQUISTI>
    <SUD_ACQUISTI>1682,472000</SUD_ACQUISTI>
    <AUST_ACQUISTI>0,000000</AUST_ACQUISTI>
    <BRNN_ACQUISTI>0,000000</BRNN_ACQUISTI>
    <COAC_ACQUISTI>54,000000</COAC_ACQUISTI>
    <CORS_ACQUISTI>49,000000</CORS_ACQUISTI>
    <FOGN_ACQUISTI>0,000000</FOGN_ACQUISTI>
    <FRAN_ACQUISTI>120,000000</FRAN_ACQUISTI>
    <GREC_ACQUISTI>0,000000</GREC_ACQUISTI>
    <MFTV_ACQUISTI>0,000000</MFTV_ACQUISTI>
    <PRGP_ACQUISTI>0,000000</PRGP_ACQUISTI>
    <ROSN_ACQUISTI>0,000000</ROSN_ACQUISTI>
    <SLOV_ACQUISTI>0,000000</SLOV_ACQUISTI>
    <SVIZ_ACQUISTI>1201,000000</SVIZ_ACQUISTI>
    <BSP_ACQUISTI>0,000000</BSP_ACQUISTI>
    <MALT_ACQUISTI>108,000000</MALT_ACQUISTI>
    <XAUS_ACQUISTI>0,000000</XAUS_ACQUISTI>
    <XFRA_ACQUISTI>0,000000</XFRA_ACQUISTI>
    <TOTALE_VENDITE>21118,826</TOTALE_VENDITE>
    <NAT_VENDITE>22031,260000</NAT_VENDITE>
    <CNOR_VENDITE>1562,838000</CNOR_VENDITE>
    <CSUD_VENDITE>2784,178000</CSUD_VENDITE>
    <NORD_VENDITE>7955,768000</NORD_VENDITE>
    <SARD_VENDITE>1317,344000</SARD_VENDITE>
    <SICI_VENDITE>1095,998000</SICI_VENDITE>
    <SUD_VENDITE>3071,824000</SUD_VENDITE>
    <AUST_VENDITE>32,000000</AUST_VENDITE>
    <BRNN_VENDITE>679,068000</BRNN_VENDITE>
    <COAC_VENDITE>0,000000</COAC_VENDITE>
    <CORS_VENDITE>0,000000</CORS_VENDITE>
    <FOGN_VENDITE>326,580000</FOGN_VENDITE>
    <FRAN_VENDITE>139,000000</FRAN_VENDITE>
    <GREC_VENDITE>5,000000</GREC_VENDITE>
    <MFTV_VENDITE>0,000000</MFTV_VENDITE>
    <PRGP_VENDITE>0,000000</PRGP_VENDITE>
    <ROSN_VENDITE>1195,228000</ROSN_VENDITE>
    <SLOV_VENDITE>20,000000</SLOV_VENDITE>
    <SVIZ_VENDITE>934,000000</SVIZ_VENDITE>
    <BSP_VENDITE>333,000000</BSP_VENDITE>
    <MALT_VENDITE>0,000000</MALT_VENDITE>
    <XAUS_VENDITE>192,000000</XAUS_VENDITE>
    <XFRA_VENDITE>340,645000</XFRA_VENDITE>
    <TOTITABSP_VENDITE>21451,826</TOTITABSP_VENDITE>
    <TOTITABSP_ACQUISTI>21984,471</TOTITABSP_ACQUISTI>
  </Quantita>
  <Quantita>
    <Data>20161229</Data>
    <Mercato>MGP</Mercato>
    <Ora>4</Ora>
    <TOTALE_ACQUISTI>21734,632</TOTALE_ACQUISTI>
    <NAT_ACQUISTI>21748,549000</NAT_ACQUISTI>
    <CNOR_ACQUISTI>2239,745000</CNOR_ACQUISTI>
    <CSUD_ACQUISTI>3413,580000</CSUD_ACQUISTI>
    <NORD_ACQUISTI>10907,916000</NORD_ACQUISTI>
    <SARD_ACQUISTI>766,762000</SARD_ACQUISTI>
    <SICI_ACQUISTI>1363,761000</SICI_ACQUISTI>
    <SUD_ACQUISTI>1667,868000</SUD_ACQUISTI>
    <AUST_ACQUISTI>0,000000</AUST_ACQUISTI>
    <BRNN_ACQUISTI>0,000000</BRNN_ACQUISTI>
    <COAC_ACQUISTI>51,000000</COAC_ACQUISTI>
    <CORS_ACQUISTI>46,000000</CORS_ACQUISTI>
    <FOGN_ACQUISTI>0,000000</FOGN_ACQUISTI>
    <FRAN_ACQUISTI>120,000000</FRAN_ACQUISTI>
    <GREC_ACQUISTI>0,000000</GREC_ACQUISTI>
    <MFTV_ACQUISTI>0,000000</MFTV_ACQUISTI>
    <PRGP_ACQUISTI>0,000000</PRGP_ACQUISTI>
    <ROSN_ACQUISTI>0,000000</ROSN_ACQUISTI>
    <SLOV_ACQUISTI>0,000000</SLOV_ACQUISTI>
    <SVIZ_ACQUISTI>1053,000000</SVIZ_ACQUISTI>
    <BSP_ACQUISTI>0,000000</BSP_ACQUISTI>
    <MALT_ACQUISTI>105,000000</MALT_ACQUISTI>
    <XAUS_ACQUISTI>0,000000</XAUS_ACQUISTI>
    <XFRA_ACQUISTI>0,000000</XFRA_ACQUISTI>
    <TOTALE_VENDITE>21029,001</TOTALE_VENDITE>
    <NAT_VENDITE>21748,549000</NAT_VENDITE>
    <CNOR_VENDITE>1566,078000</CNOR_VENDITE>
    <CSUD_VENDITE>2797,713000</CSUD_VENDITE>
    <NORD_VENDITE>7987,952000</NORD_VENDITE>
    <SARD_VENDITE>1233,629000</SARD_VENDITE>
    <SICI_VENDITE>1082,240000</SICI_VENDITE>
    <SUD_VENDITE>3057,438000</SUD_VENDITE>
    <AUST_VENDITE>32,000000</AUST_VENDITE>
    <BRNN_VENDITE>678,508000</BRNN_VENDITE>
    <COAC_VENDITE>0,000000</COAC_VENDITE>
    <CORS_VENDITE>0,000000</CORS_VENDITE>
    <FOGN_VENDITE>326,922000</FOGN_VENDITE>
    <FRAN_VENDITE>139,000000</FRAN_VENDITE>
    <GREC_VENDITE>5,000000</GREC_VENDITE>
    <MFTV_VENDITE>0,000000</MFTV_VENDITE>
    <PRGP_VENDITE>0,000000</PRGP_VENDITE>
    <ROSN_VENDITE>1186,521000</ROSN_VENDITE>
    <SLOV_VENDITE>20,000000</SLOV_VENDITE>
    <SVIZ_VENDITE>916,000000</SVIZ_VENDITE>
    <BSP_VENDITE>446,000000</BSP_VENDITE>
    <MALT_VENDITE>0,000000</MALT_VENDITE>
    <XAUS_VENDITE>192,000000</XAUS_VENDITE>
    <XFRA_VENDITE>67,631000</XFRA_VENDITE>
    <TOTITABSP_VENDITE>21475,001</TOTITABSP_VENDITE>
    <TOTITABSP_ACQUISTI>21734,632</TOTITABSP_ACQUISTI>
  </Quantita>
  <Quantita>
    <Data>20161229</Data>
    <Mercato>MGP</Mercato>
    <Ora>5</Ora>
    <TOTALE_ACQUISTI>22076,749</TOTALE_ACQUISTI>
    <NAT_ACQUISTI>22132,269000</NAT_ACQUISTI>
    <CNOR_ACQUISTI>2224,055000</CNOR_ACQUISTI>
    <CSUD_ACQUISTI>3447,326000</CSUD_ACQUISTI>
    <NORD_ACQUISTI>11130,690000</NORD_ACQUISTI>
    <SARD_ACQUISTI>760,659000</SARD_ACQUISTI>
    <SICI_ACQUISTI>1364,562000</SICI_ACQUISTI>
    <SUD_ACQUISTI>1683,457000</SUD_ACQUISTI>
    <AUST_ACQUISTI>0,000000</AUST_ACQUISTI>
    <BRNN_ACQUISTI>0,000000</BRNN_ACQUISTI>
    <COAC_ACQUISTI>51,000000</COAC_ACQUISTI>
    <CORS_ACQUISTI>44,000000</CORS_ACQUISTI>
    <FOGN_ACQUISTI>0,000000</FOGN_ACQUISTI>
    <FRAN_ACQUISTI>120,000000</FRAN_ACQUISTI>
    <GREC_ACQUISTI>0,000000</GREC_ACQUISTI>
    <MFTV_ACQUISTI>0,000000</MFTV_ACQUISTI>
    <PRGP_ACQUISTI>0,000000</PRGP_ACQUISTI>
    <ROSN_ACQUISTI>0,000000</ROSN_ACQUISTI>
    <SLOV_ACQUISTI>0,000000</SLOV_ACQUISTI>
    <SVIZ_ACQUISTI>1141,000000</SVIZ_ACQUISTI>
    <BSP_ACQUISTI>0,000000</BSP_ACQUISTI>
    <MALT_ACQUISTI>110,000000</MALT_ACQUISTI>
    <XAUS_ACQUISTI>0,000000</XAUS_ACQUISTI>
    <XFRA_ACQUISTI>0,000000</XFRA_ACQUISTI>
    <TOTALE_VENDITE>21556,07</TOTALE_VENDITE>
    <NAT_VENDITE>22132,269000</NAT_VENDITE>
    <CNOR_VENDITE>1563,946000</CNOR_VENDITE>
    <CSUD_VENDITE>2837,814000</CSUD_VENDITE>
    <NORD_VENDITE>8127,120000</NORD_VENDITE>
    <SARD_VENDITE>1221,171000</SARD_VENDITE>
    <SICI_VENDITE>1081,163000</SICI_VENDITE>
    <SUD_VENDITE>3047,308000</SUD_VENDITE>
    <AUST_VENDITE>32,000000</AUST_VENDITE>
    <BRNN_VENDITE>677,600000</BRNN_VENDITE>
    <COAC_VENDITE>0,000000</COAC_VENDITE>
    <CORS_VENDITE>0,000000</CORS_VENDITE>
    <FOGN_VENDITE>358,549000</FOGN_VENDITE>
    <FRAN_VENDITE>139,000000</FRAN_VENDITE>
    <GREC_VENDITE>0,000000</GREC_VENDITE>
    <MFTV_VENDITE>0,000000</MFTV_VENDITE>
    <PRGP_VENDITE>0,000000</PRGP_VENDITE>
    <ROSN_VENDITE>1193,399000</ROSN_VENDITE>
    <SLOV_VENDITE>20,000000</SLOV_VENDITE>
    <SVIZ_VENDITE>1257,000000</SVIZ_VENDITE>
    <BSP_VENDITE>412,000000</BSP_VENDITE>
    <MALT_VENDITE>0,000000</MALT_VENDITE>
    <XAUS_VENDITE>108,679000</XAUS_VENDITE>
    <XFRA_VENDITE>0,000000</XFRA_VENDITE>
    <TOTITABSP_VENDITE>21968,07</TOTITABSP_VENDITE>
    <TOTITABSP_ACQUISTI>22076,749</TOTITABSP_ACQUISTI>
  </Quantita>
  <Quantita>
    <Data>20161229</Data>
    <Mercato>MGP</Mercato>
    <Ora>6</Ora>
    <TOTALE_ACQUISTI>22990,069</TOTALE_ACQUISTI>
    <NAT_ACQUISTI>23038,019000</NAT_ACQUISTI>
    <CNOR_ACQUISTI>2257,626000</CNOR_ACQUISTI>
    <CSUD_ACQUISTI>3617,844000</CSUD_ACQUISTI>
    <NORD_ACQUISTI>11725,678000</NORD_ACQUISTI>
    <SARD_ACQUISTI>796,503000</SARD_ACQUISTI>
    <SICI_ACQUISTI>1434,302000</SICI_ACQUISTI>
    <SUD_ACQUISTI>1745,116000</SUD_ACQUISTI>
    <AUST_ACQUISTI>0,000000</AUST_ACQUISTI>
    <BRNN_ACQUISTI>0,000000</BRNN_ACQUISTI>
    <COAC_ACQUISTI>55,000000</COAC_ACQUISTI>
    <CORS_ACQUISTI>44,000000</CORS_ACQUISTI>
    <FOGN_ACQUISTI>0,000000</FOGN_ACQUISTI>
    <FRAN_ACQUISTI>120,000000</FRAN_ACQUISTI>
    <GREC_ACQUISTI>0,000000</GREC_ACQUISTI>
    <MFTV_ACQUISTI>0,000000</MFTV_ACQUISTI>
    <PRGP_ACQUISTI>0,000000</PRGP_ACQUISTI>
    <ROSN_ACQUISTI>0,000000</ROSN_ACQUISTI>
    <SLOV_ACQUISTI>0,000000</SLOV_ACQUISTI>
    <SVIZ_ACQUISTI>1069,000000</SVIZ_ACQUISTI>
    <BSP_ACQUISTI>0,000000</BSP_ACQUISTI>
    <MALT_ACQUISTI>125,000000</MALT_ACQUISTI>
    <XAUS_ACQUISTI>0,000000</XAUS_ACQUISTI>
    <XFRA_ACQUISTI>0,000000</XFRA_ACQUISTI>
    <TOTALE_VENDITE>22158,063</TOTALE_VENDITE>
    <NAT_VENDITE>23038,019000</NAT_VENDITE>
    <CNOR_VENDITE>1572,179000</CNOR_VENDITE>
    <CSUD_VENDITE>2948,421000</CSUD_VENDITE>
    <NORD_VENDITE>8486,119000</NORD_VENDITE>
    <SARD_VENDITE>1320,926000</SARD_VENDITE>
    <SICI_VENDITE>1094,695000</SICI_VENDITE>
    <SUD_VENDITE>3079,875000</SUD_VENDITE>
    <AUST_VENDITE>32,000000</AUST_VENDITE>
    <BRNN_VENDITE>676,612000</BRNN_VENDITE>
    <COAC_VENDITE>0,000000</COAC_VENDITE>
    <CORS_VENDITE>0,000000</CORS_VENDITE>
    <FOGN_VENDITE>388,629000</FOGN_VENDITE>
    <FRAN_VENDITE>139,000000</FRAN_VENDITE>
    <GREC_VENDITE>0,000000</GREC_VENDITE>
    <MFTV_VENDITE>0,000000</MFTV_VENDITE>
    <PRGP_VENDITE>0,000000</PRGP_VENDITE>
    <ROSN_VENDITE>1264,607000</ROSN_VENDITE>
    <SLOV_VENDITE>20,000000</SLOV_VENDITE>
    <SVIZ_VENDITE>1135,000000</SVIZ_VENDITE>
    <BSP_VENDITE>485,000000</BSP_VENDITE>
    <MALT_VENDITE>0,000000</MALT_VENDITE>
    <XAUS_VENDITE>254,000000</XAUS_VENDITE>
    <XFRA_VENDITE>93,006000</XFRA_VENDITE>
    <TOTITABSP_VENDITE>22643,063</TOTITABSP_VENDITE>
    <TOTITABSP_ACQUISTI>22990,069</TOTITABSP_ACQUISTI>
  </Quantita>
  <Quantita>
    <Data>20161229</Data>
    <Mercato>MGP</Mercato>
    <Ora>7</Ora>
    <TOTALE_ACQUISTI>26759,448</TOTALE_ACQUISTI>
    <NAT_ACQUISTI>26977,952000</NAT_ACQUISTI>
    <CNOR_ACQUISTI>2600,042000</CNOR_ACQUISTI>
    <CSUD_ACQUISTI>4199,665000</CSUD_ACQUISTI>
    <NORD_ACQUISTI>13959,653000</NORD_ACQUISTI>
    <SARD_ACQUISTI>895,043000</SARD_ACQUISTI>
    <SICI_ACQUISTI>1621,055000</SICI_ACQUISTI>
    <SUD_ACQUISTI>2014,990000</SUD_ACQUISTI>
    <AUST_ACQUISTI>0,000000</AUST_ACQUISTI>
    <BRNN_ACQUISTI>0,000000</BRNN_ACQUISTI>
    <COAC_ACQUISTI>63,000000</COAC_ACQUISTI>
    <CORS_ACQUISTI>46,000000</CORS_ACQUISTI>
    <FOGN_ACQUISTI>0,000000</FOGN_ACQUISTI>
    <FRAN_ACQUISTI>120,000000</FRAN_ACQUISTI>
    <GREC_ACQUISTI>0,000000</GREC_ACQUISTI>
    <MFTV_ACQUISTI>0,000000</MFTV_ACQUISTI>
    <PRGP_ACQUISTI>0,000000</PRGP_ACQUISTI>
    <ROSN_ACQUISTI>0,000000</ROSN_ACQUISTI>
    <SLOV_ACQUISTI>0,000000</SLOV_ACQUISTI>
    <SVIZ_ACQUISTI>1089,000000</SVIZ_ACQUISTI>
    <BSP_ACQUISTI>0,000000</BSP_ACQUISTI>
    <MALT_ACQUISTI>151,000000</MALT_ACQUISTI>
    <XAUS_ACQUISTI>0,000000</XAUS_ACQUISTI>
    <XFRA_ACQUISTI>0,000000</XFRA_ACQUISTI>
    <TOTALE_VENDITE>24533,677</TOTALE_VENDITE>
    <NAT_VENDITE>26977,952000</NAT_VENDITE>
    <CNOR_VENDITE>1867,917000</CNOR_VENDITE>
    <CSUD_VENDITE>3760,569000</CSUD_VENDITE>
    <NORD_VENDITE>9725,007000</NORD_VENDITE>
    <SARD_VENDITE>1197,139000</SARD_VENDITE>
    <SICI_VENDITE>1299,227000</SICI_VENDITE>
    <SUD_VENDITE>3318,936000</SUD_VENDITE>
    <AUST_VENDITE>77,000000</AUST_VENDITE>
    <BRNN_VENDITE>676,424000</BRNN_VENDITE>
    <COAC_VENDITE>0,000000</COAC_VENDITE>
    <CORS_VENDITE>0,000000</CORS_VENDITE>
    <FOGN_VENDITE>419,630000</FOGN_VENDITE>
    <FRAN_VENDITE>139,000000</FRAN_VENDITE>
    <GREC_VENDITE>0,000000</GREC_VENDITE>
    <MFTV_VENDITE>0,000000</MFTV_VENDITE>
    <PRGP_VENDITE>0,000000</PRGP_VENDITE>
    <ROSN_VENDITE>1272,828000</ROSN_VENDITE>
    <SLOV_VENDITE>20,000000</SLOV_VENDITE>
    <SVIZ_VENDITE>760,000000</SVIZ_VENDITE>
    <BSP_VENDITE>600,000000</BSP_VENDITE>
    <MALT_VENDITE>0,000000</MALT_VENDITE>
    <XAUS_VENDITE>218,000000</XAUS_VENDITE>
    <XFRA_VENDITE>1407,771000</XFRA_VENDITE>
    <TOTITABSP_VENDITE>25133,677</TOTITABSP_VENDITE>
    <TOTITABSP_ACQUISTI>26759,448</TOTITABSP_ACQUISTI>
  </Quantita>
  <Quantita>
    <Data>20161229</Data>
    <Mercato>MGP</Mercato>
    <Ora>8</Ora>
    <TOTALE_ACQUISTI>31913,747</TOTALE_ACQUISTI>
    <NAT_ACQUISTI>32059,419000</NAT_ACQUISTI>
    <CNOR_ACQUISTI>3157,181000</CNOR_ACQUISTI>
    <CSUD_ACQUISTI>5042,312000</CSUD_ACQUISTI>
    <NORD_ACQUISTI>16940,938000</NORD_ACQUISTI>
    <SARD_ACQUISTI>1042,060000</SARD_ACQUISTI>
    <SICI_ACQUISTI>1938,663000</SICI_ACQUISTI>
    <SUD_ACQUISTI>2442,593000</SUD_ACQUISTI>
    <AUST_ACQUISTI>0,000000</AUST_ACQUISTI>
    <BRNN_ACQUISTI>0,000000</BRNN_ACQUISTI>
    <COAC_ACQUISTI>77,000000</COAC_ACQUISTI>
    <CORS_ACQUISTI>48,000000</CORS_ACQUISTI>
    <FOGN_ACQUISTI>0,000000</FOGN_ACQUISTI>
    <FRAN_ACQUISTI>120,000000</FRAN_ACQUISTI>
    <GREC_ACQUISTI>0,000000</GREC_ACQUISTI>
    <MFTV_ACQUISTI>0,000000</MFTV_ACQUISTI>
    <PRGP_ACQUISTI>0,000000</PRGP_ACQUISTI>
    <ROSN_ACQUISTI>0,000000</ROSN_ACQUISTI>
    <SLOV_ACQUISTI>0,000000</SLOV_ACQUISTI>
    <SVIZ_ACQUISTI>922,000000</SVIZ_ACQUISTI>
    <BSP_ACQUISTI>0,000000</BSP_ACQUISTI>
    <MALT_ACQUISTI>183,000000</MALT_ACQUISTI>
    <XAUS_ACQUISTI>0,000000</XAUS_ACQUISTI>
    <XFRA_ACQUISTI>0,000000</XFRA_ACQUISTI>
    <TOTALE_VENDITE>30448,325</TOTALE_VENDITE>
    <NAT_VENDITE>32059,419000</NAT_VENDITE>
    <CNOR_VENDITE>1982,954000</CNOR_VENDITE>
    <CSUD_VENDITE>4716,881000</CSUD_VENDITE>
    <NORD_VENDITE>13427,743000</NORD_VENDITE>
    <SARD_VENDITE>1352,280000</SARD_VENDITE>
    <SICI_VENDITE>1395,200000</SICI_VENDITE>
    <SUD_VENDITE>3628,332000</SUD_VENDITE>
    <AUST_VENDITE>77,000000</AUST_VENDITE>
    <BRNN_VENDITE>683,618000</BRNN_VENDITE>
    <COAC_VENDITE>0,000000</COAC_VENDITE>
    <CORS_VENDITE>0,000000</CORS_VENDITE>
    <FOGN_VENDITE>417,854000</FOGN_VENDITE>
    <FRAN_VENDITE>139,000000</FRAN_VENDITE>
    <GREC_VENDITE>5,000000</GREC_VENDITE>
    <MFTV_VENDITE>0,000000</MFTV_VENDITE>
    <PRGP_VENDITE>1,174000</PRGP_VENDITE>
    <ROSN_VENDITE>1525,289000</ROSN_VENDITE>
    <SLOV_VENDITE>20,000000</SLOV_VENDITE>
    <SVIZ_VENDITE>1076,000000</SVIZ_VENDITE>
    <BSP_VENDITE>732,000000</BSP_VENDITE>
    <MALT_VENDITE>0,000000</MALT_VENDITE>
    <XAUS_VENDITE>245,000000</XAUS_VENDITE>
    <XFRA_VENDITE>488,422000</XFRA_VENDITE>
    <TOTITABSP_VENDITE>31180,325</TOTITABSP_VENDITE>
    <TOTITABSP_ACQUISTI>31913,747</TOTITABSP_ACQUISTI>
  </Quantita>
  <Quantita>
    <Data>20161229</Data>
    <Mercato>MGP</Mercato>
    <Ora>9</Ora>
    <TOTALE_ACQUISTI>35119,657</TOTALE_ACQUISTI>
    <NAT_ACQUISTI>35470,104000</NAT_ACQUISTI>
    <CNOR_ACQUISTI>3554,829000</CNOR_ACQUISTI>
    <CSUD_ACQUISTI>5537,757000</CSUD_ACQUISTI>
    <NORD_ACQUISTI>18348,801000</NORD_ACQUISTI>
    <SARD_ACQUISTI>1147,016000</SARD_ACQUISTI>
    <SICI_ACQUISTI>2114,428000</SICI_ACQUISTI>
    <SUD_ACQUISTI>2640,826000</SUD_ACQUISTI>
    <AUST_ACQUISTI>0,000000</AUST_ACQUISTI>
    <BRNN_ACQUISTI>0,000000</BRNN_ACQUISTI>
    <COAC_ACQUISTI>81,000000</COAC_ACQUISTI>
    <CORS_ACQUISTI>49,000000</CORS_ACQUISTI>
    <FOGN_ACQUISTI>0,000000</FOGN_ACQUISTI>
    <FRAN_ACQUISTI>130,000000</FRAN_ACQUISTI>
    <GREC_ACQUISTI>0,000000</GREC_ACQUISTI>
    <MFTV_ACQUISTI>0,000000</MFTV_ACQUISTI>
    <PRGP_ACQUISTI>0,000000</PRGP_ACQUISTI>
    <ROSN_ACQUISTI>0,000000</ROSN_ACQUISTI>
    <SLOV_ACQUISTI>0,000000</SLOV_ACQUISTI>
    <SVIZ_ACQUISTI>1324,000000</SVIZ_ACQUISTI>
    <BSP_ACQUISTI>0,000000</BSP_ACQUISTI>
    <MALT_ACQUISTI>192,000000</MALT_ACQUISTI>
    <XAUS_ACQUISTI>0,000000</XAUS_ACQUISTI>
    <XFRA_ACQUISTI>232,901000</XFRA_ACQUISTI>
    <TOTALE_VENDITE>34375,558</TOTALE_VENDITE>
    <NAT_VENDITE>35470,104000</NAT_VENDITE>
    <CNOR_VENDITE>2121,988000</CNOR_VENDITE>
    <CSUD_VENDITE>5087,171000</CSUD_VENDITE>
    <NORD_VENDITE>16104,543000</NORD_VENDITE>
    <SARD_VENDITE>1478,602000</SARD_VENDITE>
    <SICI_VENDITE>1600,642000</SICI_VENDITE>
    <SUD_VENDITE>3837,108000</SUD_VENDITE>
    <AUST_VENDITE>77,000000</AUST_VENDITE>
    <BRNN_VENDITE>684,182000</BRNN_VENDITE>
    <COAC_VENDITE>0,000000</COAC_VENDITE>
    <CORS_VENDITE>0,000000</CORS_VENDITE>
    <FOGN_VENDITE>514,536000</FOGN_VENDITE>
    <FRAN_VENDITE>139,000000</FRAN_VENDITE>
    <GREC_VENDITE>5,000000</GREC_VENDITE>
    <MFTV_VENDITE>0,000000</MFTV_VENDITE>
    <PRGP_VENDITE>4,037000</PRGP_VENDITE>
    <ROSN_VENDITE>1501,749000</ROSN_VENDITE>
    <SLOV_VENDITE>20,000000</SLOV_VENDITE>
    <SVIZ_VENDITE>1200,000000</SVIZ_VENDITE>
    <BSP_VENDITE>732,000000</BSP_VENDITE>
    <MALT_VENDITE>0,000000</MALT_VENDITE>
    <XAUS_VENDITE>245,000000</XAUS_VENDITE>
    <XFRA_VENDITE>0,000000</XFRA_VENDITE>
    <TOTITABSP_VENDITE>35107,558</TOTITABSP_VENDITE>
    <TOTITABSP_ACQUISTI>35119,657</TOTITABSP_ACQUISTI>
  </Quantita>
  <Quantita>
    <Data>20161229</Data>
    <Mercato>MGP</Mercato>
    <Ora>10</Ora>
    <TOTALE_ACQUISTI>36140,355</TOTALE_ACQUISTI>
    <NAT_ACQUISTI>36575,803000</NAT_ACQUISTI>
    <CNOR_ACQUISTI>3692,151000</CNOR_ACQUISTI>
    <CSUD_ACQUISTI>5794,341000</CSUD_ACQUISTI>
    <NORD_ACQUISTI>18822,641000</NORD_ACQUISTI>
    <SARD_ACQUISTI>1152,317000</SARD_ACQUISTI>
    <SICI_ACQUISTI>2197,517000</SICI_ACQUISTI>
    <SUD_ACQUISTI>2700,388000</SUD_ACQUISTI>
    <AUST_ACQUISTI>0,000000</AUST_ACQUISTI>
    <BRNN_ACQUISTI>0,000000</BRNN_ACQUISTI>
    <COAC_ACQUISTI>76,000000</COAC_ACQUISTI>
    <CORS_ACQUISTI>49,000000</CORS_ACQUISTI>
    <FOGN_ACQUISTI>0,000000</FOGN_ACQUISTI>
    <FRAN_ACQUISTI>130,000000</FRAN_ACQUISTI>
    <GREC_ACQUISTI>0,000000</GREC_ACQUISTI>
    <MFTV_ACQUISTI>0,000000</MFTV_ACQUISTI>
    <PRGP_ACQUISTI>0,000000</PRGP_ACQUISTI>
    <ROSN_ACQUISTI>0,000000</ROSN_ACQUISTI>
    <SLOV_ACQUISTI>0,000000</SLOV_ACQUISTI>
    <SVIZ_ACQUISTI>1344,000000</SVIZ_ACQUISTI>
    <BSP_ACQUISTI>0,000000</BSP_ACQUISTI>
    <MALT_ACQUISTI>182,000000</MALT_ACQUISTI>
    <XAUS_ACQUISTI>0,000000</XAUS_ACQUISTI>
    <XFRA_ACQUISTI>335,448000</XFRA_ACQUISTI>
    <TOTALE_VENDITE>35498,803</TOTALE_VENDITE>
    <NAT_VENDITE>36575,803000</NAT_VENDITE>
    <CNOR_VENDITE>2313,893000</CNOR_VENDITE>
    <CSUD_VENDITE>5305,813000</CSUD_VENDITE>
    <NORD_VENDITE>16876,347000</NORD_VENDITE>
    <SARD_VENDITE>1516,845000</SARD_VENDITE>
    <SICI_VENDITE>1688,882000</SICI_VENDITE>
    <SUD_VENDITE>4091,631000</SUD_VENDITE>
    <AUST_VENDITE>77,000000</AUST_VENDITE>
    <BRNN_VENDITE>685,344000</BRNN_VENDITE>
    <COAC_VENDITE>0,000000</COAC_VENDITE>
    <CORS_VENDITE>0,000000</CORS_VENDITE>
    <FOGN_VENDITE>489,414000</FOGN_VENDITE>
    <FRAN_VENDITE>139,000000</FRAN_VENDITE>
    <GREC_VENDITE>0,000000</GREC_VENDITE>
    <MFTV_VENDITE>0,000000</MFTV_VENDITE>
    <PRGP_VENDITE>6,180000</PRGP_VENDITE>
    <ROSN_VENDITE>1318,454000</ROSN_VENDITE>
    <SLOV_VENDITE>20,000000</SLOV_VENDITE>
    <SVIZ_VENDITE>970,000000</SVIZ_VENDITE>
    <BSP_VENDITE>732,000000</BSP_VENDITE>
    <MALT_VENDITE>0,000000</MALT_VENDITE>
    <XAUS_VENDITE>245,000000</XAUS_VENDITE>
    <XFRA_VENDITE>0,000000</XFRA_VENDITE>
    <TOTITABSP_VENDITE>36230,803</TOTITABSP_VENDITE>
    <TOTITABSP_ACQUISTI>36140,355</TOTITABSP_ACQUISTI>
  </Quantita>
  <Quantita>
    <Data>20161229</Data>
    <Mercato>MGP</Mercato>
    <Ora>11</Ora>
    <TOTALE_ACQUISTI>36020,178</TOTALE_ACQUISTI>
    <NAT_ACQUISTI>37063,195000</NAT_ACQUISTI>
    <CNOR_ACQUISTI>3688,609000</CNOR_ACQUISTI>
    <CSUD_ACQUISTI>5921,295000</CSUD_ACQUISTI>
    <NORD_ACQUISTI>18781,323000</NORD_ACQUISTI>
    <SARD_ACQUISTI>1117,153000</SARD_ACQUISTI>
    <SICI_ACQUISTI>2139,460000</SICI_ACQUISTI>
    <SUD_ACQUISTI>2578,338000</SUD_ACQUISTI>
    <AUST_ACQUISTI>0,000000</AUST_ACQUISTI>
    <BRNN_ACQUISTI>0,000000</BRNN_ACQUISTI>
    <COAC_ACQUISTI>65,000000</COAC_ACQUISTI>
    <CORS_ACQUISTI>49,000000</CORS_ACQUISTI>
    <FOGN_ACQUISTI>0,000000</FOGN_ACQUISTI>
    <FRAN_ACQUISTI>130,000000</FRAN_ACQUISTI>
    <GREC_ACQUISTI>77,000000</GREC_ACQUISTI>
    <MFTV_ACQUISTI>0,000000</MFTV_ACQUISTI>
    <PRGP_ACQUISTI>0,000000</PRGP_ACQUISTI>
    <ROSN_ACQUISTI>0,000000</ROSN_ACQUISTI>
    <SLOV_ACQUISTI>0,000000</SLOV_ACQUISTI>
    <SVIZ_ACQUISTI>1301,000000</SVIZ_ACQUISTI>
    <BSP_ACQUISTI>0,000000</BSP_ACQUISTI>
    <MALT_ACQUISTI>172,000000</MALT_ACQUISTI>
    <XAUS_ACQUISTI>0,000000</XAUS_ACQUISTI>
    <XFRA_ACQUISTI>1004,000000</XFRA_ACQUISTI>
    <TOTALE_VENDITE>36083,405</TOTALE_VENDITE>
    <NAT_VENDITE>37063,195000</NAT_VENDITE>
    <CNOR_VENDITE>2463,181000</CNOR_VENDITE>
    <CSUD_VENDITE>5296,507000</CSUD_VENDITE>
    <NORD_VENDITE>17520,978000</NORD_VENDITE>
    <SARD_VENDITE>1606,941000</SARD_VENDITE>
    <SICI_VENDITE>1757,087000</SICI_VENDITE>
    <SUD_VENDITE>3954,407000</SUD_VENDITE>
    <AUST_VENDITE>77,000000</AUST_VENDITE>
    <BRNN_VENDITE>688,148000</BRNN_VENDITE>
    <COAC_VENDITE>0,000000</COAC_VENDITE>
    <CORS_VENDITE>0,000000</CORS_VENDITE>
    <FOGN_VENDITE>491,409000</FOGN_VENDITE>
    <FRAN_VENDITE>139,000000</FRAN_VENDITE>
    <GREC_VENDITE>0,000000</GREC_VENDITE>
    <MFTV_VENDITE>0,000000</MFTV_VENDITE>
    <PRGP_VENDITE>8,494000</PRGP_VENDITE>
    <ROSN_VENDITE>1267,253000</ROSN_VENDITE>
    <SLOV_VENDITE>20,000000</SLOV_VENDITE>
    <SVIZ_VENDITE>793,000000</SVIZ_VENDITE>
    <BSP_VENDITE>695,773000</BSP_VENDITE>
    <MALT_VENDITE>0,000000</MALT_VENDITE>
    <XAUS_VENDITE>245,000000</XAUS_VENDITE>
    <XFRA_VENDITE>0,000000</XFRA_VENDITE>
    <TOTITABSP_VENDITE>36779,178</TOTITABSP_VENDITE>
    <TOTITABSP_ACQUISTI>36020,178</TOTITABSP_ACQUISTI>
  </Quantita>
  <Quantita>
    <Data>20161229</Data>
    <Mercato>MGP</Mercato>
    <Ora>12</Ora>
    <TOTALE_ACQUISTI>35280,781</TOTALE_ACQUISTI>
    <NAT_ACQUISTI>36311,950000</NAT_ACQUISTI>
    <CNOR_ACQUISTI>3594,997000</CNOR_ACQUISTI>
    <CSUD_ACQUISTI>5674,176000</CSUD_ACQUISTI>
    <NORD_ACQUISTI>18571,960000</NORD_ACQUISTI>
    <SARD_ACQUISTI>1059,642000</SARD_ACQUISTI>
    <SICI_ACQUISTI>2094,970000</SICI_ACQUISTI>
    <SUD_ACQUISTI>2521,036000</SUD_ACQUISTI>
    <AUST_ACQUISTI>0,000000</AUST_ACQUISTI>
    <BRNN_ACQUISTI>0,000000</BRNN_ACQUISTI>
    <COAC_ACQUISTI>58,000000</COAC_ACQUISTI>
    <CORS_ACQUISTI>49,000000</CORS_ACQUISTI>
    <FOGN_ACQUISTI>0,000000</FOGN_ACQUISTI>
    <FRAN_ACQUISTI>130,000000</FRAN_ACQUISTI>
    <GREC_ACQUISTI>77,000000</GREC_ACQUISTI>
    <MFTV_ACQUISTI>0,000000</MFTV_ACQUISTI>
    <PRGP_ACQUISTI>0,000000</PRGP_ACQUISTI>
    <ROSN_ACQUISTI>0,000000</ROSN_ACQUISTI>
    <SLOV_ACQUISTI>0,000000</SLOV_ACQUISTI>
    <SVIZ_ACQUISTI>1291,000000</SVIZ_ACQUISTI>
    <BSP_ACQUISTI>0,000000</BSP_ACQUISTI>
    <MALT_ACQUISTI>159,000000</MALT_ACQUISTI>
    <XAUS_ACQUISTI>0,000000</XAUS_ACQUISTI>
    <XFRA_ACQUISTI>1004,000000</XFRA_ACQUISTI>
    <TOTALE_VENDITE>35384,781</TOTALE_VENDITE>
    <NAT_VENDITE>36311,950000</NAT_VENDITE>
    <CNOR_VENDITE>2543,087000</CNOR_VENDITE>
    <CSUD_VENDITE>4885,777000</CSUD_VENDITE>
    <NORD_VENDITE>17313,870000</NORD_VENDITE>
    <SARD_VENDITE>1706,041000</SARD_VENDITE>
    <SICI_VENDITE>1701,388000</SICI_VENDITE>
    <SUD_VENDITE>3930,347000</SUD_VENDITE>
    <AUST_VENDITE>77,000000</AUST_VENDITE>
    <BRNN_VENDITE>679,066000</BRNN_VENDITE>
    <COAC_VENDITE>0,000000</COAC_VENDITE>
    <CORS_VENDITE>0,000000</CORS_VENDITE>
    <FOGN_VENDITE>463,000000</FOGN_VENDITE>
    <FRAN_VENDITE>139,000000</FRAN_VENDITE>
    <GREC_VENDITE>0,000000</GREC_VENDITE>
    <MFTV_VENDITE>0,000000</MFTV_VENDITE>
    <PRGP_VENDITE>9,757000</PRGP_VENDITE>
    <ROSN_VENDITE>1268,448000</ROSN_VENDITE>
    <SLOV_VENDITE>20,000000</SLOV_VENDITE>
    <SVIZ_VENDITE>648,000000</SVIZ_VENDITE>
    <BSP_VENDITE>655,000000</BSP_VENDITE>
    <MALT_VENDITE>0,000000</MALT_VENDITE>
    <XAUS_VENDITE>245,000000</XAUS_VENDITE>
    <XFRA_VENDITE>0,000000</XFRA_VENDITE>
    <TOTITABSP_VENDITE>36039,781</TOTITABSP_VENDITE>
    <TOTITABSP_ACQUISTI>35280,781</TOTITABSP_ACQUISTI>
  </Quantita>
  <Quantita>
    <Data>20161229</Data>
    <Mercato>MGP</Mercato>
    <Ora>13</Ora>
    <TOTALE_ACQUISTI>33702,609</TOTALE_ACQUISTI>
    <NAT_ACQUISTI>34675,893000</NAT_ACQUISTI>
    <CNOR_ACQUISTI>3467,927000</CNOR_ACQUISTI>
    <CSUD_ACQUISTI>5612,725000</CSUD_ACQUISTI>
    <NORD_ACQUISTI>17162,056000</NORD_ACQUISTI>
    <SARD_ACQUISTI>1050,512000</SARD_ACQUISTI>
    <SICI_ACQUISTI>2092,638000</SICI_ACQUISTI>
    <SUD_ACQUISTI>2526,751000</SUD_ACQUISTI>
    <AUST_ACQUISTI>0,000000</AUST_ACQUISTI>
    <BRNN_ACQUISTI>0,000000</BRNN_ACQUISTI>
    <COAC_ACQUISTI>55,000000</COAC_ACQUISTI>
    <CORS_ACQUISTI>49,000000</CORS_ACQUISTI>
    <FOGN_ACQUISTI>0,000000</FOGN_ACQUISTI>
    <FRAN_ACQUISTI>130,000000</FRAN_ACQUISTI>
    <GREC_ACQUISTI>77,000000</GREC_ACQUISTI>
    <MFTV_ACQUISTI>0,000000</MFTV_ACQUISTI>
    <PRGP_ACQUISTI>0,000000</PRGP_ACQUISTI>
    <ROSN_ACQUISTI>0,000000</ROSN_ACQUISTI>
    <SLOV_ACQUISTI>0,000000</SLOV_ACQUISTI>
    <SVIZ_ACQUISTI>1326,000000</SVIZ_ACQUISTI>
    <BSP_ACQUISTI>0,000000</BSP_ACQUISTI>
    <MALT_ACQUISTI>153,000000</MALT_ACQUISTI>
    <XAUS_ACQUISTI>0,000000</XAUS_ACQUISTI>
    <XFRA_ACQUISTI>1004,000000</XFRA_ACQUISTI>
    <TOTALE_VENDITE>34030,609</TOTALE_VENDITE>
    <NAT_VENDITE>34675,893000</NAT_VENDITE>
    <CNOR_VENDITE>2406,298000</CNOR_VENDITE>
    <CSUD_VENDITE>4840,764000</CSUD_VENDITE>
    <NORD_VENDITE>16239,685000</NORD_VENDITE>
    <SARD_VENDITE>1677,473000</SARD_VENDITE>
    <SICI_VENDITE>1740,255000</SICI_VENDITE>
    <SUD_VENDITE>3881,320000</SUD_VENDITE>
    <AUST_VENDITE>77,000000</AUST_VENDITE>
    <BRNN_VENDITE>679,668000</BRNN_VENDITE>
    <COAC_VENDITE>0,000000</COAC_VENDITE>
    <CORS_VENDITE>0,000000</CORS_VENDITE>
    <FOGN_VENDITE>470,010000</FOGN_VENDITE>
    <FRAN_VENDITE>139,000000</FRAN_VENDITE>
    <GREC_VENDITE>0,000000</GREC_VENDITE>
    <MFTV_VENDITE>0,000000</MFTV_VENDITE>
    <PRGP_VENDITE>9,362000</PRGP_VENDITE>
    <ROSN_VENDITE>1268,774000</ROSN_VENDITE>
    <SLOV_VENDITE>20,000000</SLOV_VENDITE>
    <SVIZ_VENDITE>581,000000</SVIZ_VENDITE>
    <BSP_VENDITE>431,000000</BSP_VENDITE>
    <MALT_VENDITE>0,000000</MALT_VENDITE>
    <XAUS_VENDITE>245,000000</XAUS_VENDITE>
    <XFRA_VENDITE>0,000000</XFRA_VENDITE>
    <TOTITABSP_VENDITE>34461,609</TOTITABSP_VENDITE>
    <TOTITABSP_ACQUISTI>33702,609</TOTITABSP_ACQUISTI>
  </Quantita>
  <Quantita>
    <Data>20161229</Data>
    <Mercato>MGP</Mercato>
    <Ora>14</Ora>
    <TOTALE_ACQUISTI>33242,205</TOTALE_ACQUISTI>
    <NAT_ACQUISTI>33391,786000</NAT_ACQUISTI>
    <CNOR_ACQUISTI>3250,306000</CNOR_ACQUISTI>
    <CSUD_ACQUISTI>5419,419000</CSUD_ACQUISTI>
    <NORD_ACQUISTI>17130,949000</NORD_ACQUISTI>
    <SARD_ACQUISTI>1030,158000</SARD_ACQUISTI>
    <SICI_ACQUISTI>2050,005000</SICI_ACQUISTI>
    <SUD_ACQUISTI>2434,368000</SUD_ACQUISTI>
    <AUST_ACQUISTI>0,000000</AUST_ACQUISTI>
    <BRNN_ACQUISTI>0,000000</BRNN_ACQUISTI>
    <COAC_ACQUISTI>48,000000</COAC_ACQUISTI>
    <CORS_ACQUISTI>49,000000</CORS_ACQUISTI>
    <FOGN_ACQUISTI>0,000000</FOGN_ACQUISTI>
    <FRAN_ACQUISTI>130,000000</FRAN_ACQUISTI>
    <GREC_ACQUISTI>77,000000</GREC_ACQUISTI>
    <MFTV_ACQUISTI>0,000000</MFTV_ACQUISTI>
    <PRGP_ACQUISTI>0,000000</PRGP_ACQUISTI>
    <ROSN_ACQUISTI>0,000000</ROSN_ACQUISTI>
    <SLOV_ACQUISTI>0,000000</SLOV_ACQUISTI>
    <SVIZ_ACQUISTI>1465,000000</SVIZ_ACQUISTI>
    <BSP_ACQUISTI>0,000000</BSP_ACQUISTI>
    <MALT_ACQUISTI>158,000000</MALT_ACQUISTI>
    <XAUS_ACQUISTI>0,000000</XAUS_ACQUISTI>
    <XFRA_ACQUISTI>0,000000</XFRA_ACQUISTI>
    <TOTALE_VENDITE>32514,495</TOTALE_VENDITE>
    <NAT_VENDITE>33391,786000</NAT_VENDITE>
    <CNOR_VENDITE>2320,758000</CNOR_VENDITE>
    <CSUD_VENDITE>4693,538000</CSUD_VENDITE>
    <NORD_VENDITE>15170,787000</NORD_VENDITE>
    <SARD_VENDITE>1604,039000</SARD_VENDITE>
    <SICI_VENDITE>1731,731000</SICI_VENDITE>
    <SUD_VENDITE>3732,470000</SUD_VENDITE>
    <AUST_VENDITE>77,000000</AUST_VENDITE>
    <BRNN_VENDITE>689,178000</BRNN_VENDITE>
    <COAC_VENDITE>0,000000</COAC_VENDITE>
    <CORS_VENDITE>0,000000</CORS_VENDITE>
    <FOGN_VENDITE>489,720000</FOGN_VENDITE>
    <FRAN_VENDITE>139,000000</FRAN_VENDITE>
    <GREC_VENDITE>0,000000</GREC_VENDITE>
    <MFTV_VENDITE>0,000000</MFTV_VENDITE>
    <PRGP_VENDITE>8,508000</PRGP_VENDITE>
    <ROSN_VENDITE>1267,766000</ROSN_VENDITE>
    <SLOV_VENDITE>20,000000</SLOV_VENDITE>
    <SVIZ_VENDITE>570,000000</SVIZ_VENDITE>
    <BSP_VENDITE>488,000000</BSP_VENDITE>
    <MALT_VENDITE>0,000000</MALT_VENDITE>
    <XAUS_VENDITE>224,000000</XAUS_VENDITE>
    <XFRA_VENDITE>15,710000</XFRA_VENDITE>
    <TOTITABSP_VENDITE>33002,495</TOTITABSP_VENDITE>
    <TOTITABSP_ACQUISTI>33242,205</TOTITABSP_ACQUISTI>
  </Quantita>
  <Quantita>
    <Data>20161229</Data>
    <Mercato>MGP</Mercato>
    <Ora>15</Ora>
    <TOTALE_ACQUISTI>33793,578</TOTALE_ACQUISTI>
    <NAT_ACQUISTI>33822,614000</NAT_ACQUISTI>
    <CNOR_ACQUISTI>3413,666000</CNOR_ACQUISTI>
    <CSUD_ACQUISTI>5462,879000</CSUD_ACQUISTI>
    <NORD_ACQUISTI>17756,859000</NORD_ACQUISTI>
    <SARD_ACQUISTI>1011,468000</SARD_ACQUISTI>
    <SICI_ACQUISTI>2076,342000</SICI_ACQUISTI>
    <SUD_ACQUISTI>2456,364000</SUD_ACQUISTI>
    <AUST_ACQUISTI>0,000000</AUST_ACQUISTI>
    <BRNN_ACQUISTI>0,000000</BRNN_ACQUISTI>
    <COAC_ACQUISTI>49,000000</COAC_ACQUISTI>
    <CORS_ACQUISTI>49,000000</CORS_ACQUISTI>
    <FOGN_ACQUISTI>0,000000</FOGN_ACQUISTI>
    <FRAN_ACQUISTI>130,000000</FRAN_ACQUISTI>
    <GREC_ACQUISTI>77,000000</GREC_ACQUISTI>
    <MFTV_ACQUISTI>0,000000</MFTV_ACQUISTI>
    <PRGP_ACQUISTI>0,000000</PRGP_ACQUISTI>
    <ROSN_ACQUISTI>0,000000</ROSN_ACQUISTI>
    <SLOV_ACQUISTI>0,000000</SLOV_ACQUISTI>
    <SVIZ_ACQUISTI>1135,000000</SVIZ_ACQUISTI>
    <BSP_ACQUISTI>0,000000</BSP_ACQUISTI>
    <MALT_ACQUISTI>176,000000</MALT_ACQUISTI>
    <XAUS_ACQUISTI>0,000000</XAUS_ACQUISTI>
    <XFRA_ACQUISTI>0,000000</XFRA_ACQUISTI>
    <TOTALE_VENDITE>32021,343</TOTALE_VENDITE>
    <NAT_VENDITE>33822,614000</NAT_VENDITE>
    <CNOR_VENDITE>2180,845000</CNOR_VENDITE>
    <CSUD_VENDITE>4618,339000</CSUD_VENDITE>
    <NORD_VENDITE>14277,423000</NORD_VENDITE>
    <SARD_VENDITE>1705,008000</SARD_VENDITE>
    <SICI_VENDITE>1766,340000</SICI_VENDITE>
    <SUD_VENDITE>3758,950000</SUD_VENDITE>
    <AUST_VENDITE>77,000000</AUST_VENDITE>
    <BRNN_VENDITE>687,806000</BRNN_VENDITE>
    <COAC_VENDITE>0,000000</COAC_VENDITE>
    <CORS_VENDITE>0,000000</CORS_VENDITE>
    <FOGN_VENDITE>486,608000</FOGN_VENDITE>
    <FRAN_VENDITE>139,000000</FRAN_VENDITE>
    <GREC_VENDITE>0,000000</GREC_VENDITE>
    <MFTV_VENDITE>0,000000</MFTV_VENDITE>
    <PRGP_VENDITE>6,620000</PRGP_VENDITE>
    <ROSN_VENDITE>1279,382000</ROSN_VENDITE>
    <SLOV_VENDITE>20,000000</SLOV_VENDITE>
    <SVIZ_VENDITE>1018,022000</SVIZ_VENDITE>
    <BSP_VENDITE>113,000000</BSP_VENDITE>
    <MALT_VENDITE>0,000000</MALT_VENDITE>
    <XAUS_VENDITE>224,000000</XAUS_VENDITE>
    <XFRA_VENDITE>1435,235000</XFRA_VENDITE>
    <TOTITABSP_VENDITE>32134,343</TOTITABSP_VENDITE>
    <TOTITABSP_ACQUISTI>33793,578</TOTITABSP_ACQUISTI>
  </Quantita>
  <Quantita>
    <Data>20161229</Data>
    <Mercato>MGP</Mercato>
    <Ora>16</Ora>
    <TOTALE_ACQUISTI>34835,782</TOTALE_ACQUISTI>
    <NAT_ACQUISTI>34825,167000</NAT_ACQUISTI>
    <CNOR_ACQUISTI>3555,675000</CNOR_ACQUISTI>
    <CSUD_ACQUISTI>5655,596000</CSUD_ACQUISTI>
    <NORD_ACQUISTI>18219,871000</NORD_ACQUISTI>
    <SARD_ACQUISTI>1057,664000</SARD_ACQUISTI>
    <SICI_ACQUISTI>2146,622000</SICI_ACQUISTI>
    <SUD_ACQUISTI>2567,354000</SUD_ACQUISTI>
    <AUST_ACQUISTI>0,000000</AUST_ACQUISTI>
    <BRNN_ACQUISTI>0,000000</BRNN_ACQUISTI>
    <COAC_ACQUISTI>58,000000</COAC_ACQUISTI>
    <CORS_ACQUISTI>49,000000</CORS_ACQUISTI>
    <FOGN_ACQUISTI>0,000000</FOGN_ACQUISTI>
    <FRAN_ACQUISTI>130,000000</FRAN_ACQUISTI>
    <GREC_ACQUISTI>77,000000</GREC_ACQUISTI>
    <MFTV_ACQUISTI>0,000000</MFTV_ACQUISTI>
    <PRGP_ACQUISTI>0,000000</PRGP_ACQUISTI>
    <ROSN_ACQUISTI>0,000000</ROSN_ACQUISTI>
    <SLOV_ACQUISTI>0,000000</SLOV_ACQUISTI>
    <SVIZ_ACQUISTI>1129,000000</SVIZ_ACQUISTI>
    <BSP_ACQUISTI>0,000000</BSP_ACQUISTI>
    <MALT_ACQUISTI>190,000000</MALT_ACQUISTI>
    <XAUS_ACQUISTI>0,000000</XAUS_ACQUISTI>
    <XFRA_ACQUISTI>0,000000</XFRA_ACQUISTI>
    <TOTALE_VENDITE>33887,758</TOTALE_VENDITE>
    <NAT_VENDITE>34825,167000</NAT_VENDITE>
    <CNOR_VENDITE>2011,427000</CNOR_VENDITE>
    <CSUD_VENDITE>4988,689000</CSUD_VENDITE>
    <NORD_VENDITE>15629,095000</NORD_VENDITE>
    <SARD_VENDITE>1655,026000</SARD_VENDITE>
    <SICI_VENDITE>1683,436000</SICI_VENDITE>
    <SUD_VENDITE>3758,537000</SUD_VENDITE>
    <AUST_VENDITE>77,000000</AUST_VENDITE>
    <BRNN_VENDITE>691,213000</BRNN_VENDITE>
    <COAC_VENDITE>0,000000</COAC_VENDITE>
    <CORS_VENDITE>0,000000</CORS_VENDITE>
    <FOGN_VENDITE>522,149000</FOGN_VENDITE>
    <FRAN_VENDITE>139,000000</FRAN_VENDITE>
    <GREC_VENDITE>0,000000</GREC_VENDITE>
    <MFTV_VENDITE>0,000000</MFTV_VENDITE>
    <PRGP_VENDITE>3,818000</PRGP_VENDITE>
    <ROSN_VENDITE>1449,368000</ROSN_VENDITE>
    <SLOV_VENDITE>20,000000</SLOV_VENDITE>
    <SVIZ_VENDITE>1259,000000</SVIZ_VENDITE>
    <BSP_VENDITE>259,000000</BSP_VENDITE>
    <MALT_VENDITE>0,000000</MALT_VENDITE>
    <XAUS_VENDITE>224,000000</XAUS_VENDITE>
    <XFRA_VENDITE>465,024000</XFRA_VENDITE>
    <TOTITABSP_VENDITE>34146,758</TOTITABSP_VENDITE>
    <TOTITABSP_ACQUISTI>34835,782</TOTITABSP_ACQUISTI>
  </Quantita>
  <Quantita>
    <Data>20161229</Data>
    <Mercato>MGP</Mercato>
    <Ora>17</Ora>
    <TOTALE_ACQUISTI>36878,895</TOTALE_ACQUISTI>
    <NAT_ACQUISTI>36943,895000</NAT_ACQUISTI>
    <CNOR_ACQUISTI>3840,773000</CNOR_ACQUISTI>
    <CSUD_ACQUISTI>6014,602000</CSUD_ACQUISTI>
    <NORD_ACQUISTI>18917,422000</NORD_ACQUISTI>
    <SARD_ACQUISTI>1104,893000</SARD_ACQUISTI>
    <SICI_ACQUISTI>2273,258000</SICI_ACQUISTI>
    <SUD_ACQUISTI>2930,947000</SUD_ACQUISTI>
    <AUST_ACQUISTI>0,000000</AUST_ACQUISTI>
    <BRNN_ACQUISTI>0,000000</BRNN_ACQUISTI>
    <COAC_ACQUISTI>75,000000</COAC_ACQUISTI>
    <CORS_ACQUISTI>49,000000</CORS_ACQUISTI>
    <FOGN_ACQUISTI>0,000000</FOGN_ACQUISTI>
    <FRAN_ACQUISTI>130,000000</FRAN_ACQUISTI>
    <GREC_ACQUISTI>9,000000</GREC_ACQUISTI>
    <MFTV_ACQUISTI>0,000000</MFTV_ACQUISTI>
    <PRGP_ACQUISTI>0,000000</PRGP_ACQUISTI>
    <ROSN_ACQUISTI>0,000000</ROSN_ACQUISTI>
    <SLOV_ACQUISTI>0,000000</SLOV_ACQUISTI>
    <SVIZ_ACQUISTI>1342,000000</SVIZ_ACQUISTI>
    <BSP_ACQUISTI>0,000000</BSP_ACQUISTI>
    <MALT_ACQUISTI>192,000000</MALT_ACQUISTI>
    <XAUS_ACQUISTI>0,000000</XAUS_ACQUISTI>
    <XFRA_ACQUISTI>0,000000</XFRA_ACQUISTI>
    <TOTALE_VENDITE>35536,577</TOTALE_VENDITE>
    <NAT_VENDITE>36943,895000</NAT_VENDITE>
    <CNOR_VENDITE>2008,790000</CNOR_VENDITE>
    <CSUD_VENDITE>5581,018000</CSUD_VENDITE>
    <NORD_VENDITE>16350,087000</NORD_VENDITE>
    <SARD_VENDITE>1643,931000</SARD_VENDITE>
    <SICI_VENDITE>1538,093000</SICI_VENDITE>
    <SUD_VENDITE>3183,509000</SUD_VENDITE>
    <AUST_VENDITE>77,000000</AUST_VENDITE>
    <BRNN_VENDITE>970,484000</BRNN_VENDITE>
    <COAC_VENDITE>0,000000</COAC_VENDITE>
    <CORS_VENDITE>0,000000</CORS_VENDITE>
    <FOGN_VENDITE>955,500000</FOGN_VENDITE>
    <FRAN_VENDITE>139,000000</FRAN_VENDITE>
    <GREC_VENDITE>0,000000</GREC_VENDITE>
    <MFTV_VENDITE>0,000000</MFTV_VENDITE>
    <PRGP_VENDITE>0,844000</PRGP_VENDITE>
    <ROSN_VENDITE>1726,321000</ROSN_VENDITE>
    <SLOV_VENDITE>20,000000</SLOV_VENDITE>
    <SVIZ_VENDITE>1342,000000</SVIZ_VENDITE>
    <BSP_VENDITE>273,000000</BSP_VENDITE>
    <MALT_VENDITE>0,000000</MALT_VENDITE>
    <XAUS_VENDITE>224,000000</XAUS_VENDITE>
    <XFRA_VENDITE>845,318000</XFRA_VENDITE>
    <TOTITABSP_VENDITE>35809,577</TOTITABSP_VENDITE>
    <TOTITABSP_ACQUISTI>36878,895</TOTITABSP_ACQUISTI>
  </Quantita>
  <Quantita>
    <Data>20161229</Data>
    <Mercato>MGP</Mercato>
    <Ora>18</Ora>
    <TOTALE_ACQUISTI>39526,645</TOTALE_ACQUISTI>
    <NAT_ACQUISTI>39872,707000</NAT_ACQUISTI>
    <CNOR_ACQUISTI>4101,633000</CNOR_ACQUISTI>
    <CSUD_ACQUISTI>6645,111000</CSUD_ACQUISTI>
    <NORD_ACQUISTI>20039,585000</NORD_ACQUISTI>
    <SARD_ACQUISTI>1212,696000</SARD_ACQUISTI>
    <SICI_ACQUISTI>2564,874000</SICI_ACQUISTI>
    <SUD_ACQUISTI>3433,746000</SUD_ACQUISTI>
    <AUST_ACQUISTI>0,000000</AUST_ACQUISTI>
    <BRNN_ACQUISTI>0,000000</BRNN_ACQUISTI>
    <COAC_ACQUISTI>91,000000</COAC_ACQUISTI>
    <CORS_ACQUISTI>49,000000</CORS_ACQUISTI>
    <FOGN_ACQUISTI>0,000000</FOGN_ACQUISTI>
    <FRAN_ACQUISTI>130,000000</FRAN_ACQUISTI>
    <GREC_ACQUISTI>0,000000</GREC_ACQUISTI>
    <MFTV_ACQUISTI>0,000000</MFTV_ACQUISTI>
    <PRGP_ACQUISTI>0,000000</PRGP_ACQUISTI>
    <ROSN_ACQUISTI>0,000000</ROSN_ACQUISTI>
    <SLOV_ACQUISTI>0,000000</SLOV_ACQUISTI>
    <SVIZ_ACQUISTI>1061,000000</SVIZ_ACQUISTI>
    <BSP_ACQUISTI>0,000000</BSP_ACQUISTI>
    <MALT_ACQUISTI>198,000000</MALT_ACQUISTI>
    <XAUS_ACQUISTI>0,000000</XAUS_ACQUISTI>
    <XFRA_ACQUISTI>0,000000</XFRA_ACQUISTI>
    <TOTALE_VENDITE>37754,541</TOTALE_VENDITE>
    <NAT_VENDITE>39872,707000</NAT_VENDITE>
    <CNOR_VENDITE>2047,379000</CNOR_VENDITE>
    <CSUD_VENDITE>5677,695000</CSUD_VENDITE>
    <NORD_VENDITE>17975,540000</NORD_VENDITE>
    <SARD_VENDITE>1669,307000</SARD_VENDITE>
    <SICI_VENDITE>1532,028000</SICI_VENDITE>
    <SUD_VENDITE>2879,008000</SUD_VENDITE>
    <AUST_VENDITE>77,000000</AUST_VENDITE>
    <BRNN_VENDITE>1894,841000</BRNN_VENDITE>
    <COAC_VENDITE>0,000000</COAC_VENDITE>
    <CORS_VENDITE>0,000000</CORS_VENDITE>
    <FOGN_VENDITE>1059,897000</FOGN_VENDITE>
    <FRAN_VENDITE>139,000000</FRAN_VENDITE>
    <GREC_VENDITE>0,000000</GREC_VENDITE>
    <MFTV_VENDITE>0,000000</MFTV_VENDITE>
    <PRGP_VENDITE>130,846000</PRGP_VENDITE>
    <ROSN_VENDITE>1900,000000</ROSN_VENDITE>
    <SLOV_VENDITE>20,000000</SLOV_VENDITE>
    <SVIZ_VENDITE>752,000000</SVIZ_VENDITE>
    <BSP_VENDITE>584,000000</BSP_VENDITE>
    <MALT_VENDITE>0,000000</MALT_VENDITE>
    <XAUS_VENDITE>224,000000</XAUS_VENDITE>
    <XFRA_VENDITE>964,104000</XFRA_VENDITE>
    <TOTITABSP_VENDITE>38338,541</TOTITABSP_VENDITE>
    <TOTITABSP_ACQUISTI>39526,645</TOTITABSP_ACQUISTI>
  </Quantita>
  <Quantita>
    <Data>20161229</Data>
    <Mercato>MGP</Mercato>
    <Ora>19</Ora>
    <TOTALE_ACQUISTI>39573,821</TOTALE_ACQUISTI>
    <NAT_ACQUISTI>40550,408000</NAT_ACQUISTI>
    <CNOR_ACQUISTI>4196,609000</CNOR_ACQUISTI>
    <CSUD_ACQUISTI>6816,098000</CSUD_ACQUISTI>
    <NORD_ACQUISTI>19656,407000</NORD_ACQUISTI>
    <SARD_ACQUISTI>1268,455000</SARD_ACQUISTI>
    <SICI_ACQUISTI>2618,374000</SICI_ACQUISTI>
    <SUD_ACQUISTI>3479,878000</SUD_ACQUISTI>
    <AUST_ACQUISTI>0,000000</AUST_ACQUISTI>
    <BRNN_ACQUISTI>0,000000</BRNN_ACQUISTI>
    <COAC_ACQUISTI>95,000000</COAC_ACQUISTI>
    <CORS_ACQUISTI>49,000000</CORS_ACQUISTI>
    <FOGN_ACQUISTI>0,000000</FOGN_ACQUISTI>
    <FRAN_ACQUISTI>130,000000</FRAN_ACQUISTI>
    <GREC_ACQUISTI>0,000000</GREC_ACQUISTI>
    <MFTV_ACQUISTI>0,000000</MFTV_ACQUISTI>
    <PRGP_ACQUISTI>0,000000</PRGP_ACQUISTI>
    <ROSN_ACQUISTI>0,000000</ROSN_ACQUISTI>
    <SLOV_ACQUISTI>0,000000</SLOV_ACQUISTI>
    <SVIZ_ACQUISTI>1066,000000</SVIZ_ACQUISTI>
    <BSP_ACQUISTI>0,000000</BSP_ACQUISTI>
    <MALT_ACQUISTI>198,000000</MALT_ACQUISTI>
    <XAUS_ACQUISTI>0,000000</XAUS_ACQUISTI>
    <XFRA_ACQUISTI>667,112000</XFRA_ACQUISTI>
    <TOTALE_VENDITE>39352,933</TOTALE_VENDITE>
    <NAT_VENDITE>40550,408000</NAT_VENDITE>
    <CNOR_VENDITE>2054,501000</CNOR_VENDITE>
    <CSUD_VENDITE>6017,457000</CSUD_VENDITE>
    <NORD_VENDITE>18342,601000</NORD_VENDITE>
    <SARD_VENDITE>1668,122000</SARD_VENDITE>
    <SICI_VENDITE>1508,391000</SICI_VENDITE>
    <SUD_VENDITE>2995,536000</SUD_VENDITE>
    <AUST_VENDITE>77,000000</AUST_VENDITE>
    <BRNN_VENDITE>1822,427000</BRNN_VENDITE>
    <COAC_VENDITE>0,000000</COAC_VENDITE>
    <CORS_VENDITE>0,000000</CORS_VENDITE>
    <FOGN_VENDITE>1061,915000</FOGN_VENDITE>
    <FRAN_VENDITE>139,000000</FRAN_VENDITE>
    <GREC_VENDITE>0,000000</GREC_VENDITE>
    <MFTV_VENDITE>0,000000</MFTV_VENDITE>
    <PRGP_VENDITE>207,983000</PRGP_VENDITE>
    <ROSN_VENDITE>1900,000000</ROSN_VENDITE>
    <SLOV_VENDITE>20,000000</SLOV_VENDITE>
    <SVIZ_VENDITE>1538,000000</SVIZ_VENDITE>
    <BSP_VENDITE>664,000000</BSP_VENDITE>
    <MALT_VENDITE>0,000000</MALT_VENDITE>
    <XAUS_VENDITE>224,000000</XAUS_VENDITE>
    <XFRA_VENDITE>0,000000</XFRA_VENDITE>
    <TOTITABSP_VENDITE>40016,933</TOTITABSP_VENDITE>
    <TOTITABSP_ACQUISTI>39573,821</TOTITABSP_ACQUISTI>
  </Quantita>
  <Quantita>
    <Data>20161229</Data>
    <Mercato>MGP</Mercato>
    <Ora>20</Ora>
    <TOTALE_ACQUISTI>38607,741</TOTALE_ACQUISTI>
    <NAT_ACQUISTI>39845,796000</NAT_ACQUISTI>
    <CNOR_ACQUISTI>4086,053000</CNOR_ACQUISTI>
    <CSUD_ACQUISTI>6886,101000</CSUD_ACQUISTI>
    <NORD_ACQUISTI>18900,096000</NORD_ACQUISTI>
    <SARD_ACQUISTI>1269,556000</SARD_ACQUISTI>
    <SICI_ACQUISTI>2623,726000</SICI_ACQUISTI>
    <SUD_ACQUISTI>3401,209000</SUD_ACQUISTI>
    <AUST_ACQUISTI>0,000000</AUST_ACQUISTI>
    <BRNN_ACQUISTI>0,000000</BRNN_ACQUISTI>
    <COAC_ACQUISTI>95,000000</COAC_ACQUISTI>
    <CORS_ACQUISTI>49,000000</CORS_ACQUISTI>
    <FOGN_ACQUISTI>0,000000</FOGN_ACQUISTI>
    <FRAN_ACQUISTI>130,000000</FRAN_ACQUISTI>
    <GREC_ACQUISTI>0,000000</GREC_ACQUISTI>
    <MFTV_ACQUISTI>0,000000</MFTV_ACQUISTI>
    <PRGP_ACQUISTI>0,000000</PRGP_ACQUISTI>
    <ROSN_ACQUISTI>0,000000</ROSN_ACQUISTI>
    <SLOV_ACQUISTI>0,000000</SLOV_ACQUISTI>
    <SVIZ_ACQUISTI>971,000000</SVIZ_ACQUISTI>
    <BSP_ACQUISTI>0,000000</BSP_ACQUISTI>
    <MALT_ACQUISTI>196,000000</MALT_ACQUISTI>
    <XAUS_ACQUISTI>0,000000</XAUS_ACQUISTI>
    <XFRA_ACQUISTI>979,258000</XFRA_ACQUISTI>
    <TOTALE_VENDITE>38698,999</TOTALE_VENDITE>
    <NAT_VENDITE>39845,796000</NAT_VENDITE>
    <CNOR_VENDITE>2043,828000</CNOR_VENDITE>
    <CSUD_VENDITE>5872,152000</CSUD_VENDITE>
    <NORD_VENDITE>17885,881000</NORD_VENDITE>
    <SARD_VENDITE>1668,877000</SARD_VENDITE>
    <SICI_VENDITE>1460,259000</SICI_VENDITE>
    <SUD_VENDITE>2922,675000</SUD_VENDITE>
    <AUST_VENDITE>77,000000</AUST_VENDITE>
    <BRNN_VENDITE>1818,463000</BRNN_VENDITE>
    <COAC_VENDITE>0,000000</COAC_VENDITE>
    <CORS_VENDITE>0,000000</CORS_VENDITE>
    <FOGN_VENDITE>1060,071000</FOGN_VENDITE>
    <FRAN_VENDITE>139,000000</FRAN_VENDITE>
    <GREC_VENDITE>0,000000</GREC_VENDITE>
    <MFTV_VENDITE>0,000000</MFTV_VENDITE>
    <PRGP_VENDITE>259,467000</PRGP_VENDITE>
    <ROSN_VENDITE>1900,000000</ROSN_VENDITE>
    <SLOV_VENDITE>20,000000</SLOV_VENDITE>
    <SVIZ_VENDITE>1571,326000</SVIZ_VENDITE>
    <BSP_VENDITE>664,000000</BSP_VENDITE>
    <MALT_VENDITE>0,000000</MALT_VENDITE>
    <XAUS_VENDITE>224,000000</XAUS_VENDITE>
    <XFRA_VENDITE>0,000000</XFRA_VENDITE>
    <TOTITABSP_VENDITE>39362,999</TOTITABSP_VENDITE>
    <TOTITABSP_ACQUISTI>38607,741</TOTITABSP_ACQUISTI>
  </Quantita>
  <Quantita>
    <Data>20161229</Data>
    <Mercato>MGP</Mercato>
    <Ora>21</Ora>
    <TOTALE_ACQUISTI>36773,135</TOTALE_ACQUISTI>
    <NAT_ACQUISTI>37653,949000</NAT_ACQUISTI>
    <CNOR_ACQUISTI>3754,983000</CNOR_ACQUISTI>
    <CSUD_ACQUISTI>6441,571000</CSUD_ACQUISTI>
    <NORD_ACQUISTI>17586,986000</NORD_ACQUISTI>
    <SARD_ACQUISTI>1220,893000</SARD_ACQUISTI>
    <SICI_ACQUISTI>2561,264000</SICI_ACQUISTI>
    <SUD_ACQUISTI>3211,438000</SUD_ACQUISTI>
    <AUST_ACQUISTI>0,000000</AUST_ACQUISTI>
    <BRNN_ACQUISTI>0,000000</BRNN_ACQUISTI>
    <COAC_ACQUISTI>95,000000</COAC_ACQUISTI>
    <CORS_ACQUISTI>49,000000</CORS_ACQUISTI>
    <FOGN_ACQUISTI>0,000000</FOGN_ACQUISTI>
    <FRAN_ACQUISTI>120,000000</FRAN_ACQUISTI>
    <GREC_ACQUISTI>0,000000</GREC_ACQUISTI>
    <MFTV_ACQUISTI>0,000000</MFTV_ACQUISTI>
    <PRGP_ACQUISTI>0,000000</PRGP_ACQUISTI>
    <ROSN_ACQUISTI>0,000000</ROSN_ACQUISTI>
    <SLOV_ACQUISTI>0,000000</SLOV_ACQUISTI>
    <SVIZ_ACQUISTI>1552,000000</SVIZ_ACQUISTI>
    <BSP_ACQUISTI>0,000000</BSP_ACQUISTI>
    <MALT_ACQUISTI>180,000000</MALT_ACQUISTI>
    <XAUS_ACQUISTI>0,000000</XAUS_ACQUISTI>
    <XFRA_ACQUISTI>868,346000</XFRA_ACQUISTI>
    <TOTALE_VENDITE>36844,481</TOTALE_VENDITE>
    <NAT_VENDITE>37653,949000</NAT_VENDITE>
    <CNOR_VENDITE>1976,229000</CNOR_VENDITE>
    <CSUD_VENDITE>5479,484000</CSUD_VENDITE>
    <NORD_VENDITE>16959,906000</NORD_VENDITE>
    <SARD_VENDITE>1671,160000</SARD_VENDITE>
    <SICI_VENDITE>1364,829000</SICI_VENDITE>
    <SUD_VENDITE>2752,227000</SUD_VENDITE>
    <AUST_VENDITE>77,000000</AUST_VENDITE>
    <BRNN_VENDITE>1799,198000</BRNN_VENDITE>
    <COAC_VENDITE>0,000000</COAC_VENDITE>
    <CORS_VENDITE>0,000000</CORS_VENDITE>
    <FOGN_VENDITE>1060,013000</FOGN_VENDITE>
    <FRAN_VENDITE>139,000000</FRAN_VENDITE>
    <GREC_VENDITE>0,000000</GREC_VENDITE>
    <MFTV_VENDITE>0,000000</MFTV_VENDITE>
    <PRGP_VENDITE>276,435000</PRGP_VENDITE>
    <ROSN_VENDITE>1900,000000</ROSN_VENDITE>
    <SLOV_VENDITE>20,000000</SLOV_VENDITE>
    <SVIZ_VENDITE>1369,000000</SVIZ_VENDITE>
    <BSP_VENDITE>573,000000</BSP_VENDITE>
    <MALT_VENDITE>0,000000</MALT_VENDITE>
    <XAUS_VENDITE>224,000000</XAUS_VENDITE>
    <XFRA_VENDITE>0,000000</XFRA_VENDITE>
    <TOTITABSP_VENDITE>37417,481</TOTITABSP_VENDITE>
    <TOTITABSP_ACQUISTI>36773,135</TOTITABSP_ACQUISTI>
  </Quantita>
  <Quantita>
    <Data>20161229</Data>
    <Mercato>MGP</Mercato>
    <Ora>22</Ora>
    <TOTALE_ACQUISTI>33276,64</TOTALE_ACQUISTI>
    <NAT_ACQUISTI>33779,697000</NAT_ACQUISTI>
    <CNOR_ACQUISTI>3401,145000</CNOR_ACQUISTI>
    <CSUD_ACQUISTI>5813,826000</CSUD_ACQUISTI>
    <NORD_ACQUISTI>16171,136000</NORD_ACQUISTI>
    <SARD_ACQUISTI>1108,454000</SARD_ACQUISTI>
    <SICI_ACQUISTI>2346,600000</SICI_ACQUISTI>
    <SUD_ACQUISTI>2901,479000</SUD_ACQUISTI>
    <AUST_ACQUISTI>0,000000</AUST_ACQUISTI>
    <BRNN_ACQUISTI>0,000000</BRNN_ACQUISTI>
    <COAC_ACQUISTI>95,000000</COAC_ACQUISTI>
    <CORS_ACQUISTI>49,000000</CORS_ACQUISTI>
    <FOGN_ACQUISTI>0,000000</FOGN_ACQUISTI>
    <FRAN_ACQUISTI>120,000000</FRAN_ACQUISTI>
    <GREC_ACQUISTI>0,000000</GREC_ACQUISTI>
    <MFTV_ACQUISTI>0,000000</MFTV_ACQUISTI>
    <PRGP_ACQUISTI>0,000000</PRGP_ACQUISTI>
    <ROSN_ACQUISTI>0,000000</ROSN_ACQUISTI>
    <SLOV_ACQUISTI>0,000000</SLOV_ACQUISTI>
    <SVIZ_ACQUISTI>1090,000000</SVIZ_ACQUISTI>
    <BSP_ACQUISTI>0,000000</BSP_ACQUISTI>
    <MALT_ACQUISTI>180,000000</MALT_ACQUISTI>
    <XAUS_ACQUISTI>0,000000</XAUS_ACQUISTI>
    <XFRA_ACQUISTI>503,057000</XFRA_ACQUISTI>
    <TOTALE_VENDITE>33449,697</TOTALE_VENDITE>
    <NAT_VENDITE>33779,697000</NAT_VENDITE>
    <CNOR_VENDITE>1963,585000</CNOR_VENDITE>
    <CSUD_VENDITE>5419,362000</CSUD_VENDITE>
    <NORD_VENDITE>15047,810000</NORD_VENDITE>
    <SARD_VENDITE>1660,203000</SARD_VENDITE>
    <SICI_VENDITE>1328,065000</SICI_VENDITE>
    <SUD_VENDITE>2706,696000</SUD_VENDITE>
    <AUST_VENDITE>77,000000</AUST_VENDITE>
    <BRNN_VENDITE>1149,078000</BRNN_VENDITE>
    <COAC_VENDITE>0,000000</COAC_VENDITE>
    <CORS_VENDITE>0,000000</CORS_VENDITE>
    <FOGN_VENDITE>1057,363000</FOGN_VENDITE>
    <FRAN_VENDITE>139,000000</FRAN_VENDITE>
    <GREC_VENDITE>0,000000</GREC_VENDITE>
    <MFTV_VENDITE>0,000000</MFTV_VENDITE>
    <PRGP_VENDITE>98,535000</PRGP_VENDITE>
    <ROSN_VENDITE>1900,000000</ROSN_VENDITE>
    <SLOV_VENDITE>20,000000</SLOV_VENDITE>
    <SVIZ_VENDITE>883,000000</SVIZ_VENDITE>
    <BSP_VENDITE>106,000000</BSP_VENDITE>
    <MALT_VENDITE>0,000000</MALT_VENDITE>
    <XAUS_VENDITE>224,000000</XAUS_VENDITE>
    <XFRA_VENDITE>0,000000</XFRA_VENDITE>
    <TOTITABSP_VENDITE>33555,697</TOTITABSP_VENDITE>
    <TOTITABSP_ACQUISTI>33276,64</TOTITABSP_ACQUISTI>
  </Quantita>
  <Quantita>
    <Data>20161229</Data>
    <Mercato>MGP</Mercato>
    <Ora>23</Ora>
    <TOTALE_ACQUISTI>30179,49</TOTALE_ACQUISTI>
    <NAT_ACQUISTI>31193,490000</NAT_ACQUISTI>
    <CNOR_ACQUISTI>3035,825000</CNOR_ACQUISTI>
    <CSUD_ACQUISTI>5240,099000</CSUD_ACQUISTI>
    <NORD_ACQUISTI>14613,650000</NORD_ACQUISTI>
    <SARD_ACQUISTI>1023,598000</SARD_ACQUISTI>
    <SICI_ACQUISTI>2109,140000</SICI_ACQUISTI>
    <SUD_ACQUISTI>2578,178000</SUD_ACQUISTI>
    <AUST_ACQUISTI>0,000000</AUST_ACQUISTI>
    <BRNN_ACQUISTI>0,000000</BRNN_ACQUISTI>
    <COAC_ACQUISTI>95,000000</COAC_ACQUISTI>
    <CORS_ACQUISTI>49,000000</CORS_ACQUISTI>
    <FOGN_ACQUISTI>0,000000</FOGN_ACQUISTI>
    <FRAN_ACQUISTI>120,000000</FRAN_ACQUISTI>
    <GREC_ACQUISTI>0,000000</GREC_ACQUISTI>
    <MFTV_ACQUISTI>0,000000</MFTV_ACQUISTI>
    <PRGP_ACQUISTI>0,000000</PRGP_ACQUISTI>
    <ROSN_ACQUISTI>0,000000</ROSN_ACQUISTI>
    <SLOV_ACQUISTI>0,000000</SLOV_ACQUISTI>
    <SVIZ_ACQUISTI>1150,000000</SVIZ_ACQUISTI>
    <BSP_ACQUISTI>0,000000</BSP_ACQUISTI>
    <MALT_ACQUISTI>165,000000</MALT_ACQUISTI>
    <XAUS_ACQUISTI>0,000000</XAUS_ACQUISTI>
    <XFRA_ACQUISTI>1014,000000</XFRA_ACQUISTI>
    <TOTALE_VENDITE>30946,49</TOTALE_VENDITE>
    <NAT_VENDITE>31193,490000</NAT_VENDITE>
    <CNOR_VENDITE>1844,396000</CNOR_VENDITE>
    <CSUD_VENDITE>4805,490000</CSUD_VENDITE>
    <NORD_VENDITE>13894,650000</NORD_VENDITE>
    <SARD_VENDITE>1661,773000</SARD_VENDITE>
    <SICI_VENDITE>1174,140000</SICI_VENDITE>
    <SUD_VENDITE>2663,017000</SUD_VENDITE>
    <AUST_VENDITE>77,000000</AUST_VENDITE>
    <BRNN_VENDITE>994,759000</BRNN_VENDITE>
    <COAC_VENDITE>0,000000</COAC_VENDITE>
    <CORS_VENDITE>0,000000</CORS_VENDITE>
    <FOGN_VENDITE>952,265000</FOGN_VENDITE>
    <FRAN_VENDITE>139,000000</FRAN_VENDITE>
    <GREC_VENDITE>0,000000</GREC_VENDITE>
    <MFTV_VENDITE>0,000000</MFTV_VENDITE>
    <PRGP_VENDITE>0,000000</PRGP_VENDITE>
    <ROSN_VENDITE>1900,000000</ROSN_VENDITE>
    <SLOV_VENDITE>20,000000</SLOV_VENDITE>
    <SVIZ_VENDITE>820,000000</SVIZ_VENDITE>
    <BSP_VENDITE>23,000000</BSP_VENDITE>
    <MALT_VENDITE>0,000000</MALT_VENDITE>
    <XAUS_VENDITE>224,000000</XAUS_VENDITE>
    <XFRA_VENDITE>0,000000</XFRA_VENDITE>
    <TOTITABSP_VENDITE>30969,49</TOTITABSP_VENDITE>
    <TOTITABSP_ACQUISTI>30179,49</TOTITABSP_ACQUISTI>
  </Quantita>
  <Quantita>
    <Data>20161229</Data>
    <Mercato>MGP</Mercato>
    <Ora>24</Ora>
    <TOTALE_ACQUISTI>26908,906</TOTALE_ACQUISTI>
    <NAT_ACQUISTI>28087,906000</NAT_ACQUISTI>
    <CNOR_ACQUISTI>2591,517000</CNOR_ACQUISTI>
    <CSUD_ACQUISTI>4545,262000</CSUD_ACQUISTI>
    <NORD_ACQUISTI>13099,034000</NORD_ACQUISTI>
    <SARD_ACQUISTI>936,173000</SARD_ACQUISTI>
    <SICI_ACQUISTI>1831,146000</SICI_ACQUISTI>
    <SUD_ACQUISTI>2185,774000</SUD_ACQUISTI>
    <AUST_ACQUISTI>0,000000</AUST_ACQUISTI>
    <BRNN_ACQUISTI>0,000000</BRNN_ACQUISTI>
    <COAC_ACQUISTI>97,000000</COAC_ACQUISTI>
    <CORS_ACQUISTI>49,000000</CORS_ACQUISTI>
    <FOGN_ACQUISTI>0,000000</FOGN_ACQUISTI>
    <FRAN_ACQUISTI>120,000000</FRAN_ACQUISTI>
    <GREC_ACQUISTI>0,000000</GREC_ACQUISTI>
    <MFTV_ACQUISTI>0,000000</MFTV_ACQUISTI>
    <PRGP_ACQUISTI>0,000000</PRGP_ACQUISTI>
    <ROSN_ACQUISTI>0,000000</ROSN_ACQUISTI>
    <SLOV_ACQUISTI>0,000000</SLOV_ACQUISTI>
    <SVIZ_ACQUISTI>1303,000000</SVIZ_ACQUISTI>
    <BSP_ACQUISTI>0,000000</BSP_ACQUISTI>
    <MALT_ACQUISTI>151,000000</MALT_ACQUISTI>
    <XAUS_ACQUISTI>0,000000</XAUS_ACQUISTI>
    <XFRA_ACQUISTI>1179,000000</XFRA_ACQUISTI>
    <TOTALE_VENDITE>27567,906</TOTALE_VENDITE>
    <NAT_VENDITE>28087,906000</NAT_VENDITE>
    <CNOR_VENDITE>1840,517000</CNOR_VENDITE>
    <CSUD_VENDITE>4319,756000</CSUD_VENDITE>
    <NORD_VENDITE>11650,034000</NORD_VENDITE>
    <SARD_VENDITE>1610,420000</SARD_VENDITE>
    <SICI_VENDITE>1163,688000</SICI_VENDITE>
    <SUD_VENDITE>2527,446000</SUD_VENDITE>
    <AUST_VENDITE>32,000000</AUST_VENDITE>
    <BRNN_VENDITE>741,544000</BRNN_VENDITE>
    <COAC_VENDITE>0,000000</COAC_VENDITE>
    <CORS_VENDITE>0,000000</CORS_VENDITE>
    <FOGN_VENDITE>765,043000</FOGN_VENDITE>
    <FRAN_VENDITE>139,000000</FRAN_VENDITE>
    <GREC_VENDITE>0,000000</GREC_VENDITE>
    <MFTV_VENDITE>0,000000</MFTV_VENDITE>
    <PRGP_VENDITE>0,000000</PRGP_VENDITE>
    <ROSN_VENDITE>1618,458000</ROSN_VENDITE>
    <SLOV_VENDITE>20,000000</SLOV_VENDITE>
    <SVIZ_VENDITE>1140,000000</SVIZ_VENDITE>
    <BSP_VENDITE>283,000000</BSP_VENDITE>
    <MALT_VENDITE>0,000000</MALT_VENDITE>
    <XAUS_VENDITE>237,000000</XAUS_VENDITE>
    <XFRA_VENDITE>0,000000</XFRA_VENDITE>
    <TOTITABSP_VENDITE>27850,906</TOTITABSP_VENDITE>
    <TOTITABSP_ACQUISTI>26908,906</TOTITABSP_ACQUISTI>
  </Quantita>
</NewDataSet>