PLEL;E000003-001;2018-01-01T00:00:00+01:00;2575920.0;2015-02-04T06:36:28+01:00;2015-02-03T14:59:22+01:00
PLEL;E000003-002;2018-01-01T00:00:00+01:00;2575920.0;2015-02-04T06:36:28+01:00;2015-02-03T14:59:22+01:00
PLEL;E000003-003;2018-01-01T00:00:00+01:00;7621200.0;2015-02-04T06:36:28+01:00;2015-02-03T14:59:22+01:00
PLEL;E000011-001;2018-01-01T00:00:00+01:00;3092280.0;2015-01-10T06:36:13+01:00;2015-01-09T14:02:19+01:00
PLEL;E000011-002;2018-01-01T00:00:00+01:00;4242000.0;2015-01-10T06:36:13+01:00;2015-01-09T14:02:17+01:00
PLEL;E000011-003;2018-01-01T00:00:00+01:00;7173840.0;2015-01-10T06:36:13+01:00;2015-01-09T14:02:19+01:00
PLEL;E000012-002;2018-01-01T00:00:00+01:00;11103840.0;2017-01-01T06:27:17+01:00;2017-01-01T01:14:46+01:00
PLEL;E000013-001;2018-01-01T00:00:00+01:00;1278960.0;2017-01-01T06:27:17+01:00;2017-01-01T01:14:46+01:00
PLEL;E000017-001;2018-01-01T00:00:00+01:00;0.0;2016-12-17T06:27:28+01:00;2016-12-16T16:51:14+01:00
PLEL;E000020-001;2018-01-01T00:00:00+01:00;6952491.9;2016-01-02T06:37:36+01:00;2016-01-01T22:43:40+01:00
PLEL;E000021-002;2018-01-01T00:00:00+01:00;2898000.0;2016-01-05T06:37:27+01:00;2016-01-04T13:56:28+01:00
PLEL;E000021-003;2018-01-01T00:00:00+01:00;2898000.0;2016-01-29T06:37:15+01:00;2016-01-28T14:53:47+01:00
PLEL;E000024-002;2018-01-01T00:00:00+01:00;10783920.0;2017-01-01T06:27:18+01:00;2017-01-01T01:14:47+01:00
PLEL;E000026-003;2018-01-01T00:00:00+01:00;6273792.0;2015-01-10T06:36:13+01:00;2015-01-09T14:02:18+01:00
PLEL;E000027-001;2018-01-01T00:00:00+01:00;3689160.0;2015-01-10T06:36:13+01:00;2015-01-09T14:02:17+01:00
PLEL;E000027-002;2018-01-01T00:00:00+01:00;2862720.0;2015-11-15T06:39:05+01:00;2015-11-14T12:04:47+01:00
PLEL;E000028-003;2018-01-01T00:00:00+01:00;1191360.0;2015-11-15T06:39:05+01:00;2015-11-14T12:04:47+01:00
PLEL;E000031-002;2018-01-01T00:00:00+01:00;0.0;2017-01-01T06:27:17+01:00;2017-01-01T01:14:48+01:00
PLEL;E000031-004;2018-01-01T00:00:00+01:00;0.0;2017-01-01T06:27:17+01:00;2017-01-01T01:14:47+01:00
PLEL;E000032-001;2018-01-01T00:00:00+01:00;0.0;2017-01-01T06:27:17+01:00;2017-01-01T01:14:46+01:00
PLEL;E000032-002;2018-01-01T00:00:00+01:00;0.0;2017-01-01T06:27:17+01:00;2017-01-01T01:14:46+01:00
PLEL;E000032-011;2018-01-01T00:00:00+01:00;0.0;2017-01-01T06:27:18+01:00;2017-01-01T01:14:46+01:00
PLEL;E000032-012;2018-01-01T00:00:00+01:00;0.0;2017-01-01T06:27:18+01:00;2017-01-01T01:14:46+01:00
PLEL;E000039-001;2018-01-01T00:00:00+01:00;262380.0;2016-05-11T06:27:30+02:00;2016-05-10T21:46:55+02:00
PLEL;E000039-002;2018-01-01T00:00:00+01:00;1811160.0;2016-05-11T06:27:30+02:00;2016-05-10T21:46:55+02:00
PLEL;E000049-001;2018-01-01T00:00:00+01:00;2758032.0;2015-10-27T06:37:07+01:00;2015-10-26T21:46:41+01:00
PLEL;E000050-001;2018-01-01T00:00:00+01:00;3635400.0;2016-01-03T06:40:02+01:00;2016-01-02T14:53:54+01:00
PLEL;E000050-002;2018-01-01T00:00:00+01:00;211.5;2016-01-01T06:37:16+01:00;2016-01-01T02:06:20+01:00
PLEL;E000050-003;2018-01-01T00:00:00+01:00;137.5;2016-01-02T06:37:36+01:00;2016-01-01T23:21:06+01:00
PLEL;E000052-001;2018-01-01T00:00:00+01:00;3208008.0;2015-10-31T06:37:15+01:00;2015-10-30T21:46:36+01:00
PLEL;E000052-002;2018-01-01T00:00:00+01:00;3685440.0;2015-10-31T06:37:15+01:00;2015-10-30T21:46:34+01:00
PLEL;E000053-001;2018-01-01T00:00:00+01:00;3381360.0;2016-01-01T06:37:16+01:00;2016-01-01T02:04:56+01:00
PLEL;E000053-002;2018-01-01T00:00:00+01:00;3381360.0;2016-01-28T06:37:18+01:00;2016-01-27T21:46:46+01:00
PLEL;E000054-001;2018-01-01T00:00:00+01:00;2829480.0;2015-10-28T06:36:59+01:00;2015-10-27T21:46:48+01:00
PLEL;E000057-001;2018-01-01T00:00:00+01:00;3942000.0;2016-01-12T06:37:22+01:00;2016-01-12T03:20:00+01:00
PLEL;E000057-002;2018-01-01T00:00:00+01:00;3942000.0;2016-01-06T06:37:26+01:00;2016-01-05T09:10:04+01:00
PLEL;E000059-003;2018-01-01T00:00:00+01:00;5448720.0;2016-01-28T06:37:18+01:00;2016-01-27T22:16:33+01:00
PLEL;E000059-004;2018-01-01T00:00:00+01:00;4357440.0;2016-01-05T06:37:27+01:00;2016-01-04T11:37:28+01:00
PLEL;E000061-001;2018-01-01T00:00:00+01:00;6469856.4;2016-04-20T06:27:34+02:00;2016-04-19T21:46:40+02:00
PLEL;E000067-001;2018-01-01T00:00:00+01:00;0.0;2016-12-17T06:27:28+01:00;2016-12-16T16:51:15+01:00
PLEL;E000067-002;2018-01-01T00:00:00+01:00;0.0;2016-12-17T06:27:28+01:00;2016-12-16T16:51:15+01:00
PLEL;E000067-003;2018-01-01T00:00:00+01:00;0.0;2016-12-17T06:27:28+01:00;2016-12-16T16:51:15+01:00
PLEL;E000067-004;2018-01-01T00:00:00+01:00;0.0;2016-12-17T06:27:28+01:00;2016-12-16T16:51:15+01:00
PLEL;E000068-001;2018-01-01T00:00:00+01:00;0.0;2016-12-17T06:27:28+01:00;2016-12-16T16:51:13+01:00
PLEL;E000068-002;2018-01-01T00:00:00+01:00;0.0;2016-12-17T06:27:28+01:00;2016-12-16T16:51:13+01:00
PLEL;E000068-003;2018-01-01T00:00:00+01:00;0.0;2016-12-17T06:27:28+01:00;2016-12-16T16:51:13+01:00
PLEL;E000068-004;2018-01-01T00:00:00+01:00;0.0;2016-12-17T06:27:28+01:00;2016-12-16T16:51:13+01:00
PLEL;E000068-005;2018-01-01T00:00:00+01:00;0.0;2016-12-17T06:27:28+01:00;2016-12-16T16:51:13+01:00
PLEL;E000068-006;2018-01-01T00:00:00+01:00;0.0;2016-12-17T06:27:28+01:00;2016-12-16T16:51:13+01:00
PLEL;E000069-001;2018-01-01T00:00:00+01:00;0.0;2016-12-17T06:27:28+01:00;2016-12-16T16:51:14+01:00
PLEL;E000069-002;2018-01-01T00:00:00+01:00;0.0;2016-12-17T06:27:28+01:00;2016-12-16T16:51:14+01:00
PLEL;E000070-001;2018-01-01T00:00:00+01:00;0.0;2016-12-17T06:27:28+01:00;2016-12-16T16:51:14+01:00
PLEL;E000070-002;2018-01-01T00:00:00+01:00;0.0;2016-12-17T06:27:28+01:00;2016-12-16T16:51:15+01:00
PLEL;E000071-001;2018-01-01T00:00:00+01:00;0.0;2016-12-17T06:27:28+01:00;2016-12-16T16:51:14+01:00
PLEL;E000072-001;2018-01-01T00:00:00+01:00;0.0;2016-12-17T06:27:28+01:00;2016-12-16T16:51:14+01:00
PLEL;E000073-001;2018-01-01T00:00:00+01:00;0.0;2016-12-17T06:27:28+01:00;2016-12-16T16:51:14+01:00
PLEL;E000074-001;2018-01-01T00:00:00+01:00;0.0;2016-12-17T06:27:28+01:00;2016-12-16T16:51:14+01:00
PLEL;E000074-002;2018-01-01T00:00:00+01:00;0.0;2016-12-17T06:27:28+01:00;2016-12-16T16:51:14+01:00
PLEL;E000077-001;2018-01-01T00:00:00+01:00;2575440.0;2015-04-03T06:36:41+02:00;2015-04-02T09:44:04+02:00
PLEL;E000077-002;2018-01-01T00:00:00+01:00;2311506.4;2015-04-03T06:36:41+02:00;2015-04-02T09:44:04+02:00
PLEL;E000077-004;2018-01-01T00:00:00+01:00;5264760.0;2016-11-13T06:27:14+01:00;2016-11-12T23:00:15+01:00
PLEL;E000077-005;2018-01-01T00:00:00+01:00;5087723.1;2016-11-13T06:27:14+01:00;2016-11-12T23:00:16+01:00
PLEL;E000077-006;2018-01-01T00:00:00+01:00;8882790.5;2015-10-07T06:37:17+02:00;2015-10-06T12:35:59+02:00
PLEL;E000077-007;2018-01-01T00:00:00+01:00;8967345.9;2015-08-04T06:36:32+02:00;2015-08-03T10:09:40+02:00
PLEL;E000078-003;2018-01-01T00:00:00+01:00;2487840.0;2016-11-13T06:27:14+01:00;2016-11-12T23:00:16+01:00
PLEL;E000078-004;2018-01-01T00:00:00+01:00;2440191.8;2016-11-13T06:27:14+01:00;2016-11-12T23:00:16+01:00
PLEL;E000078-005;2018-01-01T00:00:00+01:00;2592960.0;2016-11-13T06:27:14+01:00;2016-11-12T23:00:16+01:00
PLEL;E000078-006;2018-01-01T00:00:00+01:00;2464927.3;2016-11-13T06:27:14+01:00;2016-11-12T23:00:17+01:00
PLEL;E000078-007;2018-01-01T00:00:00+01:00;5265923.1;2016-11-13T06:27:14+01:00;2016-11-12T23:00:17+01:00
PLEL;E000078-008;2018-01-01T00:00:00+01:00;4604097.8;2016-11-13T06:27:14+01:00;2016-11-12T23:00:17+01:00
PLEL;E000078-009;2018-01-01T00:00:00+01:00;7741213.4;2016-11-13T06:27:14+01:00;2016-11-12T23:00:17+01:00
PLEL;E000079-003;2018-01-01T00:00:00+01:00;2811960.0;2015-02-04T06:36:29+01:00;2015-02-03T14:59:26+01:00
PLEL;E000079-004;2018-01-01T00:00:00+01:00;2811960.0;2015-08-04T06:36:32+02:00;2015-08-03T10:09:41+02:00
PLEL;E000079-005;2018-01-01T00:00:00+01:00;4616543.8;2016-11-13T06:27:14+01:00;2016-11-12T23:00:21+01:00
PLEL;E000079-006;2018-01-01T00:00:00+01:00;5562600.0;2016-11-13T06:27:14+01:00;2016-11-12T23:00:21+01:00
PLEL;E000079-007;2018-01-01T00:00:00+01:00;0.0;2015-02-04T06:36:29+01:00;2015-02-03T14:59:27+01:00
PLEL;E000079-008;2018-01-01T00:00:00+01:00;0.0;2015-02-04T06:36:29+01:00;2015-02-03T14:59:27+01:00
PLEL;E000082-001;2018-01-01T00:00:00+01:00;745710.0;2015-02-04T06:36:28+01:00;2015-02-03T14:59:22+01:00
PLEL;E000083-001;2018-01-01T00:00:00+01:00;0.0;2015-02-04T06:36:29+01:00;2015-02-03T14:59:22+01:00
PLEL;E000084-001;2018-01-01T00:00:00+01:00;474540.0;2015-02-04T06:36:28+01:00;2015-02-03T14:59:22+01:00
PLEL;E000084-002;2018-01-01T00:00:00+01:00;474540.0;2015-02-04T06:36:28+01:00;2015-02-03T14:59:22+01:00
PLEL;E000084-003;2018-01-01T00:00:00+01:00;481800.0;2015-02-04T06:36:28+01:00;2015-02-03T14:59:22+01:00
PLEL;E000084-004;2018-01-01T00:00:00+01:00;966720.5;2015-02-04T06:36:28+01:00;2015-02-03T14:59:22+01:00
PLEL;E000086-001;2018-01-01T00:00:00+01:00;6768931.2;2016-11-13T06:27:14+01:00;2016-11-12T23:00:12+01:00
PLEL;E000087-005;2018-01-01T00:00:00+01:00;6559524.6;2015-12-12T06:37:04+01:00;2015-12-11T14:15:13+01:00
PLEL;E000089-001;2018-01-01T00:00:00+01:00;4844615.6;2015-02-04T06:36:29+01:00;2015-02-03T15:37:07+01:00
PLEL;E000090-001;2018-01-01T00:00:00+01:00;2560055.0;2015-02-04T06:36:29+01:00;2015-02-03T15:37:08+01:00
PLEL;E000090-002;2018-01-01T00:00:00+01:00;2509655.0;2015-02-04T06:36:29+01:00;2015-02-03T14:59:23+01:00
PLEL;E000091-001;2018-01-01T00:00:00+01:00;0.0;2015-04-29T06:36:48+02:00;2015-04-28T14:19:32+02:00
PLEL;E000095-003;2018-01-01T00:00:00+01:00;0.0;2015-02-04T06:36:29+01:00;2015-02-03T14:59:25+01:00
PLEL;E000095-004;2018-01-01T00:00:00+01:00;0.0;2015-02-04T06:36:29+01:00;2015-02-03T14:59:25+01:00
PLEL;E000095-005;2018-01-01T00:00:00+01:00;0.0;2015-02-04T06:36:29+01:00;2015-02-03T14:59:25+01:00
PLEL;E000098-002;2018-01-01T00:00:00+01:00;0.0;2015-09-25T06:36:59+02:00;2015-09-24T10:51:05+02:00
PLEL;E000098-003;2018-01-01T00:00:00+01:00;0.0;2015-02-04T06:36:29+01:00;2015-02-03T14:59:25+01:00
PLEL;E000098-004;2018-01-01T00:00:00+01:00;0.0;2015-02-04T06:36:29+01:00;2015-02-03T14:59:26+01:00
PLEL;E000098-005;2018-01-01T00:00:00+01:00;0.0;2015-02-04T06:36:29+01:00;2015-02-03T14:59:26+01:00
PLEL;E000098-006;2018-01-01T00:00:00+01:00;0.0;2015-02-04T06:36:29+01:00;2015-02-03T14:59:26+01:00
PLEL;E000098-007;2018-01-01T00:00:00+01:00;0.0;2015-02-04T06:36:29+01:00;2015-02-03T14:59:26+01:00
PLEL;E000098-008;2018-01-01T00:00:00+01:00;0.0;2015-02-04T06:36:29+01:00;2015-02-03T14:59:26+01:00
PLEL;E000098-009;2018-01-01T00:00:00+01:00;0.0;2015-02-04T06:36:29+01:00;2015-02-03T14:59:26+01:00
PLEL;E000098-010;2018-01-01T00:00:00+01:00;0.0;2015-02-04T06:36:29+01:00;2015-02-03T14:59:26+01:00
PLEL;E000098-011;2018-01-01T00:00:00+01:00;0.0;2015-02-04T06:36:29+01:00;2015-02-03T14:59:26+01:00
PLEL;E000098-012;2018-01-01T00:00:00+01:00;0.0;2015-02-04T06:36:29+01:00;2015-02-03T14:59:25+01:00
PLEL;E000103-002;2018-01-01T00:00:00+01:00;0.0;2016-02-03T06:37:33+01:00;2016-02-02T13:34:53+01:00
PLEL;E000104-003;2018-01-01T00:00:00+01:00;0.0;2016-02-03T06:37:33+01:00;2016-02-02T13:34:54+01:00
PLEL;E000104-004;2018-01-01T00:00:00+01:00;0.0;2016-02-03T06:37:33+01:00;2016-02-02T13:34:54+01:00
PLEL;E000105-002;2018-01-01T00:00:00+01:00;0.0;2016-12-17T06:27:28+01:00;2016-12-16T13:22:18+01:00
PLEL;E000105-003;2018-01-01T00:00:00+01:00;0.0;2016-12-17T06:27:28+01:00;2016-12-16T13:22:18+01:00
PLEL;E000105-004;2018-01-01T00:00:00+01:00;0.0;2016-12-17T06:27:28+01:00;2016-12-16T13:22:18+01:00
PLEL;E000109-001;2018-01-01T00:00:00+01:00;0.0;2016-12-17T06:27:28+01:00;2016-12-16T13:22:18+01:00
PLEL;E000125-001;2018-01-01T00:00:00+01:00;0.0;2015-12-15T15:02:19+01:00;2015-12-15T08:37:23+01:00
PLEL;E000128-001;2018-01-01T00:00:00+01:00;0.0;2016-08-10T16:19:31+02:00;2016-08-10T09:42:01+02:00
PLEL;E000129-001;2018-01-01T00:00:00+01:00;0.0;2016-08-10T16:19:31+02:00;2016-08-10T09:58:52+02:00
PLEL;E000130-001;2018-01-01T00:00:00+01:00;0.0;2016-08-10T16:19:31+02:00;2016-08-10T09:51:01+02:00
PLEL;E000132-001;2018-01-01T00:00:00+01:00;0.0;2016-12-17T06:27:28+01:00;2016-12-16T16:51:15+01:00
PLEL;E000140-001;2018-01-01T00:00:00+01:00;0.0;2017-01-03T06:27:26+01:00;2017-01-02T14:25:10+01:00
PLEL;E000140-002;2018-01-01T00:00:00+01:00;0.0;2017-01-03T06:27:26+01:00;2017-01-02T14:25:11+01:00
PLEL;E000140-003;2018-01-01T00:00:00+01:00;0.0;2017-01-03T06:27:26+01:00;2017-01-02T14:25:10+01:00
PLEL;E000140-004;2018-01-01T00:00:00+01:00;0.0;2017-01-03T06:27:26+01:00;2017-01-02T14:25:10+01:00
PLEL;E000141-001;2018-01-01T00:00:00+01:00;0.0;2017-01-03T06:27:26+01:00;2017-01-02T14:25:10+01:00
PLEL;E000141-002;2018-01-01T00:00:00+01:00;0.0;2017-01-03T06:27:26+01:00;2017-01-02T14:25:10+01:00
PLEL;E000141-003;2018-01-01T00:00:00+01:00;0.0;2017-01-03T06:27:26+01:00;2017-01-02T14:25:10+01:00
PLEL;E000141-004;2018-01-01T00:00:00+01:00;0.0;2017-01-03T06:27:26+01:00;2017-01-02T14:25:10+01:00
PLEL;E000141-006;2018-01-01T00:00:00+01:00;0.0;2016-10-01T06:27:03+02:00;2016-09-30T14:49:52+02:00
PLEL;E000142-001;2018-01-01T00:00:00+01:00;0.0;2017-01-03T06:27:26+01:00;2017-01-02T14:25:10+01:00
PLEL;E000142-002;2018-01-01T00:00:00+01:00;0.0;2017-01-03T06:27:26+01:00;2017-01-02T14:25:10+01:00
PLEL;E000143-001;2018-01-01T00:00:00+01:00;0.0;2017-01-03T06:27:26+01:00;2017-01-02T14:25:10+01:00
PLEL;E000143-002;2018-01-01T00:00:00+01:00;0.0;2017-01-03T06:27:26+01:00;2017-01-02T14:25:10+01:00
PLEL;E110014-001;2018-01-01T00:00:00+01:00;6867840.0;2016-09-01T06:26:51+02:00;2016-08-31T14:07:14+02:00
PLEL;E110017-001;2018-01-01T00:00:00+01:00;0.0;2016-09-01T06:26:51+02:00;2016-08-31T14:07:14+02:00
PLEL;E110048-002;2018-01-01T00:00:00+01:00;0.0;2017-01-03T06:27:26+01:00;2017-01-02T09:12:14+01:00
PLEL;E110049-002;2018-01-01T00:00:00+01:00;1226400.0;2017-01-03T06:27:26+01:00;2017-01-02T09:12:13+01:00
PLEL;E110049-005;2018-01-01T00:00:00+01:00;0.0;2017-01-03T06:27:26+01:00;2017-01-02T09:12:13+01:00
PLEL;E110049-006;2018-01-01T00:00:00+01:00;0.0;2017-01-03T06:27:26+01:00;2017-01-02T09:12:13+01:00
PLEL;E110050-001;2018-01-01T00:00:00+01:00;5816640.0;2015-06-18T06:36:08+02:00;2015-06-17T15:02:26+02:00
PLEL;E110051-001;2018-01-01T00:00:00+01:00;3723000.0;2016-11-15T11:00:51+01:00;2016-11-15T09:46:49+01:00
PLEL;E110051-002;2018-01-01T00:00:00+01:00;3723000.0;2016-11-15T11:00:51+01:00;2016-11-15T09:47:15+01:00
PLEL;E110052-001;2018-01-01T00:00:00+01:00;5520400.0;2016-11-15T11:00:52+01:00;2016-11-15T09:44:49+01:00
PLEL;E110056-001;2018-01-01T00:00:00+01:00;0.0;2015-09-02T06:36:31+02:00;2015-09-01T10:02:15+02:00
PLEL;E110056-002;2018-01-01T00:00:00+01:00;0.0;2015-09-02T06:36:31+02:00;2015-09-01T10:02:15+02:00
PLEL;E110056-003;2018-01-01T00:00:00+01:00;0.0;2015-09-02T06:36:32+02:00;2015-09-01T10:02:15+02:00
PLEL;E110058-001;2018-01-01T00:00:00+01:00;0.0;2016-12-10T06:27:29+01:00;2016-12-09T15:15:31+01:00
PLEL;E110059-001;2018-01-01T00:00:00+01:00;0.0;2016-12-10T06:27:29+01:00;2016-12-09T15:15:31+01:00
PLEL;E110062-001;2018-01-01T00:00:00+01:00;0.0;2016-10-27T06:27:18+02:00;2016-10-26T15:11:06+02:00
PLEL;E110063-002;2018-01-01T00:00:00+01:00;0.0;2015-01-01T06:36:09+01:00;2014-12-01T15:01:32+01:00
PLEL;E110063-003;2018-01-01T00:00:00+01:00;0.0;2015-01-01T06:36:09+01:00;2014-12-01T15:01:32+01:00
PLEL;E110065-001;2018-01-01T00:00:00+01:00;0.0;2015-03-17T06:36:36+01:00;2015-03-16T14:44:56+01:00
PLEL;E110065-002;2018-01-01T00:00:00+01:00;0.0;2015-03-17T06:36:36+01:00;2015-03-16T14:44:33+01:00
PLEL;E110066-001;2018-01-01T00:00:00+01:00;0.0;2015-03-17T06:36:36+01:00;2015-03-16T14:43:56+01:00
PLEL;E110066-002;2018-01-01T00:00:00+01:00;0.0;2015-03-17T06:36:36+01:00;2015-03-16T14:44:00+01:00
PLEL;E110067-002;2018-01-01T00:00:00+01:00;0.0;2015-03-17T06:36:36+01:00;2015-03-16T14:44:04+01:00
PLEL;E110067-003;2018-01-01T00:00:00+01:00;0.0;2015-03-17T06:36:36+01:00;2015-03-16T14:44:29+01:00
PLEL;E110069-001;2018-01-01T00:00:00+01:00;0.0;2015-03-17T06:36:36+01:00;2015-03-16T14:45:38+01:00
PLEL;E110070-002;2018-01-01T00:00:00+01:00;0.0;2015-03-17T06:36:36+01:00;2015-03-16T14:44:26+01:00
PLEL;E110070-003;2018-01-01T00:00:00+01:00;0.0;2015-03-17T06:36:36+01:00;2015-03-16T14:46:07+01:00
PLEL;E110071-001;2018-01-01T00:00:00+01:00;0.0;2015-03-17T06:36:36+01:00;2015-03-16T14:45:10+01:00
PLEL;E110071-002;2018-01-01T00:00:00+01:00;0.0;2015-03-17T06:36:36+01:00;2015-03-16T14:45:08+01:00
PLEL;E110102-001;2018-01-01T00:00:00+01:00;0.0;2015-12-30T06:37:21+01:00;2015-12-29T12:03:32+01:00
PLEL;E110102-002;2018-01-01T00:00:00+01:00;0.0;2015-12-30T06:37:21+01:00;2015-12-29T12:03:32+01:00
PLEL;E110115-001;2018-01-01T00:00:00+01:00;3885840.0;2015-01-10T06:36:13+01:00;2015-01-09T14:02:18+01:00
PLEL;E110126-001;2018-01-01T00:00:00+01:00;0.0;2015-01-01T06:36:09+01:00;2014-12-11T09:39:08+01:00
PLEL;E110126-002;2018-01-01T00:00:00+01:00;0.0;2015-01-01T06:36:09+01:00;2014-12-11T09:39:08+01:00
PLEL;E110166-002;2018-01-01T00:00:00+01:00;2628000.0;2016-12-09T06:27:22+01:00;2016-12-08T15:01:03+01:00
PLEL;E110167-002;2018-01-01T00:00:00+01:00;1042440.0;2016-12-09T06:27:22+01:00;2016-12-08T15:01:04+01:00
PLEL;E110168-002;2018-01-01T00:00:00+01:00;1541760.0;2016-12-09T06:27:22+01:00;2016-12-08T15:01:03+01:00
PLEL;E110169-001;2018-01-01T00:00:00+01:00;0.0;2016-12-22T06:27:12+01:00;2016-12-21T13:59:35+01:00
PLEL;E110213-001;2018-01-01T00:00:00+01:00;0.0;2016-12-10T06:27:29+01:00;2016-12-09T15:15:31+01:00
PLEL;E110258-001;2018-01-01T00:00:00+01:00;2945988.0;2017-01-01T06:27:18+01:00;2017-01-01T01:14:48+01:00
PLEL;E110270-001;2018-01-01T00:00:00+01:00;0.0;2016-12-10T06:27:30+01:00;2016-12-09T15:15:31+01:00
PLEL;E110271-001;2018-01-01T00:00:00+01:00;0.0;2016-12-16T06:27:16+01:00;2016-12-15T11:04:30+01:00
PLEL;E110271-002;2018-01-01T00:00:00+01:00;0.0;2016-12-16T06:27:16+01:00;2016-12-15T11:04:30+01:00
PLEL;E110280-001;2018-01-01T00:00:00+01:00;0.0;2016-11-15T11:00:52+01:00;2016-11-15T11:00:08+01:00
PLEL;E110282-001;2018-01-01T00:00:00+01:00;0.0;2016-11-15T11:00:52+01:00;2016-11-15T11:00:08+01:00
PLEL;E110286-001;2018-01-01T00:00:00+01:00;0.0;2015-10-13T17:41:00+02:00;2015-10-13T12:34:12+02:00
PLEL;E110322-001;2018-01-01T00:00:00+01:00;3731760.0;2016-09-01T06:26:51+02:00;2016-08-31T14:07:14+02:00
PLEL;E110370-004;2018-01-01T00:00:00+01:00;954840.0;2017-01-01T06:27:18+01:00;2017-01-01T01:14:46+01:00
PLEL;E110374-001;2018-01-01T00:00:00+01:00;0.0;2015-07-21T06:36:30+02:00;2015-07-20T12:27:03+02:00
PLEL;E110375-001;2018-01-01T00:00:00+01:00;0.0;2017-01-10T06:27:06+01:00;2017-01-09T08:05:12+01:00
PLEL;E110377-001;2018-01-01T00:00:00+01:00;0.0;2016-12-17T06:27:28+01:00;2016-12-16T16:51:14+01:00
PLEL;E110382-001;2018-01-01T00:00:00+01:00;1261440.0;2015-04-29T06:36:49+02:00;2015-04-28T14:41:04+02:00
PLEL;E110382-002;2018-01-01T00:00:00+01:00;1261440.0;2015-04-29T06:36:49+02:00;2015-04-28T14:41:05+02:00
PLEL;E110408-001;2018-01-01T00:00:00+01:00;0.0;2016-06-01T06:27:02+02:00;2016-06-01T00:00:02+02:00
PLEL;E110409-001;2018-01-01T00:00:00+01:00;0.0;2016-06-01T06:27:02+02:00;2016-06-01T00:00:02+02:00
PLEL;E110410-001;2018-01-01T00:00:00+01:00;0.0;2016-06-01T06:27:02+02:00;2016-06-01T00:00:02+02:00
PLEL;E110435-001;2018-01-01T00:00:00+01:00;0.0;2015-12-15T15:02:19+01:00;2015-12-15T10:36:48+01:00
PLEL;E110436-001;2018-01-01T00:00:00+01:00;0.0;2016-05-14T06:27:29+02:00;2016-05-13T12:14:30+02:00
PLEL;E000003-001;2019-01-01T00:00:00+01:00;0.0;2016-11-13T06:27:14+01:00;2016-11-12T23:00:09+01:00
PLEL;E000003-002;2019-01-01T00:00:00+01:00;0.0;2016-11-13T06:27:14+01:00;2016-11-12T23:00:09+01:00
PLEL;E000003-003;2019-01-01T00:00:00+01:00;0.0;2016-11-13T06:27:14+01:00;2016-11-12T23:00:09+01:00
PLEL;E000011-001;2019-01-01T00:00:00+01:00;0.0;2016-01-01T06:37:17+01:00;2014-12-08T08:58:00+01:00
PLEL;E000011-002;2019-01-01T00:00:00+01:00;0.0;2016-01-01T06:37:17+01:00;2014-12-08T08:58:00+01:00
PLEL;E000011-003;2019-01-01T00:00:00+01:00;0.0;2016-01-01T06:37:17+01:00;2014-12-08T08:58:00+01:00
PLEL;E000012-002;2019-01-01T00:00:00+01:00;0.0;2017-01-01T06:27:17+01:00;2017-01-01T01:14:46+01:00
PLEL;E000013-001;2019-01-01T00:00:00+01:00;0.0;2017-01-01T06:27:17+01:00;2017-01-01T01:14:46+01:00
PLEL;E000017-001;2019-01-01T00:00:00+01:00;0.0;2016-12-17T06:27:28+01:00;2016-12-16T16:51:14+01:00
PLEL;E000020-001;2019-01-01T00:00:00+01:00;0.0;2016-01-02T06:37:36+01:00;2016-01-01T22:43:40+01:00
PLEL;E000021-002;2019-01-01T00:00:00+01:00;0.0;2016-01-05T06:37:27+01:00;2016-01-04T13:56:28+01:00
PLEL;E000021-003;2019-01-01T00:00:00+01:00;0.0;2016-01-29T06:37:15+01:00;2016-01-28T14:53:47+01:00
PLEL;E000024-002;2019-01-01T00:00:00+01:00;0.0;2017-01-01T06:27:18+01:00;2017-01-01T01:14:47+01:00
PLEL;E000026-003;2019-01-01T00:00:00+01:00;0.0;2016-01-01T06:37:17+01:00;2014-12-08T09:59:38+01:00
PLEL;E000027-001;2019-01-01T00:00:00+01:00;0.0;2016-01-01T06:37:17+01:00;2014-12-08T09:59:38+01:00
PLEL;E000027-002;2019-01-01T00:00:00+01:00;0.0;2016-01-01T06:37:17+01:00;2014-12-08T09:59:38+01:00
PLEL;E000028-003;2019-01-01T00:00:00+01:00;0.0;2016-01-01T06:37:17+01:00;2014-12-08T10:37:22+01:00
PLEL;E000031-002;2019-01-01T00:00:00+01:00;0.0;2017-01-01T06:27:17+01:00;2017-01-01T01:14:48+01:00
PLEL;E000031-004;2019-01-01T00:00:00+01:00;0.0;2017-01-01T06:27:17+01:00;2017-01-01T01:14:47+01:00
PLEL;E000032-001;2019-01-01T00:00:00+01:00;0.0;2017-01-01T06:27:17+01:00;2017-01-01T01:14:46+01:00
PLEL;E000032-002;2019-01-01T00:00:00+01:00;0.0;2017-01-01T06:27:17+01:00;2017-01-01T01:14:46+01:00
PLEL;E000032-011;2019-01-01T00:00:00+01:00;0.0;2017-01-01T06:27:18+01:00;2017-01-01T01:14:46+01:00
PLEL;E000032-012;2019-01-01T00:00:00+01:00;0.0;2017-01-01T06:27:18+01:00;2017-01-01T01:14:46+01:00
PLEL;E000039-001;2019-01-01T00:00:00+01:00;0.0;2016-05-11T06:27:30+02:00;2016-05-10T21:46:55+02:00
PLEL;E000039-002;2019-01-01T00:00:00+01:00;0.0;2016-05-11T06:27:30+02:00;2016-05-10T21:46:55+02:00
PLEL;E000049-001;2019-01-01T00:00:00+01:00;0.0;2016-01-01T06:37:16+01:00;2015-10-26T21:46:41+01:00
PLEL;E000050-001;2019-01-01T00:00:00+01:00;0.0;2016-01-03T06:40:02+01:00;2016-01-02T14:53:54+01:00
PLEL;E000050-002;2019-01-01T00:00:00+01:00;0.0;2016-01-01T06:37:16+01:00;2016-01-01T02:06:20+01:00
PLEL;E000050-003;2019-01-01T00:00:00+01:00;0.0;2016-01-02T06:37:36+01:00;2016-01-01T23:21:06+01:00
PLEL;E000052-001;2019-01-01T00:00:00+01:00;0.0;2016-01-01T06:37:16+01:00;2015-10-30T21:46:36+01:00
PLEL;E000052-002;2019-01-01T00:00:00+01:00;0.0;2016-01-01T06:37:16+01:00;2015-10-30T21:46:34+01:00
PLEL;E000053-001;2019-01-01T00:00:00+01:00;0.0;2016-01-01T06:37:16+01:00;2016-01-01T02:04:56+01:00
PLEL;E000053-002;2019-01-01T00:00:00+01:00;0.0;2016-01-28T06:37:18+01:00;2016-01-27T21:46:46+01:00
PLEL;E000054-001;2019-01-01T00:00:00+01:00;0.0;2016-06-28T06:26:46+02:00;2016-06-27T21:46:26+02:00
PLEL;E000057-001;2019-01-01T00:00:00+01:00;0.0;2016-01-12T06:37:22+01:00;2016-01-12T03:20:00+01:00
PLEL;E000057-002;2019-01-01T00:00:00+01:00;0.0;2016-01-06T06:37:26+01:00;2016-01-05T09:10:04+01:00
PLEL;E000059-003;2019-01-01T00:00:00+01:00;0.0;2016-01-28T06:37:18+01:00;2016-01-27T22:16:33+01:00
PLEL;E000059-004;2019-01-01T00:00:00+01:00;0.0;2016-01-05T06:37:27+01:00;2016-01-04T11:37:28+01:00
PLEL;E000061-001;2019-01-01T00:00:00+01:00;0.0;2016-04-20T06:27:34+02:00;2016-04-19T21:46:40+02:00
PLEL;E000067-001;2019-01-01T00:00:00+01:00;0.0;2016-12-17T06:27:28+01:00;2016-12-16T16:51:15+01:00
PLEL;E000067-002;2019-01-01T00:00:00+01:00;0.0;2016-12-17T06:27:28+01:00;2016-12-16T16:51:15+01:00
PLEL;E000067-003;2019-01-01T00:00:00+01:00;0.0;2016-12-17T06:27:28+01:00;2016-12-16T16:51:15+01:00
PLEL;E000067-004;2019-01-01T00:00:00+01:00;0.0;2016-12-17T06:27:28+01:00;2016-12-16T16:51:15+01:00
PLEL;E000068-001;2019-01-01T00:00:00+01:00;0.0;2016-12-17T06:27:28+01:00;2016-12-16T16:51:13+01:00
PLEL;E000068-002;2019-01-01T00:00:00+01:00;0.0;2016-12-17T06:27:28+01:00;2016-12-16T16:51:13+01:00
PLEL;E000068-003;2019-01-01T00:00:00+01:00;0.0;2016-12-17T06:27:28+01:00;2016-12-16T16:51:13+01:00
PLEL;E000068-004;2019-01-01T00:00:00+01:00;0.0;2016-12-17T06:27:28+01:00;2016-12-16T16:51:13+01:00
PLEL;E000068-005;2019-01-01T00:00:00+01:00;0.0;2016-12-17T06:27:28+01:00;2016-12-16T16:51:13+01:00
PLEL;E000068-006;2019-01-01T00:00:00+01:00;0.0;2016-12-17T06:27:28+01:00;2016-12-16T16:51:13+01:00
PLEL;E000069-001;2019-01-01T00:00:00+01:00;0.0;2016-12-17T06:27:28+01:00;2016-12-16T16:51:14+01:00
PLEL;E000069-002;2019-01-01T00:00:00+01:00;0.0;2016-12-17T06:27:28+01:00;2016-12-16T16:51:14+01:00
PLEL;E000070-001;2019-01-01T00:00:00+01:00;0.0;2016-12-17T06:27:28+01:00;2016-12-16T16:51:14+01:00
PLEL;E000070-002;2019-01-01T00:00:00+01:00;0.0;2016-12-17T06:27:28+01:00;2016-12-16T16:51:15+01:00
PLEL;E000071-001;2019-01-01T00:00:00+01:00;0.0;2016-12-17T06:27:28+01:00;2016-12-16T16:51:14+01:00
PLEL;E000073-001;2019-01-01T00:00:00+01:00;0.0;2016-12-17T06:27:28+01:00;2016-12-16T16:51:14+01:00
PLEL;E000074-001;2019-01-01T00:00:00+01:00;0.0;2016-12-17T06:27:28+01:00;2016-12-16T16:51:14+01:00
PLEL;E000074-002;2019-01-01T00:00:00+01:00;0.0;2016-12-17T06:27:28+01:00;2016-12-16T16:51:14+01:00
PLEL;E000077-001;2019-01-01T00:00:00+01:00;0.0;2016-11-13T06:27:14+01:00;2016-11-12T23:00:15+01:00
PLEL;E000077-002;2019-01-01T00:00:00+01:00;0.0;2016-11-13T06:27:14+01:00;2016-11-12T23:00:15+01:00
PLEL;E000077-003;2019-01-01T00:00:00+01:00;0.0;2016-11-13T06:27:14+01:00;2016-11-12T23:00:15+01:00
PLEL;E000077-004;2019-01-01T00:00:00+01:00;0.0;2016-11-13T06:27:14+01:00;2016-11-12T23:00:15+01:00
PLEL;E000077-005;2019-01-01T00:00:00+01:00;0.0;2016-11-13T06:27:14+01:00;2016-11-12T23:00:16+01:00
PLEL;E000077-006;2019-01-01T00:00:00+01:00;0.0;2016-11-13T06:27:14+01:00;2016-11-12T23:00:16+01:00
PLEL;E000077-007;2019-01-01T00:00:00+01:00;0.0;2016-11-13T06:27:14+01:00;2016-11-12T23:00:16+01:00
PLEL;E000078-003;2019-01-01T00:00:00+01:00;0.0;2016-11-13T06:27:14+01:00;2016-11-12T23:00:16+01:00
PLEL;E000078-004;2019-01-01T00:00:00+01:00;0.0;2016-11-13T06:27:14+01:00;2016-11-12T23:00:16+01:00
PLEL;E000078-007;2019-01-01T00:00:00+01:00;0.0;2016-11-13T06:27:14+01:00;2016-11-12T23:00:17+01:00
PLEL;E000078-008;2019-01-01T00:00:00+01:00;0.0;2016-11-13T06:27:14+01:00;2016-11-12T23:00:17+01:00
PLEL;E000078-009;2019-01-01T00:00:00+01:00;0.0;2016-11-13T06:27:14+01:00;2016-11-12T23:00:17+01:00
PLEL;E000079-003;2019-01-01T00:00:00+01:00;0.0;2016-11-13T06:27:14+01:00;2016-11-12T23:00:20+01:00
PLEL;E000079-004;2019-01-01T00:00:00+01:00;0.0;2016-11-13T06:27:14+01:00;2016-11-12T23:00:20+01:00
PLEL;E000079-005;2019-01-01T00:00:00+01:00;0.0;2016-11-13T06:27:14+01:00;2016-11-12T23:00:21+01:00
PLEL;E000079-006;2019-01-01T00:00:00+01:00;0.0;2016-11-13T06:27:14+01:00;2016-11-12T23:00:21+01:00
PLEL;E000079-007;2019-01-01T00:00:00+01:00;0.0;2016-11-13T06:27:14+01:00;2016-11-12T23:00:21+01:00
PLEL;E000079-008;2019-01-01T00:00:00+01:00;0.0;2016-11-13T06:27:14+01:00;2016-11-12T23:00:21+01:00
PLEL;E000082-001;2019-01-01T00:00:00+01:00;0.0;2016-01-01T06:37:17+01:00;2015-11-12T23:00:07+01:00
PLEL;E000084-001;2019-01-01T00:00:00+01:00;0.0;2016-11-13T06:27:14+01:00;2016-11-12T23:00:10+01:00
PLEL;E000084-002;2019-01-01T00:00:00+01:00;0.0;2016-11-13T06:27:14+01:00;2016-11-12T23:00:10+01:00
PLEL;E000084-003;2019-01-01T00:00:00+01:00;0.0;2016-11-13T06:27:14+01:00;2016-11-12T23:00:11+01:00
PLEL;E000084-004;2019-01-01T00:00:00+01:00;0.0;2016-11-13T06:27:14+01:00;2016-11-12T23:00:11+01:00
PLEL;E000084-005;2019-01-01T00:00:00+01:00;0.0;2016-11-23T06:27:16+01:00;2016-11-22T13:58:29+01:00
PLEL;E000086-001;2019-01-01T00:00:00+01:00;0.0;2016-11-13T06:27:14+01:00;2016-11-12T23:00:13+01:00
PLEL;E000087-005;2019-01-01T00:00:00+01:00;0.0;2016-11-13T06:27:14+01:00;2016-11-12T23:00:14+01:00
PLEL;E000089-001;2019-01-01T00:00:00+01:00;0.0;2016-11-13T06:27:14+01:00;2016-11-12T23:00:08+01:00
PLEL;E000090-001;2019-01-01T00:00:00+01:00;0.0;2016-11-13T06:27:14+01:00;2016-11-12T23:00:12+01:00
PLEL;E000090-002;2019-01-01T00:00:00+01:00;0.0;2016-11-13T06:27:14+01:00;2016-11-12T23:00:12+01:00
PLEL;E000091-001;2019-01-01T00:00:00+01:00;0.0;2016-11-13T06:27:14+01:00;2016-11-12T23:00:14+01:00
PLEL;E000095-003;2019-01-01T00:00:00+01:00;0.0;2016-11-13T06:27:14+01:00;2016-11-12T23:00:18+01:00
PLEL;E000095-004;2019-01-01T00:00:00+01:00;0.0;2016-11-13T06:27:14+01:00;2016-11-12T23:00:18+01:00
PLEL;E000095-005;2019-01-01T00:00:00+01:00;0.0;2016-11-13T06:27:14+01:00;2016-11-12T23:00:18+01:00
PLEL;E000098-002;2019-01-01T00:00:00+01:00;0.0;2016-11-13T06:27:14+01:00;2016-11-12T23:00:19+01:00
PLEL;E000098-003;2019-01-01T00:00:00+01:00;0.0;2016-11-13T06:27:14+01:00;2016-11-12T23:00:18+01:00
PLEL;E000098-004;2019-01-01T00:00:00+01:00;0.0;2016-11-13T06:27:14+01:00;2016-11-12T23:00:19+01:00
PLEL;E000098-005;2019-01-01T00:00:00+01:00;0.0;2016-11-13T06:27:14+01:00;2016-11-12T23:00:19+01:00
PLEL;E000098-006;2019-01-01T00:00:00+01:00;0.0;2016-11-13T06:27:14+01:00;2016-11-12T23:00:19+01:00
PLEL;E000098-007;2019-01-01T00:00:00+01:00;0.0;2016-11-13T06:27:14+01:00;2016-11-12T23:00:19+01:00
PLEL;E000098-008;2019-01-01T00:00:00+01:00;0.0;2016-11-13T06:27:14+01:00;2016-11-12T23:00:19+01:00
PLEL;E000098-009;2019-01-01T00:00:00+01:00;0.0;2016-11-13T06:27:14+01:00;2016-11-12T23:00:19+01:00
PLEL;E000098-010;2019-01-01T00:00:00+01:00;0.0;2016-11-13T06:27:14+01:00;2016-11-12T23:00:19+01:00
PLEL;E000098-011;2019-01-01T00:00:00+01:00;0.0;2016-11-13T06:27:14+01:00;2016-11-12T23:00:20+01:00
PLEL;E000098-012;2019-01-01T00:00:00+01:00;0.0;2016-11-13T06:27:14+01:00;2016-11-12T23:00:18+01:00
PLEL;E000103-002;2019-01-01T00:00:00+01:00;0.0;2016-02-03T06:37:33+01:00;2016-02-02T13:34:53+01:00
PLEL;E000104-003;2019-01-01T00:00:00+01:00;0.0;2016-02-03T06:37:33+01:00;2016-02-02T13:34:54+01:00
PLEL;E000104-004;2019-01-01T00:00:00+01:00;0.0;2016-02-03T06:37:33+01:00;2016-02-02T13:34:54+01:00
PLEL;E000105-002;2019-01-01T00:00:00+01:00;0.0;2016-12-17T06:27:28+01:00;2016-12-16T13:22:18+01:00
PLEL;E000105-003;2019-01-01T00:00:00+01:00;0.0;2016-12-17T06:27:28+01:00;2016-12-16T13:22:18+01:00
PLEL;E000105-004;2019-01-01T00:00:00+01:00;0.0;2016-12-17T06:27:28+01:00;2016-12-16T13:22:18+01:00
PLEL;E000109-001;2019-01-01T00:00:00+01:00;0.0;2016-12-17T06:27:28+01:00;2016-12-16T13:22:18+01:00
PLEL;E000125-001;2019-01-01T00:00:00+01:00;0.0;2016-01-01T06:37:17+01:00;2015-12-15T08:37:23+01:00
PLEL;E000128-001;2019-01-01T00:00:00+01:00;0.0;2016-08-10T16:19:31+02:00;2016-08-10T09:42:01+02:00
PLEL;E000129-001;2019-01-01T00:00:00+01:00;0.0;2016-08-10T16:19:31+02:00;2016-08-10T09:58:52+02:00
PLEL;E000130-001;2019-01-01T00:00:00+01:00;0.0;2016-08-10T16:19:31+02:00;2016-08-10T09:51:01+02:00
PLEL;E000132-001;2019-01-01T00:00:00+01:00;0.0;2016-12-17T06:27:28+01:00;2016-12-16T16:51:15+01:00
PLEL;E000140-001;2019-01-01T00:00:00+01:00;0.0;2017-01-03T06:27:26+01:00;2017-01-02T14:25:10+01:00
PLEL;E000140-002;2019-01-01T00:00:00+01:00;0.0;2017-01-03T06:27:26+01:00;2017-01-02T14:25:11+01:00
PLEL;E000140-003;2019-01-01T00:00:00+01:00;0.0;2017-01-03T06:27:26+01:00;2017-01-02T14:25:10+01:00
PLEL;E000140-004;2019-01-01T00:00:00+01:00;0.0;2017-01-03T06:27:26+01:00;2017-01-02T14:25:10+01:00
PLEL;E000141-001;2019-01-01T00:00:00+01:00;0.0;2017-01-03T06:27:26+01:00;2017-01-02T14:25:10+01:00
PLEL;E000141-002;2019-01-01T00:00:00+01:00;0.0;2017-01-03T06:27:26+01:00;2017-01-02T14:25:10+01:00
PLEL;E000141-003;2019-01-01T00:00:00+01:00;0.0;2017-01-03T06:27:26+01:00;2017-01-02T14:25:10+01:00
PLEL;E000141-004;2019-01-01T00:00:00+01:00;0.0;2017-01-03T06:27:26+01:00;2017-01-02T14:25:10+01:00
PLEL;E000141-005;2019-01-01T00:00:00+01:00;0.0;2017-01-03T06:27:26+01:00;2017-01-02T14:25:10+01:00
PLEL;E000142-001;2019-01-01T00:00:00+01:00;0.0;2017-01-03T06:27:26+01:00;2017-01-02T14:25:10+01:00
PLEL;E000142-002;2019-01-01T00:00:00+01:00;0.0;2017-01-03T06:27:26+01:00;2017-01-02T14:25:10+01:00
PLEL;E000143-001;2019-01-01T00:00:00+01:00;0.0;2017-01-03T06:27:26+01:00;2017-01-02T14:25:10+01:00
PLEL;E000143-002;2019-01-01T00:00:00+01:00;0.0;2017-01-03T06:27:26+01:00;2017-01-02T14:25:10+01:00
PLEL;E110014-001;2019-01-01T00:00:00+01:00;6867840.0;2016-09-01T06:26:51+02:00;2016-08-31T14:07:14+02:00
PLEL;E110017-001;2019-01-01T00:00:00+01:00;0.0;2016-09-01T06:26:51+02:00;2016-08-31T14:07:14+02:00
PLEL;E110048-002;2019-01-01T00:00:00+01:00;0.0;2017-01-03T06:27:26+01:00;2017-01-02T09:12:14+01:00
PLEL;E110049-002;2019-01-01T00:00:00+01:00;0.0;2017-01-03T06:27:26+01:00;2017-01-02T09:12:13+01:00
PLEL;E110049-005;2019-01-01T00:00:00+01:00;0.0;2017-01-03T06:27:26+01:00;2017-01-02T09:12:13+01:00
PLEL;E110049-006;2019-01-01T00:00:00+01:00;0.0;2017-01-03T06:27:26+01:00;2017-01-02T09:12:13+01:00
PLEL;E110050-001;2019-01-01T00:00:00+01:00;0.0;2016-01-01T06:37:17+01:00;2015-02-14T15:04:03+01:00
PLEL;E110051-001;2019-01-01T00:00:00+01:00;0.0;2016-11-15T11:00:51+01:00;2016-11-15T09:46:49+01:00
PLEL;E110051-002;2019-01-01T00:00:00+01:00;0.0;2016-11-15T11:00:51+01:00;2016-11-15T09:47:15+01:00
PLEL;E110052-001;2019-01-01T00:00:00+01:00;0.0;2016-11-15T11:00:52+01:00;2016-11-15T09:44:49+01:00
PLEL;E110056-001;2019-01-01T00:00:00+01:00;0.0;2016-07-27T14:14:25+02:00;2016-07-27T13:52:30+02:00
PLEL;E110056-002;2019-01-01T00:00:00+01:00;0.0;2016-07-27T14:14:25+02:00;2016-07-27T13:55:20+02:00
PLEL;E110056-003;2019-01-01T00:00:00+01:00;0.0;2016-07-27T14:14:25+02:00;2016-07-27T13:55:55+02:00
PLEL;E110058-001;2019-01-01T00:00:00+01:00;0.0;2016-12-10T06:27:29+01:00;2016-12-09T15:15:31+01:00
PLEL;E110059-001;2019-01-01T00:00:00+01:00;0.0;2016-12-10T06:27:29+01:00;2016-12-09T15:15:31+01:00
PLEL;E110062-001;2019-01-01T00:00:00+01:00;0.0;2016-10-27T06:27:18+02:00;2016-10-26T15:11:06+02:00
PLEL;E110063-002;2019-01-01T00:00:00+01:00;0.0;2016-01-01T06:37:17+01:00;2014-12-01T15:01:32+01:00
PLEL;E110063-003;2019-01-01T00:00:00+01:00;0.0;2016-01-01T06:37:17+01:00;2014-12-01T15:01:32+01:00
PLEL;E110065-001;2019-01-01T00:00:00+01:00;0.0;2016-01-01T06:37:17+01:00;2015-03-16T14:44:56+01:00
PLEL;E110065-002;2019-01-01T00:00:00+01:00;0.0;2016-01-01T06:37:17+01:00;2015-03-16T14:44:33+01:00
PLEL;E110066-001;2019-01-01T00:00:00+01:00;0.0;2016-01-01T06:37:17+01:00;2015-03-16T14:43:56+01:00
PLEL;E110066-002;2019-01-01T00:00:00+01:00;0.0;2016-01-01T06:37:17+01:00;2015-03-16T14:44:00+01:00
PLEL;E110067-002;2019-01-01T00:00:00+01:00;0.0;2016-01-01T06:37:17+01:00;2015-03-16T14:44:04+01:00
PLEL;E110067-003;2019-01-01T00:00:00+01:00;0.0;2016-01-01T06:37:17+01:00;2015-03-16T14:44:29+01:00
PLEL;E110069-001;2019-01-01T00:00:00+01:00;0.0;2016-01-01T06:37:17+01:00;2015-03-16T14:45:38+01:00
PLEL;E110070-002;2019-01-01T00:00:00+01:00;0.0;2016-01-01T06:37:17+01:00;2015-03-16T14:44:26+01:00
PLEL;E110070-003;2019-01-01T00:00:00+01:00;0.0;2016-01-01T06:37:17+01:00;2015-03-16T14:46:07+01:00
PLEL;E110071-001;2019-01-01T00:00:00+01:00;0.0;2016-01-01T06:37:17+01:00;2015-03-16T14:45:10+01:00
PLEL;E110071-002;2019-01-01T00:00:00+01:00;0.0;2016-01-01T06:37:17+01:00;2015-03-16T14:45:08+01:00
PLEL;E110102-001;2019-01-01T00:00:00+01:00;0.0;2016-01-01T06:37:17+01:00;2015-12-29T12:03:32+01:00
PLEL;E110102-002;2019-01-01T00:00:00+01:00;0.0;2016-01-01T06:37:17+01:00;2015-12-29T12:03:32+01:00
PLEL;E110115-001;2019-01-01T00:00:00+01:00;0.0;2016-01-01T06:37:17+01:00;2014-12-08T13:32:36+01:00
PLEL;E110126-001;2019-01-01T00:00:00+01:00;0.0;2016-01-01T06:37:17+01:00;2014-12-11T09:39:08+01:00
PLEL;E110126-002;2019-01-01T00:00:00+01:00;0.0;2016-01-01T06:37:17+01:00;2014-12-11T09:39:08+01:00
PLEL;E110166-002;2019-01-01T00:00:00+01:00;0.0;2016-12-09T06:27:22+01:00;2016-12-08T15:01:03+01:00
PLEL;E110167-002;2019-01-01T00:00:00+01:00;0.0;2016-12-09T06:27:22+01:00;2016-12-08T15:01:04+01:00
PLEL;E110168-002;2019-01-01T00:00:00+01:00;0.0;2016-12-09T06:27:22+01:00;2016-12-08T15:01:03+01:00
PLEL;E110169-001;2019-01-01T00:00:00+01:00;0.0;2016-12-22T06:27:12+01:00;2016-12-21T13:59:35+01:00
PLEL;E110213-001;2019-01-01T00:00:00+01:00;0.0;2016-12-10T06:27:29+01:00;2016-12-09T15:15:31+01:00
PLEL;E110258-001;2019-01-01T00:00:00+01:00;0.0;2017-01-01T06:27:18+01:00;2017-01-01T01:14:48+01:00
PLEL;E110270-001;2019-01-01T00:00:00+01:00;0.0;2016-12-10T06:27:30+01:00;2016-12-09T15:15:31+01:00
PLEL;E110271-001;2019-01-01T00:00:00+01:00;0.0;2016-12-16T06:27:16+01:00;2016-12-15T11:04:30+01:00
PLEL;E110271-002;2019-01-01T00:00:00+01:00;0.0;2016-12-16T06:27:16+01:00;2016-12-15T11:04:30+01:00
PLEL;E110280-001;2019-01-01T00:00:00+01:00;0.0;2016-11-15T11:00:52+01:00;2016-11-15T11:00:08+01:00
PLEL;E110282-001;2019-01-01T00:00:00+01:00;0.0;2016-11-15T11:00:52+01:00;2016-11-15T11:00:08+01:00
PLEL;E110322-001;2019-01-01T00:00:00+01:00;3731760.0;2016-09-01T06:26:51+02:00;2016-08-31T14:07:14+02:00
PLEL;E110370-004;2019-01-01T00:00:00+01:00;0.0;2017-01-01T06:27:18+01:00;2017-01-01T01:14:46+01:00
PLEL;E110374-001;2019-01-01T00:00:00+01:00;0.0;2016-11-10T06:27:13+01:00;2016-11-09T10:05:54+01:00
PLEL;E110375-001;2019-01-01T00:00:00+01:00;0.0;2017-01-10T06:27:06+01:00;2017-01-09T08:05:12+01:00
PLEL;E110377-001;2019-01-01T00:00:00+01:00;0.0;2016-01-29T06:37:16+01:00;2016-01-28T10:46:15+01:00
PLEL;E110382-001;2019-01-01T00:00:00+01:00;0.0;2016-11-13T06:27:14+01:00;2016-11-12T23:00:17+01:00
PLEL;E110382-002;2019-01-01T00:00:00+01:00;0.0;2016-11-13T06:27:14+01:00;2016-11-12T23:00:17+01:00
PLEL;E110408-001;2019-01-01T00:00:00+01:00;0.0;2016-06-01T06:27:02+02:00;2016-06-01T00:00:02+02:00
PLEL;E110409-001;2019-01-01T00:00:00+01:00;0.0;2016-06-01T06:27:02+02:00;2016-06-01T00:00:02+02:00
PLEL;E110410-001;2019-01-01T00:00:00+01:00;0.0;2016-06-01T06:27:02+02:00;2016-06-01T00:00:02+02:00
PLEL;E110435-001;2019-01-01T00:00:00+01:00;0.0;2016-02-12T06:37:30+01:00;2016-02-11T14:52:07+01:00
PLEL;E110436-001;2019-01-01T00:00:00+01:00;0.0;2016-05-14T06:27:29+02:00;2016-05-13T12:14:30+02:00
PLEL;E000003-001;2020-01-01T00:00:00+01:00;0.0;2017-01-01T06:27:17+01:00;2016-11-12T23:00:09+01:00
PLEL;E000003-002;2020-01-01T00:00:00+01:00;0.0;2017-01-01T06:27:17+01:00;2016-11-12T23:00:09+01:00
PLEL;E000003-003;2020-01-01T00:00:00+01:00;0.0;2017-01-01T06:27:17+01:00;2016-11-12T23:00:09+01:00
PLEL;E000011-001;2020-01-01T00:00:00+01:00;0.0;2017-01-01T06:27:17+01:00;2014-12-08T08:58:00+01:00
PLEL;E000011-002;2020-01-01T00:00:00+01:00;0.0;2017-01-01T06:27:18+01:00;2014-12-08T08:58:00+01:00
PLEL;E000011-003;2020-01-01T00:00:00+01:00;0.0;2017-01-01T06:27:17+01:00;2014-12-08T08:58:00+01:00
PLEL;E000012-002;2020-01-01T00:00:00+01:00;0.0;2017-01-01T06:27:17+01:00;2017-01-01T01:14:46+01:00
PLEL;E000013-001;2020-01-01T00:00:00+01:00;0.0;2017-01-01T06:27:17+01:00;2017-01-01T01:14:46+01:00
PLEL;E000017-001;2020-01-01T00:00:00+01:00;0.0;2017-01-01T06:27:18+01:00;2016-12-16T16:51:14+01:00
PLEL;E000020-001;2020-01-01T00:00:00+01:00;0.0;2017-01-01T06:27:17+01:00;2016-01-01T22:43:40+01:00
PLEL;E000021-002;2020-01-01T00:00:00+01:00;0.0;2017-01-01T06:27:17+01:00;2016-01-04T13:56:28+01:00
PLEL;E000021-003;2020-01-01T00:00:00+01:00;0.0;2017-01-01T06:27:17+01:00;2016-01-28T14:53:47+01:00
PLEL;E000024-002;2020-01-01T00:00:00+01:00;0.0;2017-01-01T06:27:18+01:00;2017-01-01T01:14:47+01:00
PLEL;E000026-003;2020-01-01T00:00:00+01:00;0.0;2017-01-01T06:27:17+01:00;2014-12-08T09:59:38+01:00
PLEL;E000027-001;2020-01-01T00:00:00+01:00;0.0;2017-01-01T06:27:17+01:00;2014-12-08T09:59:38+01:00
PLEL;E000027-002;2020-01-01T00:00:00+01:00;0.0;2017-01-01T06:27:17+01:00;2014-12-08T09:59:38+01:00
PLEL;E000028-003;2020-01-01T00:00:00+01:00;0.0;2017-01-01T06:27:17+01:00;2014-12-08T10:37:22+01:00
PLEL;E000031-002;2020-01-01T00:00:00+01:00;0.0;2017-01-01T06:27:17+01:00;2017-01-01T01:14:48+01:00
PLEL;E000031-004;2020-01-01T00:00:00+01:00;0.0;2017-01-01T06:27:17+01:00;2017-01-01T01:14:47+01:00
PLEL;E000032-001;2020-01-01T00:00:00+01:00;0.0;2017-01-01T06:27:17+01:00;2017-01-01T01:14:46+01:00
PLEL;E000032-002;2020-01-01T00:00:00+01:00;0.0;2017-01-01T06:27:17+01:00;2017-01-01T01:14:46+01:00
PLEL;E000032-011;2020-01-01T00:00:00+01:00;0.0;2017-01-01T06:27:18+01:00;2017-01-01T01:14:46+01:00
PLEL;E000032-012;2020-01-01T00:00:00+01:00;0.0;2017-01-01T06:27:18+01:00;2017-01-01T01:14:46+01:00
PLEL;E000039-001;2020-01-01T00:00:00+01:00;0.0;2017-01-01T06:27:17+01:00;2016-05-10T21:46:55+02:00
PLEL;E000039-002;2020-01-01T00:00:00+01:00;0.0;2017-01-01T06:27:17+01:00;2016-05-10T21:46:55+02:00
PLEL;E000049-001;2020-01-01T00:00:00+01:00;0.0;2017-01-01T06:27:17+01:00;2015-10-26T21:46:41+01:00
PLEL;E000050-001;2020-01-01T00:00:00+01:00;0.0;2017-01-01T06:27:17+01:00;2016-01-02T14:53:54+01:00
PLEL;E000050-002;2020-01-01T00:00:00+01:00;0.0;2017-01-01T06:27:17+01:00;2016-01-01T02:06:20+01:00
PLEL;E000050-003;2020-01-01T00:00:00+01:00;0.0;2017-01-01T06:27:17+01:00;2016-01-01T23:21:06+01:00
PLEL;E000052-001;2020-01-01T00:00:00+01:00;0.0;2017-01-01T06:27:17+01:00;2015-10-30T21:46:36+01:00
PLEL;E000052-002;2020-01-01T00:00:00+01:00;0.0;2017-01-01T06:27:17+01:00;2015-10-30T21:46:34+01:00
PLEL;E000053-001;2020-01-01T00:00:00+01:00;0.0;2017-01-01T06:27:17+01:00;2016-01-01T02:04:56+01:00
PLEL;E000053-002;2020-01-01T00:00:00+01:00;0.0;2017-01-01T06:27:17+01:00;2016-01-27T21:46:46+01:00
PLEL;E000054-001;2020-01-01T00:00:00+01:00;0.0;2017-01-01T06:27:17+01:00;2016-06-27T21:46:26+02:00
PLEL;E000057-001;2020-01-01T00:00:00+01:00;0.0;2017-01-01T06:27:17+01:00;2016-01-12T03:20:00+01:00
PLEL;E000057-002;2020-01-01T00:00:00+01:00;0.0;2017-01-01T06:27:17+01:00;2016-01-05T09:10:04+01:00
PLEL;E000059-003;2020-01-01T00:00:00+01:00;0.0;2017-01-01T06:27:17+01:00;2016-01-27T22:16:33+01:00
PLEL;E000059-004;2020-01-01T00:00:00+01:00;0.0;2017-01-01T06:27:17+01:00;2016-01-04T11:37:28+01:00
PLEL;E000061-001;2020-01-01T00:00:00+01:00;0.0;2017-01-01T06:27:18+01:00;2016-04-19T21:46:40+02:00
PLEL;E000067-001;2020-01-01T00:00:00+01:00;0.0;2017-01-01T06:27:17+01:00;2016-12-16T16:51:15+01:00
PLEL;E000067-002;2020-01-01T00:00:00+01:00;0.0;2017-01-01T06:27:17+01:00;2016-12-16T16:51:15+01:00
PLEL;E000067-003;2020-01-01T00:00:00+01:00;0.0;2017-01-01T06:27:17+01:00;2016-12-16T16:51:15+01:00
PLEL;E000067-004;2020-01-01T00:00:00+01:00;0.0;2017-01-01T06:27:17+01:00;2016-12-16T16:51:15+01:00
PLEL;E000068-001;2020-01-01T00:00:00+01:00;0.0;2017-01-01T06:27:17+01:00;2016-12-16T16:51:13+01:00
PLEL;E000068-002;2020-01-01T00:00:00+01:00;0.0;2017-01-01T06:27:17+01:00;2016-12-16T16:51:13+01:00
PLEL;E000068-003;2020-01-01T00:00:00+01:00;0.0;2017-01-01T06:27:17+01:00;2016-12-16T16:51:13+01:00
PLEL;E000068-004;2020-01-01T00:00:00+01:00;0.0;2017-01-01T06:27:18+01:00;2016-12-16T16:51:13+01:00
PLEL;E000068-005;2020-01-01T00:00:00+01:00;0.0;2017-01-01T06:27:17+01:00;2016-12-16T16:51:13+01:00
PLEL;E000068-006;2020-01-01T00:00:00+01:00;0.0;2017-01-01T06:27:18+01:00;2016-12-16T16:51:13+01:00
PLEL;E000069-001;2020-01-01T00:00:00+01:00;0.0;2017-01-01T06:27:17+01:00;2016-12-16T16:51:14+01:00
PLEL;E000069-002;2020-01-01T00:00:00+01:00;0.0;2017-01-01T06:27:18+01:00;2016-12-16T16:51:14+01:00
PLEL;E000070-001;2020-01-01T00:00:00+01:00;0.0;2017-01-01T06:27:17+01:00;2016-12-16T16:51:14+01:00
PLEL;E000070-002;2020-01-01T00:00:00+01:00;0.0;2017-01-01T06:27:17+01:00;2016-12-16T16:51:15+01:00
PLEL;E000071-001;2020-01-01T00:00:00+01:00;0.0;2017-01-01T06:27:17+01:00;2016-12-16T16:51:14+01:00
PLEL;E000073-001;2020-01-01T00:00:00+01:00;0.0;2017-01-01T06:27:17+01:00;2016-12-16T16:51:14+01:00
PLEL;E000074-001;2020-01-01T00:00:00+01:00;0.0;2017-01-01T06:27:17+01:00;2016-12-16T16:51:14+01:00
PLEL;E000074-002;2020-01-01T00:00:00+01:00;0.0;2017-01-01T06:27:17+01:00;2016-12-16T16:51:14+01:00
PLEL;E000077-001;2020-01-01T00:00:00+01:00;0.0;2017-01-01T06:27:17+01:00;2016-11-12T23:00:15+01:00
PLEL;E000077-002;2020-01-01T00:00:00+01:00;0.0;2017-01-01T06:27:17+01:00;2016-11-12T23:00:15+01:00
PLEL;E000077-004;2020-01-01T00:00:00+01:00;0.0;2017-01-01T06:27:17+01:00;2016-11-12T23:00:15+01:00
PLEL;E000077-005;2020-01-01T00:00:00+01:00;0.0;2017-01-01T06:27:17+01:00;2016-11-12T23:00:16+01:00
PLEL;E000077-006;2020-01-01T00:00:00+01:00;0.0;2017-01-01T06:27:17+01:00;2016-11-12T23:00:16+01:00
PLEL;E000077-007;2020-01-01T00:00:00+01:00;0.0;2017-01-01T06:27:17+01:00;2016-11-12T23:00:16+01:00
PLEL;E000078-003;2020-01-01T00:00:00+01:00;0.0;2017-01-01T06:27:17+01:00;2016-11-12T23:00:16+01:00
PLEL;E000078-004;2020-01-01T00:00:00+01:00;0.0;2017-01-01T06:27:17+01:00;2016-11-12T23:00:16+01:00
PLEL;E000078-007;2020-01-01T00:00:00+01:00;0.0;2017-01-01T06:27:18+01:00;2016-11-12T23:00:17+01:00
PLEL;E000078-008;2020-01-01T00:00:00+01:00;0.0;2017-01-01T06:27:17+01:00;2016-11-12T23:00:17+01:00
PLEL;E000078-009;2020-01-01T00:00:00+01:00;0.0;2017-01-01T06:27:17+01:00;2016-11-12T23:00:17+01:00
PLEL;E000079-003;2020-01-01T00:00:00+01:00;0.0;2017-01-01T06:27:17+01:00;2016-11-12T23:00:20+01:00
PLEL;E000079-004;2020-01-01T00:00:00+01:00;0.0;2017-01-01T06:27:17+01:00;2016-11-12T23:00:20+01:00
PLEL;E000079-005;2020-01-01T00:00:00+01:00;0.0;2017-01-01T06:27:17+01:00;2016-11-12T23:00:21+01:00
PLEL;E000079-006;2020-01-01T00:00:00+01:00;0.0;2017-01-01T06:27:17+01:00;2016-11-12T23:00:21+01:00
PLEL;E000079-007;2020-01-01T00:00:00+01:00;0.0;2017-01-01T06:27:17+01:00;2016-11-12T23:00:21+01:00
PLEL;E000079-008;2020-01-01T00:00:00+01:00;0.0;2017-01-01T06:27:17+01:00;2016-11-12T23:00:21+01:00
PLEL;E000084-001;2020-01-01T00:00:00+01:00;0.0;2017-01-01T06:27:17+01:00;2016-11-12T23:00:10+01:00
PLEL;E000084-002;2020-01-01T00:00:00+01:00;0.0;2017-01-01T06:27:17+01:00;2016-11-12T23:00:10+01:00
PLEL;E000084-003;2020-01-01T00:00:00+01:00;0.0;2017-01-01T06:27:17+01:00;2016-11-12T23:00:11+01:00
PLEL;E000084-004;2020-01-01T00:00:00+01:00;0.0;2017-01-01T06:27:17+01:00;2016-11-12T23:00:11+01:00
PLEL;E000086-001;2020-01-01T00:00:00+01:00;0.0;2017-01-01T06:27:17+01:00;2016-11-12T23:00:13+01:00
PLEL;E000087-005;2020-01-01T00:00:00+01:00;0.0;2017-01-01T06:27:17+01:00;2016-11-12T23:00:14+01:00
PLEL;E000089-001;2020-01-01T00:00:00+01:00;0.0;2017-01-01T06:27:17+01:00;2016-11-12T23:00:08+01:00
PLEL;E000090-001;2020-01-01T00:00:00+01:00;0.0;2017-01-01T06:27:17+01:00;2016-11-12T23:00:12+01:00
PLEL;E000090-002;2020-01-01T00:00:00+01:00;0.0;2017-01-01T06:27:17+01:00;2016-11-12T23:00:12+01:00
PLEL;E000091-001;2020-01-01T00:00:00+01:00;0.0;2017-01-01T06:27:17+01:00;2016-11-12T23:00:14+01:00
PLEL;E000095-003;2020-01-01T00:00:00+01:00;0.0;2017-01-01T06:27:17+01:00;2016-11-12T23:00:18+01:00
PLEL;E000095-004;2020-01-01T00:00:00+01:00;0.0;2017-01-01T06:27:17+01:00;2016-11-12T23:00:18+01:00
PLEL;E000095-005;2020-01-01T00:00:00+01:00;0.0;2017-01-01T06:27:18+01:00;2016-11-12T23:00:18+01:00
PLEL;E000098-002;2020-01-01T00:00:00+01:00;0.0;2017-01-01T06:27:17+01:00;2016-11-12T23:00:19+01:00
PLEL;E000098-003;2020-01-01T00:00:00+01:00;0.0;2017-01-01T06:27:18+01:00;2016-11-12T23:00:18+01:00
PLEL;E000098-004;2020-01-01T00:00:00+01:00;0.0;2017-01-01T06:27:18+01:00;2016-11-12T23:00:19+01:00
PLEL;E000098-005;2020-01-01T00:00:00+01:00;0.0;2017-01-01T06:27:18+01:00;2016-11-12T23:00:19+01:00
PLEL;E000098-006;2020-01-01T00:00:00+01:00;0.0;2017-01-01T06:27:18+01:00;2016-11-12T23:00:19+01:00
PLEL;E000098-007;2020-01-01T00:00:00+01:00;0.0;2017-01-01T06:27:18+01:00;2016-11-12T23:00:19+01:00
PLEL;E000098-008;2020-01-01T00:00:00+01:00;0.0;2017-01-01T06:27:18+01:00;2016-11-12T23:00:19+01:00
PLEL;E000098-009;2020-01-01T00:00:00+01:00;0.0;2017-01-01T06:27:18+01:00;2016-11-12T23:00:19+01:00
PLEL;E000098-010;2020-01-01T00:00:00+01:00;0.0;2017-01-01T06:27:18+01:00;2016-11-12T23:00:20+01:00
PLEL;E000098-011;2020-01-01T00:00:00+01:00;0.0;2017-01-01T06:27:18+01:00;2016-11-12T23:00:20+01:00
PLEL;E000098-012;2020-01-01T00:00:00+01:00;0.0;2017-01-01T06:27:18+01:00;2016-11-12T23:00:18+01:00
PLEL;E000103-002;2020-01-01T00:00:00+01:00;0.0;2017-01-01T06:27:18+01:00;2016-02-02T13:34:53+01:00
PLEL;E000104-003;2020-01-01T00:00:00+01:00;0.0;2017-01-01T06:27:18+01:00;2016-02-02T13:34:54+01:00
PLEL;E000104-004;2020-01-01T00:00:00+01:00;0.0;2017-01-01T06:27:18+01:00;2016-02-02T13:34:54+01:00
PLEL;E000105-002;2020-01-01T00:00:00+01:00;0.0;2017-01-01T06:27:18+01:00;2016-12-16T13:22:18+01:00
PLEL;E000105-003;2020-01-01T00:00:00+01:00;0.0;2017-01-01T06:27:18+01:00;2016-12-16T13:22:18+01:00
PLEL;E000105-004;2020-01-01T00:00:00+01:00;0.0;2017-01-01T06:27:18+01:00;2016-12-16T13:22:18+01:00
PLEL;E000109-001;2020-01-01T00:00:00+01:00;0.0;2017-01-01T06:27:18+01:00;2016-12-16T13:22:18+01:00
PLEL;E000125-001;2020-01-01T00:00:00+01:00;0.0;2017-01-01T06:27:18+01:00;2015-12-15T08:37:23+01:00
PLEL;E000128-001;2020-01-01T00:00:00+01:00;0.0;2017-01-01T06:27:18+01:00;2016-08-10T09:42:01+02:00
PLEL;E000129-001;2020-01-01T00:00:00+01:00;0.0;2017-01-01T06:27:18+01:00;2016-08-10T09:58:52+02:00
PLEL;E000130-001;2020-01-01T00:00:00+01:00;0.0;2017-01-01T06:27:18+01:00;2016-08-10T09:51:01+02:00
PLEL;E000132-001;2020-01-01T00:00:00+01:00;0.0;2017-01-01T06:27:18+01:00;2016-12-16T16:51:15+01:00
PLEL;E000140-001;2020-01-01T00:00:00+01:00;0.0;2017-01-03T06:27:26+01:00;2017-01-02T14:25:10+01:00
PLEL;E000140-002;2020-01-01T00:00:00+01:00;0.0;2017-01-03T06:27:26+01:00;2017-01-02T14:25:11+01:00
PLEL;E000140-003;2020-01-01T00:00:00+01:00;0.0;2017-01-03T06:27:26+01:00;2017-01-02T14:25:10+01:00
PLEL;E000140-004;2020-01-01T00:00:00+01:00;0.0;2017-01-03T06:27:26+01:00;2017-01-02T14:25:10+01:00
PLEL;E000141-001;2020-01-01T00:00:00+01:00;0.0;2017-01-03T06:27:26+01:00;2017-01-02T14:25:10+01:00
PLEL;E000141-002;2020-01-01T00:00:00+01:00;0.0;2017-01-03T06:27:26+01:00;2017-01-02T14:25:10+01:00
PLEL;E000141-003;2020-01-01T00:00:00+01:00;0.0;2017-01-03T06:27:26+01:00;2017-01-02T14:25:10+01:00
PLEL;E000141-004;2020-01-01T00:00:00+01:00;0.0;2017-01-03T06:27:26+01:00;2017-01-02T14:25:10+01:00
PLEL;E000142-001;2020-01-01T00:00:00+01:00;0.0;2017-01-03T06:27:26+01:00;2017-01-02T14:25:10+01:00
PLEL;E000142-002;2020-01-01T00:00:00+01:00;0.0;2017-01-03T06:27:26+01:00;2017-01-02T14:25:10+01:00
PLEL;E000143-001;2020-01-01T00:00:00+01:00;0.0;2017-01-03T06:27:26+01:00;2017-01-02T14:25:10+01:00
PLEL;E000143-002;2020-01-01T00:00:00+01:00;0.0;2017-01-03T06:27:26+01:00;2017-01-02T14:25:10+01:00
PLEL;E110014-001;2020-01-01T00:00:00+01:00;0.0;2017-01-01T06:27:17+01:00;2016-08-31T14:07:14+02:00
PLEL;E110017-001;2020-01-01T00:00:00+01:00;0.0;2017-01-01T06:27:17+01:00;2016-08-31T14:07:14+02:00
PLEL;E110048-002;2020-01-01T00:00:00+01:00;0.0;2017-01-03T06:27:26+01:00;2017-01-02T09:12:14+01:00
PLEL;E110049-002;2020-01-01T00:00:00+01:00;0.0;2017-01-03T06:27:26+01:00;2017-01-02T09:12:13+01:00
PLEL;E110049-005;2020-01-01T00:00:00+01:00;0.0;2017-01-01T06:27:18+01:00;2016-11-10T09:08:27+01:00
PLEL;E110049-006;2020-01-01T00:00:00+01:00;0.0;2017-01-01T06:27:18+01:00;2016-11-10T09:08:27+01:00
PLEL;E110050-001;2020-01-01T00:00:00+01:00;0.0;2017-01-01T06:27:17+01:00;2015-02-14T15:04:03+01:00
PLEL;E110051-001;2020-01-01T00:00:00+01:00;0.0;2017-01-01T06:27:17+01:00;2016-11-15T09:46:49+01:00
PLEL;E110051-002;2020-01-01T00:00:00+01:00;0.0;2017-01-01T06:27:17+01:00;2016-11-15T09:47:15+01:00
PLEL;E110052-001;2020-01-01T00:00:00+01:00;0.0;2017-01-01T06:27:17+01:00;2016-11-15T09:44:49+01:00
PLEL;E110056-001;2020-01-01T00:00:00+01:00;0.0;2017-01-01T06:27:17+01:00;2016-07-27T13:52:30+02:00
PLEL;E110056-002;2020-01-01T00:00:00+01:00;0.0;2017-01-01T06:27:17+01:00;2016-07-27T13:55:20+02:00
PLEL;E110056-003;2020-01-01T00:00:00+01:00;0.0;2017-01-01T06:27:18+01:00;2016-07-27T13:55:55+02:00
PLEL;E110058-001;2020-01-01T00:00:00+01:00;0.0;2017-01-01T06:27:17+01:00;2016-12-09T15:15:31+01:00
PLEL;E110059-001;2020-01-01T00:00:00+01:00;0.0;2017-01-01T06:27:17+01:00;2016-12-09T15:15:31+01:00
PLEL;E110062-001;2020-01-01T00:00:00+01:00;0.0;2017-01-01T06:27:17+01:00;2016-10-26T15:11:06+02:00
PLEL;E110063-002;2020-01-01T00:00:00+01:00;0.0;2017-01-01T06:27:18+01:00;2014-12-01T15:01:32+01:00
PLEL;E110063-003;2020-01-01T00:00:00+01:00;0.0;2017-01-01T06:27:18+01:00;2014-12-01T15:01:32+01:00
PLEL;E110065-001;2020-01-01T00:00:00+01:00;0.0;2017-01-01T06:27:17+01:00;2015-03-16T14:44:56+01:00
PLEL;E110065-002;2020-01-01T00:00:00+01:00;0.0;2017-01-01T06:27:17+01:00;2015-03-16T14:44:33+01:00
PLEL;E110066-001;2020-01-01T00:00:00+01:00;0.0;2017-01-01T06:27:17+01:00;2015-03-16T14:43:56+01:00
PLEL;E110066-002;2020-01-01T00:00:00+01:00;0.0;2017-01-01T06:27:17+01:00;2015-03-16T14:44:00+01:00
PLEL;E110067-002;2020-01-01T00:00:00+01:00;0.0;2017-01-01T06:27:17+01:00;2015-03-16T14:44:04+01:00
PLEL;E110067-003;2020-01-01T00:00:00+01:00;0.0;2017-01-01T06:27:17+01:00;2015-03-16T14:44:29+01:00
PLEL;E110069-001;2020-01-01T00:00:00+01:00;0.0;2017-01-01T06:27:17+01:00;2015-03-16T14:45:38+01:00
PLEL;E110070-002;2020-01-01T00:00:00+01:00;0.0;2017-01-01T06:27:17+01:00;2015-03-16T14:44:26+01:00
PLEL;E110070-003;2020-01-01T00:00:00+01:00;0.0;2017-01-01T06:27:18+01:00;2015-03-16T14:46:07+01:00
PLEL;E110071-001;2020-01-01T00:00:00+01:00;0.0;2017-01-01T06:27:17+01:00;2015-03-16T14:45:10+01:00
PLEL;E110071-002;2020-01-01T00:00:00+01:00;0.0;2017-01-01T06:27:17+01:00;2015-03-16T14:45:08+01:00
PLEL;E110102-001;2020-01-01T00:00:00+01:00;0.0;2017-01-01T06:27:17+01:00;2015-12-29T12:03:32+01:00
PLEL;E110102-002;2020-01-01T00:00:00+01:00;0.0;2017-01-01T06:27:17+01:00;2015-12-29T12:03:32+01:00
PLEL;E110115-001;2020-01-01T00:00:00+01:00;0.0;2017-01-01T06:27:17+01:00;2014-12-08T13:32:36+01:00
PLEL;E110126-001;2020-01-01T00:00:00+01:00;0.0;2017-01-01T06:27:17+01:00;2014-12-11T09:39:08+01:00
PLEL;E110126-002;2020-01-01T00:00:00+01:00;0.0;2017-01-01T06:27:17+01:00;2014-12-11T09:39:08+01:00
PLEL;E110166-002;2020-01-01T00:00:00+01:00;0.0;2017-01-01T06:27:17+01:00;2016-12-08T15:01:03+01:00
PLEL;E110167-002;2020-01-01T00:00:00+01:00;0.0;2017-01-01T06:27:17+01:00;2016-12-08T15:01:04+01:00
PLEL;E110168-002;2020-01-01T00:00:00+01:00;0.0;2017-01-01T06:27:17+01:00;2016-12-08T15:01:03+01:00
PLEL;E110169-001;2020-01-01T00:00:00+01:00;0.0;2017-01-01T06:27:18+01:00;2016-12-21T13:59:35+01:00
PLEL;E110213-001;2020-01-01T00:00:00+01:00;0.0;2017-01-01T06:27:17+01:00;2016-12-09T15:15:31+01:00
PLEL;E110258-001;2020-01-01T00:00:00+01:00;0.0;2017-01-01T06:27:18+01:00;2017-01-01T01:14:48+01:00
PLEL;E110270-001;2020-01-01T00:00:00+01:00;0.0;2017-01-01T06:27:18+01:00;2016-12-09T15:15:31+01:00
PLEL;E110271-001;2020-01-01T00:00:00+01:00;0.0;2017-01-01T06:27:17+01:00;2016-12-15T11:04:30+01:00
PLEL;E110271-002;2020-01-01T00:00:00+01:00;0.0;2017-01-01T06:27:17+01:00;2016-12-15T11:04:30+01:00
PLEL;E110280-001;2020-01-01T00:00:00+01:00;0.0;2017-01-01T06:27:18+01:00;2016-11-15T11:00:08+01:00
PLEL;E110282-001;2020-01-01T00:00:00+01:00;0.0;2017-01-01T06:27:18+01:00;2016-11-15T11:00:08+01:00
PLEL;E110322-001;2020-01-01T00:00:00+01:00;0.0;2017-01-01T06:27:17+01:00;2016-08-31T14:07:14+02:00
PLEL;E110370-004;2020-01-01T00:00:00+01:00;0.0;2017-01-01T06:27:18+01:00;2017-01-01T01:14:46+01:00
PLEL;E110374-001;2020-01-01T00:00:00+01:00;0.0;2017-01-01T06:27:18+01:00;2016-11-09T10:05:54+01:00
PLEL;E110375-001;2020-01-01T00:00:00+01:00;0.0;2017-01-10T06:27:06+01:00;2017-01-09T08:05:12+01:00
PLEL;E110377-001;2020-01-01T00:00:00+01:00;0.0;2017-01-01T06:27:18+01:00;2016-01-28T10:46:15+01:00
PLEL;E110382-001;2020-01-01T00:00:00+01:00;0.0;2017-01-01T06:27:18+01:00;2016-11-12T23:00:17+01:00
PLEL;E110382-002;2020-01-01T00:00:00+01:00;0.0;2017-01-01T06:27:18+01:00;2016-11-12T23:00:17+01:00
PLEL;E110408-001;2020-01-01T00:00:00+01:00;0.0;2017-01-01T06:27:18+01:00;2017-01-01T00:00:14+01:00
PLEL;E110409-001;2020-01-01T00:00:00+01:00;0.0;2017-01-01T06:27:18+01:00;2017-01-01T00:00:14+01:00
PLEL;E110410-001;2020-01-01T00:00:00+01:00;0.0;2017-01-01T06:27:18+01:00;2017-01-01T00:00:14+01:00
PLEL;E110435-001;2020-01-01T00:00:00+01:00;0.0;2017-01-01T06:27:18+01:00;2016-02-11T14:52:07+01:00
PLEL;E110436-001;2020-01-01T00:00:00+01:00;0.0;2017-01-01T06:27:18+01:00;2016-05-13T12:14:30+02:00
