<?xml version="1.0" standalone="yes"?>
<NewDataSet>
  <xs:schema id="NewDataSet" xmlns="" xmlns:xs="http://www.w3.org/2001/XMLSchema" xmlns:msdata="urn:schemas-microsoft-com:xml-msdata">
    <xs:element name="NewDataSet" msdata:IsDataSet="true" msdata:UseCurrentLocale="true">
      <xs:complexType>
        <xs:choice minOccurs="0" maxOccurs="unbounded">
          <xs:element name="DatiLiquidita">
            <xs:complexType>
              <xs:sequence>
                <xs:element name="Data" type="xs:string" minOccurs="0" />
                <xs:element name="Mercato" type="xs:string" minOccurs="0" />
                <xs:element name="Ora" type="xs:string" minOccurs="0" />
                <xs:element name="Liquidita" type="xs:string" minOccurs="0" />
              </xs:sequence>
            </xs:complexType>
          </xs:element>
        </xs:choice>
      </xs:complexType>
    </xs:element>
  </xs:schema>
  <DatiLiquidita>
    <Data>20161229</Data>
    <Mercato>MGP</Mercato>
    <Ora>1</Ora>
    <Liquidita>68,8323538799803</Liquidita>
  </DatiLiquidita>
  <DatiLiquidita>
    <Data>20161229</Data>
    <Mercato>MGP</Mercato>
    <Ora>2</Ora>
    <Liquidita>69,6279875820377</Liquidita>
  </DatiLiquidita>
  <DatiLiquidita>
    <Data>20161229</Data>
    <Mercato>MGP</Mercato>
    <Ora>3</Ora>
    <Liquidita>68,0969307835517</Liquidita>
  </DatiLiquidita>
  <DatiLiquidita>
    <Data>20161229</Data>
    <Mercato>MGP</Mercato>
    <Ora>4</Ora>
    <Liquidita>67,6252075489477</Liquidita>
  </DatiLiquidita>
  <DatiLiquidita>
    <Data>20161229</Data>
    <Mercato>MGP</Mercato>
    <Ora>5</Ora>
    <Liquidita>67,6407744636677</Liquidita>
  </DatiLiquidita>
  <DatiLiquidita>
    <Data>20161229</Data>
    <Mercato>MGP</Mercato>
    <Ora>6</Ora>
    <Liquidita>68,8977488497316</Liquidita>
  </DatiLiquidita>
  <DatiLiquidita>
    <Data>20161229</Data>
    <Mercato>MGP</Mercato>
    <Ora>7</Ora>
    <Liquidita>72,5176505883081</Liquidita>
  </DatiLiquidita>
  <DatiLiquidita>
    <Data>20161229</Data>
    <Mercato>MGP</Mercato>
    <Ora>8</Ora>
    <Liquidita>69,1403300276837</Liquidita>
  </DatiLiquidita>
  <DatiLiquidita>
    <Data>20161229</Data>
    <Mercato>MGP</Mercato>
    <Ora>9</Ora>
    <Liquidita>66,447989421303</Liquidita>
  </DatiLiquidita>
  <DatiLiquidita>
    <Data>20161229</Data>
    <Mercato>MGP</Mercato>
    <Ora>10</Ora>
    <Liquidita>66,6581623987826</Liquidita>
  </DatiLiquidita>
  <DatiLiquidita>
    <Data>20161229</Data>
    <Mercato>MGP</Mercato>
    <Ora>11</Ora>
    <Liquidita>68,5755967357331</Liquidita>
  </DatiLiquidita>
  <DatiLiquidita>
    <Data>20161229</Data>
    <Mercato>MGP</Mercato>
    <Ora>12</Ora>
    <Liquidita>69,730006087125</Liquidita>
  </DatiLiquidita>
  <DatiLiquidita>
    <Data>20161229</Data>
    <Mercato>MGP</Mercato>
    <Ora>13</Ora>
    <Liquidita>71,1983299780166</Liquidita>
  </DatiLiquidita>
  <DatiLiquidita>
    <Data>20161229</Data>
    <Mercato>MGP</Mercato>
    <Ora>14</Ora>
    <Liquidita>72,6104089665532</Liquidita>
  </DatiLiquidita>
  <DatiLiquidita>
    <Data>20161229</Data>
    <Mercato>MGP</Mercato>
    <Ora>15</Ora>
    <Liquidita>73,5229782416056</Liquidita>
  </DatiLiquidita>
  <DatiLiquidita>
    <Data>20161229</Data>
    <Mercato>MGP</Mercato>
    <Ora>16</Ora>
    <Liquidita>68,3865974359353</Liquidita>
  </DatiLiquidita>
  <DatiLiquidita>
    <Data>20161229</Data>
    <Mercato>MGP</Mercato>
    <Ora>17</Ora>
    <Liquidita>67,0066361803953</Liquidita>
  </DatiLiquidita>
  <DatiLiquidita>
    <Data>20161229</Data>
    <Mercato>MGP</Mercato>
    <Ora>18</Ora>
    <Liquidita>65,2584326344925</Liquidita>
  </DatiLiquidita>
  <DatiLiquidita>
    <Data>20161229</Data>
    <Mercato>MGP</Mercato>
    <Ora>19</Ora>
    <Liquidita>64,5372039460417</Liquidita>
  </DatiLiquidita>
  <DatiLiquidita>
    <Data>20161229</Data>
    <Mercato>MGP</Mercato>
    <Ora>20</Ora>
    <Liquidita>64,2802224033199</Liquidita>
  </DatiLiquidita>
  <DatiLiquidita>
    <Data>20161229</Data>
    <Mercato>MGP</Mercato>
    <Ora>21</Ora>
    <Liquidita>65,507621764404</Liquidita>
  </DatiLiquidita>
  <DatiLiquidita>
    <Data>20161229</Data>
    <Mercato>MGP</Mercato>
    <Ora>22</Ora>
    <Liquidita>65,957586890137</Liquidita>
  </DatiLiquidita>
  <DatiLiquidita>
    <Data>20161229</Data>
    <Mercato>MGP</Mercato>
    <Ora>23</Ora>
    <Liquidita>68,6439510295257</Liquidita>
  </DatiLiquidita>
  <DatiLiquidita>
    <Data>20161229</Data>
    <Mercato>MGP</Mercato>
    <Ora>24</Ora>
    <Liquidita>70,4518984078058</Liquidita>
  </DatiLiquidita>
</NewDataSet>