<?xml version="1.0" standalone="yes"?>
<NewDataSet>
  <xs:schema id="NewDataSet" xmlns="" xmlns:xs="http://www.w3.org/2001/XMLSchema" xmlns:msdata="urn:schemas-microsoft-com:xml-msdata">
    <xs:element name="NewDataSet" msdata:IsDataSet="true" msdata:UseCurrentLocale="true">
      <xs:complexType>
        <xs:choice minOccurs="0" maxOccurs="unbounded">
          <xs:element name="DatiLiquidita">
            <xs:complexType>
              <xs:sequence>
                <xs:element name="Data" type="xs:string" minOccurs="0" />
                <xs:element name="Mercato" type="xs:string" minOccurs="0" />
                <xs:element name="Ora" type="xs:string" minOccurs="0" />
                <xs:element name="Liquidita" type="xs:string" minOccurs="0" />
              </xs:sequence>
            </xs:complexType>
          </xs:element>
        </xs:choice>
      </xs:complexType>
    </xs:element>
  </xs:schema>
  <DatiLiquidita>
    <Data>20161230</Data>
    <Mercato>MGP</Mercato>
    <Ora>1</Ora>
    <Liquidita>68,1208355218546</Liquidita>
  </DatiLiquidita>
  <DatiLiquidita>
    <Data>20161230</Data>
    <Mercato>MGP</Mercato>
    <Ora>2</Ora>
    <Liquidita>67,0087522926077</Liquidita>
  </DatiLiquidita>
  <DatiLiquidita>
    <Data>20161230</Data>
    <Mercato>MGP</Mercato>
    <Ora>3</Ora>
    <Liquidita>67,0442178584206</Liquidita>
  </DatiLiquidita>
  <DatiLiquidita>
    <Data>20161230</Data>
    <Mercato>MGP</Mercato>
    <Ora>4</Ora>
    <Liquidita>66,7840905658924</Liquidita>
  </DatiLiquidita>
  <DatiLiquidita>
    <Data>20161230</Data>
    <Mercato>MGP</Mercato>
    <Ora>5</Ora>
    <Liquidita>66,1237774793658</Liquidita>
  </DatiLiquidita>
  <DatiLiquidita>
    <Data>20161230</Data>
    <Mercato>MGP</Mercato>
    <Ora>6</Ora>
    <Liquidita>67,1566997229601</Liquidita>
  </DatiLiquidita>
  <DatiLiquidita>
    <Data>20161230</Data>
    <Mercato>MGP</Mercato>
    <Ora>7</Ora>
    <Liquidita>67,4040006285565</Liquidita>
  </DatiLiquidita>
  <DatiLiquidita>
    <Data>20161230</Data>
    <Mercato>MGP</Mercato>
    <Ora>8</Ora>
    <Liquidita>63,8126695039993</Liquidita>
  </DatiLiquidita>
  <DatiLiquidita>
    <Data>20161230</Data>
    <Mercato>MGP</Mercato>
    <Ora>9</Ora>
    <Liquidita>64,2602699862053</Liquidita>
  </DatiLiquidita>
  <DatiLiquidita>
    <Data>20161230</Data>
    <Mercato>MGP</Mercato>
    <Ora>10</Ora>
    <Liquidita>65,2710951372254</Liquidita>
  </DatiLiquidita>
  <DatiLiquidita>
    <Data>20161230</Data>
    <Mercato>MGP</Mercato>
    <Ora>11</Ora>
    <Liquidita>66,9724296365196</Liquidita>
  </DatiLiquidita>
  <DatiLiquidita>
    <Data>20161230</Data>
    <Mercato>MGP</Mercato>
    <Ora>12</Ora>
    <Liquidita>66,9498362920186</Liquidita>
  </DatiLiquidita>
  <DatiLiquidita>
    <Data>20161230</Data>
    <Mercato>MGP</Mercato>
    <Ora>13</Ora>
    <Liquidita>66,3836641138179</Liquidita>
  </DatiLiquidita>
  <DatiLiquidita>
    <Data>20161230</Data>
    <Mercato>MGP</Mercato>
    <Ora>14</Ora>
    <Liquidita>66,9042599384967</Liquidita>
  </DatiLiquidita>
  <DatiLiquidita>
    <Data>20161230</Data>
    <Mercato>MGP</Mercato>
    <Ora>15</Ora>
    <Liquidita>68,9377414933935</Liquidita>
  </DatiLiquidita>
  <DatiLiquidita>
    <Data>20161230</Data>
    <Mercato>MGP</Mercato>
    <Ora>16</Ora>
    <Liquidita>67,7115520399154</Liquidita>
  </DatiLiquidita>
  <DatiLiquidita>
    <Data>20161230</Data>
    <Mercato>MGP</Mercato>
    <Ora>17</Ora>
    <Liquidita>63,1697340735568</Liquidita>
  </DatiLiquidita>
  <DatiLiquidita>
    <Data>20161230</Data>
    <Mercato>MGP</Mercato>
    <Ora>18</Ora>
    <Liquidita>63,676378231651</Liquidita>
  </DatiLiquidita>
  <DatiLiquidita>
    <Data>20161230</Data>
    <Mercato>MGP</Mercato>
    <Ora>19</Ora>
    <Liquidita>62,7500934322723</Liquidita>
  </DatiLiquidita>
  <DatiLiquidita>
    <Data>20161230</Data>
    <Mercato>MGP</Mercato>
    <Ora>20</Ora>
    <Liquidita>62,5383047587887</Liquidita>
  </DatiLiquidita>
  <DatiLiquidita>
    <Data>20161230</Data>
    <Mercato>MGP</Mercato>
    <Ora>21</Ora>
    <Liquidita>63,9844862561659</Liquidita>
  </DatiLiquidita>
  <DatiLiquidita>
    <Data>20161230</Data>
    <Mercato>MGP</Mercato>
    <Ora>22</Ora>
    <Liquidita>62,5359741830515</Liquidita>
  </DatiLiquidita>
  <DatiLiquidita>
    <Data>20161230</Data>
    <Mercato>MGP</Mercato>
    <Ora>23</Ora>
    <Liquidita>61,9703666090419</Liquidita>
  </DatiLiquidita>
  <DatiLiquidita>
    <Data>20161230</Data>
    <Mercato>MGP</Mercato>
    <Ora>24</Ora>
    <Liquidita>63,7300495754385</Liquidita>
  </DatiLiquidita>
</NewDataSet>