<?xml version="1.0" standalone="yes"?>
<NewDataSet>
  <xs:schema id="NewDataSet" xmlns="" xmlns:xs="http://www.w3.org/2001/XMLSchema" xmlns:msdata="urn:schemas-microsoft-com:xml-msdata">
    <xs:element name="NewDataSet" msdata:IsDataSet="true" msdata:UseCurrentLocale="true">
      <xs:complexType>
        <xs:choice minOccurs="0" maxOccurs="unbounded">
          <xs:element name="OfferteIntegrativeGrtn">
            <xs:complexType>
              <xs:sequence>
                <xs:element name="Data" type="xs:string" minOccurs="0" />
                <xs:element name="Mercato" type="xs:string" minOccurs="0" />
                <xs:element name="Ora" type="xs:string" minOccurs="0" />
                <xs:element name="CNOR_BID" type="xs:string" minOccurs="0" />
                <xs:element name="CSUD_BID" type="xs:string" minOccurs="0" />
                <xs:element name="NORD_BID" type="xs:string" minOccurs="0" />
                <xs:element name="SARD_BID" type="xs:string" minOccurs="0" />
                <xs:element name="SICI_BID" type="xs:string" minOccurs="0" />
                <xs:element name="SUD_BID" type="xs:string" minOccurs="0" />
                <xs:element name="CNOR_OFF" type="xs:string" minOccurs="0" />
                <xs:element name="CSUD_OFF" type="xs:string" minOccurs="0" />
                <xs:element name="NORD_OFF" type="xs:string" minOccurs="0" />
                <xs:element name="SARD_OFF" type="xs:string" minOccurs="0" />
                <xs:element name="SICI_OFF" type="xs:string" minOccurs="0" />
                <xs:element name="SUD_OFF" type="xs:string" minOccurs="0" />
              </xs:sequence>
            </xs:complexType>
          </xs:element>
        </xs:choice>
      </xs:complexType>
    </xs:element>
  </xs:schema>
  <OfferteIntegrativeGrtn>
    <Data>20161230</Data>
    <Mercato>MGP</Mercato>
    <Ora>1</Ora>
    <CNOR_BID>0</CNOR_BID>
    <CSUD_BID>0</CSUD_BID>
    <NORD_BID>0</NORD_BID>
    <SARD_BID>0</SARD_BID>
    <SICI_BID>0</SICI_BID>
    <SUD_BID>0</SUD_BID>
    <CNOR_OFF>0</CNOR_OFF>
    <CSUD_OFF>0</CSUD_OFF>
    <NORD_OFF>0</NORD_OFF>
    <SARD_OFF>0</SARD_OFF>
    <SICI_OFF>0</SICI_OFF>
    <SUD_OFF>0</SUD_OFF>
  </OfferteIntegrativeGrtn>
  <OfferteIntegrativeGrtn>
    <Data>20161230</Data>
    <Mercato>MGP</Mercato>
    <Ora>2</Ora>
    <CNOR_BID>0</CNOR_BID>
    <CSUD_BID>0</CSUD_BID>
    <NORD_BID>0</NORD_BID>
    <SARD_BID>0</SARD_BID>
    <SICI_BID>0</SICI_BID>
    <SUD_BID>0</SUD_BID>
    <CNOR_OFF>0</CNOR_OFF>
    <CSUD_OFF>0</CSUD_OFF>
    <NORD_OFF>0</NORD_OFF>
    <SARD_OFF>0</SARD_OFF>
    <SICI_OFF>0</SICI_OFF>
    <SUD_OFF>0</SUD_OFF>
  </OfferteIntegrativeGrtn>
  <OfferteIntegrativeGrtn>
    <Data>20161230</Data>
    <Mercato>MGP</Mercato>
    <Ora>3</Ora>
    <CNOR_BID>0</CNOR_BID>
    <CSUD_BID>0</CSUD_BID>
    <NORD_BID>0</NORD_BID>
    <SARD_BID>0</SARD_BID>
    <SICI_BID>0</SICI_BID>
    <SUD_BID>0</SUD_BID>
    <CNOR_OFF>0</CNOR_OFF>
    <CSUD_OFF>0</CSUD_OFF>
    <NORD_OFF>0</NORD_OFF>
    <SARD_OFF>0</SARD_OFF>
    <SICI_OFF>0</SICI_OFF>
    <SUD_OFF>0</SUD_OFF>
  </OfferteIntegrativeGrtn>
  <OfferteIntegrativeGrtn>
    <Data>20161230</Data>
    <Mercato>MGP</Mercato>
    <Ora>4</Ora>
    <CNOR_BID>0</CNOR_BID>
    <CSUD_BID>0</CSUD_BID>
    <NORD_BID>0</NORD_BID>
    <SARD_BID>0</SARD_BID>
    <SICI_BID>0</SICI_BID>
    <SUD_BID>0</SUD_BID>
    <CNOR_OFF>0</CNOR_OFF>
    <CSUD_OFF>0</CSUD_OFF>
    <NORD_OFF>0</NORD_OFF>
    <SARD_OFF>0</SARD_OFF>
    <SICI_OFF>0</SICI_OFF>
    <SUD_OFF>0</SUD_OFF>
  </OfferteIntegrativeGrtn>
  <OfferteIntegrativeGrtn>
    <Data>20161230</Data>
    <Mercato>MGP</Mercato>
    <Ora>5</Ora>
    <CNOR_BID>0</CNOR_BID>
    <CSUD_BID>0</CSUD_BID>
    <NORD_BID>0</NORD_BID>
    <SARD_BID>0</SARD_BID>
    <SICI_BID>0</SICI_BID>
    <SUD_BID>0</SUD_BID>
    <CNOR_OFF>0</CNOR_OFF>
    <CSUD_OFF>0</CSUD_OFF>
    <NORD_OFF>0</NORD_OFF>
    <SARD_OFF>0</SARD_OFF>
    <SICI_OFF>0</SICI_OFF>
    <SUD_OFF>0</SUD_OFF>
  </OfferteIntegrativeGrtn>
  <OfferteIntegrativeGrtn>
    <Data>20161230</Data>
    <Mercato>MGP</Mercato>
    <Ora>6</Ora>
    <CNOR_BID>0</CNOR_BID>
    <CSUD_BID>0</CSUD_BID>
    <NORD_BID>0</NORD_BID>
    <SARD_BID>0</SARD_BID>
    <SICI_BID>0</SICI_BID>
    <SUD_BID>0</SUD_BID>
    <CNOR_OFF>0</CNOR_OFF>
    <CSUD_OFF>0</CSUD_OFF>
    <NORD_OFF>0</NORD_OFF>
    <SARD_OFF>0</SARD_OFF>
    <SICI_OFF>0</SICI_OFF>
    <SUD_OFF>0</SUD_OFF>
  </OfferteIntegrativeGrtn>
  <OfferteIntegrativeGrtn>
    <Data>20161230</Data>
    <Mercato>MGP</Mercato>
    <Ora>7</Ora>
    <CNOR_BID>0</CNOR_BID>
    <CSUD_BID>0</CSUD_BID>
    <NORD_BID>0</NORD_BID>
    <SARD_BID>0</SARD_BID>
    <SICI_BID>0</SICI_BID>
    <SUD_BID>0</SUD_BID>
    <CNOR_OFF>0</CNOR_OFF>
    <CSUD_OFF>0</CSUD_OFF>
    <NORD_OFF>0</NORD_OFF>
    <SARD_OFF>0</SARD_OFF>
    <SICI_OFF>0</SICI_OFF>
    <SUD_OFF>0</SUD_OFF>
  </OfferteIntegrativeGrtn>
  <OfferteIntegrativeGrtn>
    <Data>20161230</Data>
    <Mercato>MGP</Mercato>
    <Ora>8</Ora>
    <CNOR_BID>0</CNOR_BID>
    <CSUD_BID>0</CSUD_BID>
    <NORD_BID>0</NORD_BID>
    <SARD_BID>0</SARD_BID>
    <SICI_BID>0</SICI_BID>
    <SUD_BID>0</SUD_BID>
    <CNOR_OFF>0</CNOR_OFF>
    <CSUD_OFF>0</CSUD_OFF>
    <NORD_OFF>0</NORD_OFF>
    <SARD_OFF>0</SARD_OFF>
    <SICI_OFF>0</SICI_OFF>
    <SUD_OFF>0</SUD_OFF>
  </OfferteIntegrativeGrtn>
  <OfferteIntegrativeGrtn>
    <Data>20161230</Data>
    <Mercato>MGP</Mercato>
    <Ora>9</Ora>
    <CNOR_BID>0</CNOR_BID>
    <CSUD_BID>0</CSUD_BID>
    <NORD_BID>0</NORD_BID>
    <SARD_BID>0</SARD_BID>
    <SICI_BID>0</SICI_BID>
    <SUD_BID>0</SUD_BID>
    <CNOR_OFF>0</CNOR_OFF>
    <CSUD_OFF>0</CSUD_OFF>
    <NORD_OFF>0</NORD_OFF>
    <SARD_OFF>0</SARD_OFF>
    <SICI_OFF>0</SICI_OFF>
    <SUD_OFF>0</SUD_OFF>
  </OfferteIntegrativeGrtn>
  <OfferteIntegrativeGrtn>
    <Data>20161230</Data>
    <Mercato>MGP</Mercato>
    <Ora>10</Ora>
    <CNOR_BID>0</CNOR_BID>
    <CSUD_BID>0</CSUD_BID>
    <NORD_BID>0</NORD_BID>
    <SARD_BID>0</SARD_BID>
    <SICI_BID>0</SICI_BID>
    <SUD_BID>0</SUD_BID>
    <CNOR_OFF>0</CNOR_OFF>
    <CSUD_OFF>0</CSUD_OFF>
    <NORD_OFF>0</NORD_OFF>
    <SARD_OFF>0</SARD_OFF>
    <SICI_OFF>0</SICI_OFF>
    <SUD_OFF>0</SUD_OFF>
  </OfferteIntegrativeGrtn>
  <OfferteIntegrativeGrtn>
    <Data>20161230</Data>
    <Mercato>MGP</Mercato>
    <Ora>11</Ora>
    <CNOR_BID>0</CNOR_BID>
    <CSUD_BID>0</CSUD_BID>
    <NORD_BID>0</NORD_BID>
    <SARD_BID>0</SARD_BID>
    <SICI_BID>0</SICI_BID>
    <SUD_BID>0</SUD_BID>
    <CNOR_OFF>0</CNOR_OFF>
    <CSUD_OFF>0</CSUD_OFF>
    <NORD_OFF>0</NORD_OFF>
    <SARD_OFF>0</SARD_OFF>
    <SICI_OFF>0</SICI_OFF>
    <SUD_OFF>0</SUD_OFF>
  </OfferteIntegrativeGrtn>
  <OfferteIntegrativeGrtn>
    <Data>20161230</Data>
    <Mercato>MGP</Mercato>
    <Ora>12</Ora>
    <CNOR_BID>0</CNOR_BID>
    <CSUD_BID>0</CSUD_BID>
    <NORD_BID>0</NORD_BID>
    <SARD_BID>0</SARD_BID>
    <SICI_BID>0</SICI_BID>
    <SUD_BID>0</SUD_BID>
    <CNOR_OFF>0</CNOR_OFF>
    <CSUD_OFF>0</CSUD_OFF>
    <NORD_OFF>0</NORD_OFF>
    <SARD_OFF>0</SARD_OFF>
    <SICI_OFF>0</SICI_OFF>
    <SUD_OFF>0</SUD_OFF>
  </OfferteIntegrativeGrtn>
  <OfferteIntegrativeGrtn>
    <Data>20161230</Data>
    <Mercato>MGP</Mercato>
    <Ora>13</Ora>
    <CNOR_BID>0</CNOR_BID>
    <CSUD_BID>0</CSUD_BID>
    <NORD_BID>0</NORD_BID>
    <SARD_BID>0</SARD_BID>
    <SICI_BID>0</SICI_BID>
    <SUD_BID>0</SUD_BID>
    <CNOR_OFF>0</CNOR_OFF>
    <CSUD_OFF>0</CSUD_OFF>
    <NORD_OFF>0</NORD_OFF>
    <SARD_OFF>0</SARD_OFF>
    <SICI_OFF>0</SICI_OFF>
    <SUD_OFF>0</SUD_OFF>
  </OfferteIntegrativeGrtn>
  <OfferteIntegrativeGrtn>
    <Data>20161230</Data>
    <Mercato>MGP</Mercato>
    <Ora>14</Ora>
    <CNOR_BID>0</CNOR_BID>
    <CSUD_BID>0</CSUD_BID>
    <NORD_BID>0</NORD_BID>
    <SARD_BID>0</SARD_BID>
    <SICI_BID>0</SICI_BID>
    <SUD_BID>0</SUD_BID>
    <CNOR_OFF>0</CNOR_OFF>
    <CSUD_OFF>0</CSUD_OFF>
    <NORD_OFF>0</NORD_OFF>
    <SARD_OFF>0</SARD_OFF>
    <SICI_OFF>0</SICI_OFF>
    <SUD_OFF>0</SUD_OFF>
  </OfferteIntegrativeGrtn>
  <OfferteIntegrativeGrtn>
    <Data>20161230</Data>
    <Mercato>MGP</Mercato>
    <Ora>15</Ora>
    <CNOR_BID>0</CNOR_BID>
    <CSUD_BID>0</CSUD_BID>
    <NORD_BID>0</NORD_BID>
    <SARD_BID>0</SARD_BID>
    <SICI_BID>0</SICI_BID>
    <SUD_BID>0</SUD_BID>
    <CNOR_OFF>0</CNOR_OFF>
    <CSUD_OFF>0</CSUD_OFF>
    <NORD_OFF>0</NORD_OFF>
    <SARD_OFF>0</SARD_OFF>
    <SICI_OFF>0</SICI_OFF>
    <SUD_OFF>0</SUD_OFF>
  </OfferteIntegrativeGrtn>
  <OfferteIntegrativeGrtn>
    <Data>20161230</Data>
    <Mercato>MGP</Mercato>
    <Ora>16</Ora>
    <CNOR_BID>0</CNOR_BID>
    <CSUD_BID>0</CSUD_BID>
    <NORD_BID>0</NORD_BID>
    <SARD_BID>0</SARD_BID>
    <SICI_BID>0</SICI_BID>
    <SUD_BID>0</SUD_BID>
    <CNOR_OFF>0</CNOR_OFF>
    <CSUD_OFF>0</CSUD_OFF>
    <NORD_OFF>0</NORD_OFF>
    <SARD_OFF>0</SARD_OFF>
    <SICI_OFF>0</SICI_OFF>
    <SUD_OFF>0</SUD_OFF>
  </OfferteIntegrativeGrtn>
  <OfferteIntegrativeGrtn>
    <Data>20161230</Data>
    <Mercato>MGP</Mercato>
    <Ora>17</Ora>
    <CNOR_BID>0</CNOR_BID>
    <CSUD_BID>0</CSUD_BID>
    <NORD_BID>0</NORD_BID>
    <SARD_BID>0</SARD_BID>
    <SICI_BID>0</SICI_BID>
    <SUD_BID>0</SUD_BID>
    <CNOR_OFF>0</CNOR_OFF>
    <CSUD_OFF>0</CSUD_OFF>
    <NORD_OFF>0</NORD_OFF>
    <SARD_OFF>0</SARD_OFF>
    <SICI_OFF>0</SICI_OFF>
    <SUD_OFF>0</SUD_OFF>
  </OfferteIntegrativeGrtn>
  <OfferteIntegrativeGrtn>
    <Data>20161230</Data>
    <Mercato>MGP</Mercato>
    <Ora>18</Ora>
    <CNOR_BID>0</CNOR_BID>
    <CSUD_BID>0</CSUD_BID>
    <NORD_BID>0</NORD_BID>
    <SARD_BID>0</SARD_BID>
    <SICI_BID>0</SICI_BID>
    <SUD_BID>0</SUD_BID>
    <CNOR_OFF>0</CNOR_OFF>
    <CSUD_OFF>0</CSUD_OFF>
    <NORD_OFF>0</NORD_OFF>
    <SARD_OFF>0</SARD_OFF>
    <SICI_OFF>0</SICI_OFF>
    <SUD_OFF>0</SUD_OFF>
  </OfferteIntegrativeGrtn>
  <OfferteIntegrativeGrtn>
    <Data>20161230</Data>
    <Mercato>MGP</Mercato>
    <Ora>19</Ora>
    <CNOR_BID>0</CNOR_BID>
    <CSUD_BID>0</CSUD_BID>
    <NORD_BID>0</NORD_BID>
    <SARD_BID>0</SARD_BID>
    <SICI_BID>0</SICI_BID>
    <SUD_BID>0</SUD_BID>
    <CNOR_OFF>0</CNOR_OFF>
    <CSUD_OFF>0</CSUD_OFF>
    <NORD_OFF>0</NORD_OFF>
    <SARD_OFF>0</SARD_OFF>
    <SICI_OFF>0</SICI_OFF>
    <SUD_OFF>0</SUD_OFF>
  </OfferteIntegrativeGrtn>
  <OfferteIntegrativeGrtn>
    <Data>20161230</Data>
    <Mercato>MGP</Mercato>
    <Ora>20</Ora>
    <CNOR_BID>0</CNOR_BID>
    <CSUD_BID>0</CSUD_BID>
    <NORD_BID>0</NORD_BID>
    <SARD_BID>0</SARD_BID>
    <SICI_BID>0</SICI_BID>
    <SUD_BID>0</SUD_BID>
    <CNOR_OFF>0</CNOR_OFF>
    <CSUD_OFF>0</CSUD_OFF>
    <NORD_OFF>0</NORD_OFF>
    <SARD_OFF>0</SARD_OFF>
    <SICI_OFF>0</SICI_OFF>
    <SUD_OFF>0</SUD_OFF>
  </OfferteIntegrativeGrtn>
  <OfferteIntegrativeGrtn>
    <Data>20161230</Data>
    <Mercato>MGP</Mercato>
    <Ora>21</Ora>
    <CNOR_BID>0</CNOR_BID>
    <CSUD_BID>0</CSUD_BID>
    <NORD_BID>0</NORD_BID>
    <SARD_BID>0</SARD_BID>
    <SICI_BID>0</SICI_BID>
    <SUD_BID>0</SUD_BID>
    <CNOR_OFF>0</CNOR_OFF>
    <CSUD_OFF>0</CSUD_OFF>
    <NORD_OFF>0</NORD_OFF>
    <SARD_OFF>0</SARD_OFF>
    <SICI_OFF>0</SICI_OFF>
    <SUD_OFF>0</SUD_OFF>
  </OfferteIntegrativeGrtn>
  <OfferteIntegrativeGrtn>
    <Data>20161230</Data>
    <Mercato>MGP</Mercato>
    <Ora>22</Ora>
    <CNOR_BID>0</CNOR_BID>
    <CSUD_BID>0</CSUD_BID>
    <NORD_BID>0</NORD_BID>
    <SARD_BID>0</SARD_BID>
    <SICI_BID>0</SICI_BID>
    <SUD_BID>0</SUD_BID>
    <CNOR_OFF>0</CNOR_OFF>
    <CSUD_OFF>0</CSUD_OFF>
    <NORD_OFF>0</NORD_OFF>
    <SARD_OFF>0</SARD_OFF>
    <SICI_OFF>0</SICI_OFF>
    <SUD_OFF>0</SUD_OFF>
  </OfferteIntegrativeGrtn>
  <OfferteIntegrativeGrtn>
    <Data>20161230</Data>
    <Mercato>MGP</Mercato>
    <Ora>23</Ora>
    <CNOR_BID>0</CNOR_BID>
    <CSUD_BID>0</CSUD_BID>
    <NORD_BID>0</NORD_BID>
    <SARD_BID>0</SARD_BID>
    <SICI_BID>0</SICI_BID>
    <SUD_BID>0</SUD_BID>
    <CNOR_OFF>0</CNOR_OFF>
    <CSUD_OFF>0</CSUD_OFF>
    <NORD_OFF>0</NORD_OFF>
    <SARD_OFF>0</SARD_OFF>
    <SICI_OFF>0</SICI_OFF>
    <SUD_OFF>0</SUD_OFF>
  </OfferteIntegrativeGrtn>
  <OfferteIntegrativeGrtn>
    <Data>20161230</Data>
    <Mercato>MGP</Mercato>
    <Ora>24</Ora>
    <CNOR_BID>0</CNOR_BID>
    <CSUD_BID>0</CSUD_BID>
    <NORD_BID>0</NORD_BID>
    <SARD_BID>0</SARD_BID>
    <SICI_BID>0</SICI_BID>
    <SUD_BID>0</SUD_BID>
    <CNOR_OFF>0</CNOR_OFF>
    <CSUD_OFF>0</CSUD_OFF>
    <NORD_OFF>0</NORD_OFF>
    <SARD_OFF>0</SARD_OFF>
    <SICI_OFF>0</SICI_OFF>
    <SUD_OFF>0</SUD_OFF>
  </OfferteIntegrativeGrtn>
</NewDataSet>