<?xml version="1.0" standalone="yes"?>
<NewDataSet>
  <xs:schema id="NewDataSet" xmlns="" xmlns:xs="http://www.w3.org/2001/XMLSchema" xmlns:msdata="urn:schemas-microsoft-com:xml-msdata">
    <xs:element name="NewDataSet" msdata:IsDataSet="true" msdata:MainDataTable="marketintervaldetail" msdata:UseCurrentLocale="true">
      <xs:complexType>
        <xs:choice minOccurs="0" maxOccurs="unbounded">
          <xs:element name="marketintervaldetail">
            <xs:complexType>
              <xs:sequence>
                <xs:element name="Data" type="xs:string" minOccurs="0" />
                <xs:element name="Mercato" type="xs:string" minOccurs="0" />
                <xs:element name="Ora" type="xs:string" minOccurs="0" />
                <xs:element name="Totale" type="xs:string" minOccurs="0" />
                <xs:element name="CNOR" type="xs:string" minOccurs="0" />
                <xs:element name="CSUD" type="xs:string" minOccurs="0" />
                <xs:element name="NORD" type="xs:string" minOccurs="0" />
                <xs:element name="SARD" type="xs:string" minOccurs="0" />
                <xs:element name="SICI" type="xs:string" minOccurs="0" />
                <xs:element name="SUD" type="xs:string" minOccurs="0" />
              </xs:sequence>
            </xs:complexType>
          </xs:element>
        </xs:choice>
      </xs:complexType>
    </xs:element>
  </xs:schema>
  <marketintervaldetail>
    <Data>20161229</Data>
    <Mercato>MGP</Mercato>
    <Ora>01</Ora>
    <Totale>23251</Totale>
    <CNOR>2604</CNOR>
    <CSUD>4075</CSUD>
    <NORD>11448</NORD>
    <SARD>863</SARD>
    <SICI>1790</SICI>
    <SUD>2471</SUD>
  </marketintervaldetail>
  <marketintervaldetail>
    <Data>20161229</Data>
    <Mercato>MGP</Mercato>
    <Ora>02</Ora>
    <Totale>21349</Totale>
    <CNOR>2342</CNOR>
    <CSUD>3682</CSUD>
    <NORD>10682</NORD>
    <SARD>813</SARD>
    <SICI>1648</SICI>
    <SUD>2182</SUD>
  </marketintervaldetail>
  <marketintervaldetail>
    <Data>20161229</Data>
    <Mercato>MGP</Mercato>
    <Ora>03</Ora>
    <Totale>20219</Totale>
    <CNOR>2223</CNOR>
    <CSUD>3460</CSUD>
    <NORD>10154</NORD>
    <SARD>787</SARD>
    <SICI>1530</SICI>
    <SUD>2065</SUD>
  </marketintervaldetail>
  <marketintervaldetail>
    <Data>20161229</Data>
    <Mercato>MGP</Mercato>
    <Ora>04</Ora>
    <Totale>19958</Totale>
    <CNOR>2143</CNOR>
    <CSUD>3378</CSUD>
    <NORD>10137</NORD>
    <SARD>778</SARD>
    <SICI>1501</SICI>
    <SUD>2021</SUD>
  </marketintervaldetail>
  <marketintervaldetail>
    <Data>20161229</Data>
    <Mercato>MGP</Mercato>
    <Ora>05</Ora>
    <Totale>20074</Totale>
    <CNOR>2131</CNOR>
    <CSUD>3383</CSUD>
    <NORD>10260</NORD>
    <SARD>770</SARD>
    <SICI>1496</SICI>
    <SUD>2034</SUD>
  </marketintervaldetail>
  <marketintervaldetail>
    <Data>20161229</Data>
    <Mercato>MGP</Mercato>
    <Ora>06</Ora>
    <Totale>21301</Totale>
    <CNOR>2324</CNOR>
    <CSUD>3536</CSUD>
    <NORD>10904</NORD>
    <SARD>793</SARD>
    <SICI>1573</SICI>
    <SUD>2171</SUD>
  </marketintervaldetail>
  <marketintervaldetail>
    <Data>20161229</Data>
    <Mercato>MGP</Mercato>
    <Ora>07</Ora>
    <Totale>24679</Totale>
    <CNOR>2705</CNOR>
    <CSUD>4058</CSUD>
    <NORD>12902</NORD>
    <SARD>878</SARD>
    <SICI>1723</SICI>
    <SUD>2413</SUD>
  </marketintervaldetail>
  <marketintervaldetail>
    <Data>20161229</Data>
    <Mercato>MGP</Mercato>
    <Ora>08</Ora>
    <Totale>28848</Totale>
    <CNOR>3155</CNOR>
    <CSUD>4755</CSUD>
    <NORD>15352</NORD>
    <SARD>981</SARD>
    <SICI>1891</SICI>
    <SUD>2714</SUD>
  </marketintervaldetail>
  <marketintervaldetail>
    <Data>20161229</Data>
    <Mercato>MGP</Mercato>
    <Ora>09</Ora>
    <Totale>32300</Totale>
    <CNOR>3489</CNOR>
    <CSUD>5389</CSUD>
    <NORD>17160</NORD>
    <SARD>1075</SARD>
    <SICI>2095</SICI>
    <SUD>3092</SUD>
  </marketintervaldetail>
  <marketintervaldetail>
    <Data>20161229</Data>
    <Mercato>MGP</Mercato>
    <Ora>10</Ora>
    <Totale>34541</Totale>
    <CNOR>3719</CNOR>
    <CSUD>6007</CSUD>
    <NORD>18104</NORD>
    <SARD>1141</SARD>
    <SICI>2316</SICI>
    <SUD>3254</SUD>
  </marketintervaldetail>
  <marketintervaldetail>
    <Data>20161229</Data>
    <Mercato>MGP</Mercato>
    <Ora>11</Ora>
    <Totale>34296</Totale>
    <CNOR>3711</CNOR>
    <CSUD>6117</CSUD>
    <NORD>18017</NORD>
    <SARD>1149</SARD>
    <SICI>2177</SICI>
    <SUD>3125</SUD>
  </marketintervaldetail>
  <marketintervaldetail>
    <Data>20161229</Data>
    <Mercato>MGP</Mercato>
    <Ora>12</Ora>
    <Totale>33173</Totale>
    <CNOR>3589</CNOR>
    <CSUD>5923</CSUD>
    <NORD>17596</NORD>
    <SARD>1095</SARD>
    <SICI>2084</SICI>
    <SUD>2886</SUD>
  </marketintervaldetail>
  <marketintervaldetail>
    <Data>20161229</Data>
    <Mercato>MGP</Mercato>
    <Ora>13</Ora>
    <Totale>31624</Totale>
    <CNOR>3516</CNOR>
    <CSUD>5712</CSUD>
    <NORD>16684</NORD>
    <SARD>1051</SARD>
    <SICI>2008</SICI>
    <SUD>2653</SUD>
  </marketintervaldetail>
  <marketintervaldetail>
    <Data>20161229</Data>
    <Mercato>MGP</Mercato>
    <Ora>14</Ora>
    <Totale>30752</Totale>
    <CNOR>3294</CNOR>
    <CSUD>5467</CSUD>
    <NORD>16083</NORD>
    <SARD>1060</SARD>
    <SICI>1979</SICI>
    <SUD>2869</SUD>
  </marketintervaldetail>
  <marketintervaldetail>
    <Data>20161229</Data>
    <Mercato>MGP</Mercato>
    <Ora>15</Ora>
    <Totale>31386</Totale>
    <CNOR>3474</CNOR>
    <CSUD>5620</CSUD>
    <NORD>16369</NORD>
    <SARD>1079</SARD>
    <SICI>1994</SICI>
    <SUD>2850</SUD>
  </marketintervaldetail>
  <marketintervaldetail>
    <Data>20161229</Data>
    <Mercato>MGP</Mercato>
    <Ora>16</Ora>
    <Totale>32540</Totale>
    <CNOR>3503</CNOR>
    <CSUD>5764</CSUD>
    <NORD>17141</NORD>
    <SARD>1085</SARD>
    <SICI>2164</SICI>
    <SUD>2883</SUD>
  </marketintervaldetail>
  <marketintervaldetail>
    <Data>20161229</Data>
    <Mercato>MGP</Mercato>
    <Ora>17</Ora>
    <Totale>34642</Totale>
    <CNOR>3654</CNOR>
    <CSUD>6053</CSUD>
    <NORD>18205</NORD>
    <SARD>1109</SARD>
    <SICI>2270</SICI>
    <SUD>3351</SUD>
  </marketintervaldetail>
  <marketintervaldetail>
    <Data>20161229</Data>
    <Mercato>MGP</Mercato>
    <Ora>18</Ora>
    <Totale>38897</Totale>
    <CNOR>4248</CNOR>
    <CSUD>6828</CSUD>
    <NORD>19912</NORD>
    <SARD>1219</SARD>
    <SICI>2539</SICI>
    <SUD>4151</SUD>
  </marketintervaldetail>
  <marketintervaldetail>
    <Data>20161229</Data>
    <Mercato>MGP</Mercato>
    <Ora>19</Ora>
    <Totale>39694</Totale>
    <CNOR>4377</CNOR>
    <CSUD>7047</CSUD>
    <NORD>20154</NORD>
    <SARD>1272</SARD>
    <SICI>2671</SICI>
    <SUD>4173</SUD>
  </marketintervaldetail>
  <marketintervaldetail>
    <Data>20161229</Data>
    <Mercato>MGP</Mercato>
    <Ora>20</Ora>
    <Totale>38837</Totale>
    <CNOR>4296</CNOR>
    <CSUD>7001</CSUD>
    <NORD>19487</NORD>
    <SARD>1279</SARD>
    <SICI>2684</SICI>
    <SUD>4090</SUD>
  </marketintervaldetail>
  <marketintervaldetail>
    <Data>20161229</Data>
    <Mercato>MGP</Mercato>
    <Ora>21</Ora>
    <Totale>36525</Totale>
    <CNOR>3974</CNOR>
    <CSUD>6582</CSUD>
    <NORD>18204</NORD>
    <SARD>1251</SARD>
    <SICI>2607</SICI>
    <SUD>3907</SUD>
  </marketintervaldetail>
  <marketintervaldetail>
    <Data>20161229</Data>
    <Mercato>MGP</Mercato>
    <Ora>22</Ora>
    <Totale>33875</Totale>
    <CNOR>3723</CNOR>
    <CSUD>6012</CSUD>
    <NORD>16988</NORD>
    <SARD>1154</SARD>
    <SICI>2405</SICI>
    <SUD>3593</SUD>
  </marketintervaldetail>
  <marketintervaldetail>
    <Data>20161229</Data>
    <Mercato>MGP</Mercato>
    <Ora>23</Ora>
    <Totale>30638</Totale>
    <CNOR>3461</CNOR>
    <CSUD>5429</CSUD>
    <NORD>15275</NORD>
    <SARD>1060</SARD>
    <SICI>2182</SICI>
    <SUD>3231</SUD>
  </marketintervaldetail>
  <marketintervaldetail>
    <Data>20161229</Data>
    <Mercato>MGP</Mercato>
    <Ora>24</Ora>
    <Totale>27497</Totale>
    <CNOR>3175</CNOR>
    <CSUD>4756</CSUD>
    <NORD>13720</NORD>
    <SARD>959</SARD>
    <SICI>1932</SICI>
    <SUD>2955</SUD>
  </marketintervaldetail>
</NewDataSet>