<?xml version="1.0" encoding="UTF-8"?><TransparencyPublication Version="EGAS50" Release="A"><Identification v="TRANPB20170104A104298"/><Version v="1"/><Type v="AL6"/><CreationDateTime v="2017-01-04T07:09:54.903Z"/><ValidityPeriod v="2016-12-20T05:00Z/2016-12-21T05:00Z"/><IssuerIdentification v="21X-DE-C-A0A0A-T" codingScheme="305"/><IssuerRole v="ZSO"/><RecipientIdentification v="10X1001A1001A353" codingScheme="305"/><RecipientRole v="ZUA"/><ConnectionPoint><Identification v="37Z000000001078I" codingScheme="305"/><Type v="Z26"/><Category><CapacityCode v="Z08"/><Period><TimeInterval v="2016-12-20T05:00Z/2016-12-20T06:00Z"/><Direction v="Z02"/><Quantity v="2775000"/><MeasureUnit v="KW1"/></Period><Period><TimeInterval v="2016-12-20T06:00Z/2016-12-20T07:00Z"/><Direction v="Z02"/><Quantity v="2775000"/><MeasureUnit v="KW1"/></Period><Period><TimeInterval v="2016-12-20T07:00Z/2016-12-20T08:00Z"/><Direction v="Z02"/><Quantity v="2775000"/><MeasureUnit v="KW1"/></Period><Period><TimeInterval v="2016-12-20T08:00Z/2016-12-20T09:00Z"/><Direction v="Z02"/><Quantity v="2775000"/><MeasureUnit v="KW1"/></Period><Period><TimeInterval v="2016-12-20T09:00Z/2016-12-20T10:00Z"/><Direction v="Z02"/><Quantity v="2775000"/><MeasureUnit v="KW1"/></Period><Period><TimeInterval v="2016-12-20T10:00Z/2016-12-20T11:00Z"/><Direction v="Z02"/><Quantity v="2775000"/><MeasureUnit v="KW1"/></Period><Period><TimeInterval v="2016-12-20T11:00Z/2016-12-20T12:00Z"/><Direction v="Z02"/><Quantity v="2775000"/><MeasureUnit v="KW1"/></Period><Period><TimeInterval v="2016-12-20T12:00Z/2016-12-20T13:00Z"/><Direction v="Z02"/><Quantity v="2775000"/><MeasureUnit v="KW1"/></Period><Period><TimeInterval v="2016-12-20T13:00Z/2016-12-20T14:00Z"/><Direction v="Z02"/><Quantity v="2775000"/><MeasureUnit v="KW1"/></Period><Period><TimeInterval v="2016-12-20T14:00Z/2016-12-20T15:00Z"/><Direction v="Z02"/><Quantity v="2775000"/><MeasureUnit v="KW1"/></Period><Period><TimeInterval v="2016-12-20T15:00Z/2016-12-20T16:00Z"/><Direction v="Z02"/><Quantity v="2775000"/><MeasureUnit v="KW1"/></Period><Period><TimeInterval v="2016-12-20T16:00Z/2016-12-20T17:00Z"/><Direction v="Z02"/><Quantity v="2775000"/><MeasureUnit v="KW1"/></Period><Period><TimeInterval v="2016-12-20T17:00Z/2016-12-20T18:00Z"/><Direction v="Z02"/><Quantity v="2775000"/><MeasureUnit v="KW1"/></Period><Period><TimeInterval v="2016-12-20T18:00Z/2016-12-20T19:00Z"/><Direction v="Z02"/><Quantity v="2775000"/><MeasureUnit v="KW1"/></Period><Period><TimeInterval v="2016-12-20T19:00Z/2016-12-20T20:00Z"/><Direction v="Z02"/><Quantity v="2775000"/><MeasureUnit v="KW1"/></Period><Period><TimeInterval v="2016-12-20T20:00Z/2016-12-20T21:00Z"/><Direction v="Z02"/><Quantity v="2775000"/><MeasureUnit v="KW1"/></Period><Period><TimeInterval v="2016-12-20T21:00Z/2016-12-20T22:00Z"/><Direction v="Z02"/><Quantity v="2775000"/><MeasureUnit v="KW1"/></Period><Period><TimeInterval v="2016-12-20T22:00Z/2016-12-20T23:00Z"/><Direction v="Z02"/><Quantity v="2775000"/><MeasureUnit v="KW1"/></Period><Period><TimeInterval v="2016-12-20T23:00Z/2016-12-21T00:00Z"/><Direction v="Z02"/><Quantity v="2775000"/><MeasureUnit v="KW1"/></Period><Period><TimeInterval v="2016-12-21T00:00Z/2016-12-21T01:00Z"/><Direction v="Z02"/><Quantity v="2775000"/><MeasureUnit v="KW1"/></Period><Period><TimeInterval v="2016-12-21T01:00Z/2016-12-21T02:00Z"/><Direction v="Z02"/><Quantity v="2775000"/><MeasureUnit v="KW1"/></Period><Period><TimeInterval v="2016-12-21T02:00Z/2016-12-21T03:00Z"/><Direction v="Z02"/><Quantity v="2775000"/><MeasureUnit v="KW1"/></Period><Period><TimeInterval v="2016-12-21T03:00Z/2016-12-21T04:00Z"/><Direction v="Z02"/><Quantity v="2775000"/><MeasureUnit v="KW1"/></Period><Period><TimeInterval v="2016-12-21T04:00Z/2016-12-21T05:00Z"/><Direction v="Z02"/><Quantity v="2775000"/><MeasureUnit v="KW1"/></Period></Category></ConnectionPoint><ConnectionPoint><Identification v="37Y000000000288Q" codingScheme="305"/><Type v="Z26"/><Category><CapacityCode v="Z08"/><Period><TimeInterval v="2016-12-20T05:00Z/2016-12-20T06:00Z"/><Direction v="Z02"/><Quantity v="1990970"/><MeasureUnit v="KW1"/></Period><Period><TimeInterval v="2016-12-20T06:00Z/2016-12-20T07:00Z"/><Direction v="Z02"/><Quantity v="1982052"/><MeasureUnit v="KW1"/></Period><Period><TimeInterval v="2016-12-20T07:00Z/2016-12-20T08:00Z"/><Direction v="Z02"/><Quantity v="2092383"/><MeasureUnit v="KW1"/></Period><Period><TimeInterval v="2016-12-20T08:00Z/2016-12-20T09:00Z"/><Direction v="Z02"/><Quantity v="2490336"/><MeasureUnit v="KW1"/></Period><Period><TimeInterval v="2016-12-20T09:00Z/2016-12-20T10:00Z"/><Direction v="Z02"/><Quantity v="2446531"/><MeasureUnit v="KW1"/></Period><Period><TimeInterval v="2016-12-20T10:00Z/2016-12-20T11:00Z"/><Direction v="Z02"/><Quantity v="2432737"/><MeasureUnit v="KW1"/></Period><Period><TimeInterval v="2016-12-20T11:00Z/2016-12-20T12:00Z"/><Direction v="Z02"/><Quantity v="2430463"/><MeasureUnit v="KW1"/></Period><Period><TimeInterval v="2016-12-20T12:00Z/2016-12-20T13:00Z"/><Direction v="Z02"/><Quantity v="2253044"/><MeasureUnit v="KW1"/></Period><Period><TimeInterval v="2016-12-20T13:00Z/2016-12-20T14:00Z"/><Direction v="Z02"/><Quantity v="2271542"/><MeasureUnit v="KW1"/></Period><Period><TimeInterval v="2016-12-20T14:00Z/2016-12-20T15:00Z"/><Direction v="Z02"/><Quantity v="2275393"/><MeasureUnit v="KW1"/></Period><Period><TimeInterval v="2016-12-20T15:00Z/2016-12-20T16:00Z"/><Direction v="Z02"/><Quantity v="2303940"/><MeasureUnit v="KW1"/></Period><Period><TimeInterval v="2016-12-20T16:00Z/2016-12-20T17:00Z"/><Direction v="Z02"/><Quantity v="2229435"/><MeasureUnit v="KW1"/></Period><Period><TimeInterval v="2016-12-20T17:00Z/2016-12-20T18:00Z"/><Direction v="Z02"/><Quantity v="2228765"/><MeasureUnit v="KW1"/></Period><Period><TimeInterval v="2016-12-20T18:00Z/2016-12-20T19:00Z"/><Direction v="Z02"/><Quantity v="1709094"/><MeasureUnit v="KW1"/></Period><Period><TimeInterval v="2016-12-20T19:00Z/2016-12-20T20:00Z"/><Direction v="Z02"/><Quantity v="1702299"/><MeasureUnit v="KW1"/></Period><Period><TimeInterval v="2016-12-20T20:00Z/2016-12-20T21:00Z"/><Direction v="Z02"/><Quantity v="1760043"/><MeasureUnit v="KW1"/></Period><Period><TimeInterval v="2016-12-20T21:00Z/2016-12-20T22:00Z"/><Direction v="Z02"/><Quantity v="1341978"/><MeasureUnit v="KW1"/></Period><Period><TimeInterval v="2016-12-20T22:00Z/2016-12-20T23:00Z"/><Direction v="Z02"/><Quantity v="1095892"/><MeasureUnit v="KW1"/></Period><Period><TimeInterval v="2016-12-20T23:00Z/2016-12-21T00:00Z"/><Direction v="Z02"/><Quantity v="1063184"/><MeasureUnit v="KW1"/></Period><Period><TimeInterval v="2016-12-21T00:00Z/2016-12-21T01:00Z"/><Direction v="Z02"/><Quantity v="1070914"/><MeasureUnit v="KW1"/></Period><Period><TimeInterval v="2016-12-21T01:00Z/2016-12-21T02:00Z"/><Direction v="Z02"/><Quantity v="1146386"/><MeasureUnit v="KW1"/></Period><Period><TimeInterval v="2016-12-21T02:00Z/2016-12-21T03:00Z"/><Direction v="Z02"/><Quantity v="1198256"/><MeasureUnit v="KW1"/></Period><Period><TimeInterval v="2016-12-21T03:00Z/2016-12-21T04:00Z"/><Direction v="Z02"/><Quantity v="1298153"/><MeasureUnit v="KW1"/></Period><Period><TimeInterval v="2016-12-21T04:00Z/2016-12-21T05:00Z"/><Direction v="Z02"/><Quantity v="1592951"/><MeasureUnit v="KW1"/></Period></Category></ConnectionPoint></TransparencyPublication>