<?xml version="1.0" encoding="UTF-8"?><TransparencyPublication Version="EGAS50" Release="A"><Identification v="TRANPB20170104A104309"/><Version v="1"/><Type v="AL6"/><CreationDateTime v="2017-01-04T07:10:12.821Z"/><ValidityPeriod v="2016-12-31T05:00Z/2017-01-01T05:00Z"/><IssuerIdentification v="21X-DE-C-A0A0A-T" codingScheme="305"/><IssuerRole v="ZSO"/><RecipientIdentification v="10X1001A1001A353" codingScheme="305"/><RecipientRole v="ZUA"/><ConnectionPoint><Identification v="21Z000000000038U" codingScheme="305"/><Type v="Z25"/><Category><CapacityCode v="Z08"/><Period><TimeInterval v="2016-12-31T05:00Z/2016-12-31T06:00Z"/><Direction v="Z03"/><Quantity v="627851"/><MeasureUnit v="KW1"/></Period><Period><TimeInterval v="2016-12-31T06:00Z/2016-12-31T07:00Z"/><Direction v="Z03"/><Quantity v="613839"/><MeasureUnit v="KW1"/></Period><Period><TimeInterval v="2016-12-31T07:00Z/2016-12-31T08:00Z"/><Direction v="Z03"/><Quantity v="581724"/><MeasureUnit v="KW1"/></Period><Period><TimeInterval v="2016-12-31T08:00Z/2016-12-31T09:00Z"/><Direction v="Z03"/><Quantity v="570492"/><MeasureUnit v="KW1"/></Period><Period><TimeInterval v="2016-12-31T09:00Z/2016-12-31T10:00Z"/><Direction v="Z03"/><Quantity v="666101"/><MeasureUnit v="KW1"/></Period><Period><TimeInterval v="2016-12-31T10:00Z/2016-12-31T11:00Z"/><Direction v="Z03"/><Quantity v="647614"/><MeasureUnit v="KW1"/></Period><Period><TimeInterval v="2016-12-31T11:00Z/2016-12-31T12:00Z"/><Direction v="Z03"/><Quantity v="634902"/><MeasureUnit v="KW1"/></Period><Period><TimeInterval v="2016-12-31T12:00Z/2016-12-31T13:00Z"/><Direction v="Z03"/><Quantity v="751744"/><MeasureUnit v="KW1"/></Period><Period><TimeInterval v="2016-12-31T13:00Z/2016-12-31T14:00Z"/><Direction v="Z03"/><Quantity v="710781"/><MeasureUnit v="KW1"/></Period><Period><TimeInterval v="2016-12-31T14:00Z/2016-12-31T15:00Z"/><Direction v="Z03"/><Quantity v="683006"/><MeasureUnit v="KW1"/></Period><Period><TimeInterval v="2016-12-31T15:00Z/2016-12-31T16:00Z"/><Direction v="Z03"/><Quantity v="692882"/><MeasureUnit v="KW1"/></Period><Period><TimeInterval v="2016-12-31T16:00Z/2016-12-31T17:00Z"/><Direction v="Z03"/><Quantity v="714070"/><MeasureUnit v="KW1"/></Period><Period><TimeInterval v="2016-12-31T17:00Z/2016-12-31T18:00Z"/><Direction v="Z03"/><Quantity v="687955"/><MeasureUnit v="KW1"/></Period><Period><TimeInterval v="2016-12-31T18:00Z/2016-12-31T19:00Z"/><Direction v="Z03"/><Quantity v="688215"/><MeasureUnit v="KW1"/></Period><Period><TimeInterval v="2016-12-31T19:00Z/2016-12-31T20:00Z"/><Direction v="Z03"/><Quantity v="674689"/><MeasureUnit v="KW1"/></Period><Period><TimeInterval v="2016-12-31T20:00Z/2016-12-31T21:00Z"/><Direction v="Z03"/><Quantity v="721482"/><MeasureUnit v="KW1"/></Period><Period><TimeInterval v="2016-12-31T21:00Z/2016-12-31T22:00Z"/><Direction v="Z03"/><Quantity v="776061"/><MeasureUnit v="KW1"/></Period><Period><TimeInterval v="2016-12-31T22:00Z/2016-12-31T23:00Z"/><Direction v="Z03"/><Quantity v="773157"/><MeasureUnit v="KW1"/></Period><Period><TimeInterval v="2016-12-31T23:00Z/2017-01-01T00:00Z"/><Direction v="Z03"/><Quantity v="769858"/><MeasureUnit v="KW1"/></Period><Period><TimeInterval v="2017-01-01T00:00Z/2017-01-01T01:00Z"/><Direction v="Z03"/><Quantity v="766841"/><MeasureUnit v="KW1"/></Period><Period><TimeInterval v="2017-01-01T01:00Z/2017-01-01T02:00Z"/><Direction v="Z03"/><Quantity v="772321"/><MeasureUnit v="KW1"/></Period><Period><TimeInterval v="2017-01-01T02:00Z/2017-01-01T03:00Z"/><Direction v="Z03"/><Quantity v="824821"/><MeasureUnit v="KW1"/></Period><Period><TimeInterval v="2017-01-01T03:00Z/2017-01-01T04:00Z"/><Direction v="Z03"/><Quantity v="826765"/><MeasureUnit v="KW1"/></Period><Period><TimeInterval v="2017-01-01T04:00Z/2017-01-01T05:00Z"/><Direction v="Z03"/><Quantity v="856450"/><MeasureUnit v="KW1"/></Period></Category></ConnectionPoint><ConnectionPoint><Identification v="37Z000000001078I" codingScheme="305"/><Type v="Z26"/><Category><CapacityCode v="Z08"/><Period><TimeInterval v="2016-12-31T05:00Z/2016-12-31T06:00Z"/><Direction v="Z02"/><Quantity v="2775000"/><MeasureUnit v="KW1"/></Period><Period><TimeInterval v="2016-12-31T06:00Z/2016-12-31T07:00Z"/><Direction v="Z02"/><Quantity v="2775000"/><MeasureUnit v="KW1"/></Period><Period><TimeInterval v="2016-12-31T07:00Z/2016-12-31T08:00Z"/><Direction v="Z02"/><Quantity v="2775000"/><MeasureUnit v="KW1"/></Period><Period><TimeInterval v="2016-12-31T08:00Z/2016-12-31T09:00Z"/><Direction v="Z02"/><Quantity v="2775000"/><MeasureUnit v="KW1"/></Period><Period><TimeInterval v="2016-12-31T09:00Z/2016-12-31T10:00Z"/><Direction v="Z02"/><Quantity v="2775000"/><MeasureUnit v="KW1"/></Period><Period><TimeInterval v="2016-12-31T10:00Z/2016-12-31T11:00Z"/><Direction v="Z02"/><Quantity v="2775000"/><MeasureUnit v="KW1"/></Period><Period><TimeInterval v="2016-12-31T11:00Z/2016-12-31T12:00Z"/><Direction v="Z02"/><Quantity v="2775000"/><MeasureUnit v="KW1"/></Period><Period><TimeInterval v="2016-12-31T12:00Z/2016-12-31T13:00Z"/><Direction v="Z02"/><Quantity v="2775000"/><MeasureUnit v="KW1"/></Period><Period><TimeInterval v="2016-12-31T13:00Z/2016-12-31T14:00Z"/><Direction v="Z02"/><Quantity v="2775000"/><MeasureUnit v="KW1"/></Period><Period><TimeInterval v="2016-12-31T14:00Z/2016-12-31T15:00Z"/><Direction v="Z02"/><Quantity v="2775000"/><MeasureUnit v="KW1"/></Period><Period><TimeInterval v="2016-12-31T15:00Z/2016-12-31T16:00Z"/><Direction v="Z02"/><Quantity v="2775000"/><MeasureUnit v="KW1"/></Period><Period><TimeInterval v="2016-12-31T16:00Z/2016-12-31T17:00Z"/><Direction v="Z02"/><Quantity v="2775000"/><MeasureUnit v="KW1"/></Period><Period><TimeInterval v="2016-12-31T17:00Z/2016-12-31T18:00Z"/><Direction v="Z02"/><Quantity v="2775000"/><MeasureUnit v="KW1"/></Period><Period><TimeInterval v="2016-12-31T18:00Z/2016-12-31T19:00Z"/><Direction v="Z02"/><Quantity v="2775000"/><MeasureUnit v="KW1"/></Period><Period><TimeInterval v="2016-12-31T19:00Z/2016-12-31T20:00Z"/><Direction v="Z02"/><Quantity v="2775000"/><MeasureUnit v="KW1"/></Period><Period><TimeInterval v="2016-12-31T20:00Z/2016-12-31T21:00Z"/><Direction v="Z02"/><Quantity v="2775000"/><MeasureUnit v="KW1"/></Period><Period><TimeInterval v="2016-12-31T21:00Z/2016-12-31T22:00Z"/><Direction v="Z02"/><Quantity v="2775000"/><MeasureUnit v="KW1"/></Period><Period><TimeInterval v="2016-12-31T22:00Z/2016-12-31T23:00Z"/><Direction v="Z02"/><Quantity v="2775000"/><MeasureUnit v="KW1"/></Period><Period><TimeInterval v="2016-12-31T23:00Z/2017-01-01T00:00Z"/><Direction v="Z02"/><Quantity v="2775000"/><MeasureUnit v="KW1"/></Period><Period><TimeInterval v="2017-01-01T00:00Z/2017-01-01T01:00Z"/><Direction v="Z02"/><Quantity v="2775000"/><MeasureUnit v="KW1"/></Period><Period><TimeInterval v="2017-01-01T01:00Z/2017-01-01T02:00Z"/><Direction v="Z02"/><Quantity v="2775000"/><MeasureUnit v="KW1"/></Period><Period><TimeInterval v="2017-01-01T02:00Z/2017-01-01T03:00Z"/><Direction v="Z02"/><Quantity v="2775000"/><MeasureUnit v="KW1"/></Period><Period><TimeInterval v="2017-01-01T03:00Z/2017-01-01T04:00Z"/><Direction v="Z02"/><Quantity v="2775000"/><MeasureUnit v="KW1"/></Period><Period><TimeInterval v="2017-01-01T04:00Z/2017-01-01T05:00Z"/><Direction v="Z02"/><Quantity v="2775000"/><MeasureUnit v="KW1"/></Period></Category></ConnectionPoint><ConnectionPoint><Identification v="37Y000000000288Q" codingScheme="305"/><Type v="Z26"/><Category><CapacityCode v="Z08"/><Period><TimeInterval v="2016-12-31T05:00Z/2016-12-31T06:00Z"/><Direction v="Z02"/><Quantity v="1852196"/><MeasureUnit v="KW1"/></Period><Period><TimeInterval v="2016-12-31T06:00Z/2016-12-31T07:00Z"/><Direction v="Z02"/><Quantity v="1853253"/><MeasureUnit v="KW1"/></Period><Period><TimeInterval v="2016-12-31T07:00Z/2016-12-31T08:00Z"/><Direction v="Z02"/><Quantity v="1895827"/><MeasureUnit v="KW1"/></Period><Period><TimeInterval v="2016-12-31T08:00Z/2016-12-31T09:00Z"/><Direction v="Z02"/><Quantity v="1921185"/><MeasureUnit v="KW1"/></Period><Period><TimeInterval v="2016-12-31T09:00Z/2016-12-31T10:00Z"/><Direction v="Z02"/><Quantity v="1943648"/><MeasureUnit v="KW1"/></Period><Period><TimeInterval v="2016-12-31T10:00Z/2016-12-31T11:00Z"/><Direction v="Z02"/><Quantity v="1903791"/><MeasureUnit v="KW1"/></Period><Period><TimeInterval v="2016-12-31T11:00Z/2016-12-31T12:00Z"/><Direction v="Z02"/><Quantity v="1777170"/><MeasureUnit v="KW1"/></Period><Period><TimeInterval v="2016-12-31T12:00Z/2016-12-31T13:00Z"/><Direction v="Z02"/><Quantity v="1766371"/><MeasureUnit v="KW1"/></Period><Period><TimeInterval v="2016-12-31T13:00Z/2016-12-31T14:00Z"/><Direction v="Z02"/><Quantity v="1773403"/><MeasureUnit v="KW1"/></Period><Period><TimeInterval v="2016-12-31T14:00Z/2016-12-31T15:00Z"/><Direction v="Z02"/><Quantity v="1728538"/><MeasureUnit v="KW1"/></Period><Period><TimeInterval v="2016-12-31T15:00Z/2016-12-31T16:00Z"/><Direction v="Z02"/><Quantity v="1661947"/><MeasureUnit v="KW1"/></Period><Period><TimeInterval v="2016-12-31T16:00Z/2016-12-31T17:00Z"/><Direction v="Z02"/><Quantity v="1822502"/><MeasureUnit v="KW1"/></Period><Period><TimeInterval v="2016-12-31T17:00Z/2016-12-31T18:00Z"/><Direction v="Z02"/><Quantity v="1654952"/><MeasureUnit v="KW1"/></Period><Period><TimeInterval v="2016-12-31T18:00Z/2016-12-31T19:00Z"/><Direction v="Z02"/><Quantity v="1758151"/><MeasureUnit v="KW1"/></Period><Period><TimeInterval v="2016-12-31T19:00Z/2016-12-31T20:00Z"/><Direction v="Z02"/><Quantity v="1705412"/><MeasureUnit v="KW1"/></Period><Period><TimeInterval v="2016-12-31T20:00Z/2016-12-31T21:00Z"/><Direction v="Z02"/><Quantity v="1750697"/><MeasureUnit v="KW1"/></Period><Period><TimeInterval v="2016-12-31T21:00Z/2016-12-31T22:00Z"/><Direction v="Z02"/><Quantity v="1651919"/><MeasureUnit v="KW1"/></Period><Period><TimeInterval v="2016-12-31T22:00Z/2016-12-31T23:00Z"/><Direction v="Z02"/><Quantity v="1546942"/><MeasureUnit v="KW1"/></Period><Period><TimeInterval v="2016-12-31T23:00Z/2017-01-01T00:00Z"/><Direction v="Z02"/><Quantity v="1512381"/><MeasureUnit v="KW1"/></Period><Period><TimeInterval v="2017-01-01T00:00Z/2017-01-01T01:00Z"/><Direction v="Z02"/><Quantity v="1553855"/><MeasureUnit v="KW1"/></Period><Period><TimeInterval v="2017-01-01T01:00Z/2017-01-01T02:00Z"/><Direction v="Z02"/><Quantity v="1550681"/><MeasureUnit v="KW1"/></Period><Period><TimeInterval v="2017-01-01T02:00Z/2017-01-01T03:00Z"/><Direction v="Z02"/><Quantity v="1583233"/><MeasureUnit v="KW1"/></Period><Period><TimeInterval v="2017-01-01T03:00Z/2017-01-01T04:00Z"/><Direction v="Z02"/><Quantity v="1646964"/><MeasureUnit v="KW1"/></Period><Period><TimeInterval v="2017-01-01T04:00Z/2017-01-01T05:00Z"/><Direction v="Z02"/><Quantity v="1797577"/><MeasureUnit v="KW1"/></Period></Category></ConnectionPoint><ConnectionPoint><Identification v="21Z000000000342R" codingScheme="305"/><Type v="Z28"/><Category><CapacityCode v="Z08"/><Period><TimeInterval v="2016-12-31T05:00Z/2016-12-31T06:00Z"/><Direction v="Z02"/><Quantity v="573042"/><MeasureUnit v="KW1"/></Period><Period><TimeInterval v="2016-12-31T06:00Z/2016-12-31T07:00Z"/><Direction v="Z02"/><Quantity v="577758"/><MeasureUnit v="KW1"/></Period><Period><TimeInterval v="2016-12-31T07:00Z/2016-12-31T08:00Z"/><Direction v="Z02"/><Quantity v="577876"/><MeasureUnit v="KW1"/></Period><Period><TimeInterval v="2016-12-31T08:00Z/2016-12-31T09:00Z"/><Direction v="Z02"/><Quantity v="729195"/><MeasureUnit v="KW1"/></Period><Period><TimeInterval v="2016-12-31T09:00Z/2016-12-31T10:00Z"/><Direction v="Z02"/><Quantity v="582118"/><MeasureUnit v="KW1"/></Period><Period><TimeInterval v="2016-12-31T10:00Z/2016-12-31T11:00Z"/><Direction v="Z02"/><Quantity v="561435"/><MeasureUnit v="KW1"/></Period><Period><TimeInterval v="2016-12-31T11:00Z/2016-12-31T12:00Z"/><Direction v="Z02"/><Quantity v="563986"/><MeasureUnit v="KW1"/></Period><Period><TimeInterval v="2016-12-31T12:00Z/2016-12-31T13:00Z"/><Direction v="Z02"/><Quantity v="580313"/><MeasureUnit v="KW1"/></Period><Period><TimeInterval v="2016-12-31T13:00Z/2016-12-31T14:00Z"/><Direction v="Z02"/><Quantity v="740455"/><MeasureUnit v="KW1"/></Period><Period><TimeInterval v="2016-12-31T14:00Z/2016-12-31T15:00Z"/><Direction v="Z02"/><Quantity v="570330"/><MeasureUnit v="KW1"/></Period><Period><TimeInterval v="2016-12-31T15:00Z/2016-12-31T16:00Z"/><Direction v="Z02"/><Quantity v="559684"/><MeasureUnit v="KW1"/></Period><Period><TimeInterval v="2016-12-31T16:00Z/2016-12-31T17:00Z"/><Direction v="Z02"/><Quantity v="565101"/><MeasureUnit v="KW1"/></Period><Period><TimeInterval v="2016-12-31T17:00Z/2016-12-31T18:00Z"/><Direction v="Z02"/><Quantity v="561438"/><MeasureUnit v="KW1"/></Period><Period><TimeInterval v="2016-12-31T18:00Z/2016-12-31T19:00Z"/><Direction v="Z02"/><Quantity v="554788"/><MeasureUnit v="KW1"/></Period><Period><TimeInterval v="2016-12-31T19:00Z/2016-12-31T20:00Z"/><Direction v="Z02"/><Quantity v="558511"/><MeasureUnit v="KW1"/></Period><Period><TimeInterval v="2016-12-31T20:00Z/2016-12-31T21:00Z"/><Direction v="Z02"/><Quantity v="552486"/><MeasureUnit v="KW1"/></Period><Period><TimeInterval v="2016-12-31T21:00Z/2016-12-31T22:00Z"/><Direction v="Z02"/><Quantity v="558428"/><MeasureUnit v="KW1"/></Period><Period><TimeInterval v="2016-12-31T22:00Z/2016-12-31T23:00Z"/><Direction v="Z02"/><Quantity v="548404"/><MeasureUnit v="KW1"/></Period><Period><TimeInterval v="2016-12-31T23:00Z/2017-01-01T00:00Z"/><Direction v="Z02"/><Quantity v="543441"/><MeasureUnit v="KW1"/></Period><Period><TimeInterval v="2017-01-01T00:00Z/2017-01-01T01:00Z"/><Direction v="Z02"/><Quantity v="542847"/><MeasureUnit v="KW1"/></Period><Period><TimeInterval v="2017-01-01T01:00Z/2017-01-01T02:00Z"/><Direction v="Z02"/><Quantity v="578293"/><MeasureUnit v="KW1"/></Period><Period><TimeInterval v="2017-01-01T02:00Z/2017-01-01T03:00Z"/><Direction v="Z02"/><Quantity v="804204"/><MeasureUnit v="KW1"/></Period><Period><TimeInterval v="2017-01-01T03:00Z/2017-01-01T04:00Z"/><Direction v="Z02"/><Quantity v="641901"/><MeasureUnit v="KW1"/></Period><Period><TimeInterval v="2017-01-01T04:00Z/2017-01-01T05:00Z"/><Direction v="Z02"/><Quantity v="652328"/><MeasureUnit v="KW1"/></Period></Category></ConnectionPoint><ConnectionPoint><Identification v="21Z000000000343P" codingScheme="305"/><Type v="Z31"/><Category><CapacityCode v="Z08"/><Period><TimeInterval v="2016-12-31T05:00Z/2016-12-31T06:00Z"/><Direction v="Z03"/><Quantity v="4829044"/><MeasureUnit v="KW1"/></Period><Period><TimeInterval v="2016-12-31T06:00Z/2016-12-31T07:00Z"/><Direction v="Z03"/><Quantity v="5428499"/><MeasureUnit v="KW1"/></Period><Period><TimeInterval v="2016-12-31T07:00Z/2016-12-31T08:00Z"/><Direction v="Z03"/><Quantity v="5439927"/><MeasureUnit v="KW1"/></Period><Period><TimeInterval v="2016-12-31T08:00Z/2016-12-31T09:00Z"/><Direction v="Z03"/><Quantity v="11407076"/><MeasureUnit v="KW1"/></Period><Period><TimeInterval v="2016-12-31T09:00Z/2016-12-31T10:00Z"/><Direction v="Z03"/><Quantity v="5595606"/><MeasureUnit v="KW1"/></Period><Period><TimeInterval v="2016-12-31T10:00Z/2016-12-31T11:00Z"/><Direction v="Z03"/><Quantity v="5250689"/><MeasureUnit v="KW1"/></Period><Period><TimeInterval v="2016-12-31T11:00Z/2016-12-31T12:00Z"/><Direction v="Z03"/><Quantity v="5369845"/><MeasureUnit v="KW1"/></Period><Period><TimeInterval v="2016-12-31T12:00Z/2016-12-31T13:00Z"/><Direction v="Z03"/><Quantity v="5553384"/><MeasureUnit v="KW1"/></Period><Period><TimeInterval v="2016-12-31T13:00Z/2016-12-31T14:00Z"/><Direction v="Z03"/><Quantity v="11289803"/><MeasureUnit v="KW1"/></Period><Period><TimeInterval v="2016-12-31T14:00Z/2016-12-31T15:00Z"/><Direction v="Z03"/><Quantity v="5189221"/><MeasureUnit v="KW1"/></Period><Period><TimeInterval v="2016-12-31T15:00Z/2016-12-31T16:00Z"/><Direction v="Z03"/><Quantity v="5155223"/><MeasureUnit v="KW1"/></Period><Period><TimeInterval v="2016-12-31T16:00Z/2016-12-31T17:00Z"/><Direction v="Z03"/><Quantity v="5316665"/><MeasureUnit v="KW1"/></Period><Period><TimeInterval v="2016-12-31T17:00Z/2016-12-31T18:00Z"/><Direction v="Z03"/><Quantity v="5267408"/><MeasureUnit v="KW1"/></Period><Period><TimeInterval v="2016-12-31T18:00Z/2016-12-31T19:00Z"/><Direction v="Z03"/><Quantity v="5102562"/><MeasureUnit v="KW1"/></Period><Period><TimeInterval v="2016-12-31T19:00Z/2016-12-31T20:00Z"/><Direction v="Z03"/><Quantity v="5181508"/><MeasureUnit v="KW1"/></Period><Period><TimeInterval v="2016-12-31T20:00Z/2016-12-31T21:00Z"/><Direction v="Z03"/><Quantity v="4941808"/><MeasureUnit v="KW1"/></Period><Period><TimeInterval v="2016-12-31T21:00Z/2016-12-31T22:00Z"/><Direction v="Z03"/><Quantity v="5192503"/><MeasureUnit v="KW1"/></Period><Period><TimeInterval v="2016-12-31T22:00Z/2016-12-31T23:00Z"/><Direction v="Z03"/><Quantity v="4615392"/><MeasureUnit v="KW1"/></Period><Period><TimeInterval v="2016-12-31T23:00Z/2017-01-01T00:00Z"/><Direction v="Z03"/><Quantity v="4510436"/><MeasureUnit v="KW1"/></Period><Period><TimeInterval v="2017-01-01T00:00Z/2017-01-01T01:00Z"/><Direction v="Z03"/><Quantity v="4535714"/><MeasureUnit v="KW1"/></Period><Period><TimeInterval v="2017-01-01T01:00Z/2017-01-01T02:00Z"/><Direction v="Z03"/><Quantity v="4953856"/><MeasureUnit v="KW1"/></Period><Period><TimeInterval v="2017-01-01T02:00Z/2017-01-01T03:00Z"/><Direction v="Z03"/><Quantity v="10472270"/><MeasureUnit v="KW1"/></Period><Period><TimeInterval v="2017-01-01T03:00Z/2017-01-01T04:00Z"/><Direction v="Z03"/><Quantity v="4331302"/><MeasureUnit v="KW1"/></Period><Period><TimeInterval v="2017-01-01T04:00Z/2017-01-01T05:00Z"/><Direction v="Z03"/><Quantity v="4668149"/><MeasureUnit v="KW1"/></Period></Category></ConnectionPoint></TransparencyPublication>