<?xml version="1.0" encoding="UTF-8"?><TransparencyPublication Version="EGAS50" Release="A"><Identification v="TRANPB20170104A104305"/><Version v="1"/><Type v="AL6"/><CreationDateTime v="2017-01-04T07:10:06.398Z"/><ValidityPeriod v="2016-12-27T05:00Z/2016-12-28T05:00Z"/><IssuerIdentification v="21X-DE-C-A0A0A-T" codingScheme="305"/><IssuerRole v="ZSO"/><RecipientIdentification v="10X1001A1001A353" codingScheme="305"/><RecipientRole v="ZUA"/><ConnectionPoint><Identification v="21Z000000000038U" codingScheme="305"/><Type v="Z25"/><Category><CapacityCode v="Z08"/><Period><TimeInterval v="2016-12-27T05:00Z/2016-12-27T06:00Z"/><Direction v="Z03"/><Quantity v="520309"/><MeasureUnit v="KW1"/></Period><Period><TimeInterval v="2016-12-27T06:00Z/2016-12-27T07:00Z"/><Direction v="Z03"/><Quantity v="531823"/><MeasureUnit v="KW1"/></Period><Period><TimeInterval v="2016-12-27T07:00Z/2016-12-27T08:00Z"/><Direction v="Z03"/><Quantity v="537722"/><MeasureUnit v="KW1"/></Period><Period><TimeInterval v="2016-12-27T08:00Z/2016-12-27T09:00Z"/><Direction v="Z03"/><Quantity v="596143"/><MeasureUnit v="KW1"/></Period><Period><TimeInterval v="2016-12-27T09:00Z/2016-12-27T10:00Z"/><Direction v="Z03"/><Quantity v="639399"/><MeasureUnit v="KW1"/></Period><Period><TimeInterval v="2016-12-27T10:00Z/2016-12-27T11:00Z"/><Direction v="Z03"/><Quantity v="643038"/><MeasureUnit v="KW1"/></Period><Period><TimeInterval v="2016-12-27T11:00Z/2016-12-27T12:00Z"/><Direction v="Z03"/><Quantity v="591318"/><MeasureUnit v="KW1"/></Period><Period><TimeInterval v="2016-12-27T12:00Z/2016-12-27T13:00Z"/><Direction v="Z03"/><Quantity v="591634"/><MeasureUnit v="KW1"/></Period><Period><TimeInterval v="2016-12-27T13:00Z/2016-12-27T14:00Z"/><Direction v="Z03"/><Quantity v="646767"/><MeasureUnit v="KW1"/></Period><Period><TimeInterval v="2016-12-27T14:00Z/2016-12-27T15:00Z"/><Direction v="Z03"/><Quantity v="701922"/><MeasureUnit v="KW1"/></Period><Period><TimeInterval v="2016-12-27T15:00Z/2016-12-27T16:00Z"/><Direction v="Z03"/><Quantity v="718770"/><MeasureUnit v="KW1"/></Period><Period><TimeInterval v="2016-12-27T16:00Z/2016-12-27T17:00Z"/><Direction v="Z03"/><Quantity v="640846"/><MeasureUnit v="KW1"/></Period><Period><TimeInterval v="2016-12-27T17:00Z/2016-12-27T18:00Z"/><Direction v="Z03"/><Quantity v="654010"/><MeasureUnit v="KW1"/></Period><Period><TimeInterval v="2016-12-27T18:00Z/2016-12-27T19:00Z"/><Direction v="Z03"/><Quantity v="497584"/><MeasureUnit v="KW1"/></Period><Period><TimeInterval v="2016-12-27T19:00Z/2016-12-27T20:00Z"/><Direction v="Z03"/><Quantity v="497709"/><MeasureUnit v="KW1"/></Period><Period><TimeInterval v="2016-12-27T20:00Z/2016-12-27T21:00Z"/><Direction v="Z03"/><Quantity v="486793"/><MeasureUnit v="KW1"/></Period><Period><TimeInterval v="2016-12-27T21:00Z/2016-12-27T22:00Z"/><Direction v="Z03"/><Quantity v="473210"/><MeasureUnit v="KW1"/></Period><Period><TimeInterval v="2016-12-27T22:00Z/2016-12-27T23:00Z"/><Direction v="Z03"/><Quantity v="471210"/><MeasureUnit v="KW1"/></Period><Period><TimeInterval v="2016-12-27T23:00Z/2016-12-28T00:00Z"/><Direction v="Z03"/><Quantity v="474238"/><MeasureUnit v="KW1"/></Period><Period><TimeInterval v="2016-12-28T00:00Z/2016-12-28T01:00Z"/><Direction v="Z03"/><Quantity v="642529"/><MeasureUnit v="KW1"/></Period><Period><TimeInterval v="2016-12-28T01:00Z/2016-12-28T02:00Z"/><Direction v="Z03"/><Quantity v="642213"/><MeasureUnit v="KW1"/></Period><Period><TimeInterval v="2016-12-28T02:00Z/2016-12-28T03:00Z"/><Direction v="Z03"/><Quantity v="646337"/><MeasureUnit v="KW1"/></Period><Period><TimeInterval v="2016-12-28T03:00Z/2016-12-28T04:00Z"/><Direction v="Z03"/><Quantity v="572266"/><MeasureUnit v="KW1"/></Period><Period><TimeInterval v="2016-12-28T04:00Z/2016-12-28T05:00Z"/><Direction v="Z03"/><Quantity v="580639"/><MeasureUnit v="KW1"/></Period></Category></ConnectionPoint><ConnectionPoint><Identification v="37Z000000001078I" codingScheme="305"/><Type v="Z26"/><Category><CapacityCode v="Z08"/><Period><TimeInterval v="2016-12-27T05:00Z/2016-12-27T06:00Z"/><Direction v="Z02"/><Quantity v="2775000"/><MeasureUnit v="KW1"/></Period><Period><TimeInterval v="2016-12-27T06:00Z/2016-12-27T07:00Z"/><Direction v="Z02"/><Quantity v="2775000"/><MeasureUnit v="KW1"/></Period><Period><TimeInterval v="2016-12-27T07:00Z/2016-12-27T08:00Z"/><Direction v="Z02"/><Quantity v="2775000"/><MeasureUnit v="KW1"/></Period><Period><TimeInterval v="2016-12-27T08:00Z/2016-12-27T09:00Z"/><Direction v="Z02"/><Quantity v="2775000"/><MeasureUnit v="KW1"/></Period><Period><TimeInterval v="2016-12-27T09:00Z/2016-12-27T10:00Z"/><Direction v="Z02"/><Quantity v="2775000"/><MeasureUnit v="KW1"/></Period><Period><TimeInterval v="2016-12-27T10:00Z/2016-12-27T11:00Z"/><Direction v="Z02"/><Quantity v="2775000"/><MeasureUnit v="KW1"/></Period><Period><TimeInterval v="2016-12-27T11:00Z/2016-12-27T12:00Z"/><Direction v="Z02"/><Quantity v="2775000"/><MeasureUnit v="KW1"/></Period><Period><TimeInterval v="2016-12-27T12:00Z/2016-12-27T13:00Z"/><Direction v="Z02"/><Quantity v="2775000"/><MeasureUnit v="KW1"/></Period><Period><TimeInterval v="2016-12-27T13:00Z/2016-12-27T14:00Z"/><Direction v="Z02"/><Quantity v="2775000"/><MeasureUnit v="KW1"/></Period><Period><TimeInterval v="2016-12-27T14:00Z/2016-12-27T15:00Z"/><Direction v="Z02"/><Quantity v="2775000"/><MeasureUnit v="KW1"/></Period><Period><TimeInterval v="2016-12-27T15:00Z/2016-12-27T16:00Z"/><Direction v="Z02"/><Quantity v="2775000"/><MeasureUnit v="KW1"/></Period><Period><TimeInterval v="2016-12-27T16:00Z/2016-12-27T17:00Z"/><Direction v="Z02"/><Quantity v="2775000"/><MeasureUnit v="KW1"/></Period><Period><TimeInterval v="2016-12-27T17:00Z/2016-12-27T18:00Z"/><Direction v="Z02"/><Quantity v="2775000"/><MeasureUnit v="KW1"/></Period><Period><TimeInterval v="2016-12-27T18:00Z/2016-12-27T19:00Z"/><Direction v="Z02"/><Quantity v="2775000"/><MeasureUnit v="KW1"/></Period><Period><TimeInterval v="2016-12-27T19:00Z/2016-12-27T20:00Z"/><Direction v="Z02"/><Quantity v="2775000"/><MeasureUnit v="KW1"/></Period><Period><TimeInterval v="2016-12-27T20:00Z/2016-12-27T21:00Z"/><Direction v="Z02"/><Quantity v="2775000"/><MeasureUnit v="KW1"/></Period><Period><TimeInterval v="2016-12-27T21:00Z/2016-12-27T22:00Z"/><Direction v="Z02"/><Quantity v="2775000"/><MeasureUnit v="KW1"/></Period><Period><TimeInterval v="2016-12-27T22:00Z/2016-12-27T23:00Z"/><Direction v="Z02"/><Quantity v="2775000"/><MeasureUnit v="KW1"/></Period><Period><TimeInterval v="2016-12-27T23:00Z/2016-12-28T00:00Z"/><Direction v="Z02"/><Quantity v="2775000"/><MeasureUnit v="KW1"/></Period><Period><TimeInterval v="2016-12-28T00:00Z/2016-12-28T01:00Z"/><Direction v="Z02"/><Quantity v="2775000"/><MeasureUnit v="KW1"/></Period><Period><TimeInterval v="2016-12-28T01:00Z/2016-12-28T02:00Z"/><Direction v="Z02"/><Quantity v="2775000"/><MeasureUnit v="KW1"/></Period><Period><TimeInterval v="2016-12-28T02:00Z/2016-12-28T03:00Z"/><Direction v="Z02"/><Quantity v="2775000"/><MeasureUnit v="KW1"/></Period><Period><TimeInterval v="2016-12-28T03:00Z/2016-12-28T04:00Z"/><Direction v="Z02"/><Quantity v="2775000"/><MeasureUnit v="KW1"/></Period><Period><TimeInterval v="2016-12-28T04:00Z/2016-12-28T05:00Z"/><Direction v="Z02"/><Quantity v="2775000"/><MeasureUnit v="KW1"/></Period></Category></ConnectionPoint><ConnectionPoint><Identification v="37Y000000000288Q" codingScheme="305"/><Type v="Z26"/><Category><CapacityCode v="Z08"/><Period><TimeInterval v="2016-12-27T05:00Z/2016-12-27T06:00Z"/><Direction v="Z02"/><Quantity v="1559221"/><MeasureUnit v="KW1"/></Period><Period><TimeInterval v="2016-12-27T06:00Z/2016-12-27T07:00Z"/><Direction v="Z02"/><Quantity v="1469246"/><MeasureUnit v="KW1"/></Period><Period><TimeInterval v="2016-12-27T07:00Z/2016-12-27T08:00Z"/><Direction v="Z02"/><Quantity v="1520661"/><MeasureUnit v="KW1"/></Period><Period><TimeInterval v="2016-12-27T08:00Z/2016-12-27T09:00Z"/><Direction v="Z02"/><Quantity v="1587682"/><MeasureUnit v="KW1"/></Period><Period><TimeInterval v="2016-12-27T09:00Z/2016-12-27T10:00Z"/><Direction v="Z02"/><Quantity v="1557142"/><MeasureUnit v="KW1"/></Period><Period><TimeInterval v="2016-12-27T10:00Z/2016-12-27T11:00Z"/><Direction v="Z02"/><Quantity v="1498845"/><MeasureUnit v="KW1"/></Period><Period><TimeInterval v="2016-12-27T11:00Z/2016-12-27T12:00Z"/><Direction v="Z02"/><Quantity v="1496223"/><MeasureUnit v="KW1"/></Period><Period><TimeInterval v="2016-12-27T12:00Z/2016-12-27T13:00Z"/><Direction v="Z02"/><Quantity v="1341385"/><MeasureUnit v="KW1"/></Period><Period><TimeInterval v="2016-12-27T13:00Z/2016-12-27T14:00Z"/><Direction v="Z02"/><Quantity v="1338732"/><MeasureUnit v="KW1"/></Period><Period><TimeInterval v="2016-12-27T14:00Z/2016-12-27T15:00Z"/><Direction v="Z02"/><Quantity v="1343864"/><MeasureUnit v="KW1"/></Period><Period><TimeInterval v="2016-12-27T15:00Z/2016-12-27T16:00Z"/><Direction v="Z02"/><Quantity v="1361392"/><MeasureUnit v="KW1"/></Period><Period><TimeInterval v="2016-12-27T16:00Z/2016-12-27T17:00Z"/><Direction v="Z02"/><Quantity v="1337387"/><MeasureUnit v="KW1"/></Period><Period><TimeInterval v="2016-12-27T17:00Z/2016-12-27T18:00Z"/><Direction v="Z02"/><Quantity v="1314120"/><MeasureUnit v="KW1"/></Period><Period><TimeInterval v="2016-12-27T18:00Z/2016-12-27T19:00Z"/><Direction v="Z02"/><Quantity v="1292351"/><MeasureUnit v="KW1"/></Period><Period><TimeInterval v="2016-12-27T19:00Z/2016-12-27T20:00Z"/><Direction v="Z02"/><Quantity v="1264740"/><MeasureUnit v="KW1"/></Period><Period><TimeInterval v="2016-12-27T20:00Z/2016-12-27T21:00Z"/><Direction v="Z02"/><Quantity v="1225083"/><MeasureUnit v="KW1"/></Period><Period><TimeInterval v="2016-12-27T21:00Z/2016-12-27T22:00Z"/><Direction v="Z02"/><Quantity v="1010292"/><MeasureUnit v="KW1"/></Period><Period><TimeInterval v="2016-12-27T22:00Z/2016-12-27T23:00Z"/><Direction v="Z02"/><Quantity v="890781"/><MeasureUnit v="KW1"/></Period><Period><TimeInterval v="2016-12-27T23:00Z/2016-12-28T00:00Z"/><Direction v="Z02"/><Quantity v="807221"/><MeasureUnit v="KW1"/></Period><Period><TimeInterval v="2016-12-28T00:00Z/2016-12-28T01:00Z"/><Direction v="Z02"/><Quantity v="834057"/><MeasureUnit v="KW1"/></Period><Period><TimeInterval v="2016-12-28T01:00Z/2016-12-28T02:00Z"/><Direction v="Z02"/><Quantity v="850812"/><MeasureUnit v="KW1"/></Period><Period><TimeInterval v="2016-12-28T02:00Z/2016-12-28T03:00Z"/><Direction v="Z02"/><Quantity v="915799"/><MeasureUnit v="KW1"/></Period><Period><TimeInterval v="2016-12-28T03:00Z/2016-12-28T04:00Z"/><Direction v="Z02"/><Quantity v="951213"/><MeasureUnit v="KW1"/></Period><Period><TimeInterval v="2016-12-28T04:00Z/2016-12-28T05:00Z"/><Direction v="Z02"/><Quantity v="1335842"/><MeasureUnit v="KW1"/></Period></Category></ConnectionPoint></TransparencyPublication>