<?xml version="1.0" encoding="UTF-8"?><TransparencyPublication Version="EGAS50" Release="A"><Identification v="TRANPB20170104A104231"/><Version v="1"/><Type v="AL4"/><CreationDateTime v="2017-01-04T07:07:06.396Z"/><ValidityPeriod v="2016-12-23T05:00Z/2016-12-24T05:00Z"/><IssuerIdentification v="21X-DE-C-A0A0A-T" codingScheme="305"/><IssuerRole v="ZSO"/><RecipientIdentification v="10X1001A1001A353" codingScheme="305"/><RecipientRole v="ZUA"/><ConnectionPoint><Identification v="21Z000000000038U" codingScheme="305"/><Type v="Z25"/><Category><CapacityCode v="Z12"/><Period><TimeInterval v="2016-12-23T05:00Z/2016-12-23T06:00Z"/><Direction v="Z03"/><Quantity v="0"/><MeasureUnit v="KW1"/></Period><Period><TimeInterval v="2016-12-23T06:00Z/2016-12-23T07:00Z"/><Direction v="Z03"/><Quantity v="0"/><MeasureUnit v="KW1"/></Period><Period><TimeInterval v="2016-12-23T07:00Z/2016-12-23T08:00Z"/><Direction v="Z03"/><Quantity v="0"/><MeasureUnit v="KW1"/></Period><Period><TimeInterval v="2016-12-23T08:00Z/2016-12-23T09:00Z"/><Direction v="Z03"/><Quantity v="0"/><MeasureUnit v="KW1"/></Period><Period><TimeInterval v="2016-12-23T09:00Z/2016-12-23T10:00Z"/><Direction v="Z03"/><Quantity v="0"/><MeasureUnit v="KW1"/></Period><Period><TimeInterval v="2016-12-23T10:00Z/2016-12-23T11:00Z"/><Direction v="Z03"/><Quantity v="0"/><MeasureUnit v="KW1"/></Period><Period><TimeInterval v="2016-12-23T11:00Z/2016-12-23T12:00Z"/><Direction v="Z03"/><Quantity v="0"/><MeasureUnit v="KW1"/></Period><Period><TimeInterval v="2016-12-23T12:00Z/2016-12-23T13:00Z"/><Direction v="Z03"/><Quantity v="0"/><MeasureUnit v="KW1"/></Period><Period><TimeInterval v="2016-12-23T13:00Z/2016-12-23T14:00Z"/><Direction v="Z03"/><Quantity v="0"/><MeasureUnit v="KW1"/></Period><Period><TimeInterval v="2016-12-23T14:00Z/2016-12-23T15:00Z"/><Direction v="Z03"/><Quantity v="0"/><MeasureUnit v="KW1"/></Period><Period><TimeInterval v="2016-12-23T15:00Z/2016-12-23T16:00Z"/><Direction v="Z03"/><Quantity v="0"/><MeasureUnit v="KW1"/></Period><Period><TimeInterval v="2016-12-23T16:00Z/2016-12-23T17:00Z"/><Direction v="Z03"/><Quantity v="0"/><MeasureUnit v="KW1"/></Period><Period><TimeInterval v="2016-12-23T17:00Z/2016-12-23T18:00Z"/><Direction v="Z03"/><Quantity v="0"/><MeasureUnit v="KW1"/></Period><Period><TimeInterval v="2016-12-23T18:00Z/2016-12-23T19:00Z"/><Direction v="Z03"/><Quantity v="0"/><MeasureUnit v="KW1"/></Period><Period><TimeInterval v="2016-12-23T19:00Z/2016-12-23T20:00Z"/><Direction v="Z03"/><Quantity v="0"/><MeasureUnit v="KW1"/></Period><Period><TimeInterval v="2016-12-23T20:00Z/2016-12-23T21:00Z"/><Direction v="Z03"/><Quantity v="0"/><MeasureUnit v="KW1"/></Period><Period><TimeInterval v="2016-12-23T21:00Z/2016-12-23T22:00Z"/><Direction v="Z03"/><Quantity v="0"/><MeasureUnit v="KW1"/></Period><Period><TimeInterval v="2016-12-23T22:00Z/2016-12-23T23:00Z"/><Direction v="Z03"/><Quantity v="0"/><MeasureUnit v="KW1"/></Period><Period><TimeInterval v="2016-12-23T23:00Z/2016-12-24T00:00Z"/><Direction v="Z03"/><Quantity v="0"/><MeasureUnit v="KW1"/></Period><Period><TimeInterval v="2016-12-24T00:00Z/2016-12-24T01:00Z"/><Direction v="Z03"/><Quantity v="0"/><MeasureUnit v="KW1"/></Period><Period><TimeInterval v="2016-12-24T01:00Z/2016-12-24T02:00Z"/><Direction v="Z03"/><Quantity v="0"/><MeasureUnit v="KW1"/></Period><Period><TimeInterval v="2016-12-24T02:00Z/2016-12-24T03:00Z"/><Direction v="Z03"/><Quantity v="0"/><MeasureUnit v="KW1"/></Period><Period><TimeInterval v="2016-12-24T03:00Z/2016-12-24T04:00Z"/><Direction v="Z03"/><Quantity v="0"/><MeasureUnit v="KW1"/></Period><Period><TimeInterval v="2016-12-24T04:00Z/2016-12-24T05:00Z"/><Direction v="Z03"/><Quantity v="0"/><MeasureUnit v="KW1"/></Period></Category><Category><CapacityCode v="Z14"/><Period><TimeInterval v="2016-12-23T05:00Z/2016-12-23T06:00Z"/><Direction v="Z03"/><Quantity v="0"/><MeasureUnit v="KW1"/></Period><Period><TimeInterval v="2016-12-23T06:00Z/2016-12-23T07:00Z"/><Direction v="Z03"/><Quantity v="0"/><MeasureUnit v="KW1"/></Period><Period><TimeInterval v="2016-12-23T07:00Z/2016-12-23T08:00Z"/><Direction v="Z03"/><Quantity v="0"/><MeasureUnit v="KW1"/></Period><Period><TimeInterval v="2016-12-23T08:00Z/2016-12-23T09:00Z"/><Direction v="Z03"/><Quantity v="0"/><MeasureUnit v="KW1"/></Period><Period><TimeInterval v="2016-12-23T09:00Z/2016-12-23T10:00Z"/><Direction v="Z03"/><Quantity v="0"/><MeasureUnit v="KW1"/></Period><Period><TimeInterval v="2016-12-23T10:00Z/2016-12-23T11:00Z"/><Direction v="Z03"/><Quantity v="0"/><MeasureUnit v="KW1"/></Period><Period><TimeInterval v="2016-12-23T11:00Z/2016-12-23T12:00Z"/><Direction v="Z03"/><Quantity v="0"/><MeasureUnit v="KW1"/></Period><Period><TimeInterval v="2016-12-23T12:00Z/2016-12-23T13:00Z"/><Direction v="Z03"/><Quantity v="0"/><MeasureUnit v="KW1"/></Period><Period><TimeInterval v="2016-12-23T13:00Z/2016-12-23T14:00Z"/><Direction v="Z03"/><Quantity v="0"/><MeasureUnit v="KW1"/></Period><Period><TimeInterval v="2016-12-23T14:00Z/2016-12-23T15:00Z"/><Direction v="Z03"/><Quantity v="0"/><MeasureUnit v="KW1"/></Period><Period><TimeInterval v="2016-12-23T15:00Z/2016-12-23T16:00Z"/><Direction v="Z03"/><Quantity v="0"/><MeasureUnit v="KW1"/></Period><Period><TimeInterval v="2016-12-23T16:00Z/2016-12-23T17:00Z"/><Direction v="Z03"/><Quantity v="0"/><MeasureUnit v="KW1"/></Period><Period><TimeInterval v="2016-12-23T17:00Z/2016-12-23T18:00Z"/><Direction v="Z03"/><Quantity v="0"/><MeasureUnit v="KW1"/></Period><Period><TimeInterval v="2016-12-23T18:00Z/2016-12-23T19:00Z"/><Direction v="Z03"/><Quantity v="0"/><MeasureUnit v="KW1"/></Period><Period><TimeInterval v="2016-12-23T19:00Z/2016-12-23T20:00Z"/><Direction v="Z03"/><Quantity v="0"/><MeasureUnit v="KW1"/></Period><Period><TimeInterval v="2016-12-23T20:00Z/2016-12-23T21:00Z"/><Direction v="Z03"/><Quantity v="0"/><MeasureUnit v="KW1"/></Period><Period><TimeInterval v="2016-12-23T21:00Z/2016-12-23T22:00Z"/><Direction v="Z03"/><Quantity v="0"/><MeasureUnit v="KW1"/></Period><Period><TimeInterval v="2016-12-23T22:00Z/2016-12-23T23:00Z"/><Direction v="Z03"/><Quantity v="0"/><MeasureUnit v="KW1"/></Period><Period><TimeInterval v="2016-12-23T23:00Z/2016-12-24T00:00Z"/><Direction v="Z03"/><Quantity v="0"/><MeasureUnit v="KW1"/></Period><Period><TimeInterval v="2016-12-24T00:00Z/2016-12-24T01:00Z"/><Direction v="Z03"/><Quantity v="0"/><MeasureUnit v="KW1"/></Period><Period><TimeInterval v="2016-12-24T01:00Z/2016-12-24T02:00Z"/><Direction v="Z03"/><Quantity v="0"/><MeasureUnit v="KW1"/></Period><Period><TimeInterval v="2016-12-24T02:00Z/2016-12-24T03:00Z"/><Direction v="Z03"/><Quantity v="0"/><MeasureUnit v="KW1"/></Period><Period><TimeInterval v="2016-12-24T03:00Z/2016-12-24T04:00Z"/><Direction v="Z03"/><Quantity v="0"/><MeasureUnit v="KW1"/></Period><Period><TimeInterval v="2016-12-24T04:00Z/2016-12-24T05:00Z"/><Direction v="Z03"/><Quantity v="0"/><MeasureUnit v="KW1"/></Period></Category><Category><CapacityCode v="Z15"/><Period><TimeInterval v="2016-12-23T05:00Z/2016-12-23T06:00Z"/><Direction v="Z03"/><Quantity v="0"/><MeasureUnit v="KW1"/></Period><Period><TimeInterval v="2016-12-23T06:00Z/2016-12-23T07:00Z"/><Direction v="Z03"/><Quantity v="0"/><MeasureUnit v="KW1"/></Period><Period><TimeInterval v="2016-12-23T07:00Z/2016-12-23T08:00Z"/><Direction v="Z03"/><Quantity v="0"/><MeasureUnit v="KW1"/></Period><Period><TimeInterval v="2016-12-23T08:00Z/2016-12-23T09:00Z"/><Direction v="Z03"/><Quantity v="0"/><MeasureUnit v="KW1"/></Period><Period><TimeInterval v="2016-12-23T09:00Z/2016-12-23T10:00Z"/><Direction v="Z03"/><Quantity v="0"/><MeasureUnit v="KW1"/></Period><Period><TimeInterval v="2016-12-23T10:00Z/2016-12-23T11:00Z"/><Direction v="Z03"/><Quantity v="0"/><MeasureUnit v="KW1"/></Period><Period><TimeInterval v="2016-12-23T11:00Z/2016-12-23T12:00Z"/><Direction v="Z03"/><Quantity v="0"/><MeasureUnit v="KW1"/></Period><Period><TimeInterval v="2016-12-23T12:00Z/2016-12-23T13:00Z"/><Direction v="Z03"/><Quantity v="0"/><MeasureUnit v="KW1"/></Period><Period><TimeInterval v="2016-12-23T13:00Z/2016-12-23T14:00Z"/><Direction v="Z03"/><Quantity v="0"/><MeasureUnit v="KW1"/></Period><Period><TimeInterval v="2016-12-23T14:00Z/2016-12-23T15:00Z"/><Direction v="Z03"/><Quantity v="0"/><MeasureUnit v="KW1"/></Period><Period><TimeInterval v="2016-12-23T15:00Z/2016-12-23T16:00Z"/><Direction v="Z03"/><Quantity v="0"/><MeasureUnit v="KW1"/></Period><Period><TimeInterval v="2016-12-23T16:00Z/2016-12-23T17:00Z"/><Direction v="Z03"/><Quantity v="0"/><MeasureUnit v="KW1"/></Period><Period><TimeInterval v="2016-12-23T17:00Z/2016-12-23T18:00Z"/><Direction v="Z03"/><Quantity v="0"/><MeasureUnit v="KW1"/></Period><Period><TimeInterval v="2016-12-23T18:00Z/2016-12-23T19:00Z"/><Direction v="Z03"/><Quantity v="0"/><MeasureUnit v="KW1"/></Period><Period><TimeInterval v="2016-12-23T19:00Z/2016-12-23T20:00Z"/><Direction v="Z03"/><Quantity v="0"/><MeasureUnit v="KW1"/></Period><Period><TimeInterval v="2016-12-23T20:00Z/2016-12-23T21:00Z"/><Direction v="Z03"/><Quantity v="0"/><MeasureUnit v="KW1"/></Period><Period><TimeInterval v="2016-12-23T21:00Z/2016-12-23T22:00Z"/><Direction v="Z03"/><Quantity v="0"/><MeasureUnit v="KW1"/></Period><Period><TimeInterval v="2016-12-23T22:00Z/2016-12-23T23:00Z"/><Direction v="Z03"/><Quantity v="0"/><MeasureUnit v="KW1"/></Period><Period><TimeInterval v="2016-12-23T23:00Z/2016-12-24T00:00Z"/><Direction v="Z03"/><Quantity v="0"/><MeasureUnit v="KW1"/></Period><Period><TimeInterval v="2016-12-24T00:00Z/2016-12-24T01:00Z"/><Direction v="Z03"/><Quantity v="0"/><MeasureUnit v="KW1"/></Period><Period><TimeInterval v="2016-12-24T01:00Z/2016-12-24T02:00Z"/><Direction v="Z03"/><Quantity v="0"/><MeasureUnit v="KW1"/></Period><Period><TimeInterval v="2016-12-24T02:00Z/2016-12-24T03:00Z"/><Direction v="Z03"/><Quantity v="0"/><MeasureUnit v="KW1"/></Period><Period><TimeInterval v="2016-12-24T03:00Z/2016-12-24T04:00Z"/><Direction v="Z03"/><Quantity v="0"/><MeasureUnit v="KW1"/></Period><Period><TimeInterval v="2016-12-24T04:00Z/2016-12-24T05:00Z"/><Direction v="Z03"/><Quantity v="0"/><MeasureUnit v="KW1"/></Period></Category></ConnectionPoint><ConnectionPoint><Identification v="21Z000000000237O" codingScheme="305"/><Type v="Z26"/><Category><CapacityCode v="Z12"/><Period><TimeInterval v="2016-12-23T05:00Z/2016-12-23T06:00Z"/><Direction v="Z02"/><Quantity v="2290888"/><MeasureUnit v="KW1"/></Period><Period><TimeInterval v="2016-12-23T06:00Z/2016-12-23T07:00Z"/><Direction v="Z02"/><Quantity v="2290888"/><MeasureUnit v="KW1"/></Period><Period><TimeInterval v="2016-12-23T07:00Z/2016-12-23T08:00Z"/><Direction v="Z02"/><Quantity v="2290888"/><MeasureUnit v="KW1"/></Period><Period><TimeInterval v="2016-12-23T08:00Z/2016-12-23T09:00Z"/><Direction v="Z02"/><Quantity v="2290888"/><MeasureUnit v="KW1"/></Period><Period><TimeInterval v="2016-12-23T09:00Z/2016-12-23T10:00Z"/><Direction v="Z02"/><Quantity v="2290888"/><MeasureUnit v="KW1"/></Period><Period><TimeInterval v="2016-12-23T10:00Z/2016-12-23T11:00Z"/><Direction v="Z02"/><Quantity v="2290888"/><MeasureUnit v="KW1"/></Period><Period><TimeInterval v="2016-12-23T11:00Z/2016-12-23T12:00Z"/><Direction v="Z02"/><Quantity v="2290888"/><MeasureUnit v="KW1"/></Period><Period><TimeInterval v="2016-12-23T12:00Z/2016-12-23T13:00Z"/><Direction v="Z02"/><Quantity v="2290888"/><MeasureUnit v="KW1"/></Period><Period><TimeInterval v="2016-12-23T13:00Z/2016-12-23T14:00Z"/><Direction v="Z02"/><Quantity v="2290888"/><MeasureUnit v="KW1"/></Period><Period><TimeInterval v="2016-12-23T14:00Z/2016-12-23T15:00Z"/><Direction v="Z02"/><Quantity v="2290888"/><MeasureUnit v="KW1"/></Period><Period><TimeInterval v="2016-12-23T15:00Z/2016-12-23T16:00Z"/><Direction v="Z02"/><Quantity v="2290888"/><MeasureUnit v="KW1"/></Period><Period><TimeInterval v="2016-12-23T16:00Z/2016-12-23T17:00Z"/><Direction v="Z02"/><Quantity v="2290888"/><MeasureUnit v="KW1"/></Period><Period><TimeInterval v="2016-12-23T17:00Z/2016-12-23T18:00Z"/><Direction v="Z02"/><Quantity v="2290888"/><MeasureUnit v="KW1"/></Period><Period><TimeInterval v="2016-12-23T18:00Z/2016-12-23T19:00Z"/><Direction v="Z02"/><Quantity v="2290888"/><MeasureUnit v="KW1"/></Period><Period><TimeInterval v="2016-12-23T19:00Z/2016-12-23T20:00Z"/><Direction v="Z02"/><Quantity v="2290861"/><MeasureUnit v="KW1"/></Period><Period><TimeInterval v="2016-12-23T20:00Z/2016-12-23T21:00Z"/><Direction v="Z02"/><Quantity v="2290861"/><MeasureUnit v="KW1"/></Period><Period><TimeInterval v="2016-12-23T21:00Z/2016-12-23T22:00Z"/><Direction v="Z02"/><Quantity v="2290861"/><MeasureUnit v="KW1"/></Period><Period><TimeInterval v="2016-12-23T22:00Z/2016-12-23T23:00Z"/><Direction v="Z02"/><Quantity v="2290861"/><MeasureUnit v="KW1"/></Period><Period><TimeInterval v="2016-12-23T23:00Z/2016-12-24T00:00Z"/><Direction v="Z02"/><Quantity v="2284611"/><MeasureUnit v="KW1"/></Period><Period><TimeInterval v="2016-12-24T00:00Z/2016-12-24T01:00Z"/><Direction v="Z02"/><Quantity v="2284611"/><MeasureUnit v="KW1"/></Period><Period><TimeInterval v="2016-12-24T01:00Z/2016-12-24T02:00Z"/><Direction v="Z02"/><Quantity v="2284611"/><MeasureUnit v="KW1"/></Period><Period><TimeInterval v="2016-12-24T02:00Z/2016-12-24T03:00Z"/><Direction v="Z02"/><Quantity v="2284611"/><MeasureUnit v="KW1"/></Period><Period><TimeInterval v="2016-12-24T03:00Z/2016-12-24T04:00Z"/><Direction v="Z02"/><Quantity v="2284611"/><MeasureUnit v="KW1"/></Period><Period><TimeInterval v="2016-12-24T04:00Z/2016-12-24T05:00Z"/><Direction v="Z02"/><Quantity v="2284617"/><MeasureUnit v="KW1"/></Period><Period><TimeInterval v="2016-12-23T05:00Z/2016-12-23T06:00Z"/><Direction v="Z03"/><Quantity v="125"/><MeasureUnit v="KW1"/></Period><Period><TimeInterval v="2016-12-23T06:00Z/2016-12-23T07:00Z"/><Direction v="Z03"/><Quantity v="125"/><MeasureUnit v="KW1"/></Period><Period><TimeInterval v="2016-12-23T07:00Z/2016-12-23T08:00Z"/><Direction v="Z03"/><Quantity v="125"/><MeasureUnit v="KW1"/></Period><Period><TimeInterval v="2016-12-23T08:00Z/2016-12-23T09:00Z"/><Direction v="Z03"/><Quantity v="125"/><MeasureUnit v="KW1"/></Period><Period><TimeInterval v="2016-12-23T09:00Z/2016-12-23T10:00Z"/><Direction v="Z03"/><Quantity v="125"/><MeasureUnit v="KW1"/></Period><Period><TimeInterval v="2016-12-23T10:00Z/2016-12-23T11:00Z"/><Direction v="Z03"/><Quantity v="125"/><MeasureUnit v="KW1"/></Period><Period><TimeInterval v="2016-12-23T11:00Z/2016-12-23T12:00Z"/><Direction v="Z03"/><Quantity v="125"/><MeasureUnit v="KW1"/></Period><Period><TimeInterval v="2016-12-23T12:00Z/2016-12-23T13:00Z"/><Direction v="Z03"/><Quantity v="125"/><MeasureUnit v="KW1"/></Period><Period><TimeInterval v="2016-12-23T13:00Z/2016-12-23T14:00Z"/><Direction v="Z03"/><Quantity v="125"/><MeasureUnit v="KW1"/></Period><Period><TimeInterval v="2016-12-23T14:00Z/2016-12-23T15:00Z"/><Direction v="Z03"/><Quantity v="125"/><MeasureUnit v="KW1"/></Period><Period><TimeInterval v="2016-12-23T15:00Z/2016-12-23T16:00Z"/><Direction v="Z03"/><Quantity v="125"/><MeasureUnit v="KW1"/></Period><Period><TimeInterval v="2016-12-23T16:00Z/2016-12-23T17:00Z"/><Direction v="Z03"/><Quantity v="125"/><MeasureUnit v="KW1"/></Period><Period><TimeInterval v="2016-12-23T17:00Z/2016-12-23T18:00Z"/><Direction v="Z03"/><Quantity v="125"/><MeasureUnit v="KW1"/></Period><Period><TimeInterval v="2016-12-23T18:00Z/2016-12-23T19:00Z"/><Direction v="Z03"/><Quantity v="125"/><MeasureUnit v="KW1"/></Period><Period><TimeInterval v="2016-12-23T19:00Z/2016-12-23T20:00Z"/><Direction v="Z03"/><Quantity v="125"/><MeasureUnit v="KW1"/></Period><Period><TimeInterval v="2016-12-23T20:00Z/2016-12-23T21:00Z"/><Direction v="Z03"/><Quantity v="125"/><MeasureUnit v="KW1"/></Period><Period><TimeInterval v="2016-12-23T21:00Z/2016-12-23T22:00Z"/><Direction v="Z03"/><Quantity v="125"/><MeasureUnit v="KW1"/></Period><Period><TimeInterval v="2016-12-23T22:00Z/2016-12-23T23:00Z"/><Direction v="Z03"/><Quantity v="125"/><MeasureUnit v="KW1"/></Period><Period><TimeInterval v="2016-12-23T23:00Z/2016-12-24T00:00Z"/><Direction v="Z03"/><Quantity v="125"/><MeasureUnit v="KW1"/></Period><Period><TimeInterval v="2016-12-24T00:00Z/2016-12-24T01:00Z"/><Direction v="Z03"/><Quantity v="125"/><MeasureUnit v="KW1"/></Period><Period><TimeInterval v="2016-12-24T01:00Z/2016-12-24T02:00Z"/><Direction v="Z03"/><Quantity v="125"/><MeasureUnit v="KW1"/></Period><Period><TimeInterval v="2016-12-24T02:00Z/2016-12-24T03:00Z"/><Direction v="Z03"/><Quantity v="125"/><MeasureUnit v="KW1"/></Period><Period><TimeInterval v="2016-12-24T03:00Z/2016-12-24T04:00Z"/><Direction v="Z03"/><Quantity v="125"/><MeasureUnit v="KW1"/></Period><Period><TimeInterval v="2016-12-24T04:00Z/2016-12-24T05:00Z"/><Direction v="Z03"/><Quantity v="125"/><MeasureUnit v="KW1"/></Period></Category><Category><CapacityCode v="Z14"/><Period><TimeInterval v="2016-12-23T05:00Z/2016-12-23T06:00Z"/><Direction v="Z02"/><Quantity v="2284648"/><MeasureUnit v="KW1"/></Period><Period><TimeInterval v="2016-12-23T06:00Z/2016-12-23T07:00Z"/><Direction v="Z02"/><Quantity v="2284648"/><MeasureUnit v="KW1"/></Period><Period><TimeInterval v="2016-12-23T07:00Z/2016-12-23T08:00Z"/><Direction v="Z02"/><Quantity v="2284648"/><MeasureUnit v="KW1"/></Period><Period><TimeInterval v="2016-12-23T08:00Z/2016-12-23T09:00Z"/><Direction v="Z02"/><Quantity v="2284648"/><MeasureUnit v="KW1"/></Period><Period><TimeInterval v="2016-12-23T09:00Z/2016-12-23T10:00Z"/><Direction v="Z02"/><Quantity v="2284648"/><MeasureUnit v="KW1"/></Period><Period><TimeInterval v="2016-12-23T10:00Z/2016-12-23T11:00Z"/><Direction v="Z02"/><Quantity v="2284648"/><MeasureUnit v="KW1"/></Period><Period><TimeInterval v="2016-12-23T11:00Z/2016-12-23T12:00Z"/><Direction v="Z02"/><Quantity v="2284648"/><MeasureUnit v="KW1"/></Period><Period><TimeInterval v="2016-12-23T12:00Z/2016-12-23T13:00Z"/><Direction v="Z02"/><Quantity v="2284648"/><MeasureUnit v="KW1"/></Period><Period><TimeInterval v="2016-12-23T13:00Z/2016-12-23T14:00Z"/><Direction v="Z02"/><Quantity v="2284648"/><MeasureUnit v="KW1"/></Period><Period><TimeInterval v="2016-12-23T14:00Z/2016-12-23T15:00Z"/><Direction v="Z02"/><Quantity v="2284648"/><MeasureUnit v="KW1"/></Period><Period><TimeInterval v="2016-12-23T15:00Z/2016-12-23T16:00Z"/><Direction v="Z02"/><Quantity v="2284648"/><MeasureUnit v="KW1"/></Period><Period><TimeInterval v="2016-12-23T16:00Z/2016-12-23T17:00Z"/><Direction v="Z02"/><Quantity v="2284648"/><MeasureUnit v="KW1"/></Period><Period><TimeInterval v="2016-12-23T17:00Z/2016-12-23T18:00Z"/><Direction v="Z02"/><Quantity v="2284648"/><MeasureUnit v="KW1"/></Period><Period><TimeInterval v="2016-12-23T18:00Z/2016-12-23T19:00Z"/><Direction v="Z02"/><Quantity v="2284648"/><MeasureUnit v="KW1"/></Period><Period><TimeInterval v="2016-12-23T19:00Z/2016-12-23T20:00Z"/><Direction v="Z02"/><Quantity v="2284648"/><MeasureUnit v="KW1"/></Period><Period><TimeInterval v="2016-12-23T20:00Z/2016-12-23T21:00Z"/><Direction v="Z02"/><Quantity v="2284648"/><MeasureUnit v="KW1"/></Period><Period><TimeInterval v="2016-12-23T21:00Z/2016-12-23T22:00Z"/><Direction v="Z02"/><Quantity v="2284648"/><MeasureUnit v="KW1"/></Period><Period><TimeInterval v="2016-12-23T22:00Z/2016-12-23T23:00Z"/><Direction v="Z02"/><Quantity v="2284648"/><MeasureUnit v="KW1"/></Period><Period><TimeInterval v="2016-12-23T23:00Z/2016-12-24T00:00Z"/><Direction v="Z02"/><Quantity v="2284648"/><MeasureUnit v="KW1"/></Period><Period><TimeInterval v="2016-12-24T00:00Z/2016-12-24T01:00Z"/><Direction v="Z02"/><Quantity v="2284648"/><MeasureUnit v="KW1"/></Period><Period><TimeInterval v="2016-12-24T01:00Z/2016-12-24T02:00Z"/><Direction v="Z02"/><Quantity v="2284648"/><MeasureUnit v="KW1"/></Period><Period><TimeInterval v="2016-12-24T02:00Z/2016-12-24T03:00Z"/><Direction v="Z02"/><Quantity v="2284648"/><MeasureUnit v="KW1"/></Period><Period><TimeInterval v="2016-12-24T03:00Z/2016-12-24T04:00Z"/><Direction v="Z02"/><Quantity v="2284648"/><MeasureUnit v="KW1"/></Period><Period><TimeInterval v="2016-12-24T04:00Z/2016-12-24T05:00Z"/><Direction v="Z02"/><Quantity v="2284648"/><MeasureUnit v="KW1"/></Period><Period><TimeInterval v="2016-12-23T05:00Z/2016-12-23T06:00Z"/><Direction v="Z03"/><Quantity v="125"/><MeasureUnit v="KW1"/></Period><Period><TimeInterval v="2016-12-23T06:00Z/2016-12-23T07:00Z"/><Direction v="Z03"/><Quantity v="125"/><MeasureUnit v="KW1"/></Period><Period><TimeInterval v="2016-12-23T07:00Z/2016-12-23T08:00Z"/><Direction v="Z03"/><Quantity v="125"/><MeasureUnit v="KW1"/></Period><Period><TimeInterval v="2016-12-23T08:00Z/2016-12-23T09:00Z"/><Direction v="Z03"/><Quantity v="125"/><MeasureUnit v="KW1"/></Period><Period><TimeInterval v="2016-12-23T09:00Z/2016-12-23T10:00Z"/><Direction v="Z03"/><Quantity v="125"/><MeasureUnit v="KW1"/></Period><Period><TimeInterval v="2016-12-23T10:00Z/2016-12-23T11:00Z"/><Direction v="Z03"/><Quantity v="125"/><MeasureUnit v="KW1"/></Period><Period><TimeInterval v="2016-12-23T11:00Z/2016-12-23T12:00Z"/><Direction v="Z03"/><Quantity v="125"/><MeasureUnit v="KW1"/></Period><Period><TimeInterval v="2016-12-23T12:00Z/2016-12-23T13:00Z"/><Direction v="Z03"/><Quantity v="125"/><MeasureUnit v="KW1"/></Period><Period><TimeInterval v="2016-12-23T13:00Z/2016-12-23T14:00Z"/><Direction v="Z03"/><Quantity v="125"/><MeasureUnit v="KW1"/></Period><Period><TimeInterval v="2016-12-23T14:00Z/2016-12-23T15:00Z"/><Direction v="Z03"/><Quantity v="125"/><MeasureUnit v="KW1"/></Period><Period><TimeInterval v="2016-12-23T15:00Z/2016-12-23T16:00Z"/><Direction v="Z03"/><Quantity v="125"/><MeasureUnit v="KW1"/></Period><Period><TimeInterval v="2016-12-23T16:00Z/2016-12-23T17:00Z"/><Direction v="Z03"/><Quantity v="125"/><MeasureUnit v="KW1"/></Period><Period><TimeInterval v="2016-12-23T17:00Z/2016-12-23T18:00Z"/><Direction v="Z03"/><Quantity v="125"/><MeasureUnit v="KW1"/></Period><Period><TimeInterval v="2016-12-23T18:00Z/2016-12-23T19:00Z"/><Direction v="Z03"/><Quantity v="125"/><MeasureUnit v="KW1"/></Period><Period><TimeInterval v="2016-12-23T19:00Z/2016-12-23T20:00Z"/><Direction v="Z03"/><Quantity v="125"/><MeasureUnit v="KW1"/></Period><Period><TimeInterval v="2016-12-23T20:00Z/2016-12-23T21:00Z"/><Direction v="Z03"/><Quantity v="125"/><MeasureUnit v="KW1"/></Period><Period><TimeInterval v="2016-12-23T21:00Z/2016-12-23T22:00Z"/><Direction v="Z03"/><Quantity v="125"/><MeasureUnit v="KW1"/></Period><Period><TimeInterval v="2016-12-23T22:00Z/2016-12-23T23:00Z"/><Direction v="Z03"/><Quantity v="125"/><MeasureUnit v="KW1"/></Period><Period><TimeInterval v="2016-12-23T23:00Z/2016-12-24T00:00Z"/><Direction v="Z03"/><Quantity v="125"/><MeasureUnit v="KW1"/></Period><Period><TimeInterval v="2016-12-24T00:00Z/2016-12-24T01:00Z"/><Direction v="Z03"/><Quantity v="125"/><MeasureUnit v="KW1"/></Period><Period><TimeInterval v="2016-12-24T01:00Z/2016-12-24T02:00Z"/><Direction v="Z03"/><Quantity v="125"/><MeasureUnit v="KW1"/></Period><Period><TimeInterval v="2016-12-24T02:00Z/2016-12-24T03:00Z"/><Direction v="Z03"/><Quantity v="125"/><MeasureUnit v="KW1"/></Period><Period><TimeInterval v="2016-12-24T03:00Z/2016-12-24T04:00Z"/><Direction v="Z03"/><Quantity v="125"/><MeasureUnit v="KW1"/></Period><Period><TimeInterval v="2016-12-24T04:00Z/2016-12-24T05:00Z"/><Direction v="Z03"/><Quantity v="125"/><MeasureUnit v="KW1"/></Period></Category><Category><CapacityCode v="Z15"/><Period><TimeInterval v="2016-12-23T05:00Z/2016-12-23T06:00Z"/><Direction v="Z02"/><Quantity v="0"/><MeasureUnit v="KW1"/></Period><Period><TimeInterval v="2016-12-23T06:00Z/2016-12-23T07:00Z"/><Direction v="Z02"/><Quantity v="0"/><MeasureUnit v="KW1"/></Period><Period><TimeInterval v="2016-12-23T07:00Z/2016-12-23T08:00Z"/><Direction v="Z02"/><Quantity v="0"/><MeasureUnit v="KW1"/></Period><Period><TimeInterval v="2016-12-23T08:00Z/2016-12-23T09:00Z"/><Direction v="Z02"/><Quantity v="0"/><MeasureUnit v="KW1"/></Period><Period><TimeInterval v="2016-12-23T09:00Z/2016-12-23T10:00Z"/><Direction v="Z02"/><Quantity v="0"/><MeasureUnit v="KW1"/></Period><Period><TimeInterval v="2016-12-23T10:00Z/2016-12-23T11:00Z"/><Direction v="Z02"/><Quantity v="0"/><MeasureUnit v="KW1"/></Period><Period><TimeInterval v="2016-12-23T11:00Z/2016-12-23T12:00Z"/><Direction v="Z02"/><Quantity v="0"/><MeasureUnit v="KW1"/></Period><Period><TimeInterval v="2016-12-23T12:00Z/2016-12-23T13:00Z"/><Direction v="Z02"/><Quantity v="0"/><MeasureUnit v="KW1"/></Period><Period><TimeInterval v="2016-12-23T13:00Z/2016-12-23T14:00Z"/><Direction v="Z02"/><Quantity v="0"/><MeasureUnit v="KW1"/></Period><Period><TimeInterval v="2016-12-23T14:00Z/2016-12-23T15:00Z"/><Direction v="Z02"/><Quantity v="0"/><MeasureUnit v="KW1"/></Period><Period><TimeInterval v="2016-12-23T15:00Z/2016-12-23T16:00Z"/><Direction v="Z02"/><Quantity v="0"/><MeasureUnit v="KW1"/></Period><Period><TimeInterval v="2016-12-23T16:00Z/2016-12-23T17:00Z"/><Direction v="Z02"/><Quantity v="0"/><MeasureUnit v="KW1"/></Period><Period><TimeInterval v="2016-12-23T17:00Z/2016-12-23T18:00Z"/><Direction v="Z02"/><Quantity v="0"/><MeasureUnit v="KW1"/></Period><Period><TimeInterval v="2016-12-23T18:00Z/2016-12-23T19:00Z"/><Direction v="Z02"/><Quantity v="0"/><MeasureUnit v="KW1"/></Period><Period><TimeInterval v="2016-12-23T19:00Z/2016-12-23T20:00Z"/><Direction v="Z02"/><Quantity v="0"/><MeasureUnit v="KW1"/></Period><Period><TimeInterval v="2016-12-23T20:00Z/2016-12-23T21:00Z"/><Direction v="Z02"/><Quantity v="0"/><MeasureUnit v="KW1"/></Period><Period><TimeInterval v="2016-12-23T21:00Z/2016-12-23T22:00Z"/><Direction v="Z02"/><Quantity v="0"/><MeasureUnit v="KW1"/></Period><Period><TimeInterval v="2016-12-23T22:00Z/2016-12-23T23:00Z"/><Direction v="Z02"/><Quantity v="0"/><MeasureUnit v="KW1"/></Period><Period><TimeInterval v="2016-12-23T23:00Z/2016-12-24T00:00Z"/><Direction v="Z02"/><Quantity v="0"/><MeasureUnit v="KW1"/></Period><Period><TimeInterval v="2016-12-24T00:00Z/2016-12-24T01:00Z"/><Direction v="Z02"/><Quantity v="0"/><MeasureUnit v="KW1"/></Period><Period><TimeInterval v="2016-12-24T01:00Z/2016-12-24T02:00Z"/><Direction v="Z02"/><Quantity v="0"/><MeasureUnit v="KW1"/></Period><Period><TimeInterval v="2016-12-24T02:00Z/2016-12-24T03:00Z"/><Direction v="Z02"/><Quantity v="0"/><MeasureUnit v="KW1"/></Period><Period><TimeInterval v="2016-12-24T03:00Z/2016-12-24T04:00Z"/><Direction v="Z02"/><Quantity v="0"/><MeasureUnit v="KW1"/></Period><Period><TimeInterval v="2016-12-24T04:00Z/2016-12-24T05:00Z"/><Direction v="Z02"/><Quantity v="0"/><MeasureUnit v="KW1"/></Period><Period><TimeInterval v="2016-12-23T05:00Z/2016-12-23T06:00Z"/><Direction v="Z03"/><Quantity v="0"/><MeasureUnit v="KW1"/></Period><Period><TimeInterval v="2016-12-23T06:00Z/2016-12-23T07:00Z"/><Direction v="Z03"/><Quantity v="0"/><MeasureUnit v="KW1"/></Period><Period><TimeInterval v="2016-12-23T07:00Z/2016-12-23T08:00Z"/><Direction v="Z03"/><Quantity v="0"/><MeasureUnit v="KW1"/></Period><Period><TimeInterval v="2016-12-23T08:00Z/2016-12-23T09:00Z"/><Direction v="Z03"/><Quantity v="0"/><MeasureUnit v="KW1"/></Period><Period><TimeInterval v="2016-12-23T09:00Z/2016-12-23T10:00Z"/><Direction v="Z03"/><Quantity v="0"/><MeasureUnit v="KW1"/></Period><Period><TimeInterval v="2016-12-23T10:00Z/2016-12-23T11:00Z"/><Direction v="Z03"/><Quantity v="0"/><MeasureUnit v="KW1"/></Period><Period><TimeInterval v="2016-12-23T11:00Z/2016-12-23T12:00Z"/><Direction v="Z03"/><Quantity v="0"/><MeasureUnit v="KW1"/></Period><Period><TimeInterval v="2016-12-23T12:00Z/2016-12-23T13:00Z"/><Direction v="Z03"/><Quantity v="0"/><MeasureUnit v="KW1"/></Period><Period><TimeInterval v="2016-12-23T13:00Z/2016-12-23T14:00Z"/><Direction v="Z03"/><Quantity v="0"/><MeasureUnit v="KW1"/></Period><Period><TimeInterval v="2016-12-23T14:00Z/2016-12-23T15:00Z"/><Direction v="Z03"/><Quantity v="0"/><MeasureUnit v="KW1"/></Period><Period><TimeInterval v="2016-12-23T15:00Z/2016-12-23T16:00Z"/><Direction v="Z03"/><Quantity v="0"/><MeasureUnit v="KW1"/></Period><Period><TimeInterval v="2016-12-23T16:00Z/2016-12-23T17:00Z"/><Direction v="Z03"/><Quantity v="0"/><MeasureUnit v="KW1"/></Period><Period><TimeInterval v="2016-12-23T17:00Z/2016-12-23T18:00Z"/><Direction v="Z03"/><Quantity v="0"/><MeasureUnit v="KW1"/></Period><Period><TimeInterval v="2016-12-23T18:00Z/2016-12-23T19:00Z"/><Direction v="Z03"/><Quantity v="0"/><MeasureUnit v="KW1"/></Period><Period><TimeInterval v="2016-12-23T19:00Z/2016-12-23T20:00Z"/><Direction v="Z03"/><Quantity v="0"/><MeasureUnit v="KW1"/></Period><Period><TimeInterval v="2016-12-23T20:00Z/2016-12-23T21:00Z"/><Direction v="Z03"/><Quantity v="0"/><MeasureUnit v="KW1"/></Period><Period><TimeInterval v="2016-12-23T21:00Z/2016-12-23T22:00Z"/><Direction v="Z03"/><Quantity v="0"/><MeasureUnit v="KW1"/></Period><Period><TimeInterval v="2016-12-23T22:00Z/2016-12-23T23:00Z"/><Direction v="Z03"/><Quantity v="0"/><MeasureUnit v="KW1"/></Period><Period><TimeInterval v="2016-12-23T23:00Z/2016-12-24T00:00Z"/><Direction v="Z03"/><Quantity v="0"/><MeasureUnit v="KW1"/></Period><Period><TimeInterval v="2016-12-24T00:00Z/2016-12-24T01:00Z"/><Direction v="Z03"/><Quantity v="0"/><MeasureUnit v="KW1"/></Period><Period><TimeInterval v="2016-12-24T01:00Z/2016-12-24T02:00Z"/><Direction v="Z03"/><Quantity v="0"/><MeasureUnit v="KW1"/></Period><Period><TimeInterval v="2016-12-24T02:00Z/2016-12-24T03:00Z"/><Direction v="Z03"/><Quantity v="0"/><MeasureUnit v="KW1"/></Period><Period><TimeInterval v="2016-12-24T03:00Z/2016-12-24T04:00Z"/><Direction v="Z03"/><Quantity v="0"/><MeasureUnit v="KW1"/></Period><Period><TimeInterval v="2016-12-24T04:00Z/2016-12-24T05:00Z"/><Direction v="Z03"/><Quantity v="0"/><MeasureUnit v="KW1"/></Period></Category></ConnectionPoint><ConnectionPoint><Identification v="37Z000000001078I" codingScheme="305"/><Type v="Z26"/><Category><CapacityCode v="Z12"/><Period><TimeInterval v="2016-12-23T05:00Z/2016-12-23T06:00Z"/><Direction v="Z02"/><Quantity v="2775000"/><MeasureUnit v="KW1"/></Period><Period><TimeInterval v="2016-12-23T06:00Z/2016-12-23T07:00Z"/><Direction v="Z02"/><Quantity v="2775000"/><MeasureUnit v="KW1"/></Period><Period><TimeInterval v="2016-12-23T07:00Z/2016-12-23T08:00Z"/><Direction v="Z02"/><Quantity v="2775000"/><MeasureUnit v="KW1"/></Period><Period><TimeInterval v="2016-12-23T08:00Z/2016-12-23T09:00Z"/><Direction v="Z02"/><Quantity v="2775000"/><MeasureUnit v="KW1"/></Period><Period><TimeInterval v="2016-12-23T09:00Z/2016-12-23T10:00Z"/><Direction v="Z02"/><Quantity v="2775000"/><MeasureUnit v="KW1"/></Period><Period><TimeInterval v="2016-12-23T10:00Z/2016-12-23T11:00Z"/><Direction v="Z02"/><Quantity v="2775000"/><MeasureUnit v="KW1"/></Period><Period><TimeInterval v="2016-12-23T11:00Z/2016-12-23T12:00Z"/><Direction v="Z02"/><Quantity v="2775000"/><MeasureUnit v="KW1"/></Period><Period><TimeInterval v="2016-12-23T12:00Z/2016-12-23T13:00Z"/><Direction v="Z02"/><Quantity v="2775000"/><MeasureUnit v="KW1"/></Period><Period><TimeInterval v="2016-12-23T13:00Z/2016-12-23T14:00Z"/><Direction v="Z02"/><Quantity v="2775000"/><MeasureUnit v="KW1"/></Period><Period><TimeInterval v="2016-12-23T14:00Z/2016-12-23T15:00Z"/><Direction v="Z02"/><Quantity v="2775000"/><MeasureUnit v="KW1"/></Period><Period><TimeInterval v="2016-12-23T15:00Z/2016-12-23T16:00Z"/><Direction v="Z02"/><Quantity v="2775000"/><MeasureUnit v="KW1"/></Period><Period><TimeInterval v="2016-12-23T16:00Z/2016-12-23T17:00Z"/><Direction v="Z02"/><Quantity v="2775000"/><MeasureUnit v="KW1"/></Period><Period><TimeInterval v="2016-12-23T17:00Z/2016-12-23T18:00Z"/><Direction v="Z02"/><Quantity v="2775000"/><MeasureUnit v="KW1"/></Period><Period><TimeInterval v="2016-12-23T18:00Z/2016-12-23T19:00Z"/><Direction v="Z02"/><Quantity v="2775000"/><MeasureUnit v="KW1"/></Period><Period><TimeInterval v="2016-12-23T19:00Z/2016-12-23T20:00Z"/><Direction v="Z02"/><Quantity v="2775000"/><MeasureUnit v="KW1"/></Period><Period><TimeInterval v="2016-12-23T20:00Z/2016-12-23T21:00Z"/><Direction v="Z02"/><Quantity v="2775000"/><MeasureUnit v="KW1"/></Period><Period><TimeInterval v="2016-12-23T21:00Z/2016-12-23T22:00Z"/><Direction v="Z02"/><Quantity v="2775000"/><MeasureUnit v="KW1"/></Period><Period><TimeInterval v="2016-12-23T22:00Z/2016-12-23T23:00Z"/><Direction v="Z02"/><Quantity v="2775000"/><MeasureUnit v="KW1"/></Period><Period><TimeInterval v="2016-12-23T23:00Z/2016-12-24T00:00Z"/><Direction v="Z02"/><Quantity v="2775000"/><MeasureUnit v="KW1"/></Period><Period><TimeInterval v="2016-12-24T00:00Z/2016-12-24T01:00Z"/><Direction v="Z02"/><Quantity v="2775000"/><MeasureUnit v="KW1"/></Period><Period><TimeInterval v="2016-12-24T01:00Z/2016-12-24T02:00Z"/><Direction v="Z02"/><Quantity v="2775000"/><MeasureUnit v="KW1"/></Period><Period><TimeInterval v="2016-12-24T02:00Z/2016-12-24T03:00Z"/><Direction v="Z02"/><Quantity v="2775000"/><MeasureUnit v="KW1"/></Period><Period><TimeInterval v="2016-12-24T03:00Z/2016-12-24T04:00Z"/><Direction v="Z02"/><Quantity v="2775000"/><MeasureUnit v="KW1"/></Period><Period><TimeInterval v="2016-12-24T04:00Z/2016-12-24T05:00Z"/><Direction v="Z02"/><Quantity v="2775000"/><MeasureUnit v="KW1"/></Period></Category><Category><CapacityCode v="Z14"/><Period><TimeInterval v="2016-12-23T05:00Z/2016-12-23T06:00Z"/><Direction v="Z02"/><Quantity v="2775000"/><MeasureUnit v="KW1"/></Period><Period><TimeInterval v="2016-12-23T06:00Z/2016-12-23T07:00Z"/><Direction v="Z02"/><Quantity v="2775000"/><MeasureUnit v="KW1"/></Period><Period><TimeInterval v="2016-12-23T07:00Z/2016-12-23T08:00Z"/><Direction v="Z02"/><Quantity v="2775000"/><MeasureUnit v="KW1"/></Period><Period><TimeInterval v="2016-12-23T08:00Z/2016-12-23T09:00Z"/><Direction v="Z02"/><Quantity v="2775000"/><MeasureUnit v="KW1"/></Period><Period><TimeInterval v="2016-12-23T09:00Z/2016-12-23T10:00Z"/><Direction v="Z02"/><Quantity v="2775000"/><MeasureUnit v="KW1"/></Period><Period><TimeInterval v="2016-12-23T10:00Z/2016-12-23T11:00Z"/><Direction v="Z02"/><Quantity v="2775000"/><MeasureUnit v="KW1"/></Period><Period><TimeInterval v="2016-12-23T11:00Z/2016-12-23T12:00Z"/><Direction v="Z02"/><Quantity v="2775000"/><MeasureUnit v="KW1"/></Period><Period><TimeInterval v="2016-12-23T12:00Z/2016-12-23T13:00Z"/><Direction v="Z02"/><Quantity v="2775000"/><MeasureUnit v="KW1"/></Period><Period><TimeInterval v="2016-12-23T13:00Z/2016-12-23T14:00Z"/><Direction v="Z02"/><Quantity v="2775000"/><MeasureUnit v="KW1"/></Period><Period><TimeInterval v="2016-12-23T14:00Z/2016-12-23T15:00Z"/><Direction v="Z02"/><Quantity v="2775000"/><MeasureUnit v="KW1"/></Period><Period><TimeInterval v="2016-12-23T15:00Z/2016-12-23T16:00Z"/><Direction v="Z02"/><Quantity v="2775000"/><MeasureUnit v="KW1"/></Period><Period><TimeInterval v="2016-12-23T16:00Z/2016-12-23T17:00Z"/><Direction v="Z02"/><Quantity v="2775000"/><MeasureUnit v="KW1"/></Period><Period><TimeInterval v="2016-12-23T17:00Z/2016-12-23T18:00Z"/><Direction v="Z02"/><Quantity v="2775000"/><MeasureUnit v="KW1"/></Period><Period><TimeInterval v="2016-12-23T18:00Z/2016-12-23T19:00Z"/><Direction v="Z02"/><Quantity v="2775000"/><MeasureUnit v="KW1"/></Period><Period><TimeInterval v="2016-12-23T19:00Z/2016-12-23T20:00Z"/><Direction v="Z02"/><Quantity v="2775000"/><MeasureUnit v="KW1"/></Period><Period><TimeInterval v="2016-12-23T20:00Z/2016-12-23T21:00Z"/><Direction v="Z02"/><Quantity v="2775000"/><MeasureUnit v="KW1"/></Period><Period><TimeInterval v="2016-12-23T21:00Z/2016-12-23T22:00Z"/><Direction v="Z02"/><Quantity v="2775000"/><MeasureUnit v="KW1"/></Period><Period><TimeInterval v="2016-12-23T22:00Z/2016-12-23T23:00Z"/><Direction v="Z02"/><Quantity v="2775000"/><MeasureUnit v="KW1"/></Period><Period><TimeInterval v="2016-12-23T23:00Z/2016-12-24T00:00Z"/><Direction v="Z02"/><Quantity v="2775000"/><MeasureUnit v="KW1"/></Period><Period><TimeInterval v="2016-12-24T00:00Z/2016-12-24T01:00Z"/><Direction v="Z02"/><Quantity v="2775000"/><MeasureUnit v="KW1"/></Period><Period><TimeInterval v="2016-12-24T01:00Z/2016-12-24T02:00Z"/><Direction v="Z02"/><Quantity v="2775000"/><MeasureUnit v="KW1"/></Period><Period><TimeInterval v="2016-12-24T02:00Z/2016-12-24T03:00Z"/><Direction v="Z02"/><Quantity v="2775000"/><MeasureUnit v="KW1"/></Period><Period><TimeInterval v="2016-12-24T03:00Z/2016-12-24T04:00Z"/><Direction v="Z02"/><Quantity v="2775000"/><MeasureUnit v="KW1"/></Period><Period><TimeInterval v="2016-12-24T04:00Z/2016-12-24T05:00Z"/><Direction v="Z02"/><Quantity v="2775000"/><MeasureUnit v="KW1"/></Period></Category><Category><CapacityCode v="Z15"/><Period><TimeInterval v="2016-12-23T05:00Z/2016-12-23T06:00Z"/><Direction v="Z02"/><Quantity v="0"/><MeasureUnit v="KW1"/></Period><Period><TimeInterval v="2016-12-23T06:00Z/2016-12-23T07:00Z"/><Direction v="Z02"/><Quantity v="0"/><MeasureUnit v="KW1"/></Period><Period><TimeInterval v="2016-12-23T07:00Z/2016-12-23T08:00Z"/><Direction v="Z02"/><Quantity v="0"/><MeasureUnit v="KW1"/></Period><Period><TimeInterval v="2016-12-23T08:00Z/2016-12-23T09:00Z"/><Direction v="Z02"/><Quantity v="0"/><MeasureUnit v="KW1"/></Period><Period><TimeInterval v="2016-12-23T09:00Z/2016-12-23T10:00Z"/><Direction v="Z02"/><Quantity v="0"/><MeasureUnit v="KW1"/></Period><Period><TimeInterval v="2016-12-23T10:00Z/2016-12-23T11:00Z"/><Direction v="Z02"/><Quantity v="0"/><MeasureUnit v="KW1"/></Period><Period><TimeInterval v="2016-12-23T11:00Z/2016-12-23T12:00Z"/><Direction v="Z02"/><Quantity v="0"/><MeasureUnit v="KW1"/></Period><Period><TimeInterval v="2016-12-23T12:00Z/2016-12-23T13:00Z"/><Direction v="Z02"/><Quantity v="0"/><MeasureUnit v="KW1"/></Period><Period><TimeInterval v="2016-12-23T13:00Z/2016-12-23T14:00Z"/><Direction v="Z02"/><Quantity v="0"/><MeasureUnit v="KW1"/></Period><Period><TimeInterval v="2016-12-23T14:00Z/2016-12-23T15:00Z"/><Direction v="Z02"/><Quantity v="0"/><MeasureUnit v="KW1"/></Period><Period><TimeInterval v="2016-12-23T15:00Z/2016-12-23T16:00Z"/><Direction v="Z02"/><Quantity v="0"/><MeasureUnit v="KW1"/></Period><Period><TimeInterval v="2016-12-23T16:00Z/2016-12-23T17:00Z"/><Direction v="Z02"/><Quantity v="0"/><MeasureUnit v="KW1"/></Period><Period><TimeInterval v="2016-12-23T17:00Z/2016-12-23T18:00Z"/><Direction v="Z02"/><Quantity v="0"/><MeasureUnit v="KW1"/></Period><Period><TimeInterval v="2016-12-23T18:00Z/2016-12-23T19:00Z"/><Direction v="Z02"/><Quantity v="0"/><MeasureUnit v="KW1"/></Period><Period><TimeInterval v="2016-12-23T19:00Z/2016-12-23T20:00Z"/><Direction v="Z02"/><Quantity v="0"/><MeasureUnit v="KW1"/></Period><Period><TimeInterval v="2016-12-23T20:00Z/2016-12-23T21:00Z"/><Direction v="Z02"/><Quantity v="0"/><MeasureUnit v="KW1"/></Period><Period><TimeInterval v="2016-12-23T21:00Z/2016-12-23T22:00Z"/><Direction v="Z02"/><Quantity v="0"/><MeasureUnit v="KW1"/></Period><Period><TimeInterval v="2016-12-23T22:00Z/2016-12-23T23:00Z"/><Direction v="Z02"/><Quantity v="0"/><MeasureUnit v="KW1"/></Period><Period><TimeInterval v="2016-12-23T23:00Z/2016-12-24T00:00Z"/><Direction v="Z02"/><Quantity v="0"/><MeasureUnit v="KW1"/></Period><Period><TimeInterval v="2016-12-24T00:00Z/2016-12-24T01:00Z"/><Direction v="Z02"/><Quantity v="0"/><MeasureUnit v="KW1"/></Period><Period><TimeInterval v="2016-12-24T01:00Z/2016-12-24T02:00Z"/><Direction v="Z02"/><Quantity v="0"/><MeasureUnit v="KW1"/></Period><Period><TimeInterval v="2016-12-24T02:00Z/2016-12-24T03:00Z"/><Direction v="Z02"/><Quantity v="0"/><MeasureUnit v="KW1"/></Period><Period><TimeInterval v="2016-12-24T03:00Z/2016-12-24T04:00Z"/><Direction v="Z02"/><Quantity v="0"/><MeasureUnit v="KW1"/></Period><Period><TimeInterval v="2016-12-24T04:00Z/2016-12-24T05:00Z"/><Direction v="Z02"/><Quantity v="0"/><MeasureUnit v="KW1"/></Period></Category></ConnectionPoint><ConnectionPoint><Identification v="37Y000000000288Q" codingScheme="305"/><Type v="Z26"/><Category><CapacityCode v="Z12"/><Period><TimeInterval v="2016-12-23T05:00Z/2016-12-23T06:00Z"/><Direction v="Z02"/><Quantity v="55844"/><MeasureUnit v="KW1"/></Period><Period><TimeInterval v="2016-12-23T06:00Z/2016-12-23T07:00Z"/><Direction v="Z02"/><Quantity v="55844"/><MeasureUnit v="KW1"/></Period><Period><TimeInterval v="2016-12-23T07:00Z/2016-12-23T08:00Z"/><Direction v="Z02"/><Quantity v="55844"/><MeasureUnit v="KW1"/></Period><Period><TimeInterval v="2016-12-23T08:00Z/2016-12-23T09:00Z"/><Direction v="Z02"/><Quantity v="55844"/><MeasureUnit v="KW1"/></Period><Period><TimeInterval v="2016-12-23T09:00Z/2016-12-23T10:00Z"/><Direction v="Z02"/><Quantity v="55844"/><MeasureUnit v="KW1"/></Period><Period><TimeInterval v="2016-12-23T10:00Z/2016-12-23T11:00Z"/><Direction v="Z02"/><Quantity v="55844"/><MeasureUnit v="KW1"/></Period><Period><TimeInterval v="2016-12-23T11:00Z/2016-12-23T12:00Z"/><Direction v="Z02"/><Quantity v="55844"/><MeasureUnit v="KW1"/></Period><Period><TimeInterval v="2016-12-23T12:00Z/2016-12-23T13:00Z"/><Direction v="Z02"/><Quantity v="55844"/><MeasureUnit v="KW1"/></Period><Period><TimeInterval v="2016-12-23T13:00Z/2016-12-23T14:00Z"/><Direction v="Z02"/><Quantity v="55844"/><MeasureUnit v="KW1"/></Period><Period><TimeInterval v="2016-12-23T14:00Z/2016-12-23T15:00Z"/><Direction v="Z02"/><Quantity v="55844"/><MeasureUnit v="KW1"/></Period><Period><TimeInterval v="2016-12-23T15:00Z/2016-12-23T16:00Z"/><Direction v="Z02"/><Quantity v="55844"/><MeasureUnit v="KW1"/></Period><Period><TimeInterval v="2016-12-23T16:00Z/2016-12-23T17:00Z"/><Direction v="Z02"/><Quantity v="55844"/><MeasureUnit v="KW1"/></Period><Period><TimeInterval v="2016-12-23T17:00Z/2016-12-23T18:00Z"/><Direction v="Z02"/><Quantity v="55844"/><MeasureUnit v="KW1"/></Period><Period><TimeInterval v="2016-12-23T18:00Z/2016-12-23T19:00Z"/><Direction v="Z02"/><Quantity v="55844"/><MeasureUnit v="KW1"/></Period><Period><TimeInterval v="2016-12-23T19:00Z/2016-12-23T20:00Z"/><Direction v="Z02"/><Quantity v="55844"/><MeasureUnit v="KW1"/></Period><Period><TimeInterval v="2016-12-23T20:00Z/2016-12-23T21:00Z"/><Direction v="Z02"/><Quantity v="55844"/><MeasureUnit v="KW1"/></Period><Period><TimeInterval v="2016-12-23T21:00Z/2016-12-23T22:00Z"/><Direction v="Z02"/><Quantity v="55844"/><MeasureUnit v="KW1"/></Period><Period><TimeInterval v="2016-12-23T22:00Z/2016-12-23T23:00Z"/><Direction v="Z02"/><Quantity v="55844"/><MeasureUnit v="KW1"/></Period><Period><TimeInterval v="2016-12-23T23:00Z/2016-12-24T00:00Z"/><Direction v="Z02"/><Quantity v="55844"/><MeasureUnit v="KW1"/></Period><Period><TimeInterval v="2016-12-24T00:00Z/2016-12-24T01:00Z"/><Direction v="Z02"/><Quantity v="55844"/><MeasureUnit v="KW1"/></Period><Period><TimeInterval v="2016-12-24T01:00Z/2016-12-24T02:00Z"/><Direction v="Z02"/><Quantity v="55844"/><MeasureUnit v="KW1"/></Period><Period><TimeInterval v="2016-12-24T02:00Z/2016-12-24T03:00Z"/><Direction v="Z02"/><Quantity v="55844"/><MeasureUnit v="KW1"/></Period><Period><TimeInterval v="2016-12-24T03:00Z/2016-12-24T04:00Z"/><Direction v="Z02"/><Quantity v="55844"/><MeasureUnit v="KW1"/></Period><Period><TimeInterval v="2016-12-24T04:00Z/2016-12-24T05:00Z"/><Direction v="Z02"/><Quantity v="55844"/><MeasureUnit v="KW1"/></Period></Category><Category><CapacityCode v="Z14"/><Period><TimeInterval v="2016-12-23T05:00Z/2016-12-23T06:00Z"/><Direction v="Z02"/><Quantity v="9244"/><MeasureUnit v="KW1"/></Period><Period><TimeInterval v="2016-12-23T06:00Z/2016-12-23T07:00Z"/><Direction v="Z02"/><Quantity v="9244"/><MeasureUnit v="KW1"/></Period><Period><TimeInterval v="2016-12-23T07:00Z/2016-12-23T08:00Z"/><Direction v="Z02"/><Quantity v="9244"/><MeasureUnit v="KW1"/></Period><Period><TimeInterval v="2016-12-23T08:00Z/2016-12-23T09:00Z"/><Direction v="Z02"/><Quantity v="9244"/><MeasureUnit v="KW1"/></Period><Period><TimeInterval v="2016-12-23T09:00Z/2016-12-23T10:00Z"/><Direction v="Z02"/><Quantity v="9244"/><MeasureUnit v="KW1"/></Period><Period><TimeInterval v="2016-12-23T10:00Z/2016-12-23T11:00Z"/><Direction v="Z02"/><Quantity v="9244"/><MeasureUnit v="KW1"/></Period><Period><TimeInterval v="2016-12-23T11:00Z/2016-12-23T12:00Z"/><Direction v="Z02"/><Quantity v="9244"/><MeasureUnit v="KW1"/></Period><Period><TimeInterval v="2016-12-23T12:00Z/2016-12-23T13:00Z"/><Direction v="Z02"/><Quantity v="9244"/><MeasureUnit v="KW1"/></Period><Period><TimeInterval v="2016-12-23T13:00Z/2016-12-23T14:00Z"/><Direction v="Z02"/><Quantity v="9244"/><MeasureUnit v="KW1"/></Period><Period><TimeInterval v="2016-12-23T14:00Z/2016-12-23T15:00Z"/><Direction v="Z02"/><Quantity v="9244"/><MeasureUnit v="KW1"/></Period><Period><TimeInterval v="2016-12-23T15:00Z/2016-12-23T16:00Z"/><Direction v="Z02"/><Quantity v="9244"/><MeasureUnit v="KW1"/></Period><Period><TimeInterval v="2016-12-23T16:00Z/2016-12-23T17:00Z"/><Direction v="Z02"/><Quantity v="9244"/><MeasureUnit v="KW1"/></Period><Period><TimeInterval v="2016-12-23T17:00Z/2016-12-23T18:00Z"/><Direction v="Z02"/><Quantity v="9244"/><MeasureUnit v="KW1"/></Period><Period><TimeInterval v="2016-12-23T18:00Z/2016-12-23T19:00Z"/><Direction v="Z02"/><Quantity v="9244"/><MeasureUnit v="KW1"/></Period><Period><TimeInterval v="2016-12-23T19:00Z/2016-12-23T20:00Z"/><Direction v="Z02"/><Quantity v="9244"/><MeasureUnit v="KW1"/></Period><Period><TimeInterval v="2016-12-23T20:00Z/2016-12-23T21:00Z"/><Direction v="Z02"/><Quantity v="9244"/><MeasureUnit v="KW1"/></Period><Period><TimeInterval v="2016-12-23T21:00Z/2016-12-23T22:00Z"/><Direction v="Z02"/><Quantity v="9244"/><MeasureUnit v="KW1"/></Period><Period><TimeInterval v="2016-12-23T22:00Z/2016-12-23T23:00Z"/><Direction v="Z02"/><Quantity v="9244"/><MeasureUnit v="KW1"/></Period><Period><TimeInterval v="2016-12-23T23:00Z/2016-12-24T00:00Z"/><Direction v="Z02"/><Quantity v="9244"/><MeasureUnit v="KW1"/></Period><Period><TimeInterval v="2016-12-24T00:00Z/2016-12-24T01:00Z"/><Direction v="Z02"/><Quantity v="9244"/><MeasureUnit v="KW1"/></Period><Period><TimeInterval v="2016-12-24T01:00Z/2016-12-24T02:00Z"/><Direction v="Z02"/><Quantity v="9244"/><MeasureUnit v="KW1"/></Period><Period><TimeInterval v="2016-12-24T02:00Z/2016-12-24T03:00Z"/><Direction v="Z02"/><Quantity v="9244"/><MeasureUnit v="KW1"/></Period><Period><TimeInterval v="2016-12-24T03:00Z/2016-12-24T04:00Z"/><Direction v="Z02"/><Quantity v="9244"/><MeasureUnit v="KW1"/></Period><Period><TimeInterval v="2016-12-24T04:00Z/2016-12-24T05:00Z"/><Direction v="Z02"/><Quantity v="9244"/><MeasureUnit v="KW1"/></Period></Category><Category><CapacityCode v="Z15"/><Period><TimeInterval v="2016-12-23T05:00Z/2016-12-23T06:00Z"/><Direction v="Z02"/><Quantity v="0"/><MeasureUnit v="KW1"/></Period><Period><TimeInterval v="2016-12-23T06:00Z/2016-12-23T07:00Z"/><Direction v="Z02"/><Quantity v="0"/><MeasureUnit v="KW1"/></Period><Period><TimeInterval v="2016-12-23T07:00Z/2016-12-23T08:00Z"/><Direction v="Z02"/><Quantity v="0"/><MeasureUnit v="KW1"/></Period><Period><TimeInterval v="2016-12-23T08:00Z/2016-12-23T09:00Z"/><Direction v="Z02"/><Quantity v="0"/><MeasureUnit v="KW1"/></Period><Period><TimeInterval v="2016-12-23T09:00Z/2016-12-23T10:00Z"/><Direction v="Z02"/><Quantity v="0"/><MeasureUnit v="KW1"/></Period><Period><TimeInterval v="2016-12-23T10:00Z/2016-12-23T11:00Z"/><Direction v="Z02"/><Quantity v="0"/><MeasureUnit v="KW1"/></Period><Period><TimeInterval v="2016-12-23T11:00Z/2016-12-23T12:00Z"/><Direction v="Z02"/><Quantity v="0"/><MeasureUnit v="KW1"/></Period><Period><TimeInterval v="2016-12-23T12:00Z/2016-12-23T13:00Z"/><Direction v="Z02"/><Quantity v="0"/><MeasureUnit v="KW1"/></Period><Period><TimeInterval v="2016-12-23T13:00Z/2016-12-23T14:00Z"/><Direction v="Z02"/><Quantity v="0"/><MeasureUnit v="KW1"/></Period><Period><TimeInterval v="2016-12-23T14:00Z/2016-12-23T15:00Z"/><Direction v="Z02"/><Quantity v="0"/><MeasureUnit v="KW1"/></Period><Period><TimeInterval v="2016-12-23T15:00Z/2016-12-23T16:00Z"/><Direction v="Z02"/><Quantity v="0"/><MeasureUnit v="KW1"/></Period><Period><TimeInterval v="2016-12-23T16:00Z/2016-12-23T17:00Z"/><Direction v="Z02"/><Quantity v="0"/><MeasureUnit v="KW1"/></Period><Period><TimeInterval v="2016-12-23T17:00Z/2016-12-23T18:00Z"/><Direction v="Z02"/><Quantity v="0"/><MeasureUnit v="KW1"/></Period><Period><TimeInterval v="2016-12-23T18:00Z/2016-12-23T19:00Z"/><Direction v="Z02"/><Quantity v="0"/><MeasureUnit v="KW1"/></Period><Period><TimeInterval v="2016-12-23T19:00Z/2016-12-23T20:00Z"/><Direction v="Z02"/><Quantity v="0"/><MeasureUnit v="KW1"/></Period><Period><TimeInterval v="2016-12-23T20:00Z/2016-12-23T21:00Z"/><Direction v="Z02"/><Quantity v="0"/><MeasureUnit v="KW1"/></Period><Period><TimeInterval v="2016-12-23T21:00Z/2016-12-23T22:00Z"/><Direction v="Z02"/><Quantity v="0"/><MeasureUnit v="KW1"/></Period><Period><TimeInterval v="2016-12-23T22:00Z/2016-12-23T23:00Z"/><Direction v="Z02"/><Quantity v="0"/><MeasureUnit v="KW1"/></Period><Period><TimeInterval v="2016-12-23T23:00Z/2016-12-24T00:00Z"/><Direction v="Z02"/><Quantity v="0"/><MeasureUnit v="KW1"/></Period><Period><TimeInterval v="2016-12-24T00:00Z/2016-12-24T01:00Z"/><Direction v="Z02"/><Quantity v="0"/><MeasureUnit v="KW1"/></Period><Period><TimeInterval v="2016-12-24T01:00Z/2016-12-24T02:00Z"/><Direction v="Z02"/><Quantity v="0"/><MeasureUnit v="KW1"/></Period><Period><TimeInterval v="2016-12-24T02:00Z/2016-12-24T03:00Z"/><Direction v="Z02"/><Quantity v="0"/><MeasureUnit v="KW1"/></Period><Period><TimeInterval v="2016-12-24T03:00Z/2016-12-24T04:00Z"/><Direction v="Z02"/><Quantity v="0"/><MeasureUnit v="KW1"/></Period><Period><TimeInterval v="2016-12-24T04:00Z/2016-12-24T05:00Z"/><Direction v="Z02"/><Quantity v="0"/><MeasureUnit v="KW1"/></Period></Category></ConnectionPoint></TransparencyPublication>