<?xml version="1.0" encoding="UTF-8"?><TransparencyPublication Version="EGAS50" Release="A"><Identification v="TRANPB20170104A104296"/><Version v="1"/><Type v="AL6"/><CreationDateTime v="2017-01-04T07:09:51.477Z"/><ValidityPeriod v="2016-12-18T05:00Z/2016-12-19T05:00Z"/><IssuerIdentification v="21X-DE-C-A0A0A-T" codingScheme="305"/><IssuerRole v="ZSO"/><RecipientIdentification v="10X1001A1001A353" codingScheme="305"/><RecipientRole v="ZUA"/><ConnectionPoint><Identification v="37Z000000001078I" codingScheme="305"/><Type v="Z26"/><Category><CapacityCode v="Z08"/><Period><TimeInterval v="2016-12-18T05:00Z/2016-12-18T06:00Z"/><Direction v="Z02"/><Quantity v="2775000"/><MeasureUnit v="KW1"/></Period><Period><TimeInterval v="2016-12-18T06:00Z/2016-12-18T07:00Z"/><Direction v="Z02"/><Quantity v="2775000"/><MeasureUnit v="KW1"/></Period><Period><TimeInterval v="2016-12-18T07:00Z/2016-12-18T08:00Z"/><Direction v="Z02"/><Quantity v="2775000"/><MeasureUnit v="KW1"/></Period><Period><TimeInterval v="2016-12-18T08:00Z/2016-12-18T09:00Z"/><Direction v="Z02"/><Quantity v="2775000"/><MeasureUnit v="KW1"/></Period><Period><TimeInterval v="2016-12-18T09:00Z/2016-12-18T10:00Z"/><Direction v="Z02"/><Quantity v="2775000"/><MeasureUnit v="KW1"/></Period><Period><TimeInterval v="2016-12-18T10:00Z/2016-12-18T11:00Z"/><Direction v="Z02"/><Quantity v="2775000"/><MeasureUnit v="KW1"/></Period><Period><TimeInterval v="2016-12-18T11:00Z/2016-12-18T12:00Z"/><Direction v="Z02"/><Quantity v="2775000"/><MeasureUnit v="KW1"/></Period><Period><TimeInterval v="2016-12-18T12:00Z/2016-12-18T13:00Z"/><Direction v="Z02"/><Quantity v="2775000"/><MeasureUnit v="KW1"/></Period><Period><TimeInterval v="2016-12-18T13:00Z/2016-12-18T14:00Z"/><Direction v="Z02"/><Quantity v="2775000"/><MeasureUnit v="KW1"/></Period><Period><TimeInterval v="2016-12-18T14:00Z/2016-12-18T15:00Z"/><Direction v="Z02"/><Quantity v="2775000"/><MeasureUnit v="KW1"/></Period><Period><TimeInterval v="2016-12-18T15:00Z/2016-12-18T16:00Z"/><Direction v="Z02"/><Quantity v="2775000"/><MeasureUnit v="KW1"/></Period><Period><TimeInterval v="2016-12-18T16:00Z/2016-12-18T17:00Z"/><Direction v="Z02"/><Quantity v="2775000"/><MeasureUnit v="KW1"/></Period><Period><TimeInterval v="2016-12-18T17:00Z/2016-12-18T18:00Z"/><Direction v="Z02"/><Quantity v="2775000"/><MeasureUnit v="KW1"/></Period><Period><TimeInterval v="2016-12-18T18:00Z/2016-12-18T19:00Z"/><Direction v="Z02"/><Quantity v="2775000"/><MeasureUnit v="KW1"/></Period><Period><TimeInterval v="2016-12-18T19:00Z/2016-12-18T20:00Z"/><Direction v="Z02"/><Quantity v="2775000"/><MeasureUnit v="KW1"/></Period><Period><TimeInterval v="2016-12-18T20:00Z/2016-12-18T21:00Z"/><Direction v="Z02"/><Quantity v="2775000"/><MeasureUnit v="KW1"/></Period><Period><TimeInterval v="2016-12-18T21:00Z/2016-12-18T22:00Z"/><Direction v="Z02"/><Quantity v="2775000"/><MeasureUnit v="KW1"/></Period><Period><TimeInterval v="2016-12-18T22:00Z/2016-12-18T23:00Z"/><Direction v="Z02"/><Quantity v="2775000"/><MeasureUnit v="KW1"/></Period><Period><TimeInterval v="2016-12-18T23:00Z/2016-12-19T00:00Z"/><Direction v="Z02"/><Quantity v="2775000"/><MeasureUnit v="KW1"/></Period><Period><TimeInterval v="2016-12-19T00:00Z/2016-12-19T01:00Z"/><Direction v="Z02"/><Quantity v="2775000"/><MeasureUnit v="KW1"/></Period><Period><TimeInterval v="2016-12-19T01:00Z/2016-12-19T02:00Z"/><Direction v="Z02"/><Quantity v="2775000"/><MeasureUnit v="KW1"/></Period><Period><TimeInterval v="2016-12-19T02:00Z/2016-12-19T03:00Z"/><Direction v="Z02"/><Quantity v="2775000"/><MeasureUnit v="KW1"/></Period><Period><TimeInterval v="2016-12-19T03:00Z/2016-12-19T04:00Z"/><Direction v="Z02"/><Quantity v="2775000"/><MeasureUnit v="KW1"/></Period><Period><TimeInterval v="2016-12-19T04:00Z/2016-12-19T05:00Z"/><Direction v="Z02"/><Quantity v="2775000"/><MeasureUnit v="KW1"/></Period></Category></ConnectionPoint><ConnectionPoint><Identification v="37Y000000000288Q" codingScheme="305"/><Type v="Z26"/><Category><CapacityCode v="Z08"/><Period><TimeInterval v="2016-12-18T05:00Z/2016-12-18T06:00Z"/><Direction v="Z02"/><Quantity v="1266833"/><MeasureUnit v="KW1"/></Period><Period><TimeInterval v="2016-12-18T06:00Z/2016-12-18T07:00Z"/><Direction v="Z02"/><Quantity v="1302002"/><MeasureUnit v="KW1"/></Period><Period><TimeInterval v="2016-12-18T07:00Z/2016-12-18T08:00Z"/><Direction v="Z02"/><Quantity v="1307431"/><MeasureUnit v="KW1"/></Period><Period><TimeInterval v="2016-12-18T08:00Z/2016-12-18T09:00Z"/><Direction v="Z02"/><Quantity v="1348428"/><MeasureUnit v="KW1"/></Period><Period><TimeInterval v="2016-12-18T09:00Z/2016-12-18T10:00Z"/><Direction v="Z02"/><Quantity v="1325912"/><MeasureUnit v="KW1"/></Period><Period><TimeInterval v="2016-12-18T10:00Z/2016-12-18T11:00Z"/><Direction v="Z02"/><Quantity v="1327913"/><MeasureUnit v="KW1"/></Period><Period><TimeInterval v="2016-12-18T11:00Z/2016-12-18T12:00Z"/><Direction v="Z02"/><Quantity v="1329337"/><MeasureUnit v="KW1"/></Period><Period><TimeInterval v="2016-12-18T12:00Z/2016-12-18T13:00Z"/><Direction v="Z02"/><Quantity v="1261556"/><MeasureUnit v="KW1"/></Period><Period><TimeInterval v="2016-12-18T13:00Z/2016-12-18T14:00Z"/><Direction v="Z02"/><Quantity v="1230484"/><MeasureUnit v="KW1"/></Period><Period><TimeInterval v="2016-12-18T14:00Z/2016-12-18T15:00Z"/><Direction v="Z02"/><Quantity v="1210099"/><MeasureUnit v="KW1"/></Period><Period><TimeInterval v="2016-12-18T15:00Z/2016-12-18T16:00Z"/><Direction v="Z02"/><Quantity v="1203847"/><MeasureUnit v="KW1"/></Period><Period><TimeInterval v="2016-12-18T16:00Z/2016-12-18T17:00Z"/><Direction v="Z02"/><Quantity v="1244927"/><MeasureUnit v="KW1"/></Period><Period><TimeInterval v="2016-12-18T17:00Z/2016-12-18T18:00Z"/><Direction v="Z02"/><Quantity v="1229606"/><MeasureUnit v="KW1"/></Period><Period><TimeInterval v="2016-12-18T18:00Z/2016-12-18T19:00Z"/><Direction v="Z02"/><Quantity v="1214622"/><MeasureUnit v="KW1"/></Period><Period><TimeInterval v="2016-12-18T19:00Z/2016-12-18T20:00Z"/><Direction v="Z02"/><Quantity v="1227804"/><MeasureUnit v="KW1"/></Period><Period><TimeInterval v="2016-12-18T20:00Z/2016-12-18T21:00Z"/><Direction v="Z02"/><Quantity v="1062895"/><MeasureUnit v="KW1"/></Period><Period><TimeInterval v="2016-12-18T21:00Z/2016-12-18T22:00Z"/><Direction v="Z02"/><Quantity v="905328"/><MeasureUnit v="KW1"/></Period><Period><TimeInterval v="2016-12-18T22:00Z/2016-12-18T23:00Z"/><Direction v="Z02"/><Quantity v="791376"/><MeasureUnit v="KW1"/></Period><Period><TimeInterval v="2016-12-18T23:00Z/2016-12-19T00:00Z"/><Direction v="Z02"/><Quantity v="747257"/><MeasureUnit v="KW1"/></Period><Period><TimeInterval v="2016-12-19T00:00Z/2016-12-19T01:00Z"/><Direction v="Z02"/><Quantity v="737288"/><MeasureUnit v="KW1"/></Period><Period><TimeInterval v="2016-12-19T01:00Z/2016-12-19T02:00Z"/><Direction v="Z02"/><Quantity v="744721"/><MeasureUnit v="KW1"/></Period><Period><TimeInterval v="2016-12-19T02:00Z/2016-12-19T03:00Z"/><Direction v="Z02"/><Quantity v="821304"/><MeasureUnit v="KW1"/></Period><Period><TimeInterval v="2016-12-19T03:00Z/2016-12-19T04:00Z"/><Direction v="Z02"/><Quantity v="953590"/><MeasureUnit v="KW1"/></Period><Period><TimeInterval v="2016-12-19T04:00Z/2016-12-19T05:00Z"/><Direction v="Z02"/><Quantity v="1396511"/><MeasureUnit v="KW1"/></Period></Category></ConnectionPoint></TransparencyPublication>