<?xml version="1.0" encoding="UTF-8"?><TransparencyPublication Version="EGAS50" Release="A"><Identification v="TRANPB20170104A104285"/><Version v="1"/><Type v="AL6"/><CreationDateTime v="2017-01-04T07:09:34.525Z"/><ValidityPeriod v="2016-12-07T05:00Z/2016-12-08T05:00Z"/><IssuerIdentification v="21X-DE-C-A0A0A-T" codingScheme="305"/><IssuerRole v="ZSO"/><RecipientIdentification v="10X1001A1001A353" codingScheme="305"/><RecipientRole v="ZUA"/><ConnectionPoint><Identification v="37Y000000000288Q" codingScheme="305"/><Type v="Z26"/><Category><CapacityCode v="Z08"/><Period><TimeInterval v="2016-12-07T05:00Z/2016-12-07T06:00Z"/><Direction v="Z02"/><Quantity v="2256277"/><MeasureUnit v="KW1"/></Period><Period><TimeInterval v="2016-12-07T06:00Z/2016-12-07T07:00Z"/><Direction v="Z02"/><Quantity v="2443783"/><MeasureUnit v="KW1"/></Period><Period><TimeInterval v="2016-12-07T07:00Z/2016-12-07T08:00Z"/><Direction v="Z02"/><Quantity v="2355531"/><MeasureUnit v="KW1"/></Period><Period><TimeInterval v="2016-12-07T08:00Z/2016-12-07T09:00Z"/><Direction v="Z02"/><Quantity v="2219715"/><MeasureUnit v="KW1"/></Period><Period><TimeInterval v="2016-12-07T09:00Z/2016-12-07T10:00Z"/><Direction v="Z02"/><Quantity v="2087816"/><MeasureUnit v="KW1"/></Period><Period><TimeInterval v="2016-12-07T10:00Z/2016-12-07T11:00Z"/><Direction v="Z02"/><Quantity v="1953245"/><MeasureUnit v="KW1"/></Period><Period><TimeInterval v="2016-12-07T11:00Z/2016-12-07T12:00Z"/><Direction v="Z02"/><Quantity v="1893265"/><MeasureUnit v="KW1"/></Period><Period><TimeInterval v="2016-12-07T12:00Z/2016-12-07T13:00Z"/><Direction v="Z02"/><Quantity v="1802186"/><MeasureUnit v="KW1"/></Period><Period><TimeInterval v="2016-12-07T13:00Z/2016-12-07T14:00Z"/><Direction v="Z02"/><Quantity v="1696340"/><MeasureUnit v="KW1"/></Period><Period><TimeInterval v="2016-12-07T14:00Z/2016-12-07T15:00Z"/><Direction v="Z02"/><Quantity v="1712033"/><MeasureUnit v="KW1"/></Period><Period><TimeInterval v="2016-12-07T15:00Z/2016-12-07T16:00Z"/><Direction v="Z02"/><Quantity v="1654906"/><MeasureUnit v="KW1"/></Period><Period><TimeInterval v="2016-12-07T16:00Z/2016-12-07T17:00Z"/><Direction v="Z02"/><Quantity v="1650602"/><MeasureUnit v="KW1"/></Period><Period><TimeInterval v="2016-12-07T17:00Z/2016-12-07T18:00Z"/><Direction v="Z02"/><Quantity v="1623476"/><MeasureUnit v="KW1"/></Period><Period><TimeInterval v="2016-12-07T18:00Z/2016-12-07T19:00Z"/><Direction v="Z02"/><Quantity v="1595425"/><MeasureUnit v="KW1"/></Period><Period><TimeInterval v="2016-12-07T19:00Z/2016-12-07T20:00Z"/><Direction v="Z02"/><Quantity v="1527029"/><MeasureUnit v="KW1"/></Period><Period><TimeInterval v="2016-12-07T20:00Z/2016-12-07T21:00Z"/><Direction v="Z02"/><Quantity v="1242328"/><MeasureUnit v="KW1"/></Period><Period><TimeInterval v="2016-12-07T21:00Z/2016-12-07T22:00Z"/><Direction v="Z02"/><Quantity v="1161010"/><MeasureUnit v="KW1"/></Period><Period><TimeInterval v="2016-12-07T22:00Z/2016-12-07T23:00Z"/><Direction v="Z02"/><Quantity v="1018247"/><MeasureUnit v="KW1"/></Period><Period><TimeInterval v="2016-12-07T23:00Z/2016-12-08T00:00Z"/><Direction v="Z02"/><Quantity v="952471"/><MeasureUnit v="KW1"/></Period><Period><TimeInterval v="2016-12-08T00:00Z/2016-12-08T01:00Z"/><Direction v="Z02"/><Quantity v="968370"/><MeasureUnit v="KW1"/></Period><Period><TimeInterval v="2016-12-08T01:00Z/2016-12-08T02:00Z"/><Direction v="Z02"/><Quantity v="1003675"/><MeasureUnit v="KW1"/></Period><Period><TimeInterval v="2016-12-08T02:00Z/2016-12-08T03:00Z"/><Direction v="Z02"/><Quantity v="1043113"/><MeasureUnit v="KW1"/></Period><Period><TimeInterval v="2016-12-08T03:00Z/2016-12-08T04:00Z"/><Direction v="Z02"/><Quantity v="1131524"/><MeasureUnit v="KW1"/></Period><Period><TimeInterval v="2016-12-08T04:00Z/2016-12-08T05:00Z"/><Direction v="Z02"/><Quantity v="1472704"/><MeasureUnit v="KW1"/></Period></Category></ConnectionPoint></TransparencyPublication>