<?xml version="1.0" encoding="UTF-8"?><TransparencyPublication Version="EGAS50" Release="A"><Identification v="TRANPB20170104A104232"/><Version v="1"/><Type v="AL4"/><CreationDateTime v="2017-01-04T07:07:08.485Z"/><ValidityPeriod v="2016-12-24T05:00Z/2016-12-25T05:00Z"/><IssuerIdentification v="21X-DE-C-A0A0A-T" codingScheme="305"/><IssuerRole v="ZSO"/><RecipientIdentification v="10X1001A1001A353" codingScheme="305"/><RecipientRole v="ZUA"/><ConnectionPoint><Identification v="21Z000000000038U" codingScheme="305"/><Type v="Z25"/><Category><CapacityCode v="Z12"/><Period><TimeInterval v="2016-12-24T05:00Z/2016-12-24T06:00Z"/><Direction v="Z03"/><Quantity v="0"/><MeasureUnit v="KW1"/></Period><Period><TimeInterval v="2016-12-24T06:00Z/2016-12-24T07:00Z"/><Direction v="Z03"/><Quantity v="0"/><MeasureUnit v="KW1"/></Period><Period><TimeInterval v="2016-12-24T07:00Z/2016-12-24T08:00Z"/><Direction v="Z03"/><Quantity v="0"/><MeasureUnit v="KW1"/></Period><Period><TimeInterval v="2016-12-24T08:00Z/2016-12-24T09:00Z"/><Direction v="Z03"/><Quantity v="0"/><MeasureUnit v="KW1"/></Period><Period><TimeInterval v="2016-12-24T09:00Z/2016-12-24T10:00Z"/><Direction v="Z03"/><Quantity v="0"/><MeasureUnit v="KW1"/></Period><Period><TimeInterval v="2016-12-24T10:00Z/2016-12-24T11:00Z"/><Direction v="Z03"/><Quantity v="0"/><MeasureUnit v="KW1"/></Period><Period><TimeInterval v="2016-12-24T11:00Z/2016-12-24T12:00Z"/><Direction v="Z03"/><Quantity v="0"/><MeasureUnit v="KW1"/></Period><Period><TimeInterval v="2016-12-24T12:00Z/2016-12-24T13:00Z"/><Direction v="Z03"/><Quantity v="0"/><MeasureUnit v="KW1"/></Period><Period><TimeInterval v="2016-12-24T13:00Z/2016-12-24T14:00Z"/><Direction v="Z03"/><Quantity v="0"/><MeasureUnit v="KW1"/></Period><Period><TimeInterval v="2016-12-24T14:00Z/2016-12-24T15:00Z"/><Direction v="Z03"/><Quantity v="0"/><MeasureUnit v="KW1"/></Period><Period><TimeInterval v="2016-12-24T15:00Z/2016-12-24T16:00Z"/><Direction v="Z03"/><Quantity v="0"/><MeasureUnit v="KW1"/></Period><Period><TimeInterval v="2016-12-24T16:00Z/2016-12-24T17:00Z"/><Direction v="Z03"/><Quantity v="0"/><MeasureUnit v="KW1"/></Period><Period><TimeInterval v="2016-12-24T17:00Z/2016-12-24T18:00Z"/><Direction v="Z03"/><Quantity v="0"/><MeasureUnit v="KW1"/></Period><Period><TimeInterval v="2016-12-24T18:00Z/2016-12-24T19:00Z"/><Direction v="Z03"/><Quantity v="0"/><MeasureUnit v="KW1"/></Period><Period><TimeInterval v="2016-12-24T19:00Z/2016-12-24T20:00Z"/><Direction v="Z03"/><Quantity v="0"/><MeasureUnit v="KW1"/></Period><Period><TimeInterval v="2016-12-24T20:00Z/2016-12-24T21:00Z"/><Direction v="Z03"/><Quantity v="0"/><MeasureUnit v="KW1"/></Period><Period><TimeInterval v="2016-12-24T21:00Z/2016-12-24T22:00Z"/><Direction v="Z03"/><Quantity v="0"/><MeasureUnit v="KW1"/></Period><Period><TimeInterval v="2016-12-24T22:00Z/2016-12-24T23:00Z"/><Direction v="Z03"/><Quantity v="0"/><MeasureUnit v="KW1"/></Period><Period><TimeInterval v="2016-12-24T23:00Z/2016-12-25T00:00Z"/><Direction v="Z03"/><Quantity v="0"/><MeasureUnit v="KW1"/></Period><Period><TimeInterval v="2016-12-25T00:00Z/2016-12-25T01:00Z"/><Direction v="Z03"/><Quantity v="0"/><MeasureUnit v="KW1"/></Period><Period><TimeInterval v="2016-12-25T01:00Z/2016-12-25T02:00Z"/><Direction v="Z03"/><Quantity v="0"/><MeasureUnit v="KW1"/></Period><Period><TimeInterval v="2016-12-25T02:00Z/2016-12-25T03:00Z"/><Direction v="Z03"/><Quantity v="0"/><MeasureUnit v="KW1"/></Period><Period><TimeInterval v="2016-12-25T03:00Z/2016-12-25T04:00Z"/><Direction v="Z03"/><Quantity v="0"/><MeasureUnit v="KW1"/></Period><Period><TimeInterval v="2016-12-25T04:00Z/2016-12-25T05:00Z"/><Direction v="Z03"/><Quantity v="0"/><MeasureUnit v="KW1"/></Period></Category><Category><CapacityCode v="Z14"/><Period><TimeInterval v="2016-12-24T05:00Z/2016-12-24T06:00Z"/><Direction v="Z03"/><Quantity v="0"/><MeasureUnit v="KW1"/></Period><Period><TimeInterval v="2016-12-24T06:00Z/2016-12-24T07:00Z"/><Direction v="Z03"/><Quantity v="0"/><MeasureUnit v="KW1"/></Period><Period><TimeInterval v="2016-12-24T07:00Z/2016-12-24T08:00Z"/><Direction v="Z03"/><Quantity v="0"/><MeasureUnit v="KW1"/></Period><Period><TimeInterval v="2016-12-24T08:00Z/2016-12-24T09:00Z"/><Direction v="Z03"/><Quantity v="0"/><MeasureUnit v="KW1"/></Period><Period><TimeInterval v="2016-12-24T09:00Z/2016-12-24T10:00Z"/><Direction v="Z03"/><Quantity v="0"/><MeasureUnit v="KW1"/></Period><Period><TimeInterval v="2016-12-24T10:00Z/2016-12-24T11:00Z"/><Direction v="Z03"/><Quantity v="0"/><MeasureUnit v="KW1"/></Period><Period><TimeInterval v="2016-12-24T11:00Z/2016-12-24T12:00Z"/><Direction v="Z03"/><Quantity v="0"/><MeasureUnit v="KW1"/></Period><Period><TimeInterval v="2016-12-24T12:00Z/2016-12-24T13:00Z"/><Direction v="Z03"/><Quantity v="0"/><MeasureUnit v="KW1"/></Period><Period><TimeInterval v="2016-12-24T13:00Z/2016-12-24T14:00Z"/><Direction v="Z03"/><Quantity v="0"/><MeasureUnit v="KW1"/></Period><Period><TimeInterval v="2016-12-24T14:00Z/2016-12-24T15:00Z"/><Direction v="Z03"/><Quantity v="0"/><MeasureUnit v="KW1"/></Period><Period><TimeInterval v="2016-12-24T15:00Z/2016-12-24T16:00Z"/><Direction v="Z03"/><Quantity v="0"/><MeasureUnit v="KW1"/></Period><Period><TimeInterval v="2016-12-24T16:00Z/2016-12-24T17:00Z"/><Direction v="Z03"/><Quantity v="0"/><MeasureUnit v="KW1"/></Period><Period><TimeInterval v="2016-12-24T17:00Z/2016-12-24T18:00Z"/><Direction v="Z03"/><Quantity v="0"/><MeasureUnit v="KW1"/></Period><Period><TimeInterval v="2016-12-24T18:00Z/2016-12-24T19:00Z"/><Direction v="Z03"/><Quantity v="0"/><MeasureUnit v="KW1"/></Period><Period><TimeInterval v="2016-12-24T19:00Z/2016-12-24T20:00Z"/><Direction v="Z03"/><Quantity v="0"/><MeasureUnit v="KW1"/></Period><Period><TimeInterval v="2016-12-24T20:00Z/2016-12-24T21:00Z"/><Direction v="Z03"/><Quantity v="0"/><MeasureUnit v="KW1"/></Period><Period><TimeInterval v="2016-12-24T21:00Z/2016-12-24T22:00Z"/><Direction v="Z03"/><Quantity v="0"/><MeasureUnit v="KW1"/></Period><Period><TimeInterval v="2016-12-24T22:00Z/2016-12-24T23:00Z"/><Direction v="Z03"/><Quantity v="0"/><MeasureUnit v="KW1"/></Period><Period><TimeInterval v="2016-12-24T23:00Z/2016-12-25T00:00Z"/><Direction v="Z03"/><Quantity v="0"/><MeasureUnit v="KW1"/></Period><Period><TimeInterval v="2016-12-25T00:00Z/2016-12-25T01:00Z"/><Direction v="Z03"/><Quantity v="0"/><MeasureUnit v="KW1"/></Period><Period><TimeInterval v="2016-12-25T01:00Z/2016-12-25T02:00Z"/><Direction v="Z03"/><Quantity v="0"/><MeasureUnit v="KW1"/></Period><Period><TimeInterval v="2016-12-25T02:00Z/2016-12-25T03:00Z"/><Direction v="Z03"/><Quantity v="0"/><MeasureUnit v="KW1"/></Period><Period><TimeInterval v="2016-12-25T03:00Z/2016-12-25T04:00Z"/><Direction v="Z03"/><Quantity v="0"/><MeasureUnit v="KW1"/></Period><Period><TimeInterval v="2016-12-25T04:00Z/2016-12-25T05:00Z"/><Direction v="Z03"/><Quantity v="0"/><MeasureUnit v="KW1"/></Period></Category><Category><CapacityCode v="Z15"/><Period><TimeInterval v="2016-12-24T05:00Z/2016-12-24T06:00Z"/><Direction v="Z03"/><Quantity v="0"/><MeasureUnit v="KW1"/></Period><Period><TimeInterval v="2016-12-24T06:00Z/2016-12-24T07:00Z"/><Direction v="Z03"/><Quantity v="0"/><MeasureUnit v="KW1"/></Period><Period><TimeInterval v="2016-12-24T07:00Z/2016-12-24T08:00Z"/><Direction v="Z03"/><Quantity v="0"/><MeasureUnit v="KW1"/></Period><Period><TimeInterval v="2016-12-24T08:00Z/2016-12-24T09:00Z"/><Direction v="Z03"/><Quantity v="0"/><MeasureUnit v="KW1"/></Period><Period><TimeInterval v="2016-12-24T09:00Z/2016-12-24T10:00Z"/><Direction v="Z03"/><Quantity v="0"/><MeasureUnit v="KW1"/></Period><Period><TimeInterval v="2016-12-24T10:00Z/2016-12-24T11:00Z"/><Direction v="Z03"/><Quantity v="0"/><MeasureUnit v="KW1"/></Period><Period><TimeInterval v="2016-12-24T11:00Z/2016-12-24T12:00Z"/><Direction v="Z03"/><Quantity v="0"/><MeasureUnit v="KW1"/></Period><Period><TimeInterval v="2016-12-24T12:00Z/2016-12-24T13:00Z"/><Direction v="Z03"/><Quantity v="0"/><MeasureUnit v="KW1"/></Period><Period><TimeInterval v="2016-12-24T13:00Z/2016-12-24T14:00Z"/><Direction v="Z03"/><Quantity v="0"/><MeasureUnit v="KW1"/></Period><Period><TimeInterval v="2016-12-24T14:00Z/2016-12-24T15:00Z"/><Direction v="Z03"/><Quantity v="0"/><MeasureUnit v="KW1"/></Period><Period><TimeInterval v="2016-12-24T15:00Z/2016-12-24T16:00Z"/><Direction v="Z03"/><Quantity v="0"/><MeasureUnit v="KW1"/></Period><Period><TimeInterval v="2016-12-24T16:00Z/2016-12-24T17:00Z"/><Direction v="Z03"/><Quantity v="0"/><MeasureUnit v="KW1"/></Period><Period><TimeInterval v="2016-12-24T17:00Z/2016-12-24T18:00Z"/><Direction v="Z03"/><Quantity v="0"/><MeasureUnit v="KW1"/></Period><Period><TimeInterval v="2016-12-24T18:00Z/2016-12-24T19:00Z"/><Direction v="Z03"/><Quantity v="0"/><MeasureUnit v="KW1"/></Period><Period><TimeInterval v="2016-12-24T19:00Z/2016-12-24T20:00Z"/><Direction v="Z03"/><Quantity v="0"/><MeasureUnit v="KW1"/></Period><Period><TimeInterval v="2016-12-24T20:00Z/2016-12-24T21:00Z"/><Direction v="Z03"/><Quantity v="0"/><MeasureUnit v="KW1"/></Period><Period><TimeInterval v="2016-12-24T21:00Z/2016-12-24T22:00Z"/><Direction v="Z03"/><Quantity v="0"/><MeasureUnit v="KW1"/></Period><Period><TimeInterval v="2016-12-24T22:00Z/2016-12-24T23:00Z"/><Direction v="Z03"/><Quantity v="0"/><MeasureUnit v="KW1"/></Period><Period><TimeInterval v="2016-12-24T23:00Z/2016-12-25T00:00Z"/><Direction v="Z03"/><Quantity v="0"/><MeasureUnit v="KW1"/></Period><Period><TimeInterval v="2016-12-25T00:00Z/2016-12-25T01:00Z"/><Direction v="Z03"/><Quantity v="0"/><MeasureUnit v="KW1"/></Period><Period><TimeInterval v="2016-12-25T01:00Z/2016-12-25T02:00Z"/><Direction v="Z03"/><Quantity v="0"/><MeasureUnit v="KW1"/></Period><Period><TimeInterval v="2016-12-25T02:00Z/2016-12-25T03:00Z"/><Direction v="Z03"/><Quantity v="0"/><MeasureUnit v="KW1"/></Period><Period><TimeInterval v="2016-12-25T03:00Z/2016-12-25T04:00Z"/><Direction v="Z03"/><Quantity v="0"/><MeasureUnit v="KW1"/></Period><Period><TimeInterval v="2016-12-25T04:00Z/2016-12-25T05:00Z"/><Direction v="Z03"/><Quantity v="0"/><MeasureUnit v="KW1"/></Period></Category></ConnectionPoint><ConnectionPoint><Identification v="21Z000000000237O" codingScheme="305"/><Type v="Z26"/><Category><CapacityCode v="Z12"/><Period><TimeInterval v="2016-12-24T05:00Z/2016-12-24T06:00Z"/><Direction v="Z02"/><Quantity v="2282094"/><MeasureUnit v="KW1"/></Period><Period><TimeInterval v="2016-12-24T06:00Z/2016-12-24T07:00Z"/><Direction v="Z02"/><Quantity v="2282094"/><MeasureUnit v="KW1"/></Period><Period><TimeInterval v="2016-12-24T07:00Z/2016-12-24T08:00Z"/><Direction v="Z02"/><Quantity v="2282094"/><MeasureUnit v="KW1"/></Period><Period><TimeInterval v="2016-12-24T08:00Z/2016-12-24T09:00Z"/><Direction v="Z02"/><Quantity v="2282094"/><MeasureUnit v="KW1"/></Period><Period><TimeInterval v="2016-12-24T09:00Z/2016-12-24T10:00Z"/><Direction v="Z02"/><Quantity v="2282094"/><MeasureUnit v="KW1"/></Period><Period><TimeInterval v="2016-12-24T10:00Z/2016-12-24T11:00Z"/><Direction v="Z02"/><Quantity v="2282094"/><MeasureUnit v="KW1"/></Period><Period><TimeInterval v="2016-12-24T11:00Z/2016-12-24T12:00Z"/><Direction v="Z02"/><Quantity v="2282094"/><MeasureUnit v="KW1"/></Period><Period><TimeInterval v="2016-12-24T12:00Z/2016-12-24T13:00Z"/><Direction v="Z02"/><Quantity v="2282094"/><MeasureUnit v="KW1"/></Period><Period><TimeInterval v="2016-12-24T13:00Z/2016-12-24T14:00Z"/><Direction v="Z02"/><Quantity v="2282094"/><MeasureUnit v="KW1"/></Period><Period><TimeInterval v="2016-12-24T14:00Z/2016-12-24T15:00Z"/><Direction v="Z02"/><Quantity v="2282094"/><MeasureUnit v="KW1"/></Period><Period><TimeInterval v="2016-12-24T15:00Z/2016-12-24T16:00Z"/><Direction v="Z02"/><Quantity v="2282094"/><MeasureUnit v="KW1"/></Period><Period><TimeInterval v="2016-12-24T16:00Z/2016-12-24T17:00Z"/><Direction v="Z02"/><Quantity v="2282094"/><MeasureUnit v="KW1"/></Period><Period><TimeInterval v="2016-12-24T17:00Z/2016-12-24T18:00Z"/><Direction v="Z02"/><Quantity v="2282094"/><MeasureUnit v="KW1"/></Period><Period><TimeInterval v="2016-12-24T18:00Z/2016-12-24T19:00Z"/><Direction v="Z02"/><Quantity v="2282094"/><MeasureUnit v="KW1"/></Period><Period><TimeInterval v="2016-12-24T19:00Z/2016-12-24T20:00Z"/><Direction v="Z02"/><Quantity v="2282094"/><MeasureUnit v="KW1"/></Period><Period><TimeInterval v="2016-12-24T20:00Z/2016-12-24T21:00Z"/><Direction v="Z02"/><Quantity v="2282038"/><MeasureUnit v="KW1"/></Period><Period><TimeInterval v="2016-12-24T21:00Z/2016-12-24T22:00Z"/><Direction v="Z02"/><Quantity v="2282038"/><MeasureUnit v="KW1"/></Period><Period><TimeInterval v="2016-12-24T22:00Z/2016-12-24T23:00Z"/><Direction v="Z02"/><Quantity v="2282038"/><MeasureUnit v="KW1"/></Period><Period><TimeInterval v="2016-12-24T23:00Z/2016-12-25T00:00Z"/><Direction v="Z02"/><Quantity v="2282038"/><MeasureUnit v="KW1"/></Period><Period><TimeInterval v="2016-12-25T00:00Z/2016-12-25T01:00Z"/><Direction v="Z02"/><Quantity v="2282038"/><MeasureUnit v="KW1"/></Period><Period><TimeInterval v="2016-12-25T01:00Z/2016-12-25T02:00Z"/><Direction v="Z02"/><Quantity v="2282038"/><MeasureUnit v="KW1"/></Period><Period><TimeInterval v="2016-12-25T02:00Z/2016-12-25T03:00Z"/><Direction v="Z02"/><Quantity v="2282038"/><MeasureUnit v="KW1"/></Period><Period><TimeInterval v="2016-12-25T03:00Z/2016-12-25T04:00Z"/><Direction v="Z02"/><Quantity v="2282038"/><MeasureUnit v="KW1"/></Period><Period><TimeInterval v="2016-12-25T04:00Z/2016-12-25T05:00Z"/><Direction v="Z02"/><Quantity v="2282038"/><MeasureUnit v="KW1"/></Period><Period><TimeInterval v="2016-12-24T05:00Z/2016-12-24T06:00Z"/><Direction v="Z03"/><Quantity v="107"/><MeasureUnit v="KW1"/></Period><Period><TimeInterval v="2016-12-24T06:00Z/2016-12-24T07:00Z"/><Direction v="Z03"/><Quantity v="107"/><MeasureUnit v="KW1"/></Period><Period><TimeInterval v="2016-12-24T07:00Z/2016-12-24T08:00Z"/><Direction v="Z03"/><Quantity v="107"/><MeasureUnit v="KW1"/></Period><Period><TimeInterval v="2016-12-24T08:00Z/2016-12-24T09:00Z"/><Direction v="Z03"/><Quantity v="107"/><MeasureUnit v="KW1"/></Period><Period><TimeInterval v="2016-12-24T09:00Z/2016-12-24T10:00Z"/><Direction v="Z03"/><Quantity v="107"/><MeasureUnit v="KW1"/></Period><Period><TimeInterval v="2016-12-24T10:00Z/2016-12-24T11:00Z"/><Direction v="Z03"/><Quantity v="107"/><MeasureUnit v="KW1"/></Period><Period><TimeInterval v="2016-12-24T11:00Z/2016-12-24T12:00Z"/><Direction v="Z03"/><Quantity v="107"/><MeasureUnit v="KW1"/></Period><Period><TimeInterval v="2016-12-24T12:00Z/2016-12-24T13:00Z"/><Direction v="Z03"/><Quantity v="107"/><MeasureUnit v="KW1"/></Period><Period><TimeInterval v="2016-12-24T13:00Z/2016-12-24T14:00Z"/><Direction v="Z03"/><Quantity v="107"/><MeasureUnit v="KW1"/></Period><Period><TimeInterval v="2016-12-24T14:00Z/2016-12-24T15:00Z"/><Direction v="Z03"/><Quantity v="107"/><MeasureUnit v="KW1"/></Period><Period><TimeInterval v="2016-12-24T15:00Z/2016-12-24T16:00Z"/><Direction v="Z03"/><Quantity v="107"/><MeasureUnit v="KW1"/></Period><Period><TimeInterval v="2016-12-24T16:00Z/2016-12-24T17:00Z"/><Direction v="Z03"/><Quantity v="107"/><MeasureUnit v="KW1"/></Period><Period><TimeInterval v="2016-12-24T17:00Z/2016-12-24T18:00Z"/><Direction v="Z03"/><Quantity v="107"/><MeasureUnit v="KW1"/></Period><Period><TimeInterval v="2016-12-24T18:00Z/2016-12-24T19:00Z"/><Direction v="Z03"/><Quantity v="107"/><MeasureUnit v="KW1"/></Period><Period><TimeInterval v="2016-12-24T19:00Z/2016-12-24T20:00Z"/><Direction v="Z03"/><Quantity v="107"/><MeasureUnit v="KW1"/></Period><Period><TimeInterval v="2016-12-24T20:00Z/2016-12-24T21:00Z"/><Direction v="Z03"/><Quantity v="107"/><MeasureUnit v="KW1"/></Period><Period><TimeInterval v="2016-12-24T21:00Z/2016-12-24T22:00Z"/><Direction v="Z03"/><Quantity v="107"/><MeasureUnit v="KW1"/></Period><Period><TimeInterval v="2016-12-24T22:00Z/2016-12-24T23:00Z"/><Direction v="Z03"/><Quantity v="107"/><MeasureUnit v="KW1"/></Period><Period><TimeInterval v="2016-12-24T23:00Z/2016-12-25T00:00Z"/><Direction v="Z03"/><Quantity v="107"/><MeasureUnit v="KW1"/></Period><Period><TimeInterval v="2016-12-25T00:00Z/2016-12-25T01:00Z"/><Direction v="Z03"/><Quantity v="107"/><MeasureUnit v="KW1"/></Period><Period><TimeInterval v="2016-12-25T01:00Z/2016-12-25T02:00Z"/><Direction v="Z03"/><Quantity v="107"/><MeasureUnit v="KW1"/></Period><Period><TimeInterval v="2016-12-25T02:00Z/2016-12-25T03:00Z"/><Direction v="Z03"/><Quantity v="107"/><MeasureUnit v="KW1"/></Period><Period><TimeInterval v="2016-12-25T03:00Z/2016-12-25T04:00Z"/><Direction v="Z03"/><Quantity v="107"/><MeasureUnit v="KW1"/></Period><Period><TimeInterval v="2016-12-25T04:00Z/2016-12-25T05:00Z"/><Direction v="Z03"/><Quantity v="107"/><MeasureUnit v="KW1"/></Period></Category><Category><CapacityCode v="Z14"/><Period><TimeInterval v="2016-12-24T05:00Z/2016-12-24T06:00Z"/><Direction v="Z02"/><Quantity v="2281981"/><MeasureUnit v="KW1"/></Period><Period><TimeInterval v="2016-12-24T06:00Z/2016-12-24T07:00Z"/><Direction v="Z02"/><Quantity v="2281981"/><MeasureUnit v="KW1"/></Period><Period><TimeInterval v="2016-12-24T07:00Z/2016-12-24T08:00Z"/><Direction v="Z02"/><Quantity v="2281981"/><MeasureUnit v="KW1"/></Period><Period><TimeInterval v="2016-12-24T08:00Z/2016-12-24T09:00Z"/><Direction v="Z02"/><Quantity v="2281981"/><MeasureUnit v="KW1"/></Period><Period><TimeInterval v="2016-12-24T09:00Z/2016-12-24T10:00Z"/><Direction v="Z02"/><Quantity v="2281981"/><MeasureUnit v="KW1"/></Period><Period><TimeInterval v="2016-12-24T10:00Z/2016-12-24T11:00Z"/><Direction v="Z02"/><Quantity v="2281981"/><MeasureUnit v="KW1"/></Period><Period><TimeInterval v="2016-12-24T11:00Z/2016-12-24T12:00Z"/><Direction v="Z02"/><Quantity v="2281981"/><MeasureUnit v="KW1"/></Period><Period><TimeInterval v="2016-12-24T12:00Z/2016-12-24T13:00Z"/><Direction v="Z02"/><Quantity v="2281981"/><MeasureUnit v="KW1"/></Period><Period><TimeInterval v="2016-12-24T13:00Z/2016-12-24T14:00Z"/><Direction v="Z02"/><Quantity v="2281981"/><MeasureUnit v="KW1"/></Period><Period><TimeInterval v="2016-12-24T14:00Z/2016-12-24T15:00Z"/><Direction v="Z02"/><Quantity v="2281981"/><MeasureUnit v="KW1"/></Period><Period><TimeInterval v="2016-12-24T15:00Z/2016-12-24T16:00Z"/><Direction v="Z02"/><Quantity v="2281981"/><MeasureUnit v="KW1"/></Period><Period><TimeInterval v="2016-12-24T16:00Z/2016-12-24T17:00Z"/><Direction v="Z02"/><Quantity v="2281981"/><MeasureUnit v="KW1"/></Period><Period><TimeInterval v="2016-12-24T17:00Z/2016-12-24T18:00Z"/><Direction v="Z02"/><Quantity v="2281981"/><MeasureUnit v="KW1"/></Period><Period><TimeInterval v="2016-12-24T18:00Z/2016-12-24T19:00Z"/><Direction v="Z02"/><Quantity v="2281981"/><MeasureUnit v="KW1"/></Period><Period><TimeInterval v="2016-12-24T19:00Z/2016-12-24T20:00Z"/><Direction v="Z02"/><Quantity v="2281981"/><MeasureUnit v="KW1"/></Period><Period><TimeInterval v="2016-12-24T20:00Z/2016-12-24T21:00Z"/><Direction v="Z02"/><Quantity v="2281981"/><MeasureUnit v="KW1"/></Period><Period><TimeInterval v="2016-12-24T21:00Z/2016-12-24T22:00Z"/><Direction v="Z02"/><Quantity v="2281981"/><MeasureUnit v="KW1"/></Period><Period><TimeInterval v="2016-12-24T22:00Z/2016-12-24T23:00Z"/><Direction v="Z02"/><Quantity v="2281981"/><MeasureUnit v="KW1"/></Period><Period><TimeInterval v="2016-12-24T23:00Z/2016-12-25T00:00Z"/><Direction v="Z02"/><Quantity v="2281981"/><MeasureUnit v="KW1"/></Period><Period><TimeInterval v="2016-12-25T00:00Z/2016-12-25T01:00Z"/><Direction v="Z02"/><Quantity v="2281981"/><MeasureUnit v="KW1"/></Period><Period><TimeInterval v="2016-12-25T01:00Z/2016-12-25T02:00Z"/><Direction v="Z02"/><Quantity v="2281981"/><MeasureUnit v="KW1"/></Period><Period><TimeInterval v="2016-12-25T02:00Z/2016-12-25T03:00Z"/><Direction v="Z02"/><Quantity v="2281981"/><MeasureUnit v="KW1"/></Period><Period><TimeInterval v="2016-12-25T03:00Z/2016-12-25T04:00Z"/><Direction v="Z02"/><Quantity v="2281981"/><MeasureUnit v="KW1"/></Period><Period><TimeInterval v="2016-12-25T04:00Z/2016-12-25T05:00Z"/><Direction v="Z02"/><Quantity v="2281981"/><MeasureUnit v="KW1"/></Period><Period><TimeInterval v="2016-12-24T05:00Z/2016-12-24T06:00Z"/><Direction v="Z03"/><Quantity v="107"/><MeasureUnit v="KW1"/></Period><Period><TimeInterval v="2016-12-24T06:00Z/2016-12-24T07:00Z"/><Direction v="Z03"/><Quantity v="107"/><MeasureUnit v="KW1"/></Period><Period><TimeInterval v="2016-12-24T07:00Z/2016-12-24T08:00Z"/><Direction v="Z03"/><Quantity v="107"/><MeasureUnit v="KW1"/></Period><Period><TimeInterval v="2016-12-24T08:00Z/2016-12-24T09:00Z"/><Direction v="Z03"/><Quantity v="107"/><MeasureUnit v="KW1"/></Period><Period><TimeInterval v="2016-12-24T09:00Z/2016-12-24T10:00Z"/><Direction v="Z03"/><Quantity v="107"/><MeasureUnit v="KW1"/></Period><Period><TimeInterval v="2016-12-24T10:00Z/2016-12-24T11:00Z"/><Direction v="Z03"/><Quantity v="107"/><MeasureUnit v="KW1"/></Period><Period><TimeInterval v="2016-12-24T11:00Z/2016-12-24T12:00Z"/><Direction v="Z03"/><Quantity v="107"/><MeasureUnit v="KW1"/></Period><Period><TimeInterval v="2016-12-24T12:00Z/2016-12-24T13:00Z"/><Direction v="Z03"/><Quantity v="107"/><MeasureUnit v="KW1"/></Period><Period><TimeInterval v="2016-12-24T13:00Z/2016-12-24T14:00Z"/><Direction v="Z03"/><Quantity v="107"/><MeasureUnit v="KW1"/></Period><Period><TimeInterval v="2016-12-24T14:00Z/2016-12-24T15:00Z"/><Direction v="Z03"/><Quantity v="107"/><MeasureUnit v="KW1"/></Period><Period><TimeInterval v="2016-12-24T15:00Z/2016-12-24T16:00Z"/><Direction v="Z03"/><Quantity v="107"/><MeasureUnit v="KW1"/></Period><Period><TimeInterval v="2016-12-24T16:00Z/2016-12-24T17:00Z"/><Direction v="Z03"/><Quantity v="107"/><MeasureUnit v="KW1"/></Period><Period><TimeInterval v="2016-12-24T17:00Z/2016-12-24T18:00Z"/><Direction v="Z03"/><Quantity v="107"/><MeasureUnit v="KW1"/></Period><Period><TimeInterval v="2016-12-24T18:00Z/2016-12-24T19:00Z"/><Direction v="Z03"/><Quantity v="107"/><MeasureUnit v="KW1"/></Period><Period><TimeInterval v="2016-12-24T19:00Z/2016-12-24T20:00Z"/><Direction v="Z03"/><Quantity v="107"/><MeasureUnit v="KW1"/></Period><Period><TimeInterval v="2016-12-24T20:00Z/2016-12-24T21:00Z"/><Direction v="Z03"/><Quantity v="107"/><MeasureUnit v="KW1"/></Period><Period><TimeInterval v="2016-12-24T21:00Z/2016-12-24T22:00Z"/><Direction v="Z03"/><Quantity v="107"/><MeasureUnit v="KW1"/></Period><Period><TimeInterval v="2016-12-24T22:00Z/2016-12-24T23:00Z"/><Direction v="Z03"/><Quantity v="107"/><MeasureUnit v="KW1"/></Period><Period><TimeInterval v="2016-12-24T23:00Z/2016-12-25T00:00Z"/><Direction v="Z03"/><Quantity v="107"/><MeasureUnit v="KW1"/></Period><Period><TimeInterval v="2016-12-25T00:00Z/2016-12-25T01:00Z"/><Direction v="Z03"/><Quantity v="107"/><MeasureUnit v="KW1"/></Period><Period><TimeInterval v="2016-12-25T01:00Z/2016-12-25T02:00Z"/><Direction v="Z03"/><Quantity v="107"/><MeasureUnit v="KW1"/></Period><Period><TimeInterval v="2016-12-25T02:00Z/2016-12-25T03:00Z"/><Direction v="Z03"/><Quantity v="107"/><MeasureUnit v="KW1"/></Period><Period><TimeInterval v="2016-12-25T03:00Z/2016-12-25T04:00Z"/><Direction v="Z03"/><Quantity v="107"/><MeasureUnit v="KW1"/></Period><Period><TimeInterval v="2016-12-25T04:00Z/2016-12-25T05:00Z"/><Direction v="Z03"/><Quantity v="107"/><MeasureUnit v="KW1"/></Period></Category><Category><CapacityCode v="Z15"/><Period><TimeInterval v="2016-12-24T05:00Z/2016-12-24T06:00Z"/><Direction v="Z02"/><Quantity v="0"/><MeasureUnit v="KW1"/></Period><Period><TimeInterval v="2016-12-24T06:00Z/2016-12-24T07:00Z"/><Direction v="Z02"/><Quantity v="0"/><MeasureUnit v="KW1"/></Period><Period><TimeInterval v="2016-12-24T07:00Z/2016-12-24T08:00Z"/><Direction v="Z02"/><Quantity v="0"/><MeasureUnit v="KW1"/></Period><Period><TimeInterval v="2016-12-24T08:00Z/2016-12-24T09:00Z"/><Direction v="Z02"/><Quantity v="0"/><MeasureUnit v="KW1"/></Period><Period><TimeInterval v="2016-12-24T09:00Z/2016-12-24T10:00Z"/><Direction v="Z02"/><Quantity v="0"/><MeasureUnit v="KW1"/></Period><Period><TimeInterval v="2016-12-24T10:00Z/2016-12-24T11:00Z"/><Direction v="Z02"/><Quantity v="0"/><MeasureUnit v="KW1"/></Period><Period><TimeInterval v="2016-12-24T11:00Z/2016-12-24T12:00Z"/><Direction v="Z02"/><Quantity v="0"/><MeasureUnit v="KW1"/></Period><Period><TimeInterval v="2016-12-24T12:00Z/2016-12-24T13:00Z"/><Direction v="Z02"/><Quantity v="0"/><MeasureUnit v="KW1"/></Period><Period><TimeInterval v="2016-12-24T13:00Z/2016-12-24T14:00Z"/><Direction v="Z02"/><Quantity v="0"/><MeasureUnit v="KW1"/></Period><Period><TimeInterval v="2016-12-24T14:00Z/2016-12-24T15:00Z"/><Direction v="Z02"/><Quantity v="0"/><MeasureUnit v="KW1"/></Period><Period><TimeInterval v="2016-12-24T15:00Z/2016-12-24T16:00Z"/><Direction v="Z02"/><Quantity v="0"/><MeasureUnit v="KW1"/></Period><Period><TimeInterval v="2016-12-24T16:00Z/2016-12-24T17:00Z"/><Direction v="Z02"/><Quantity v="0"/><MeasureUnit v="KW1"/></Period><Period><TimeInterval v="2016-12-24T17:00Z/2016-12-24T18:00Z"/><Direction v="Z02"/><Quantity v="0"/><MeasureUnit v="KW1"/></Period><Period><TimeInterval v="2016-12-24T18:00Z/2016-12-24T19:00Z"/><Direction v="Z02"/><Quantity v="0"/><MeasureUnit v="KW1"/></Period><Period><TimeInterval v="2016-12-24T19:00Z/2016-12-24T20:00Z"/><Direction v="Z02"/><Quantity v="0"/><MeasureUnit v="KW1"/></Period><Period><TimeInterval v="2016-12-24T20:00Z/2016-12-24T21:00Z"/><Direction v="Z02"/><Quantity v="0"/><MeasureUnit v="KW1"/></Period><Period><TimeInterval v="2016-12-24T21:00Z/2016-12-24T22:00Z"/><Direction v="Z02"/><Quantity v="0"/><MeasureUnit v="KW1"/></Period><Period><TimeInterval v="2016-12-24T22:00Z/2016-12-24T23:00Z"/><Direction v="Z02"/><Quantity v="0"/><MeasureUnit v="KW1"/></Period><Period><TimeInterval v="2016-12-24T23:00Z/2016-12-25T00:00Z"/><Direction v="Z02"/><Quantity v="0"/><MeasureUnit v="KW1"/></Period><Period><TimeInterval v="2016-12-25T00:00Z/2016-12-25T01:00Z"/><Direction v="Z02"/><Quantity v="0"/><MeasureUnit v="KW1"/></Period><Period><TimeInterval v="2016-12-25T01:00Z/2016-12-25T02:00Z"/><Direction v="Z02"/><Quantity v="0"/><MeasureUnit v="KW1"/></Period><Period><TimeInterval v="2016-12-25T02:00Z/2016-12-25T03:00Z"/><Direction v="Z02"/><Quantity v="0"/><MeasureUnit v="KW1"/></Period><Period><TimeInterval v="2016-12-25T03:00Z/2016-12-25T04:00Z"/><Direction v="Z02"/><Quantity v="0"/><MeasureUnit v="KW1"/></Period><Period><TimeInterval v="2016-12-25T04:00Z/2016-12-25T05:00Z"/><Direction v="Z02"/><Quantity v="0"/><MeasureUnit v="KW1"/></Period><Period><TimeInterval v="2016-12-24T05:00Z/2016-12-24T06:00Z"/><Direction v="Z03"/><Quantity v="0"/><MeasureUnit v="KW1"/></Period><Period><TimeInterval v="2016-12-24T06:00Z/2016-12-24T07:00Z"/><Direction v="Z03"/><Quantity v="0"/><MeasureUnit v="KW1"/></Period><Period><TimeInterval v="2016-12-24T07:00Z/2016-12-24T08:00Z"/><Direction v="Z03"/><Quantity v="0"/><MeasureUnit v="KW1"/></Period><Period><TimeInterval v="2016-12-24T08:00Z/2016-12-24T09:00Z"/><Direction v="Z03"/><Quantity v="0"/><MeasureUnit v="KW1"/></Period><Period><TimeInterval v="2016-12-24T09:00Z/2016-12-24T10:00Z"/><Direction v="Z03"/><Quantity v="0"/><MeasureUnit v="KW1"/></Period><Period><TimeInterval v="2016-12-24T10:00Z/2016-12-24T11:00Z"/><Direction v="Z03"/><Quantity v="0"/><MeasureUnit v="KW1"/></Period><Period><TimeInterval v="2016-12-24T11:00Z/2016-12-24T12:00Z"/><Direction v="Z03"/><Quantity v="0"/><MeasureUnit v="KW1"/></Period><Period><TimeInterval v="2016-12-24T12:00Z/2016-12-24T13:00Z"/><Direction v="Z03"/><Quantity v="0"/><MeasureUnit v="KW1"/></Period><Period><TimeInterval v="2016-12-24T13:00Z/2016-12-24T14:00Z"/><Direction v="Z03"/><Quantity v="0"/><MeasureUnit v="KW1"/></Period><Period><TimeInterval v="2016-12-24T14:00Z/2016-12-24T15:00Z"/><Direction v="Z03"/><Quantity v="0"/><MeasureUnit v="KW1"/></Period><Period><TimeInterval v="2016-12-24T15:00Z/2016-12-24T16:00Z"/><Direction v="Z03"/><Quantity v="0"/><MeasureUnit v="KW1"/></Period><Period><TimeInterval v="2016-12-24T16:00Z/2016-12-24T17:00Z"/><Direction v="Z03"/><Quantity v="0"/><MeasureUnit v="KW1"/></Period><Period><TimeInterval v="2016-12-24T17:00Z/2016-12-24T18:00Z"/><Direction v="Z03"/><Quantity v="0"/><MeasureUnit v="KW1"/></Period><Period><TimeInterval v="2016-12-24T18:00Z/2016-12-24T19:00Z"/><Direction v="Z03"/><Quantity v="0"/><MeasureUnit v="KW1"/></Period><Period><TimeInterval v="2016-12-24T19:00Z/2016-12-24T20:00Z"/><Direction v="Z03"/><Quantity v="0"/><MeasureUnit v="KW1"/></Period><Period><TimeInterval v="2016-12-24T20:00Z/2016-12-24T21:00Z"/><Direction v="Z03"/><Quantity v="0"/><MeasureUnit v="KW1"/></Period><Period><TimeInterval v="2016-12-24T21:00Z/2016-12-24T22:00Z"/><Direction v="Z03"/><Quantity v="0"/><MeasureUnit v="KW1"/></Period><Period><TimeInterval v="2016-12-24T22:00Z/2016-12-24T23:00Z"/><Direction v="Z03"/><Quantity v="0"/><MeasureUnit v="KW1"/></Period><Period><TimeInterval v="2016-12-24T23:00Z/2016-12-25T00:00Z"/><Direction v="Z03"/><Quantity v="0"/><MeasureUnit v="KW1"/></Period><Period><TimeInterval v="2016-12-25T00:00Z/2016-12-25T01:00Z"/><Direction v="Z03"/><Quantity v="0"/><MeasureUnit v="KW1"/></Period><Period><TimeInterval v="2016-12-25T01:00Z/2016-12-25T02:00Z"/><Direction v="Z03"/><Quantity v="0"/><MeasureUnit v="KW1"/></Period><Period><TimeInterval v="2016-12-25T02:00Z/2016-12-25T03:00Z"/><Direction v="Z03"/><Quantity v="0"/><MeasureUnit v="KW1"/></Period><Period><TimeInterval v="2016-12-25T03:00Z/2016-12-25T04:00Z"/><Direction v="Z03"/><Quantity v="0"/><MeasureUnit v="KW1"/></Period><Period><TimeInterval v="2016-12-25T04:00Z/2016-12-25T05:00Z"/><Direction v="Z03"/><Quantity v="0"/><MeasureUnit v="KW1"/></Period></Category></ConnectionPoint><ConnectionPoint><Identification v="37Z000000001078I" codingScheme="305"/><Type v="Z26"/><Category><CapacityCode v="Z12"/><Period><TimeInterval v="2016-12-24T05:00Z/2016-12-24T06:00Z"/><Direction v="Z02"/><Quantity v="2775000"/><MeasureUnit v="KW1"/></Period><Period><TimeInterval v="2016-12-24T06:00Z/2016-12-24T07:00Z"/><Direction v="Z02"/><Quantity v="2775000"/><MeasureUnit v="KW1"/></Period><Period><TimeInterval v="2016-12-24T07:00Z/2016-12-24T08:00Z"/><Direction v="Z02"/><Quantity v="2775000"/><MeasureUnit v="KW1"/></Period><Period><TimeInterval v="2016-12-24T08:00Z/2016-12-24T09:00Z"/><Direction v="Z02"/><Quantity v="2775000"/><MeasureUnit v="KW1"/></Period><Period><TimeInterval v="2016-12-24T09:00Z/2016-12-24T10:00Z"/><Direction v="Z02"/><Quantity v="2775000"/><MeasureUnit v="KW1"/></Period><Period><TimeInterval v="2016-12-24T10:00Z/2016-12-24T11:00Z"/><Direction v="Z02"/><Quantity v="2775000"/><MeasureUnit v="KW1"/></Period><Period><TimeInterval v="2016-12-24T11:00Z/2016-12-24T12:00Z"/><Direction v="Z02"/><Quantity v="2775000"/><MeasureUnit v="KW1"/></Period><Period><TimeInterval v="2016-12-24T12:00Z/2016-12-24T13:00Z"/><Direction v="Z02"/><Quantity v="2775000"/><MeasureUnit v="KW1"/></Period><Period><TimeInterval v="2016-12-24T13:00Z/2016-12-24T14:00Z"/><Direction v="Z02"/><Quantity v="2775000"/><MeasureUnit v="KW1"/></Period><Period><TimeInterval v="2016-12-24T14:00Z/2016-12-24T15:00Z"/><Direction v="Z02"/><Quantity v="2775000"/><MeasureUnit v="KW1"/></Period><Period><TimeInterval v="2016-12-24T15:00Z/2016-12-24T16:00Z"/><Direction v="Z02"/><Quantity v="2775000"/><MeasureUnit v="KW1"/></Period><Period><TimeInterval v="2016-12-24T16:00Z/2016-12-24T17:00Z"/><Direction v="Z02"/><Quantity v="2775000"/><MeasureUnit v="KW1"/></Period><Period><TimeInterval v="2016-12-24T17:00Z/2016-12-24T18:00Z"/><Direction v="Z02"/><Quantity v="2775000"/><MeasureUnit v="KW1"/></Period><Period><TimeInterval v="2016-12-24T18:00Z/2016-12-24T19:00Z"/><Direction v="Z02"/><Quantity v="2775000"/><MeasureUnit v="KW1"/></Period><Period><TimeInterval v="2016-12-24T19:00Z/2016-12-24T20:00Z"/><Direction v="Z02"/><Quantity v="2775000"/><MeasureUnit v="KW1"/></Period><Period><TimeInterval v="2016-12-24T20:00Z/2016-12-24T21:00Z"/><Direction v="Z02"/><Quantity v="2775000"/><MeasureUnit v="KW1"/></Period><Period><TimeInterval v="2016-12-24T21:00Z/2016-12-24T22:00Z"/><Direction v="Z02"/><Quantity v="2775000"/><MeasureUnit v="KW1"/></Period><Period><TimeInterval v="2016-12-24T22:00Z/2016-12-24T23:00Z"/><Direction v="Z02"/><Quantity v="2775000"/><MeasureUnit v="KW1"/></Period><Period><TimeInterval v="2016-12-24T23:00Z/2016-12-25T00:00Z"/><Direction v="Z02"/><Quantity v="2775000"/><MeasureUnit v="KW1"/></Period><Period><TimeInterval v="2016-12-25T00:00Z/2016-12-25T01:00Z"/><Direction v="Z02"/><Quantity v="2775000"/><MeasureUnit v="KW1"/></Period><Period><TimeInterval v="2016-12-25T01:00Z/2016-12-25T02:00Z"/><Direction v="Z02"/><Quantity v="2775000"/><MeasureUnit v="KW1"/></Period><Period><TimeInterval v="2016-12-25T02:00Z/2016-12-25T03:00Z"/><Direction v="Z02"/><Quantity v="2775000"/><MeasureUnit v="KW1"/></Period><Period><TimeInterval v="2016-12-25T03:00Z/2016-12-25T04:00Z"/><Direction v="Z02"/><Quantity v="2775000"/><MeasureUnit v="KW1"/></Period><Period><TimeInterval v="2016-12-25T04:00Z/2016-12-25T05:00Z"/><Direction v="Z02"/><Quantity v="2775000"/><MeasureUnit v="KW1"/></Period></Category><Category><CapacityCode v="Z14"/><Period><TimeInterval v="2016-12-24T05:00Z/2016-12-24T06:00Z"/><Direction v="Z02"/><Quantity v="2775000"/><MeasureUnit v="KW1"/></Period><Period><TimeInterval v="2016-12-24T06:00Z/2016-12-24T07:00Z"/><Direction v="Z02"/><Quantity v="2775000"/><MeasureUnit v="KW1"/></Period><Period><TimeInterval v="2016-12-24T07:00Z/2016-12-24T08:00Z"/><Direction v="Z02"/><Quantity v="2775000"/><MeasureUnit v="KW1"/></Period><Period><TimeInterval v="2016-12-24T08:00Z/2016-12-24T09:00Z"/><Direction v="Z02"/><Quantity v="2775000"/><MeasureUnit v="KW1"/></Period><Period><TimeInterval v="2016-12-24T09:00Z/2016-12-24T10:00Z"/><Direction v="Z02"/><Quantity v="2775000"/><MeasureUnit v="KW1"/></Period><Period><TimeInterval v="2016-12-24T10:00Z/2016-12-24T11:00Z"/><Direction v="Z02"/><Quantity v="2775000"/><MeasureUnit v="KW1"/></Period><Period><TimeInterval v="2016-12-24T11:00Z/2016-12-24T12:00Z"/><Direction v="Z02"/><Quantity v="2775000"/><MeasureUnit v="KW1"/></Period><Period><TimeInterval v="2016-12-24T12:00Z/2016-12-24T13:00Z"/><Direction v="Z02"/><Quantity v="2775000"/><MeasureUnit v="KW1"/></Period><Period><TimeInterval v="2016-12-24T13:00Z/2016-12-24T14:00Z"/><Direction v="Z02"/><Quantity v="2775000"/><MeasureUnit v="KW1"/></Period><Period><TimeInterval v="2016-12-24T14:00Z/2016-12-24T15:00Z"/><Direction v="Z02"/><Quantity v="2775000"/><MeasureUnit v="KW1"/></Period><Period><TimeInterval v="2016-12-24T15:00Z/2016-12-24T16:00Z"/><Direction v="Z02"/><Quantity v="2775000"/><MeasureUnit v="KW1"/></Period><Period><TimeInterval v="2016-12-24T16:00Z/2016-12-24T17:00Z"/><Direction v="Z02"/><Quantity v="2775000"/><MeasureUnit v="KW1"/></Period><Period><TimeInterval v="2016-12-24T17:00Z/2016-12-24T18:00Z"/><Direction v="Z02"/><Quantity v="2775000"/><MeasureUnit v="KW1"/></Period><Period><TimeInterval v="2016-12-24T18:00Z/2016-12-24T19:00Z"/><Direction v="Z02"/><Quantity v="2775000"/><MeasureUnit v="KW1"/></Period><Period><TimeInterval v="2016-12-24T19:00Z/2016-12-24T20:00Z"/><Direction v="Z02"/><Quantity v="2775000"/><MeasureUnit v="KW1"/></Period><Period><TimeInterval v="2016-12-24T20:00Z/2016-12-24T21:00Z"/><Direction v="Z02"/><Quantity v="2775000"/><MeasureUnit v="KW1"/></Period><Period><TimeInterval v="2016-12-24T21:00Z/2016-12-24T22:00Z"/><Direction v="Z02"/><Quantity v="2775000"/><MeasureUnit v="KW1"/></Period><Period><TimeInterval v="2016-12-24T22:00Z/2016-12-24T23:00Z"/><Direction v="Z02"/><Quantity v="2775000"/><MeasureUnit v="KW1"/></Period><Period><TimeInterval v="2016-12-24T23:00Z/2016-12-25T00:00Z"/><Direction v="Z02"/><Quantity v="2775000"/><MeasureUnit v="KW1"/></Period><Period><TimeInterval v="2016-12-25T00:00Z/2016-12-25T01:00Z"/><Direction v="Z02"/><Quantity v="2775000"/><MeasureUnit v="KW1"/></Period><Period><TimeInterval v="2016-12-25T01:00Z/2016-12-25T02:00Z"/><Direction v="Z02"/><Quantity v="2775000"/><MeasureUnit v="KW1"/></Period><Period><TimeInterval v="2016-12-25T02:00Z/2016-12-25T03:00Z"/><Direction v="Z02"/><Quantity v="2775000"/><MeasureUnit v="KW1"/></Period><Period><TimeInterval v="2016-12-25T03:00Z/2016-12-25T04:00Z"/><Direction v="Z02"/><Quantity v="2775000"/><MeasureUnit v="KW1"/></Period><Period><TimeInterval v="2016-12-25T04:00Z/2016-12-25T05:00Z"/><Direction v="Z02"/><Quantity v="2775000"/><MeasureUnit v="KW1"/></Period></Category><Category><CapacityCode v="Z15"/><Period><TimeInterval v="2016-12-24T05:00Z/2016-12-24T06:00Z"/><Direction v="Z02"/><Quantity v="0"/><MeasureUnit v="KW1"/></Period><Period><TimeInterval v="2016-12-24T06:00Z/2016-12-24T07:00Z"/><Direction v="Z02"/><Quantity v="0"/><MeasureUnit v="KW1"/></Period><Period><TimeInterval v="2016-12-24T07:00Z/2016-12-24T08:00Z"/><Direction v="Z02"/><Quantity v="0"/><MeasureUnit v="KW1"/></Period><Period><TimeInterval v="2016-12-24T08:00Z/2016-12-24T09:00Z"/><Direction v="Z02"/><Quantity v="0"/><MeasureUnit v="KW1"/></Period><Period><TimeInterval v="2016-12-24T09:00Z/2016-12-24T10:00Z"/><Direction v="Z02"/><Quantity v="0"/><MeasureUnit v="KW1"/></Period><Period><TimeInterval v="2016-12-24T10:00Z/2016-12-24T11:00Z"/><Direction v="Z02"/><Quantity v="0"/><MeasureUnit v="KW1"/></Period><Period><TimeInterval v="2016-12-24T11:00Z/2016-12-24T12:00Z"/><Direction v="Z02"/><Quantity v="0"/><MeasureUnit v="KW1"/></Period><Period><TimeInterval v="2016-12-24T12:00Z/2016-12-24T13:00Z"/><Direction v="Z02"/><Quantity v="0"/><MeasureUnit v="KW1"/></Period><Period><TimeInterval v="2016-12-24T13:00Z/2016-12-24T14:00Z"/><Direction v="Z02"/><Quantity v="0"/><MeasureUnit v="KW1"/></Period><Period><TimeInterval v="2016-12-24T14:00Z/2016-12-24T15:00Z"/><Direction v="Z02"/><Quantity v="0"/><MeasureUnit v="KW1"/></Period><Period><TimeInterval v="2016-12-24T15:00Z/2016-12-24T16:00Z"/><Direction v="Z02"/><Quantity v="0"/><MeasureUnit v="KW1"/></Period><Period><TimeInterval v="2016-12-24T16:00Z/2016-12-24T17:00Z"/><Direction v="Z02"/><Quantity v="0"/><MeasureUnit v="KW1"/></Period><Period><TimeInterval v="2016-12-24T17:00Z/2016-12-24T18:00Z"/><Direction v="Z02"/><Quantity v="0"/><MeasureUnit v="KW1"/></Period><Period><TimeInterval v="2016-12-24T18:00Z/2016-12-24T19:00Z"/><Direction v="Z02"/><Quantity v="0"/><MeasureUnit v="KW1"/></Period><Period><TimeInterval v="2016-12-24T19:00Z/2016-12-24T20:00Z"/><Direction v="Z02"/><Quantity v="0"/><MeasureUnit v="KW1"/></Period><Period><TimeInterval v="2016-12-24T20:00Z/2016-12-24T21:00Z"/><Direction v="Z02"/><Quantity v="0"/><MeasureUnit v="KW1"/></Period><Period><TimeInterval v="2016-12-24T21:00Z/2016-12-24T22:00Z"/><Direction v="Z02"/><Quantity v="0"/><MeasureUnit v="KW1"/></Period><Period><TimeInterval v="2016-12-24T22:00Z/2016-12-24T23:00Z"/><Direction v="Z02"/><Quantity v="0"/><MeasureUnit v="KW1"/></Period><Period><TimeInterval v="2016-12-24T23:00Z/2016-12-25T00:00Z"/><Direction v="Z02"/><Quantity v="0"/><MeasureUnit v="KW1"/></Period><Period><TimeInterval v="2016-12-25T00:00Z/2016-12-25T01:00Z"/><Direction v="Z02"/><Quantity v="0"/><MeasureUnit v="KW1"/></Period><Period><TimeInterval v="2016-12-25T01:00Z/2016-12-25T02:00Z"/><Direction v="Z02"/><Quantity v="0"/><MeasureUnit v="KW1"/></Period><Period><TimeInterval v="2016-12-25T02:00Z/2016-12-25T03:00Z"/><Direction v="Z02"/><Quantity v="0"/><MeasureUnit v="KW1"/></Period><Period><TimeInterval v="2016-12-25T03:00Z/2016-12-25T04:00Z"/><Direction v="Z02"/><Quantity v="0"/><MeasureUnit v="KW1"/></Period><Period><TimeInterval v="2016-12-25T04:00Z/2016-12-25T05:00Z"/><Direction v="Z02"/><Quantity v="0"/><MeasureUnit v="KW1"/></Period></Category></ConnectionPoint><ConnectionPoint><Identification v="37Y000000000288Q" codingScheme="305"/><Type v="Z26"/><Category><CapacityCode v="Z12"/><Period><TimeInterval v="2016-12-24T05:00Z/2016-12-24T06:00Z"/><Direction v="Z02"/><Quantity v="10844"/><MeasureUnit v="KW1"/></Period><Period><TimeInterval v="2016-12-24T06:00Z/2016-12-24T07:00Z"/><Direction v="Z02"/><Quantity v="10844"/><MeasureUnit v="KW1"/></Period><Period><TimeInterval v="2016-12-24T07:00Z/2016-12-24T08:00Z"/><Direction v="Z02"/><Quantity v="10844"/><MeasureUnit v="KW1"/></Period><Period><TimeInterval v="2016-12-24T08:00Z/2016-12-24T09:00Z"/><Direction v="Z02"/><Quantity v="10844"/><MeasureUnit v="KW1"/></Period><Period><TimeInterval v="2016-12-24T09:00Z/2016-12-24T10:00Z"/><Direction v="Z02"/><Quantity v="10844"/><MeasureUnit v="KW1"/></Period><Period><TimeInterval v="2016-12-24T10:00Z/2016-12-24T11:00Z"/><Direction v="Z02"/><Quantity v="10844"/><MeasureUnit v="KW1"/></Period><Period><TimeInterval v="2016-12-24T11:00Z/2016-12-24T12:00Z"/><Direction v="Z02"/><Quantity v="10844"/><MeasureUnit v="KW1"/></Period><Period><TimeInterval v="2016-12-24T12:00Z/2016-12-24T13:00Z"/><Direction v="Z02"/><Quantity v="10844"/><MeasureUnit v="KW1"/></Period><Period><TimeInterval v="2016-12-24T13:00Z/2016-12-24T14:00Z"/><Direction v="Z02"/><Quantity v="10844"/><MeasureUnit v="KW1"/></Period><Period><TimeInterval v="2016-12-24T14:00Z/2016-12-24T15:00Z"/><Direction v="Z02"/><Quantity v="10844"/><MeasureUnit v="KW1"/></Period><Period><TimeInterval v="2016-12-24T15:00Z/2016-12-24T16:00Z"/><Direction v="Z02"/><Quantity v="10844"/><MeasureUnit v="KW1"/></Period><Period><TimeInterval v="2016-12-24T16:00Z/2016-12-24T17:00Z"/><Direction v="Z02"/><Quantity v="10844"/><MeasureUnit v="KW1"/></Period><Period><TimeInterval v="2016-12-24T17:00Z/2016-12-24T18:00Z"/><Direction v="Z02"/><Quantity v="10844"/><MeasureUnit v="KW1"/></Period><Period><TimeInterval v="2016-12-24T18:00Z/2016-12-24T19:00Z"/><Direction v="Z02"/><Quantity v="10844"/><MeasureUnit v="KW1"/></Period><Period><TimeInterval v="2016-12-24T19:00Z/2016-12-24T20:00Z"/><Direction v="Z02"/><Quantity v="10844"/><MeasureUnit v="KW1"/></Period><Period><TimeInterval v="2016-12-24T20:00Z/2016-12-24T21:00Z"/><Direction v="Z02"/><Quantity v="10844"/><MeasureUnit v="KW1"/></Period><Period><TimeInterval v="2016-12-24T21:00Z/2016-12-24T22:00Z"/><Direction v="Z02"/><Quantity v="10844"/><MeasureUnit v="KW1"/></Period><Period><TimeInterval v="2016-12-24T22:00Z/2016-12-24T23:00Z"/><Direction v="Z02"/><Quantity v="10844"/><MeasureUnit v="KW1"/></Period><Period><TimeInterval v="2016-12-24T23:00Z/2016-12-25T00:00Z"/><Direction v="Z02"/><Quantity v="10844"/><MeasureUnit v="KW1"/></Period><Period><TimeInterval v="2016-12-25T00:00Z/2016-12-25T01:00Z"/><Direction v="Z02"/><Quantity v="10844"/><MeasureUnit v="KW1"/></Period><Period><TimeInterval v="2016-12-25T01:00Z/2016-12-25T02:00Z"/><Direction v="Z02"/><Quantity v="10844"/><MeasureUnit v="KW1"/></Period><Period><TimeInterval v="2016-12-25T02:00Z/2016-12-25T03:00Z"/><Direction v="Z02"/><Quantity v="10844"/><MeasureUnit v="KW1"/></Period><Period><TimeInterval v="2016-12-25T03:00Z/2016-12-25T04:00Z"/><Direction v="Z02"/><Quantity v="10844"/><MeasureUnit v="KW1"/></Period><Period><TimeInterval v="2016-12-25T04:00Z/2016-12-25T05:00Z"/><Direction v="Z02"/><Quantity v="10844"/><MeasureUnit v="KW1"/></Period></Category><Category><CapacityCode v="Z14"/><Period><TimeInterval v="2016-12-24T05:00Z/2016-12-24T06:00Z"/><Direction v="Z02"/><Quantity v="9244"/><MeasureUnit v="KW1"/></Period><Period><TimeInterval v="2016-12-24T06:00Z/2016-12-24T07:00Z"/><Direction v="Z02"/><Quantity v="9244"/><MeasureUnit v="KW1"/></Period><Period><TimeInterval v="2016-12-24T07:00Z/2016-12-24T08:00Z"/><Direction v="Z02"/><Quantity v="9244"/><MeasureUnit v="KW1"/></Period><Period><TimeInterval v="2016-12-24T08:00Z/2016-12-24T09:00Z"/><Direction v="Z02"/><Quantity v="9244"/><MeasureUnit v="KW1"/></Period><Period><TimeInterval v="2016-12-24T09:00Z/2016-12-24T10:00Z"/><Direction v="Z02"/><Quantity v="9244"/><MeasureUnit v="KW1"/></Period><Period><TimeInterval v="2016-12-24T10:00Z/2016-12-24T11:00Z"/><Direction v="Z02"/><Quantity v="9244"/><MeasureUnit v="KW1"/></Period><Period><TimeInterval v="2016-12-24T11:00Z/2016-12-24T12:00Z"/><Direction v="Z02"/><Quantity v="9244"/><MeasureUnit v="KW1"/></Period><Period><TimeInterval v="2016-12-24T12:00Z/2016-12-24T13:00Z"/><Direction v="Z02"/><Quantity v="9244"/><MeasureUnit v="KW1"/></Period><Period><TimeInterval v="2016-12-24T13:00Z/2016-12-24T14:00Z"/><Direction v="Z02"/><Quantity v="9244"/><MeasureUnit v="KW1"/></Period><Period><TimeInterval v="2016-12-24T14:00Z/2016-12-24T15:00Z"/><Direction v="Z02"/><Quantity v="9244"/><MeasureUnit v="KW1"/></Period><Period><TimeInterval v="2016-12-24T15:00Z/2016-12-24T16:00Z"/><Direction v="Z02"/><Quantity v="9244"/><MeasureUnit v="KW1"/></Period><Period><TimeInterval v="2016-12-24T16:00Z/2016-12-24T17:00Z"/><Direction v="Z02"/><Quantity v="9244"/><MeasureUnit v="KW1"/></Period><Period><TimeInterval v="2016-12-24T17:00Z/2016-12-24T18:00Z"/><Direction v="Z02"/><Quantity v="9244"/><MeasureUnit v="KW1"/></Period><Period><TimeInterval v="2016-12-24T18:00Z/2016-12-24T19:00Z"/><Direction v="Z02"/><Quantity v="9244"/><MeasureUnit v="KW1"/></Period><Period><TimeInterval v="2016-12-24T19:00Z/2016-12-24T20:00Z"/><Direction v="Z02"/><Quantity v="9244"/><MeasureUnit v="KW1"/></Period><Period><TimeInterval v="2016-12-24T20:00Z/2016-12-24T21:00Z"/><Direction v="Z02"/><Quantity v="9244"/><MeasureUnit v="KW1"/></Period><Period><TimeInterval v="2016-12-24T21:00Z/2016-12-24T22:00Z"/><Direction v="Z02"/><Quantity v="9244"/><MeasureUnit v="KW1"/></Period><Period><TimeInterval v="2016-12-24T22:00Z/2016-12-24T23:00Z"/><Direction v="Z02"/><Quantity v="9244"/><MeasureUnit v="KW1"/></Period><Period><TimeInterval v="2016-12-24T23:00Z/2016-12-25T00:00Z"/><Direction v="Z02"/><Quantity v="9244"/><MeasureUnit v="KW1"/></Period><Period><TimeInterval v="2016-12-25T00:00Z/2016-12-25T01:00Z"/><Direction v="Z02"/><Quantity v="9244"/><MeasureUnit v="KW1"/></Period><Period><TimeInterval v="2016-12-25T01:00Z/2016-12-25T02:00Z"/><Direction v="Z02"/><Quantity v="9244"/><MeasureUnit v="KW1"/></Period><Period><TimeInterval v="2016-12-25T02:00Z/2016-12-25T03:00Z"/><Direction v="Z02"/><Quantity v="9244"/><MeasureUnit v="KW1"/></Period><Period><TimeInterval v="2016-12-25T03:00Z/2016-12-25T04:00Z"/><Direction v="Z02"/><Quantity v="9244"/><MeasureUnit v="KW1"/></Period><Period><TimeInterval v="2016-12-25T04:00Z/2016-12-25T05:00Z"/><Direction v="Z02"/><Quantity v="9244"/><MeasureUnit v="KW1"/></Period></Category><Category><CapacityCode v="Z15"/><Period><TimeInterval v="2016-12-24T05:00Z/2016-12-24T06:00Z"/><Direction v="Z02"/><Quantity v="0"/><MeasureUnit v="KW1"/></Period><Period><TimeInterval v="2016-12-24T06:00Z/2016-12-24T07:00Z"/><Direction v="Z02"/><Quantity v="0"/><MeasureUnit v="KW1"/></Period><Period><TimeInterval v="2016-12-24T07:00Z/2016-12-24T08:00Z"/><Direction v="Z02"/><Quantity v="0"/><MeasureUnit v="KW1"/></Period><Period><TimeInterval v="2016-12-24T08:00Z/2016-12-24T09:00Z"/><Direction v="Z02"/><Quantity v="0"/><MeasureUnit v="KW1"/></Period><Period><TimeInterval v="2016-12-24T09:00Z/2016-12-24T10:00Z"/><Direction v="Z02"/><Quantity v="0"/><MeasureUnit v="KW1"/></Period><Period><TimeInterval v="2016-12-24T10:00Z/2016-12-24T11:00Z"/><Direction v="Z02"/><Quantity v="0"/><MeasureUnit v="KW1"/></Period><Period><TimeInterval v="2016-12-24T11:00Z/2016-12-24T12:00Z"/><Direction v="Z02"/><Quantity v="0"/><MeasureUnit v="KW1"/></Period><Period><TimeInterval v="2016-12-24T12:00Z/2016-12-24T13:00Z"/><Direction v="Z02"/><Quantity v="0"/><MeasureUnit v="KW1"/></Period><Period><TimeInterval v="2016-12-24T13:00Z/2016-12-24T14:00Z"/><Direction v="Z02"/><Quantity v="0"/><MeasureUnit v="KW1"/></Period><Period><TimeInterval v="2016-12-24T14:00Z/2016-12-24T15:00Z"/><Direction v="Z02"/><Quantity v="0"/><MeasureUnit v="KW1"/></Period><Period><TimeInterval v="2016-12-24T15:00Z/2016-12-24T16:00Z"/><Direction v="Z02"/><Quantity v="0"/><MeasureUnit v="KW1"/></Period><Period><TimeInterval v="2016-12-24T16:00Z/2016-12-24T17:00Z"/><Direction v="Z02"/><Quantity v="0"/><MeasureUnit v="KW1"/></Period><Period><TimeInterval v="2016-12-24T17:00Z/2016-12-24T18:00Z"/><Direction v="Z02"/><Quantity v="0"/><MeasureUnit v="KW1"/></Period><Period><TimeInterval v="2016-12-24T18:00Z/2016-12-24T19:00Z"/><Direction v="Z02"/><Quantity v="0"/><MeasureUnit v="KW1"/></Period><Period><TimeInterval v="2016-12-24T19:00Z/2016-12-24T20:00Z"/><Direction v="Z02"/><Quantity v="0"/><MeasureUnit v="KW1"/></Period><Period><TimeInterval v="2016-12-24T20:00Z/2016-12-24T21:00Z"/><Direction v="Z02"/><Quantity v="0"/><MeasureUnit v="KW1"/></Period><Period><TimeInterval v="2016-12-24T21:00Z/2016-12-24T22:00Z"/><Direction v="Z02"/><Quantity v="0"/><MeasureUnit v="KW1"/></Period><Period><TimeInterval v="2016-12-24T22:00Z/2016-12-24T23:00Z"/><Direction v="Z02"/><Quantity v="0"/><MeasureUnit v="KW1"/></Period><Period><TimeInterval v="2016-12-24T23:00Z/2016-12-25T00:00Z"/><Direction v="Z02"/><Quantity v="0"/><MeasureUnit v="KW1"/></Period><Period><TimeInterval v="2016-12-25T00:00Z/2016-12-25T01:00Z"/><Direction v="Z02"/><Quantity v="0"/><MeasureUnit v="KW1"/></Period><Period><TimeInterval v="2016-12-25T01:00Z/2016-12-25T02:00Z"/><Direction v="Z02"/><Quantity v="0"/><MeasureUnit v="KW1"/></Period><Period><TimeInterval v="2016-12-25T02:00Z/2016-12-25T03:00Z"/><Direction v="Z02"/><Quantity v="0"/><MeasureUnit v="KW1"/></Period><Period><TimeInterval v="2016-12-25T03:00Z/2016-12-25T04:00Z"/><Direction v="Z02"/><Quantity v="0"/><MeasureUnit v="KW1"/></Period><Period><TimeInterval v="2016-12-25T04:00Z/2016-12-25T05:00Z"/><Direction v="Z02"/><Quantity v="0"/><MeasureUnit v="KW1"/></Period></Category></ConnectionPoint></TransparencyPublication>