<?xml version="1.0" encoding="UTF-8"?><TransparencyPublication Version="EGAS50" Release="A"><Identification v="TRANPB20170104A104247"/><Version v="1"/><Type v="AL5"/><CreationDateTime v="2017-01-04T07:07:51.589Z"/><ValidityPeriod v="2016-12-04T05:00Z/2016-12-05T05:00Z"/><IssuerIdentification v="21X-DE-C-A0A0A-T" codingScheme="305"/><IssuerRole v="ZSO"/><RecipientIdentification v="10X1001A1001A353" codingScheme="305"/><RecipientRole v="ZUA"/><ConnectionPoint><Identification v="37Y000000000288Q" codingScheme="305"/><Type v="Z26"/><Category><CapacityCode v="Z06"/><Period><TimeInterval v="2016-12-04T05:00Z/2016-12-04T06:00Z"/><Direction v="Z02"/><Quantity v="1746798"/><MeasureUnit v="KW1"/></Period><Period><TimeInterval v="2016-12-04T06:00Z/2016-12-04T07:00Z"/><Direction v="Z02"/><Quantity v="1746798"/><MeasureUnit v="KW1"/></Period><Period><TimeInterval v="2016-12-04T07:00Z/2016-12-04T08:00Z"/><Direction v="Z02"/><Quantity v="1746798"/><MeasureUnit v="KW1"/></Period><Period><TimeInterval v="2016-12-04T08:00Z/2016-12-04T09:00Z"/><Direction v="Z02"/><Quantity v="1746798"/><MeasureUnit v="KW1"/></Period><Period><TimeInterval v="2016-12-04T09:00Z/2016-12-04T10:00Z"/><Direction v="Z02"/><Quantity v="1746798"/><MeasureUnit v="KW1"/></Period><Period><TimeInterval v="2016-12-04T10:00Z/2016-12-04T11:00Z"/><Direction v="Z02"/><Quantity v="1746798"/><MeasureUnit v="KW1"/></Period><Period><TimeInterval v="2016-12-04T11:00Z/2016-12-04T12:00Z"/><Direction v="Z02"/><Quantity v="1746798"/><MeasureUnit v="KW1"/></Period><Period><TimeInterval v="2016-12-04T12:00Z/2016-12-04T13:00Z"/><Direction v="Z02"/><Quantity v="1746798"/><MeasureUnit v="KW1"/></Period><Period><TimeInterval v="2016-12-04T13:00Z/2016-12-04T14:00Z"/><Direction v="Z02"/><Quantity v="1746798"/><MeasureUnit v="KW1"/></Period><Period><TimeInterval v="2016-12-04T14:00Z/2016-12-04T15:00Z"/><Direction v="Z02"/><Quantity v="1746798"/><MeasureUnit v="KW1"/></Period><Period><TimeInterval v="2016-12-04T15:00Z/2016-12-04T16:00Z"/><Direction v="Z02"/><Quantity v="1746798"/><MeasureUnit v="KW1"/></Period><Period><TimeInterval v="2016-12-04T16:00Z/2016-12-04T17:00Z"/><Direction v="Z02"/><Quantity v="1746798"/><MeasureUnit v="KW1"/></Period><Period><TimeInterval v="2016-12-04T17:00Z/2016-12-04T18:00Z"/><Direction v="Z02"/><Quantity v="1746798"/><MeasureUnit v="KW1"/></Period><Period><TimeInterval v="2016-12-04T18:00Z/2016-12-04T19:00Z"/><Direction v="Z02"/><Quantity v="1746798"/><MeasureUnit v="KW1"/></Period><Period><TimeInterval v="2016-12-04T19:00Z/2016-12-04T20:00Z"/><Direction v="Z02"/><Quantity v="1746798"/><MeasureUnit v="KW1"/></Period><Period><TimeInterval v="2016-12-04T20:00Z/2016-12-04T21:00Z"/><Direction v="Z02"/><Quantity v="1746798"/><MeasureUnit v="KW1"/></Period><Period><TimeInterval v="2016-12-04T21:00Z/2016-12-04T22:00Z"/><Direction v="Z02"/><Quantity v="1746798"/><MeasureUnit v="KW1"/></Period><Period><TimeInterval v="2016-12-04T22:00Z/2016-12-04T23:00Z"/><Direction v="Z02"/><Quantity v="1746798"/><MeasureUnit v="KW1"/></Period><Period><TimeInterval v="2016-12-04T23:00Z/2016-12-05T00:00Z"/><Direction v="Z02"/><Quantity v="1746798"/><MeasureUnit v="KW1"/></Period><Period><TimeInterval v="2016-12-05T00:00Z/2016-12-05T01:00Z"/><Direction v="Z02"/><Quantity v="1746798"/><MeasureUnit v="KW1"/></Period><Period><TimeInterval v="2016-12-05T01:00Z/2016-12-05T02:00Z"/><Direction v="Z02"/><Quantity v="1746798"/><MeasureUnit v="KW1"/></Period><Period><TimeInterval v="2016-12-05T02:00Z/2016-12-05T03:00Z"/><Direction v="Z02"/><Quantity v="1746798"/><MeasureUnit v="KW1"/></Period><Period><TimeInterval v="2016-12-05T03:00Z/2016-12-05T04:00Z"/><Direction v="Z02"/><Quantity v="1746798"/><MeasureUnit v="KW1"/></Period><Period><TimeInterval v="2016-12-05T04:00Z/2016-12-05T05:00Z"/><Direction v="Z02"/><Quantity v="1746798"/><MeasureUnit v="KW1"/></Period></Category><Category><CapacityCode v="Z07"/><Period><TimeInterval v="2016-12-04T05:00Z/2016-12-04T06:00Z"/><Direction v="Z02"/><Quantity v="1750000"/><MeasureUnit v="KW1"/></Period><Period><TimeInterval v="2016-12-04T06:00Z/2016-12-04T07:00Z"/><Direction v="Z02"/><Quantity v="1750000"/><MeasureUnit v="KW1"/></Period><Period><TimeInterval v="2016-12-04T07:00Z/2016-12-04T08:00Z"/><Direction v="Z02"/><Quantity v="1750000"/><MeasureUnit v="KW1"/></Period><Period><TimeInterval v="2016-12-04T08:00Z/2016-12-04T09:00Z"/><Direction v="Z02"/><Quantity v="1750000"/><MeasureUnit v="KW1"/></Period><Period><TimeInterval v="2016-12-04T09:00Z/2016-12-04T10:00Z"/><Direction v="Z02"/><Quantity v="1750000"/><MeasureUnit v="KW1"/></Period><Period><TimeInterval v="2016-12-04T10:00Z/2016-12-04T11:00Z"/><Direction v="Z02"/><Quantity v="1750000"/><MeasureUnit v="KW1"/></Period><Period><TimeInterval v="2016-12-04T11:00Z/2016-12-04T12:00Z"/><Direction v="Z02"/><Quantity v="1750000"/><MeasureUnit v="KW1"/></Period><Period><TimeInterval v="2016-12-04T12:00Z/2016-12-04T13:00Z"/><Direction v="Z02"/><Quantity v="1750000"/><MeasureUnit v="KW1"/></Period><Period><TimeInterval v="2016-12-04T13:00Z/2016-12-04T14:00Z"/><Direction v="Z02"/><Quantity v="1750000"/><MeasureUnit v="KW1"/></Period><Period><TimeInterval v="2016-12-04T14:00Z/2016-12-04T15:00Z"/><Direction v="Z02"/><Quantity v="1750000"/><MeasureUnit v="KW1"/></Period><Period><TimeInterval v="2016-12-04T15:00Z/2016-12-04T16:00Z"/><Direction v="Z02"/><Quantity v="1750000"/><MeasureUnit v="KW1"/></Period><Period><TimeInterval v="2016-12-04T16:00Z/2016-12-04T17:00Z"/><Direction v="Z02"/><Quantity v="1750000"/><MeasureUnit v="KW1"/></Period><Period><TimeInterval v="2016-12-04T17:00Z/2016-12-04T18:00Z"/><Direction v="Z02"/><Quantity v="1750000"/><MeasureUnit v="KW1"/></Period><Period><TimeInterval v="2016-12-04T18:00Z/2016-12-04T19:00Z"/><Direction v="Z02"/><Quantity v="1750000"/><MeasureUnit v="KW1"/></Period><Period><TimeInterval v="2016-12-04T19:00Z/2016-12-04T20:00Z"/><Direction v="Z02"/><Quantity v="1750000"/><MeasureUnit v="KW1"/></Period><Period><TimeInterval v="2016-12-04T20:00Z/2016-12-04T21:00Z"/><Direction v="Z02"/><Quantity v="1750000"/><MeasureUnit v="KW1"/></Period><Period><TimeInterval v="2016-12-04T21:00Z/2016-12-04T22:00Z"/><Direction v="Z02"/><Quantity v="1750000"/><MeasureUnit v="KW1"/></Period><Period><TimeInterval v="2016-12-04T22:00Z/2016-12-04T23:00Z"/><Direction v="Z02"/><Quantity v="1750000"/><MeasureUnit v="KW1"/></Period><Period><TimeInterval v="2016-12-04T23:00Z/2016-12-05T00:00Z"/><Direction v="Z02"/><Quantity v="1750000"/><MeasureUnit v="KW1"/></Period><Period><TimeInterval v="2016-12-05T00:00Z/2016-12-05T01:00Z"/><Direction v="Z02"/><Quantity v="1750000"/><MeasureUnit v="KW1"/></Period><Period><TimeInterval v="2016-12-05T01:00Z/2016-12-05T02:00Z"/><Direction v="Z02"/><Quantity v="1750000"/><MeasureUnit v="KW1"/></Period><Period><TimeInterval v="2016-12-05T02:00Z/2016-12-05T03:00Z"/><Direction v="Z02"/><Quantity v="1750000"/><MeasureUnit v="KW1"/></Period><Period><TimeInterval v="2016-12-05T03:00Z/2016-12-05T04:00Z"/><Direction v="Z02"/><Quantity v="1750000"/><MeasureUnit v="KW1"/></Period><Period><TimeInterval v="2016-12-05T04:00Z/2016-12-05T05:00Z"/><Direction v="Z02"/><Quantity v="1750000"/><MeasureUnit v="KW1"/></Period></Category><Category><CapacityCode v="Z09"/><Period><TimeInterval v="2016-12-04T05:00Z/2016-12-04T06:00Z"/><Direction v="Z02"/><Quantity v="12444"/><MeasureUnit v="KW1"/></Period><Period><TimeInterval v="2016-12-04T06:00Z/2016-12-04T07:00Z"/><Direction v="Z02"/><Quantity v="12444"/><MeasureUnit v="KW1"/></Period><Period><TimeInterval v="2016-12-04T07:00Z/2016-12-04T08:00Z"/><Direction v="Z02"/><Quantity v="12444"/><MeasureUnit v="KW1"/></Period><Period><TimeInterval v="2016-12-04T08:00Z/2016-12-04T09:00Z"/><Direction v="Z02"/><Quantity v="12444"/><MeasureUnit v="KW1"/></Period><Period><TimeInterval v="2016-12-04T09:00Z/2016-12-04T10:00Z"/><Direction v="Z02"/><Quantity v="12444"/><MeasureUnit v="KW1"/></Period><Period><TimeInterval v="2016-12-04T10:00Z/2016-12-04T11:00Z"/><Direction v="Z02"/><Quantity v="12444"/><MeasureUnit v="KW1"/></Period><Period><TimeInterval v="2016-12-04T11:00Z/2016-12-04T12:00Z"/><Direction v="Z02"/><Quantity v="12444"/><MeasureUnit v="KW1"/></Period><Period><TimeInterval v="2016-12-04T12:00Z/2016-12-04T13:00Z"/><Direction v="Z02"/><Quantity v="12444"/><MeasureUnit v="KW1"/></Period><Period><TimeInterval v="2016-12-04T13:00Z/2016-12-04T14:00Z"/><Direction v="Z02"/><Quantity v="12444"/><MeasureUnit v="KW1"/></Period><Period><TimeInterval v="2016-12-04T14:00Z/2016-12-04T15:00Z"/><Direction v="Z02"/><Quantity v="12444"/><MeasureUnit v="KW1"/></Period><Period><TimeInterval v="2016-12-04T15:00Z/2016-12-04T16:00Z"/><Direction v="Z02"/><Quantity v="12444"/><MeasureUnit v="KW1"/></Period><Period><TimeInterval v="2016-12-04T16:00Z/2016-12-04T17:00Z"/><Direction v="Z02"/><Quantity v="12444"/><MeasureUnit v="KW1"/></Period><Period><TimeInterval v="2016-12-04T17:00Z/2016-12-04T18:00Z"/><Direction v="Z02"/><Quantity v="12444"/><MeasureUnit v="KW1"/></Period><Period><TimeInterval v="2016-12-04T18:00Z/2016-12-04T19:00Z"/><Direction v="Z02"/><Quantity v="12444"/><MeasureUnit v="KW1"/></Period><Period><TimeInterval v="2016-12-04T19:00Z/2016-12-04T20:00Z"/><Direction v="Z02"/><Quantity v="12444"/><MeasureUnit v="KW1"/></Period><Period><TimeInterval v="2016-12-04T20:00Z/2016-12-04T21:00Z"/><Direction v="Z02"/><Quantity v="12444"/><MeasureUnit v="KW1"/></Period><Period><TimeInterval v="2016-12-04T21:00Z/2016-12-04T22:00Z"/><Direction v="Z02"/><Quantity v="12444"/><MeasureUnit v="KW1"/></Period><Period><TimeInterval v="2016-12-04T22:00Z/2016-12-04T23:00Z"/><Direction v="Z02"/><Quantity v="12444"/><MeasureUnit v="KW1"/></Period><Period><TimeInterval v="2016-12-04T23:00Z/2016-12-05T00:00Z"/><Direction v="Z02"/><Quantity v="12444"/><MeasureUnit v="KW1"/></Period><Period><TimeInterval v="2016-12-05T00:00Z/2016-12-05T01:00Z"/><Direction v="Z02"/><Quantity v="12444"/><MeasureUnit v="KW1"/></Period><Period><TimeInterval v="2016-12-05T01:00Z/2016-12-05T02:00Z"/><Direction v="Z02"/><Quantity v="12444"/><MeasureUnit v="KW1"/></Period><Period><TimeInterval v="2016-12-05T02:00Z/2016-12-05T03:00Z"/><Direction v="Z02"/><Quantity v="12444"/><MeasureUnit v="KW1"/></Period><Period><TimeInterval v="2016-12-05T03:00Z/2016-12-05T04:00Z"/><Direction v="Z02"/><Quantity v="12444"/><MeasureUnit v="KW1"/></Period><Period><TimeInterval v="2016-12-05T04:00Z/2016-12-05T05:00Z"/><Direction v="Z02"/><Quantity v="12444"/><MeasureUnit v="KW1"/></Period></Category><Category><CapacityCode v="Z10"/><Period><TimeInterval v="2016-12-04T05:00Z/2016-12-04T06:00Z"/><Direction v="Z02"/><Quantity v="9246"/><MeasureUnit v="KW1"/></Period><Period><TimeInterval v="2016-12-04T06:00Z/2016-12-04T07:00Z"/><Direction v="Z02"/><Quantity v="9246"/><MeasureUnit v="KW1"/></Period><Period><TimeInterval v="2016-12-04T07:00Z/2016-12-04T08:00Z"/><Direction v="Z02"/><Quantity v="9246"/><MeasureUnit v="KW1"/></Period><Period><TimeInterval v="2016-12-04T08:00Z/2016-12-04T09:00Z"/><Direction v="Z02"/><Quantity v="9246"/><MeasureUnit v="KW1"/></Period><Period><TimeInterval v="2016-12-04T09:00Z/2016-12-04T10:00Z"/><Direction v="Z02"/><Quantity v="9246"/><MeasureUnit v="KW1"/></Period><Period><TimeInterval v="2016-12-04T10:00Z/2016-12-04T11:00Z"/><Direction v="Z02"/><Quantity v="9246"/><MeasureUnit v="KW1"/></Period><Period><TimeInterval v="2016-12-04T11:00Z/2016-12-04T12:00Z"/><Direction v="Z02"/><Quantity v="9246"/><MeasureUnit v="KW1"/></Period><Period><TimeInterval v="2016-12-04T12:00Z/2016-12-04T13:00Z"/><Direction v="Z02"/><Quantity v="9246"/><MeasureUnit v="KW1"/></Period><Period><TimeInterval v="2016-12-04T13:00Z/2016-12-04T14:00Z"/><Direction v="Z02"/><Quantity v="9246"/><MeasureUnit v="KW1"/></Period><Period><TimeInterval v="2016-12-04T14:00Z/2016-12-04T15:00Z"/><Direction v="Z02"/><Quantity v="9246"/><MeasureUnit v="KW1"/></Period><Period><TimeInterval v="2016-12-04T15:00Z/2016-12-04T16:00Z"/><Direction v="Z02"/><Quantity v="9246"/><MeasureUnit v="KW1"/></Period><Period><TimeInterval v="2016-12-04T16:00Z/2016-12-04T17:00Z"/><Direction v="Z02"/><Quantity v="9246"/><MeasureUnit v="KW1"/></Period><Period><TimeInterval v="2016-12-04T17:00Z/2016-12-04T18:00Z"/><Direction v="Z02"/><Quantity v="9246"/><MeasureUnit v="KW1"/></Period><Period><TimeInterval v="2016-12-04T18:00Z/2016-12-04T19:00Z"/><Direction v="Z02"/><Quantity v="9246"/><MeasureUnit v="KW1"/></Period><Period><TimeInterval v="2016-12-04T19:00Z/2016-12-04T20:00Z"/><Direction v="Z02"/><Quantity v="9246"/><MeasureUnit v="KW1"/></Period><Period><TimeInterval v="2016-12-04T20:00Z/2016-12-04T21:00Z"/><Direction v="Z02"/><Quantity v="9246"/><MeasureUnit v="KW1"/></Period><Period><TimeInterval v="2016-12-04T21:00Z/2016-12-04T22:00Z"/><Direction v="Z02"/><Quantity v="9246"/><MeasureUnit v="KW1"/></Period><Period><TimeInterval v="2016-12-04T22:00Z/2016-12-04T23:00Z"/><Direction v="Z02"/><Quantity v="9246"/><MeasureUnit v="KW1"/></Period><Period><TimeInterval v="2016-12-04T23:00Z/2016-12-05T00:00Z"/><Direction v="Z02"/><Quantity v="9246"/><MeasureUnit v="KW1"/></Period><Period><TimeInterval v="2016-12-05T00:00Z/2016-12-05T01:00Z"/><Direction v="Z02"/><Quantity v="9246"/><MeasureUnit v="KW1"/></Period><Period><TimeInterval v="2016-12-05T01:00Z/2016-12-05T02:00Z"/><Direction v="Z02"/><Quantity v="9246"/><MeasureUnit v="KW1"/></Period><Period><TimeInterval v="2016-12-05T02:00Z/2016-12-05T03:00Z"/><Direction v="Z02"/><Quantity v="9246"/><MeasureUnit v="KW1"/></Period><Period><TimeInterval v="2016-12-05T03:00Z/2016-12-05T04:00Z"/><Direction v="Z02"/><Quantity v="9246"/><MeasureUnit v="KW1"/></Period><Period><TimeInterval v="2016-12-05T04:00Z/2016-12-05T05:00Z"/><Direction v="Z02"/><Quantity v="9246"/><MeasureUnit v="KW1"/></Period></Category><Category><CapacityCode v="Z11"/><Period><TimeInterval v="2016-12-04T05:00Z/2016-12-04T06:00Z"/><Direction v="Z02"/><Quantity v="3202"/><MeasureUnit v="KW1"/></Period><Period><TimeInterval v="2016-12-04T06:00Z/2016-12-04T07:00Z"/><Direction v="Z02"/><Quantity v="3202"/><MeasureUnit v="KW1"/></Period><Period><TimeInterval v="2016-12-04T07:00Z/2016-12-04T08:00Z"/><Direction v="Z02"/><Quantity v="3202"/><MeasureUnit v="KW1"/></Period><Period><TimeInterval v="2016-12-04T08:00Z/2016-12-04T09:00Z"/><Direction v="Z02"/><Quantity v="3202"/><MeasureUnit v="KW1"/></Period><Period><TimeInterval v="2016-12-04T09:00Z/2016-12-04T10:00Z"/><Direction v="Z02"/><Quantity v="3202"/><MeasureUnit v="KW1"/></Period><Period><TimeInterval v="2016-12-04T10:00Z/2016-12-04T11:00Z"/><Direction v="Z02"/><Quantity v="3202"/><MeasureUnit v="KW1"/></Period><Period><TimeInterval v="2016-12-04T11:00Z/2016-12-04T12:00Z"/><Direction v="Z02"/><Quantity v="3202"/><MeasureUnit v="KW1"/></Period><Period><TimeInterval v="2016-12-04T12:00Z/2016-12-04T13:00Z"/><Direction v="Z02"/><Quantity v="3202"/><MeasureUnit v="KW1"/></Period><Period><TimeInterval v="2016-12-04T13:00Z/2016-12-04T14:00Z"/><Direction v="Z02"/><Quantity v="3202"/><MeasureUnit v="KW1"/></Period><Period><TimeInterval v="2016-12-04T14:00Z/2016-12-04T15:00Z"/><Direction v="Z02"/><Quantity v="3202"/><MeasureUnit v="KW1"/></Period><Period><TimeInterval v="2016-12-04T15:00Z/2016-12-04T16:00Z"/><Direction v="Z02"/><Quantity v="3202"/><MeasureUnit v="KW1"/></Period><Period><TimeInterval v="2016-12-04T16:00Z/2016-12-04T17:00Z"/><Direction v="Z02"/><Quantity v="3202"/><MeasureUnit v="KW1"/></Period><Period><TimeInterval v="2016-12-04T17:00Z/2016-12-04T18:00Z"/><Direction v="Z02"/><Quantity v="3202"/><MeasureUnit v="KW1"/></Period><Period><TimeInterval v="2016-12-04T18:00Z/2016-12-04T19:00Z"/><Direction v="Z02"/><Quantity v="3202"/><MeasureUnit v="KW1"/></Period><Period><TimeInterval v="2016-12-04T19:00Z/2016-12-04T20:00Z"/><Direction v="Z02"/><Quantity v="3202"/><MeasureUnit v="KW1"/></Period><Period><TimeInterval v="2016-12-04T20:00Z/2016-12-04T21:00Z"/><Direction v="Z02"/><Quantity v="3202"/><MeasureUnit v="KW1"/></Period><Period><TimeInterval v="2016-12-04T21:00Z/2016-12-04T22:00Z"/><Direction v="Z02"/><Quantity v="3202"/><MeasureUnit v="KW1"/></Period><Period><TimeInterval v="2016-12-04T22:00Z/2016-12-04T23:00Z"/><Direction v="Z02"/><Quantity v="3202"/><MeasureUnit v="KW1"/></Period><Period><TimeInterval v="2016-12-04T23:00Z/2016-12-05T00:00Z"/><Direction v="Z02"/><Quantity v="3202"/><MeasureUnit v="KW1"/></Period><Period><TimeInterval v="2016-12-05T00:00Z/2016-12-05T01:00Z"/><Direction v="Z02"/><Quantity v="3202"/><MeasureUnit v="KW1"/></Period><Period><TimeInterval v="2016-12-05T01:00Z/2016-12-05T02:00Z"/><Direction v="Z02"/><Quantity v="3202"/><MeasureUnit v="KW1"/></Period><Period><TimeInterval v="2016-12-05T02:00Z/2016-12-05T03:00Z"/><Direction v="Z02"/><Quantity v="3202"/><MeasureUnit v="KW1"/></Period><Period><TimeInterval v="2016-12-05T03:00Z/2016-12-05T04:00Z"/><Direction v="Z02"/><Quantity v="3202"/><MeasureUnit v="KW1"/></Period><Period><TimeInterval v="2016-12-05T04:00Z/2016-12-05T05:00Z"/><Direction v="Z02"/><Quantity v="3202"/><MeasureUnit v="KW1"/></Period></Category></ConnectionPoint></TransparencyPublication>