<?xml version="1.0" encoding="UTF-8"?><TransparencyPublication Version="EGAS50" Release="A"><Identification v="TRANPB20170104A104256"/><Version v="1"/><Type v="AL5"/><CreationDateTime v="2017-01-04T07:08:16.105Z"/><ValidityPeriod v="2016-12-13T05:00Z/2016-12-14T05:00Z"/><IssuerIdentification v="21X-DE-C-A0A0A-T" codingScheme="305"/><IssuerRole v="ZSO"/><RecipientIdentification v="10X1001A1001A353" codingScheme="305"/><RecipientRole v="ZUA"/><ConnectionPoint><Identification v="21Z000000000237O" codingScheme="305"/><Type v="Z26"/><Category><CapacityCode v="Z06"/><Period><TimeInterval v="2016-12-13T05:00Z/2016-12-13T06:00Z"/><Direction v="Z02"/><Quantity v="252169"/><MeasureUnit v="KW1"/></Period><Period><TimeInterval v="2016-12-13T06:00Z/2016-12-13T07:00Z"/><Direction v="Z02"/><Quantity v="252169"/><MeasureUnit v="KW1"/></Period><Period><TimeInterval v="2016-12-13T07:00Z/2016-12-13T08:00Z"/><Direction v="Z02"/><Quantity v="252169"/><MeasureUnit v="KW1"/></Period><Period><TimeInterval v="2016-12-13T08:00Z/2016-12-13T09:00Z"/><Direction v="Z02"/><Quantity v="252169"/><MeasureUnit v="KW1"/></Period><Period><TimeInterval v="2016-12-13T09:00Z/2016-12-13T10:00Z"/><Direction v="Z02"/><Quantity v="252169"/><MeasureUnit v="KW1"/></Period><Period><TimeInterval v="2016-12-13T10:00Z/2016-12-13T11:00Z"/><Direction v="Z02"/><Quantity v="252169"/><MeasureUnit v="KW1"/></Period><Period><TimeInterval v="2016-12-13T11:00Z/2016-12-13T12:00Z"/><Direction v="Z02"/><Quantity v="252169"/><MeasureUnit v="KW1"/></Period><Period><TimeInterval v="2016-12-13T12:00Z/2016-12-13T13:00Z"/><Direction v="Z02"/><Quantity v="252169"/><MeasureUnit v="KW1"/></Period><Period><TimeInterval v="2016-12-13T13:00Z/2016-12-13T14:00Z"/><Direction v="Z02"/><Quantity v="252169"/><MeasureUnit v="KW1"/></Period><Period><TimeInterval v="2016-12-13T14:00Z/2016-12-13T15:00Z"/><Direction v="Z02"/><Quantity v="252169"/><MeasureUnit v="KW1"/></Period><Period><TimeInterval v="2016-12-13T15:00Z/2016-12-13T16:00Z"/><Direction v="Z02"/><Quantity v="252169"/><MeasureUnit v="KW1"/></Period><Period><TimeInterval v="2016-12-13T16:00Z/2016-12-13T17:00Z"/><Direction v="Z02"/><Quantity v="252169"/><MeasureUnit v="KW1"/></Period><Period><TimeInterval v="2016-12-13T17:00Z/2016-12-13T18:00Z"/><Direction v="Z02"/><Quantity v="252169"/><MeasureUnit v="KW1"/></Period><Period><TimeInterval v="2016-12-13T18:00Z/2016-12-13T19:00Z"/><Direction v="Z02"/><Quantity v="252169"/><MeasureUnit v="KW1"/></Period><Period><TimeInterval v="2016-12-13T19:00Z/2016-12-13T20:00Z"/><Direction v="Z02"/><Quantity v="252169"/><MeasureUnit v="KW1"/></Period><Period><TimeInterval v="2016-12-13T20:00Z/2016-12-13T21:00Z"/><Direction v="Z02"/><Quantity v="252169"/><MeasureUnit v="KW1"/></Period><Period><TimeInterval v="2016-12-13T21:00Z/2016-12-13T22:00Z"/><Direction v="Z02"/><Quantity v="252169"/><MeasureUnit v="KW1"/></Period><Period><TimeInterval v="2016-12-13T22:00Z/2016-12-13T23:00Z"/><Direction v="Z02"/><Quantity v="252169"/><MeasureUnit v="KW1"/></Period><Period><TimeInterval v="2016-12-13T23:00Z/2016-12-14T00:00Z"/><Direction v="Z02"/><Quantity v="252169"/><MeasureUnit v="KW1"/></Period><Period><TimeInterval v="2016-12-14T00:00Z/2016-12-14T01:00Z"/><Direction v="Z02"/><Quantity v="252169"/><MeasureUnit v="KW1"/></Period><Period><TimeInterval v="2016-12-14T01:00Z/2016-12-14T02:00Z"/><Direction v="Z02"/><Quantity v="252169"/><MeasureUnit v="KW1"/></Period><Period><TimeInterval v="2016-12-14T02:00Z/2016-12-14T03:00Z"/><Direction v="Z02"/><Quantity v="252169"/><MeasureUnit v="KW1"/></Period><Period><TimeInterval v="2016-12-14T03:00Z/2016-12-14T04:00Z"/><Direction v="Z02"/><Quantity v="252169"/><MeasureUnit v="KW1"/></Period><Period><TimeInterval v="2016-12-14T04:00Z/2016-12-14T05:00Z"/><Direction v="Z02"/><Quantity v="252169"/><MeasureUnit v="KW1"/></Period><Period><TimeInterval v="2016-12-13T05:00Z/2016-12-13T06:00Z"/><Direction v="Z03"/><Quantity v="1710919"/><MeasureUnit v="KW1"/></Period><Period><TimeInterval v="2016-12-13T06:00Z/2016-12-13T07:00Z"/><Direction v="Z03"/><Quantity v="1710919"/><MeasureUnit v="KW1"/></Period><Period><TimeInterval v="2016-12-13T07:00Z/2016-12-13T08:00Z"/><Direction v="Z03"/><Quantity v="1710919"/><MeasureUnit v="KW1"/></Period><Period><TimeInterval v="2016-12-13T08:00Z/2016-12-13T09:00Z"/><Direction v="Z03"/><Quantity v="1710919"/><MeasureUnit v="KW1"/></Period><Period><TimeInterval v="2016-12-13T09:00Z/2016-12-13T10:00Z"/><Direction v="Z03"/><Quantity v="1710919"/><MeasureUnit v="KW1"/></Period><Period><TimeInterval v="2016-12-13T10:00Z/2016-12-13T11:00Z"/><Direction v="Z03"/><Quantity v="1710919"/><MeasureUnit v="KW1"/></Period><Period><TimeInterval v="2016-12-13T11:00Z/2016-12-13T12:00Z"/><Direction v="Z03"/><Quantity v="1710919"/><MeasureUnit v="KW1"/></Period><Period><TimeInterval v="2016-12-13T12:00Z/2016-12-13T13:00Z"/><Direction v="Z03"/><Quantity v="1710919"/><MeasureUnit v="KW1"/></Period><Period><TimeInterval v="2016-12-13T13:00Z/2016-12-13T14:00Z"/><Direction v="Z03"/><Quantity v="1710919"/><MeasureUnit v="KW1"/></Period><Period><TimeInterval v="2016-12-13T14:00Z/2016-12-13T15:00Z"/><Direction v="Z03"/><Quantity v="1710919"/><MeasureUnit v="KW1"/></Period><Period><TimeInterval v="2016-12-13T15:00Z/2016-12-13T16:00Z"/><Direction v="Z03"/><Quantity v="1710919"/><MeasureUnit v="KW1"/></Period><Period><TimeInterval v="2016-12-13T16:00Z/2016-12-13T17:00Z"/><Direction v="Z03"/><Quantity v="1710919"/><MeasureUnit v="KW1"/></Period><Period><TimeInterval v="2016-12-13T17:00Z/2016-12-13T18:00Z"/><Direction v="Z03"/><Quantity v="1710919"/><MeasureUnit v="KW1"/></Period><Period><TimeInterval v="2016-12-13T18:00Z/2016-12-13T19:00Z"/><Direction v="Z03"/><Quantity v="1710919"/><MeasureUnit v="KW1"/></Period><Period><TimeInterval v="2016-12-13T19:00Z/2016-12-13T20:00Z"/><Direction v="Z03"/><Quantity v="1710919"/><MeasureUnit v="KW1"/></Period><Period><TimeInterval v="2016-12-13T20:00Z/2016-12-13T21:00Z"/><Direction v="Z03"/><Quantity v="1710919"/><MeasureUnit v="KW1"/></Period><Period><TimeInterval v="2016-12-13T21:00Z/2016-12-13T22:00Z"/><Direction v="Z03"/><Quantity v="1710919"/><MeasureUnit v="KW1"/></Period><Period><TimeInterval v="2016-12-13T22:00Z/2016-12-13T23:00Z"/><Direction v="Z03"/><Quantity v="1710919"/><MeasureUnit v="KW1"/></Period><Period><TimeInterval v="2016-12-13T23:00Z/2016-12-14T00:00Z"/><Direction v="Z03"/><Quantity v="1710919"/><MeasureUnit v="KW1"/></Period><Period><TimeInterval v="2016-12-14T00:00Z/2016-12-14T01:00Z"/><Direction v="Z03"/><Quantity v="1710919"/><MeasureUnit v="KW1"/></Period><Period><TimeInterval v="2016-12-14T01:00Z/2016-12-14T02:00Z"/><Direction v="Z03"/><Quantity v="1710919"/><MeasureUnit v="KW1"/></Period><Period><TimeInterval v="2016-12-14T02:00Z/2016-12-14T03:00Z"/><Direction v="Z03"/><Quantity v="1710919"/><MeasureUnit v="KW1"/></Period><Period><TimeInterval v="2016-12-14T03:00Z/2016-12-14T04:00Z"/><Direction v="Z03"/><Quantity v="1710919"/><MeasureUnit v="KW1"/></Period><Period><TimeInterval v="2016-12-14T04:00Z/2016-12-14T05:00Z"/><Direction v="Z03"/><Quantity v="1710919"/><MeasureUnit v="KW1"/></Period></Category><Category><CapacityCode v="Z07"/><Period><TimeInterval v="2016-12-13T05:00Z/2016-12-13T06:00Z"/><Direction v="Z02"/><Quantity v="2775000"/><MeasureUnit v="KW1"/></Period><Period><TimeInterval v="2016-12-13T06:00Z/2016-12-13T07:00Z"/><Direction v="Z02"/><Quantity v="2775000"/><MeasureUnit v="KW1"/></Period><Period><TimeInterval v="2016-12-13T07:00Z/2016-12-13T08:00Z"/><Direction v="Z02"/><Quantity v="2775000"/><MeasureUnit v="KW1"/></Period><Period><TimeInterval v="2016-12-13T08:00Z/2016-12-13T09:00Z"/><Direction v="Z02"/><Quantity v="2775000"/><MeasureUnit v="KW1"/></Period><Period><TimeInterval v="2016-12-13T09:00Z/2016-12-13T10:00Z"/><Direction v="Z02"/><Quantity v="2775000"/><MeasureUnit v="KW1"/></Period><Period><TimeInterval v="2016-12-13T10:00Z/2016-12-13T11:00Z"/><Direction v="Z02"/><Quantity v="2775000"/><MeasureUnit v="KW1"/></Period><Period><TimeInterval v="2016-12-13T11:00Z/2016-12-13T12:00Z"/><Direction v="Z02"/><Quantity v="2775000"/><MeasureUnit v="KW1"/></Period><Period><TimeInterval v="2016-12-13T12:00Z/2016-12-13T13:00Z"/><Direction v="Z02"/><Quantity v="2775000"/><MeasureUnit v="KW1"/></Period><Period><TimeInterval v="2016-12-13T13:00Z/2016-12-13T14:00Z"/><Direction v="Z02"/><Quantity v="2775000"/><MeasureUnit v="KW1"/></Period><Period><TimeInterval v="2016-12-13T14:00Z/2016-12-13T15:00Z"/><Direction v="Z02"/><Quantity v="2775000"/><MeasureUnit v="KW1"/></Period><Period><TimeInterval v="2016-12-13T15:00Z/2016-12-13T16:00Z"/><Direction v="Z02"/><Quantity v="2775000"/><MeasureUnit v="KW1"/></Period><Period><TimeInterval v="2016-12-13T16:00Z/2016-12-13T17:00Z"/><Direction v="Z02"/><Quantity v="2775000"/><MeasureUnit v="KW1"/></Period><Period><TimeInterval v="2016-12-13T17:00Z/2016-12-13T18:00Z"/><Direction v="Z02"/><Quantity v="2775000"/><MeasureUnit v="KW1"/></Period><Period><TimeInterval v="2016-12-13T18:00Z/2016-12-13T19:00Z"/><Direction v="Z02"/><Quantity v="2775000"/><MeasureUnit v="KW1"/></Period><Period><TimeInterval v="2016-12-13T19:00Z/2016-12-13T20:00Z"/><Direction v="Z02"/><Quantity v="2775000"/><MeasureUnit v="KW1"/></Period><Period><TimeInterval v="2016-12-13T20:00Z/2016-12-13T21:00Z"/><Direction v="Z02"/><Quantity v="2775000"/><MeasureUnit v="KW1"/></Period><Period><TimeInterval v="2016-12-13T21:00Z/2016-12-13T22:00Z"/><Direction v="Z02"/><Quantity v="2775000"/><MeasureUnit v="KW1"/></Period><Period><TimeInterval v="2016-12-13T22:00Z/2016-12-13T23:00Z"/><Direction v="Z02"/><Quantity v="2775000"/><MeasureUnit v="KW1"/></Period><Period><TimeInterval v="2016-12-13T23:00Z/2016-12-14T00:00Z"/><Direction v="Z02"/><Quantity v="2775000"/><MeasureUnit v="KW1"/></Period><Period><TimeInterval v="2016-12-14T00:00Z/2016-12-14T01:00Z"/><Direction v="Z02"/><Quantity v="2775000"/><MeasureUnit v="KW1"/></Period><Period><TimeInterval v="2016-12-14T01:00Z/2016-12-14T02:00Z"/><Direction v="Z02"/><Quantity v="2775000"/><MeasureUnit v="KW1"/></Period><Period><TimeInterval v="2016-12-14T02:00Z/2016-12-14T03:00Z"/><Direction v="Z02"/><Quantity v="2775000"/><MeasureUnit v="KW1"/></Period><Period><TimeInterval v="2016-12-14T03:00Z/2016-12-14T04:00Z"/><Direction v="Z02"/><Quantity v="2775000"/><MeasureUnit v="KW1"/></Period><Period><TimeInterval v="2016-12-14T04:00Z/2016-12-14T05:00Z"/><Direction v="Z02"/><Quantity v="2775000"/><MeasureUnit v="KW1"/></Period><Period><TimeInterval v="2016-12-13T05:00Z/2016-12-13T06:00Z"/><Direction v="Z03"/><Quantity v="1433670"/><MeasureUnit v="KW1"/></Period><Period><TimeInterval v="2016-12-13T06:00Z/2016-12-13T07:00Z"/><Direction v="Z03"/><Quantity v="1433670"/><MeasureUnit v="KW1"/></Period><Period><TimeInterval v="2016-12-13T07:00Z/2016-12-13T08:00Z"/><Direction v="Z03"/><Quantity v="1433670"/><MeasureUnit v="KW1"/></Period><Period><TimeInterval v="2016-12-13T08:00Z/2016-12-13T09:00Z"/><Direction v="Z03"/><Quantity v="1433670"/><MeasureUnit v="KW1"/></Period><Period><TimeInterval v="2016-12-13T09:00Z/2016-12-13T10:00Z"/><Direction v="Z03"/><Quantity v="1433670"/><MeasureUnit v="KW1"/></Period><Period><TimeInterval v="2016-12-13T10:00Z/2016-12-13T11:00Z"/><Direction v="Z03"/><Quantity v="1433670"/><MeasureUnit v="KW1"/></Period><Period><TimeInterval v="2016-12-13T11:00Z/2016-12-13T12:00Z"/><Direction v="Z03"/><Quantity v="1433670"/><MeasureUnit v="KW1"/></Period><Period><TimeInterval v="2016-12-13T12:00Z/2016-12-13T13:00Z"/><Direction v="Z03"/><Quantity v="1433670"/><MeasureUnit v="KW1"/></Period><Period><TimeInterval v="2016-12-13T13:00Z/2016-12-13T14:00Z"/><Direction v="Z03"/><Quantity v="1433670"/><MeasureUnit v="KW1"/></Period><Period><TimeInterval v="2016-12-13T14:00Z/2016-12-13T15:00Z"/><Direction v="Z03"/><Quantity v="1433670"/><MeasureUnit v="KW1"/></Period><Period><TimeInterval v="2016-12-13T15:00Z/2016-12-13T16:00Z"/><Direction v="Z03"/><Quantity v="1433670"/><MeasureUnit v="KW1"/></Period><Period><TimeInterval v="2016-12-13T16:00Z/2016-12-13T17:00Z"/><Direction v="Z03"/><Quantity v="1433670"/><MeasureUnit v="KW1"/></Period><Period><TimeInterval v="2016-12-13T17:00Z/2016-12-13T18:00Z"/><Direction v="Z03"/><Quantity v="1433670"/><MeasureUnit v="KW1"/></Period><Period><TimeInterval v="2016-12-13T18:00Z/2016-12-13T19:00Z"/><Direction v="Z03"/><Quantity v="1433670"/><MeasureUnit v="KW1"/></Period><Period><TimeInterval v="2016-12-13T19:00Z/2016-12-13T20:00Z"/><Direction v="Z03"/><Quantity v="1433670"/><MeasureUnit v="KW1"/></Period><Period><TimeInterval v="2016-12-13T20:00Z/2016-12-13T21:00Z"/><Direction v="Z03"/><Quantity v="1433670"/><MeasureUnit v="KW1"/></Period><Period><TimeInterval v="2016-12-13T21:00Z/2016-12-13T22:00Z"/><Direction v="Z03"/><Quantity v="1433670"/><MeasureUnit v="KW1"/></Period><Period><TimeInterval v="2016-12-13T22:00Z/2016-12-13T23:00Z"/><Direction v="Z03"/><Quantity v="1433670"/><MeasureUnit v="KW1"/></Period><Period><TimeInterval v="2016-12-13T23:00Z/2016-12-14T00:00Z"/><Direction v="Z03"/><Quantity v="1433670"/><MeasureUnit v="KW1"/></Period><Period><TimeInterval v="2016-12-14T00:00Z/2016-12-14T01:00Z"/><Direction v="Z03"/><Quantity v="1433670"/><MeasureUnit v="KW1"/></Period><Period><TimeInterval v="2016-12-14T01:00Z/2016-12-14T02:00Z"/><Direction v="Z03"/><Quantity v="1433670"/><MeasureUnit v="KW1"/></Period><Period><TimeInterval v="2016-12-14T02:00Z/2016-12-14T03:00Z"/><Direction v="Z03"/><Quantity v="1433670"/><MeasureUnit v="KW1"/></Period><Period><TimeInterval v="2016-12-14T03:00Z/2016-12-14T04:00Z"/><Direction v="Z03"/><Quantity v="1433670"/><MeasureUnit v="KW1"/></Period><Period><TimeInterval v="2016-12-14T04:00Z/2016-12-14T05:00Z"/><Direction v="Z03"/><Quantity v="1433670"/><MeasureUnit v="KW1"/></Period></Category><Category><CapacityCode v="Z09"/><Period><TimeInterval v="2016-12-13T05:00Z/2016-12-13T06:00Z"/><Direction v="Z02"/><Quantity v="2776102"/><MeasureUnit v="KW1"/></Period><Period><TimeInterval v="2016-12-13T06:00Z/2016-12-13T07:00Z"/><Direction v="Z02"/><Quantity v="2776102"/><MeasureUnit v="KW1"/></Period><Period><TimeInterval v="2016-12-13T07:00Z/2016-12-13T08:00Z"/><Direction v="Z02"/><Quantity v="2776102"/><MeasureUnit v="KW1"/></Period><Period><TimeInterval v="2016-12-13T08:00Z/2016-12-13T09:00Z"/><Direction v="Z02"/><Quantity v="2776102"/><MeasureUnit v="KW1"/></Period><Period><TimeInterval v="2016-12-13T09:00Z/2016-12-13T10:00Z"/><Direction v="Z02"/><Quantity v="2776102"/><MeasureUnit v="KW1"/></Period><Period><TimeInterval v="2016-12-13T10:00Z/2016-12-13T11:00Z"/><Direction v="Z02"/><Quantity v="2776102"/><MeasureUnit v="KW1"/></Period><Period><TimeInterval v="2016-12-13T11:00Z/2016-12-13T12:00Z"/><Direction v="Z02"/><Quantity v="2776102"/><MeasureUnit v="KW1"/></Period><Period><TimeInterval v="2016-12-13T12:00Z/2016-12-13T13:00Z"/><Direction v="Z02"/><Quantity v="2776102"/><MeasureUnit v="KW1"/></Period><Period><TimeInterval v="2016-12-13T13:00Z/2016-12-13T14:00Z"/><Direction v="Z02"/><Quantity v="2776102"/><MeasureUnit v="KW1"/></Period><Period><TimeInterval v="2016-12-13T14:00Z/2016-12-13T15:00Z"/><Direction v="Z02"/><Quantity v="2776102"/><MeasureUnit v="KW1"/></Period><Period><TimeInterval v="2016-12-13T15:00Z/2016-12-13T16:00Z"/><Direction v="Z02"/><Quantity v="2776102"/><MeasureUnit v="KW1"/></Period><Period><TimeInterval v="2016-12-13T16:00Z/2016-12-13T17:00Z"/><Direction v="Z02"/><Quantity v="2776102"/><MeasureUnit v="KW1"/></Period><Period><TimeInterval v="2016-12-13T17:00Z/2016-12-13T18:00Z"/><Direction v="Z02"/><Quantity v="2776102"/><MeasureUnit v="KW1"/></Period><Period><TimeInterval v="2016-12-13T18:00Z/2016-12-13T19:00Z"/><Direction v="Z02"/><Quantity v="2776102"/><MeasureUnit v="KW1"/></Period><Period><TimeInterval v="2016-12-13T19:00Z/2016-12-13T20:00Z"/><Direction v="Z02"/><Quantity v="2776104"/><MeasureUnit v="KW1"/></Period><Period><TimeInterval v="2016-12-13T20:00Z/2016-12-13T21:00Z"/><Direction v="Z02"/><Quantity v="2776104"/><MeasureUnit v="KW1"/></Period><Period><TimeInterval v="2016-12-13T21:00Z/2016-12-13T22:00Z"/><Direction v="Z02"/><Quantity v="2776104"/><MeasureUnit v="KW1"/></Period><Period><TimeInterval v="2016-12-13T22:00Z/2016-12-13T23:00Z"/><Direction v="Z02"/><Quantity v="2776104"/><MeasureUnit v="KW1"/></Period><Period><TimeInterval v="2016-12-13T23:00Z/2016-12-14T00:00Z"/><Direction v="Z02"/><Quantity v="2776104"/><MeasureUnit v="KW1"/></Period><Period><TimeInterval v="2016-12-14T00:00Z/2016-12-14T01:00Z"/><Direction v="Z02"/><Quantity v="2776104"/><MeasureUnit v="KW1"/></Period><Period><TimeInterval v="2016-12-14T01:00Z/2016-12-14T02:00Z"/><Direction v="Z02"/><Quantity v="2776104"/><MeasureUnit v="KW1"/></Period><Period><TimeInterval v="2016-12-14T02:00Z/2016-12-14T03:00Z"/><Direction v="Z02"/><Quantity v="2776104"/><MeasureUnit v="KW1"/></Period><Period><TimeInterval v="2016-12-14T03:00Z/2016-12-14T04:00Z"/><Direction v="Z02"/><Quantity v="2776104"/><MeasureUnit v="KW1"/></Period><Period><TimeInterval v="2016-12-14T04:00Z/2016-12-14T05:00Z"/><Direction v="Z02"/><Quantity v="2776108"/><MeasureUnit v="KW1"/></Period><Period><TimeInterval v="2016-12-13T05:00Z/2016-12-13T06:00Z"/><Direction v="Z03"/><Quantity v="109"/><MeasureUnit v="KW1"/></Period><Period><TimeInterval v="2016-12-13T06:00Z/2016-12-13T07:00Z"/><Direction v="Z03"/><Quantity v="109"/><MeasureUnit v="KW1"/></Period><Period><TimeInterval v="2016-12-13T07:00Z/2016-12-13T08:00Z"/><Direction v="Z03"/><Quantity v="109"/><MeasureUnit v="KW1"/></Period><Period><TimeInterval v="2016-12-13T08:00Z/2016-12-13T09:00Z"/><Direction v="Z03"/><Quantity v="109"/><MeasureUnit v="KW1"/></Period><Period><TimeInterval v="2016-12-13T09:00Z/2016-12-13T10:00Z"/><Direction v="Z03"/><Quantity v="109"/><MeasureUnit v="KW1"/></Period><Period><TimeInterval v="2016-12-13T10:00Z/2016-12-13T11:00Z"/><Direction v="Z03"/><Quantity v="109"/><MeasureUnit v="KW1"/></Period><Period><TimeInterval v="2016-12-13T11:00Z/2016-12-13T12:00Z"/><Direction v="Z03"/><Quantity v="109"/><MeasureUnit v="KW1"/></Period><Period><TimeInterval v="2016-12-13T12:00Z/2016-12-13T13:00Z"/><Direction v="Z03"/><Quantity v="109"/><MeasureUnit v="KW1"/></Period><Period><TimeInterval v="2016-12-13T13:00Z/2016-12-13T14:00Z"/><Direction v="Z03"/><Quantity v="109"/><MeasureUnit v="KW1"/></Period><Period><TimeInterval v="2016-12-13T14:00Z/2016-12-13T15:00Z"/><Direction v="Z03"/><Quantity v="109"/><MeasureUnit v="KW1"/></Period><Period><TimeInterval v="2016-12-13T15:00Z/2016-12-13T16:00Z"/><Direction v="Z03"/><Quantity v="109"/><MeasureUnit v="KW1"/></Period><Period><TimeInterval v="2016-12-13T16:00Z/2016-12-13T17:00Z"/><Direction v="Z03"/><Quantity v="109"/><MeasureUnit v="KW1"/></Period><Period><TimeInterval v="2016-12-13T17:00Z/2016-12-13T18:00Z"/><Direction v="Z03"/><Quantity v="109"/><MeasureUnit v="KW1"/></Period><Period><TimeInterval v="2016-12-13T18:00Z/2016-12-13T19:00Z"/><Direction v="Z03"/><Quantity v="109"/><MeasureUnit v="KW1"/></Period><Period><TimeInterval v="2016-12-13T19:00Z/2016-12-13T20:00Z"/><Direction v="Z03"/><Quantity v="109"/><MeasureUnit v="KW1"/></Period><Period><TimeInterval v="2016-12-13T20:00Z/2016-12-13T21:00Z"/><Direction v="Z03"/><Quantity v="109"/><MeasureUnit v="KW1"/></Period><Period><TimeInterval v="2016-12-13T21:00Z/2016-12-13T22:00Z"/><Direction v="Z03"/><Quantity v="109"/><MeasureUnit v="KW1"/></Period><Period><TimeInterval v="2016-12-13T22:00Z/2016-12-13T23:00Z"/><Direction v="Z03"/><Quantity v="109"/><MeasureUnit v="KW1"/></Period><Period><TimeInterval v="2016-12-13T23:00Z/2016-12-14T00:00Z"/><Direction v="Z03"/><Quantity v="109"/><MeasureUnit v="KW1"/></Period><Period><TimeInterval v="2016-12-14T00:00Z/2016-12-14T01:00Z"/><Direction v="Z03"/><Quantity v="109"/><MeasureUnit v="KW1"/></Period><Period><TimeInterval v="2016-12-14T01:00Z/2016-12-14T02:00Z"/><Direction v="Z03"/><Quantity v="109"/><MeasureUnit v="KW1"/></Period><Period><TimeInterval v="2016-12-14T02:00Z/2016-12-14T03:00Z"/><Direction v="Z03"/><Quantity v="109"/><MeasureUnit v="KW1"/></Period><Period><TimeInterval v="2016-12-14T03:00Z/2016-12-14T04:00Z"/><Direction v="Z03"/><Quantity v="109"/><MeasureUnit v="KW1"/></Period><Period><TimeInterval v="2016-12-14T04:00Z/2016-12-14T05:00Z"/><Direction v="Z03"/><Quantity v="109"/><MeasureUnit v="KW1"/></Period></Category><Category><CapacityCode v="Z10"/><Period><TimeInterval v="2016-12-13T05:00Z/2016-12-13T06:00Z"/><Direction v="Z02"/><Quantity v="18728"/><MeasureUnit v="KW1"/></Period><Period><TimeInterval v="2016-12-13T06:00Z/2016-12-13T07:00Z"/><Direction v="Z02"/><Quantity v="18728"/><MeasureUnit v="KW1"/></Period><Period><TimeInterval v="2016-12-13T07:00Z/2016-12-13T08:00Z"/><Direction v="Z02"/><Quantity v="18728"/><MeasureUnit v="KW1"/></Period><Period><TimeInterval v="2016-12-13T08:00Z/2016-12-13T09:00Z"/><Direction v="Z02"/><Quantity v="18728"/><MeasureUnit v="KW1"/></Period><Period><TimeInterval v="2016-12-13T09:00Z/2016-12-13T10:00Z"/><Direction v="Z02"/><Quantity v="18728"/><MeasureUnit v="KW1"/></Period><Period><TimeInterval v="2016-12-13T10:00Z/2016-12-13T11:00Z"/><Direction v="Z02"/><Quantity v="18728"/><MeasureUnit v="KW1"/></Period><Period><TimeInterval v="2016-12-13T11:00Z/2016-12-13T12:00Z"/><Direction v="Z02"/><Quantity v="18728"/><MeasureUnit v="KW1"/></Period><Period><TimeInterval v="2016-12-13T12:00Z/2016-12-13T13:00Z"/><Direction v="Z02"/><Quantity v="18728"/><MeasureUnit v="KW1"/></Period><Period><TimeInterval v="2016-12-13T13:00Z/2016-12-13T14:00Z"/><Direction v="Z02"/><Quantity v="18728"/><MeasureUnit v="KW1"/></Period><Period><TimeInterval v="2016-12-13T14:00Z/2016-12-13T15:00Z"/><Direction v="Z02"/><Quantity v="18728"/><MeasureUnit v="KW1"/></Period><Period><TimeInterval v="2016-12-13T15:00Z/2016-12-13T16:00Z"/><Direction v="Z02"/><Quantity v="18728"/><MeasureUnit v="KW1"/></Period><Period><TimeInterval v="2016-12-13T16:00Z/2016-12-13T17:00Z"/><Direction v="Z02"/><Quantity v="18728"/><MeasureUnit v="KW1"/></Period><Period><TimeInterval v="2016-12-13T17:00Z/2016-12-13T18:00Z"/><Direction v="Z02"/><Quantity v="18728"/><MeasureUnit v="KW1"/></Period><Period><TimeInterval v="2016-12-13T18:00Z/2016-12-13T19:00Z"/><Direction v="Z02"/><Quantity v="18728"/><MeasureUnit v="KW1"/></Period><Period><TimeInterval v="2016-12-13T19:00Z/2016-12-13T20:00Z"/><Direction v="Z02"/><Quantity v="18728"/><MeasureUnit v="KW1"/></Period><Period><TimeInterval v="2016-12-13T20:00Z/2016-12-13T21:00Z"/><Direction v="Z02"/><Quantity v="18728"/><MeasureUnit v="KW1"/></Period><Period><TimeInterval v="2016-12-13T21:00Z/2016-12-13T22:00Z"/><Direction v="Z02"/><Quantity v="18728"/><MeasureUnit v="KW1"/></Period><Period><TimeInterval v="2016-12-13T22:00Z/2016-12-13T23:00Z"/><Direction v="Z02"/><Quantity v="18728"/><MeasureUnit v="KW1"/></Period><Period><TimeInterval v="2016-12-13T23:00Z/2016-12-14T00:00Z"/><Direction v="Z02"/><Quantity v="18728"/><MeasureUnit v="KW1"/></Period><Period><TimeInterval v="2016-12-14T00:00Z/2016-12-14T01:00Z"/><Direction v="Z02"/><Quantity v="18728"/><MeasureUnit v="KW1"/></Period><Period><TimeInterval v="2016-12-14T01:00Z/2016-12-14T02:00Z"/><Direction v="Z02"/><Quantity v="18728"/><MeasureUnit v="KW1"/></Period><Period><TimeInterval v="2016-12-14T02:00Z/2016-12-14T03:00Z"/><Direction v="Z02"/><Quantity v="18728"/><MeasureUnit v="KW1"/></Period><Period><TimeInterval v="2016-12-14T03:00Z/2016-12-14T04:00Z"/><Direction v="Z02"/><Quantity v="18728"/><MeasureUnit v="KW1"/></Period><Period><TimeInterval v="2016-12-14T04:00Z/2016-12-14T05:00Z"/><Direction v="Z02"/><Quantity v="18728"/><MeasureUnit v="KW1"/></Period><Period><TimeInterval v="2016-12-13T05:00Z/2016-12-13T06:00Z"/><Direction v="Z03"/><Quantity v="1"/><MeasureUnit v="KW1"/></Period><Period><TimeInterval v="2016-12-13T06:00Z/2016-12-13T07:00Z"/><Direction v="Z03"/><Quantity v="1"/><MeasureUnit v="KW1"/></Period><Period><TimeInterval v="2016-12-13T07:00Z/2016-12-13T08:00Z"/><Direction v="Z03"/><Quantity v="1"/><MeasureUnit v="KW1"/></Period><Period><TimeInterval v="2016-12-13T08:00Z/2016-12-13T09:00Z"/><Direction v="Z03"/><Quantity v="1"/><MeasureUnit v="KW1"/></Period><Period><TimeInterval v="2016-12-13T09:00Z/2016-12-13T10:00Z"/><Direction v="Z03"/><Quantity v="1"/><MeasureUnit v="KW1"/></Period><Period><TimeInterval v="2016-12-13T10:00Z/2016-12-13T11:00Z"/><Direction v="Z03"/><Quantity v="1"/><MeasureUnit v="KW1"/></Period><Period><TimeInterval v="2016-12-13T11:00Z/2016-12-13T12:00Z"/><Direction v="Z03"/><Quantity v="1"/><MeasureUnit v="KW1"/></Period><Period><TimeInterval v="2016-12-13T12:00Z/2016-12-13T13:00Z"/><Direction v="Z03"/><Quantity v="1"/><MeasureUnit v="KW1"/></Period><Period><TimeInterval v="2016-12-13T13:00Z/2016-12-13T14:00Z"/><Direction v="Z03"/><Quantity v="1"/><MeasureUnit v="KW1"/></Period><Period><TimeInterval v="2016-12-13T14:00Z/2016-12-13T15:00Z"/><Direction v="Z03"/><Quantity v="1"/><MeasureUnit v="KW1"/></Period><Period><TimeInterval v="2016-12-13T15:00Z/2016-12-13T16:00Z"/><Direction v="Z03"/><Quantity v="1"/><MeasureUnit v="KW1"/></Period><Period><TimeInterval v="2016-12-13T16:00Z/2016-12-13T17:00Z"/><Direction v="Z03"/><Quantity v="1"/><MeasureUnit v="KW1"/></Period><Period><TimeInterval v="2016-12-13T17:00Z/2016-12-13T18:00Z"/><Direction v="Z03"/><Quantity v="1"/><MeasureUnit v="KW1"/></Period><Period><TimeInterval v="2016-12-13T18:00Z/2016-12-13T19:00Z"/><Direction v="Z03"/><Quantity v="1"/><MeasureUnit v="KW1"/></Period><Period><TimeInterval v="2016-12-13T19:00Z/2016-12-13T20:00Z"/><Direction v="Z03"/><Quantity v="1"/><MeasureUnit v="KW1"/></Period><Period><TimeInterval v="2016-12-13T20:00Z/2016-12-13T21:00Z"/><Direction v="Z03"/><Quantity v="1"/><MeasureUnit v="KW1"/></Period><Period><TimeInterval v="2016-12-13T21:00Z/2016-12-13T22:00Z"/><Direction v="Z03"/><Quantity v="1"/><MeasureUnit v="KW1"/></Period><Period><TimeInterval v="2016-12-13T22:00Z/2016-12-13T23:00Z"/><Direction v="Z03"/><Quantity v="1"/><MeasureUnit v="KW1"/></Period><Period><TimeInterval v="2016-12-13T23:00Z/2016-12-14T00:00Z"/><Direction v="Z03"/><Quantity v="1"/><MeasureUnit v="KW1"/></Period><Period><TimeInterval v="2016-12-14T00:00Z/2016-12-14T01:00Z"/><Direction v="Z03"/><Quantity v="1"/><MeasureUnit v="KW1"/></Period><Period><TimeInterval v="2016-12-14T01:00Z/2016-12-14T02:00Z"/><Direction v="Z03"/><Quantity v="1"/><MeasureUnit v="KW1"/></Period><Period><TimeInterval v="2016-12-14T02:00Z/2016-12-14T03:00Z"/><Direction v="Z03"/><Quantity v="1"/><MeasureUnit v="KW1"/></Period><Period><TimeInterval v="2016-12-14T03:00Z/2016-12-14T04:00Z"/><Direction v="Z03"/><Quantity v="1"/><MeasureUnit v="KW1"/></Period><Period><TimeInterval v="2016-12-14T04:00Z/2016-12-14T05:00Z"/><Direction v="Z03"/><Quantity v="1"/><MeasureUnit v="KW1"/></Period></Category><Category><CapacityCode v="Z11"/><Period><TimeInterval v="2016-12-13T05:00Z/2016-12-13T06:00Z"/><Direction v="Z02"/><Quantity v="2775000"/><MeasureUnit v="KW1"/></Period><Period><TimeInterval v="2016-12-13T06:00Z/2016-12-13T07:00Z"/><Direction v="Z02"/><Quantity v="2775000"/><MeasureUnit v="KW1"/></Period><Period><TimeInterval v="2016-12-13T07:00Z/2016-12-13T08:00Z"/><Direction v="Z02"/><Quantity v="2775000"/><MeasureUnit v="KW1"/></Period><Period><TimeInterval v="2016-12-13T08:00Z/2016-12-13T09:00Z"/><Direction v="Z02"/><Quantity v="2775000"/><MeasureUnit v="KW1"/></Period><Period><TimeInterval v="2016-12-13T09:00Z/2016-12-13T10:00Z"/><Direction v="Z02"/><Quantity v="2775000"/><MeasureUnit v="KW1"/></Period><Period><TimeInterval v="2016-12-13T10:00Z/2016-12-13T11:00Z"/><Direction v="Z02"/><Quantity v="2775000"/><MeasureUnit v="KW1"/></Period><Period><TimeInterval v="2016-12-13T11:00Z/2016-12-13T12:00Z"/><Direction v="Z02"/><Quantity v="2775000"/><MeasureUnit v="KW1"/></Period><Period><TimeInterval v="2016-12-13T12:00Z/2016-12-13T13:00Z"/><Direction v="Z02"/><Quantity v="2775000"/><MeasureUnit v="KW1"/></Period><Period><TimeInterval v="2016-12-13T13:00Z/2016-12-13T14:00Z"/><Direction v="Z02"/><Quantity v="2775000"/><MeasureUnit v="KW1"/></Period><Period><TimeInterval v="2016-12-13T14:00Z/2016-12-13T15:00Z"/><Direction v="Z02"/><Quantity v="2775000"/><MeasureUnit v="KW1"/></Period><Period><TimeInterval v="2016-12-13T15:00Z/2016-12-13T16:00Z"/><Direction v="Z02"/><Quantity v="2775000"/><MeasureUnit v="KW1"/></Period><Period><TimeInterval v="2016-12-13T16:00Z/2016-12-13T17:00Z"/><Direction v="Z02"/><Quantity v="2775000"/><MeasureUnit v="KW1"/></Period><Period><TimeInterval v="2016-12-13T17:00Z/2016-12-13T18:00Z"/><Direction v="Z02"/><Quantity v="2775000"/><MeasureUnit v="KW1"/></Period><Period><TimeInterval v="2016-12-13T18:00Z/2016-12-13T19:00Z"/><Direction v="Z02"/><Quantity v="2775000"/><MeasureUnit v="KW1"/></Period><Period><TimeInterval v="2016-12-13T19:00Z/2016-12-13T20:00Z"/><Direction v="Z02"/><Quantity v="2775000"/><MeasureUnit v="KW1"/></Period><Period><TimeInterval v="2016-12-13T20:00Z/2016-12-13T21:00Z"/><Direction v="Z02"/><Quantity v="2775000"/><MeasureUnit v="KW1"/></Period><Period><TimeInterval v="2016-12-13T21:00Z/2016-12-13T22:00Z"/><Direction v="Z02"/><Quantity v="2775000"/><MeasureUnit v="KW1"/></Period><Period><TimeInterval v="2016-12-13T22:00Z/2016-12-13T23:00Z"/><Direction v="Z02"/><Quantity v="2775000"/><MeasureUnit v="KW1"/></Period><Period><TimeInterval v="2016-12-13T23:00Z/2016-12-14T00:00Z"/><Direction v="Z02"/><Quantity v="2775000"/><MeasureUnit v="KW1"/></Period><Period><TimeInterval v="2016-12-14T00:00Z/2016-12-14T01:00Z"/><Direction v="Z02"/><Quantity v="2775000"/><MeasureUnit v="KW1"/></Period><Period><TimeInterval v="2016-12-14T01:00Z/2016-12-14T02:00Z"/><Direction v="Z02"/><Quantity v="2775000"/><MeasureUnit v="KW1"/></Period><Period><TimeInterval v="2016-12-14T02:00Z/2016-12-14T03:00Z"/><Direction v="Z02"/><Quantity v="2775000"/><MeasureUnit v="KW1"/></Period><Period><TimeInterval v="2016-12-14T03:00Z/2016-12-14T04:00Z"/><Direction v="Z02"/><Quantity v="2775000"/><MeasureUnit v="KW1"/></Period><Period><TimeInterval v="2016-12-14T04:00Z/2016-12-14T05:00Z"/><Direction v="Z02"/><Quantity v="2775000"/><MeasureUnit v="KW1"/></Period><Period><TimeInterval v="2016-12-13T05:00Z/2016-12-13T06:00Z"/><Direction v="Z03"/><Quantity v="251"/><MeasureUnit v="KW1"/></Period><Period><TimeInterval v="2016-12-13T06:00Z/2016-12-13T07:00Z"/><Direction v="Z03"/><Quantity v="251"/><MeasureUnit v="KW1"/></Period><Period><TimeInterval v="2016-12-13T07:00Z/2016-12-13T08:00Z"/><Direction v="Z03"/><Quantity v="251"/><MeasureUnit v="KW1"/></Period><Period><TimeInterval v="2016-12-13T08:00Z/2016-12-13T09:00Z"/><Direction v="Z03"/><Quantity v="251"/><MeasureUnit v="KW1"/></Period><Period><TimeInterval v="2016-12-13T09:00Z/2016-12-13T10:00Z"/><Direction v="Z03"/><Quantity v="251"/><MeasureUnit v="KW1"/></Period><Period><TimeInterval v="2016-12-13T10:00Z/2016-12-13T11:00Z"/><Direction v="Z03"/><Quantity v="251"/><MeasureUnit v="KW1"/></Period><Period><TimeInterval v="2016-12-13T11:00Z/2016-12-13T12:00Z"/><Direction v="Z03"/><Quantity v="251"/><MeasureUnit v="KW1"/></Period><Period><TimeInterval v="2016-12-13T12:00Z/2016-12-13T13:00Z"/><Direction v="Z03"/><Quantity v="251"/><MeasureUnit v="KW1"/></Period><Period><TimeInterval v="2016-12-13T13:00Z/2016-12-13T14:00Z"/><Direction v="Z03"/><Quantity v="251"/><MeasureUnit v="KW1"/></Period><Period><TimeInterval v="2016-12-13T14:00Z/2016-12-13T15:00Z"/><Direction v="Z03"/><Quantity v="251"/><MeasureUnit v="KW1"/></Period><Period><TimeInterval v="2016-12-13T15:00Z/2016-12-13T16:00Z"/><Direction v="Z03"/><Quantity v="251"/><MeasureUnit v="KW1"/></Period><Period><TimeInterval v="2016-12-13T16:00Z/2016-12-13T17:00Z"/><Direction v="Z03"/><Quantity v="251"/><MeasureUnit v="KW1"/></Period><Period><TimeInterval v="2016-12-13T17:00Z/2016-12-13T18:00Z"/><Direction v="Z03"/><Quantity v="251"/><MeasureUnit v="KW1"/></Period><Period><TimeInterval v="2016-12-13T18:00Z/2016-12-13T19:00Z"/><Direction v="Z03"/><Quantity v="251"/><MeasureUnit v="KW1"/></Period><Period><TimeInterval v="2016-12-13T19:00Z/2016-12-13T20:00Z"/><Direction v="Z03"/><Quantity v="251"/><MeasureUnit v="KW1"/></Period><Period><TimeInterval v="2016-12-13T20:00Z/2016-12-13T21:00Z"/><Direction v="Z03"/><Quantity v="251"/><MeasureUnit v="KW1"/></Period><Period><TimeInterval v="2016-12-13T21:00Z/2016-12-13T22:00Z"/><Direction v="Z03"/><Quantity v="251"/><MeasureUnit v="KW1"/></Period><Period><TimeInterval v="2016-12-13T22:00Z/2016-12-13T23:00Z"/><Direction v="Z03"/><Quantity v="251"/><MeasureUnit v="KW1"/></Period><Period><TimeInterval v="2016-12-13T23:00Z/2016-12-14T00:00Z"/><Direction v="Z03"/><Quantity v="251"/><MeasureUnit v="KW1"/></Period><Period><TimeInterval v="2016-12-14T00:00Z/2016-12-14T01:00Z"/><Direction v="Z03"/><Quantity v="251"/><MeasureUnit v="KW1"/></Period><Period><TimeInterval v="2016-12-14T01:00Z/2016-12-14T02:00Z"/><Direction v="Z03"/><Quantity v="251"/><MeasureUnit v="KW1"/></Period><Period><TimeInterval v="2016-12-14T02:00Z/2016-12-14T03:00Z"/><Direction v="Z03"/><Quantity v="251"/><MeasureUnit v="KW1"/></Period><Period><TimeInterval v="2016-12-14T03:00Z/2016-12-14T04:00Z"/><Direction v="Z03"/><Quantity v="251"/><MeasureUnit v="KW1"/></Period><Period><TimeInterval v="2016-12-14T04:00Z/2016-12-14T05:00Z"/><Direction v="Z03"/><Quantity v="251"/><MeasureUnit v="KW1"/></Period></Category></ConnectionPoint><ConnectionPoint><Identification v="37Z000000001078I" codingScheme="305"/><Type v="Z26"/><Category><CapacityCode v="Z06"/><Period><TimeInterval v="2016-12-13T05:00Z/2016-12-13T06:00Z"/><Direction v="Z02"/><Quantity v="0"/><MeasureUnit v="KW1"/></Period><Period><TimeInterval v="2016-12-13T06:00Z/2016-12-13T07:00Z"/><Direction v="Z02"/><Quantity v="0"/><MeasureUnit v="KW1"/></Period><Period><TimeInterval v="2016-12-13T07:00Z/2016-12-13T08:00Z"/><Direction v="Z02"/><Quantity v="0"/><MeasureUnit v="KW1"/></Period><Period><TimeInterval v="2016-12-13T08:00Z/2016-12-13T09:00Z"/><Direction v="Z02"/><Quantity v="0"/><MeasureUnit v="KW1"/></Period><Period><TimeInterval v="2016-12-13T09:00Z/2016-12-13T10:00Z"/><Direction v="Z02"/><Quantity v="0"/><MeasureUnit v="KW1"/></Period><Period><TimeInterval v="2016-12-13T10:00Z/2016-12-13T11:00Z"/><Direction v="Z02"/><Quantity v="0"/><MeasureUnit v="KW1"/></Period><Period><TimeInterval v="2016-12-13T11:00Z/2016-12-13T12:00Z"/><Direction v="Z02"/><Quantity v="0"/><MeasureUnit v="KW1"/></Period><Period><TimeInterval v="2016-12-13T12:00Z/2016-12-13T13:00Z"/><Direction v="Z02"/><Quantity v="0"/><MeasureUnit v="KW1"/></Period><Period><TimeInterval v="2016-12-13T13:00Z/2016-12-13T14:00Z"/><Direction v="Z02"/><Quantity v="0"/><MeasureUnit v="KW1"/></Period><Period><TimeInterval v="2016-12-13T14:00Z/2016-12-13T15:00Z"/><Direction v="Z02"/><Quantity v="0"/><MeasureUnit v="KW1"/></Period><Period><TimeInterval v="2016-12-13T15:00Z/2016-12-13T16:00Z"/><Direction v="Z02"/><Quantity v="0"/><MeasureUnit v="KW1"/></Period><Period><TimeInterval v="2016-12-13T16:00Z/2016-12-13T17:00Z"/><Direction v="Z02"/><Quantity v="0"/><MeasureUnit v="KW1"/></Period><Period><TimeInterval v="2016-12-13T17:00Z/2016-12-13T18:00Z"/><Direction v="Z02"/><Quantity v="0"/><MeasureUnit v="KW1"/></Period><Period><TimeInterval v="2016-12-13T18:00Z/2016-12-13T19:00Z"/><Direction v="Z02"/><Quantity v="0"/><MeasureUnit v="KW1"/></Period><Period><TimeInterval v="2016-12-13T19:00Z/2016-12-13T20:00Z"/><Direction v="Z02"/><Quantity v="0"/><MeasureUnit v="KW1"/></Period><Period><TimeInterval v="2016-12-13T20:00Z/2016-12-13T21:00Z"/><Direction v="Z02"/><Quantity v="0"/><MeasureUnit v="KW1"/></Period><Period><TimeInterval v="2016-12-13T21:00Z/2016-12-13T22:00Z"/><Direction v="Z02"/><Quantity v="0"/><MeasureUnit v="KW1"/></Period><Period><TimeInterval v="2016-12-13T22:00Z/2016-12-13T23:00Z"/><Direction v="Z02"/><Quantity v="0"/><MeasureUnit v="KW1"/></Period><Period><TimeInterval v="2016-12-13T23:00Z/2016-12-14T00:00Z"/><Direction v="Z02"/><Quantity v="0"/><MeasureUnit v="KW1"/></Period><Period><TimeInterval v="2016-12-14T00:00Z/2016-12-14T01:00Z"/><Direction v="Z02"/><Quantity v="0"/><MeasureUnit v="KW1"/></Period><Period><TimeInterval v="2016-12-14T01:00Z/2016-12-14T02:00Z"/><Direction v="Z02"/><Quantity v="0"/><MeasureUnit v="KW1"/></Period><Period><TimeInterval v="2016-12-14T02:00Z/2016-12-14T03:00Z"/><Direction v="Z02"/><Quantity v="0"/><MeasureUnit v="KW1"/></Period><Period><TimeInterval v="2016-12-14T03:00Z/2016-12-14T04:00Z"/><Direction v="Z02"/><Quantity v="0"/><MeasureUnit v="KW1"/></Period><Period><TimeInterval v="2016-12-14T04:00Z/2016-12-14T05:00Z"/><Direction v="Z02"/><Quantity v="0"/><MeasureUnit v="KW1"/></Period></Category><Category><CapacityCode v="Z07"/><Period><TimeInterval v="2016-12-13T05:00Z/2016-12-13T06:00Z"/><Direction v="Z02"/><Quantity v="2775000"/><MeasureUnit v="KW1"/></Period><Period><TimeInterval v="2016-12-13T06:00Z/2016-12-13T07:00Z"/><Direction v="Z02"/><Quantity v="2775000"/><MeasureUnit v="KW1"/></Period><Period><TimeInterval v="2016-12-13T07:00Z/2016-12-13T08:00Z"/><Direction v="Z02"/><Quantity v="2775000"/><MeasureUnit v="KW1"/></Period><Period><TimeInterval v="2016-12-13T08:00Z/2016-12-13T09:00Z"/><Direction v="Z02"/><Quantity v="2775000"/><MeasureUnit v="KW1"/></Period><Period><TimeInterval v="2016-12-13T09:00Z/2016-12-13T10:00Z"/><Direction v="Z02"/><Quantity v="2775000"/><MeasureUnit v="KW1"/></Period><Period><TimeInterval v="2016-12-13T10:00Z/2016-12-13T11:00Z"/><Direction v="Z02"/><Quantity v="2775000"/><MeasureUnit v="KW1"/></Period><Period><TimeInterval v="2016-12-13T11:00Z/2016-12-13T12:00Z"/><Direction v="Z02"/><Quantity v="2775000"/><MeasureUnit v="KW1"/></Period><Period><TimeInterval v="2016-12-13T12:00Z/2016-12-13T13:00Z"/><Direction v="Z02"/><Quantity v="2775000"/><MeasureUnit v="KW1"/></Period><Period><TimeInterval v="2016-12-13T13:00Z/2016-12-13T14:00Z"/><Direction v="Z02"/><Quantity v="2775000"/><MeasureUnit v="KW1"/></Period><Period><TimeInterval v="2016-12-13T14:00Z/2016-12-13T15:00Z"/><Direction v="Z02"/><Quantity v="2775000"/><MeasureUnit v="KW1"/></Period><Period><TimeInterval v="2016-12-13T15:00Z/2016-12-13T16:00Z"/><Direction v="Z02"/><Quantity v="2775000"/><MeasureUnit v="KW1"/></Period><Period><TimeInterval v="2016-12-13T16:00Z/2016-12-13T17:00Z"/><Direction v="Z02"/><Quantity v="2775000"/><MeasureUnit v="KW1"/></Period><Period><TimeInterval v="2016-12-13T17:00Z/2016-12-13T18:00Z"/><Direction v="Z02"/><Quantity v="2775000"/><MeasureUnit v="KW1"/></Period><Period><TimeInterval v="2016-12-13T18:00Z/2016-12-13T19:00Z"/><Direction v="Z02"/><Quantity v="2775000"/><MeasureUnit v="KW1"/></Period><Period><TimeInterval v="2016-12-13T19:00Z/2016-12-13T20:00Z"/><Direction v="Z02"/><Quantity v="2775000"/><MeasureUnit v="KW1"/></Period><Period><TimeInterval v="2016-12-13T20:00Z/2016-12-13T21:00Z"/><Direction v="Z02"/><Quantity v="2775000"/><MeasureUnit v="KW1"/></Period><Period><TimeInterval v="2016-12-13T21:00Z/2016-12-13T22:00Z"/><Direction v="Z02"/><Quantity v="2775000"/><MeasureUnit v="KW1"/></Period><Period><TimeInterval v="2016-12-13T22:00Z/2016-12-13T23:00Z"/><Direction v="Z02"/><Quantity v="2775000"/><MeasureUnit v="KW1"/></Period><Period><TimeInterval v="2016-12-13T23:00Z/2016-12-14T00:00Z"/><Direction v="Z02"/><Quantity v="2775000"/><MeasureUnit v="KW1"/></Period><Period><TimeInterval v="2016-12-14T00:00Z/2016-12-14T01:00Z"/><Direction v="Z02"/><Quantity v="2775000"/><MeasureUnit v="KW1"/></Period><Period><TimeInterval v="2016-12-14T01:00Z/2016-12-14T02:00Z"/><Direction v="Z02"/><Quantity v="2775000"/><MeasureUnit v="KW1"/></Period><Period><TimeInterval v="2016-12-14T02:00Z/2016-12-14T03:00Z"/><Direction v="Z02"/><Quantity v="2775000"/><MeasureUnit v="KW1"/></Period><Period><TimeInterval v="2016-12-14T03:00Z/2016-12-14T04:00Z"/><Direction v="Z02"/><Quantity v="2775000"/><MeasureUnit v="KW1"/></Period><Period><TimeInterval v="2016-12-14T04:00Z/2016-12-14T05:00Z"/><Direction v="Z02"/><Quantity v="2775000"/><MeasureUnit v="KW1"/></Period></Category><Category><CapacityCode v="Z09"/><Period><TimeInterval v="2016-12-13T05:00Z/2016-12-13T06:00Z"/><Direction v="Z02"/><Quantity v="2775000"/><MeasureUnit v="KW1"/></Period><Period><TimeInterval v="2016-12-13T06:00Z/2016-12-13T07:00Z"/><Direction v="Z02"/><Quantity v="2775000"/><MeasureUnit v="KW1"/></Period><Period><TimeInterval v="2016-12-13T07:00Z/2016-12-13T08:00Z"/><Direction v="Z02"/><Quantity v="2775000"/><MeasureUnit v="KW1"/></Period><Period><TimeInterval v="2016-12-13T08:00Z/2016-12-13T09:00Z"/><Direction v="Z02"/><Quantity v="2775000"/><MeasureUnit v="KW1"/></Period><Period><TimeInterval v="2016-12-13T09:00Z/2016-12-13T10:00Z"/><Direction v="Z02"/><Quantity v="2775000"/><MeasureUnit v="KW1"/></Period><Period><TimeInterval v="2016-12-13T10:00Z/2016-12-13T11:00Z"/><Direction v="Z02"/><Quantity v="2775000"/><MeasureUnit v="KW1"/></Period><Period><TimeInterval v="2016-12-13T11:00Z/2016-12-13T12:00Z"/><Direction v="Z02"/><Quantity v="2775000"/><MeasureUnit v="KW1"/></Period><Period><TimeInterval v="2016-12-13T12:00Z/2016-12-13T13:00Z"/><Direction v="Z02"/><Quantity v="2775000"/><MeasureUnit v="KW1"/></Period><Period><TimeInterval v="2016-12-13T13:00Z/2016-12-13T14:00Z"/><Direction v="Z02"/><Quantity v="2775000"/><MeasureUnit v="KW1"/></Period><Period><TimeInterval v="2016-12-13T14:00Z/2016-12-13T15:00Z"/><Direction v="Z02"/><Quantity v="2775000"/><MeasureUnit v="KW1"/></Period><Period><TimeInterval v="2016-12-13T15:00Z/2016-12-13T16:00Z"/><Direction v="Z02"/><Quantity v="2775000"/><MeasureUnit v="KW1"/></Period><Period><TimeInterval v="2016-12-13T16:00Z/2016-12-13T17:00Z"/><Direction v="Z02"/><Quantity v="2775000"/><MeasureUnit v="KW1"/></Period><Period><TimeInterval v="2016-12-13T17:00Z/2016-12-13T18:00Z"/><Direction v="Z02"/><Quantity v="2775000"/><MeasureUnit v="KW1"/></Period><Period><TimeInterval v="2016-12-13T18:00Z/2016-12-13T19:00Z"/><Direction v="Z02"/><Quantity v="2775000"/><MeasureUnit v="KW1"/></Period><Period><TimeInterval v="2016-12-13T19:00Z/2016-12-13T20:00Z"/><Direction v="Z02"/><Quantity v="2775000"/><MeasureUnit v="KW1"/></Period><Period><TimeInterval v="2016-12-13T20:00Z/2016-12-13T21:00Z"/><Direction v="Z02"/><Quantity v="2775000"/><MeasureUnit v="KW1"/></Period><Period><TimeInterval v="2016-12-13T21:00Z/2016-12-13T22:00Z"/><Direction v="Z02"/><Quantity v="2775000"/><MeasureUnit v="KW1"/></Period><Period><TimeInterval v="2016-12-13T22:00Z/2016-12-13T23:00Z"/><Direction v="Z02"/><Quantity v="2775000"/><MeasureUnit v="KW1"/></Period><Period><TimeInterval v="2016-12-13T23:00Z/2016-12-14T00:00Z"/><Direction v="Z02"/><Quantity v="2775000"/><MeasureUnit v="KW1"/></Period><Period><TimeInterval v="2016-12-14T00:00Z/2016-12-14T01:00Z"/><Direction v="Z02"/><Quantity v="2775000"/><MeasureUnit v="KW1"/></Period><Period><TimeInterval v="2016-12-14T01:00Z/2016-12-14T02:00Z"/><Direction v="Z02"/><Quantity v="2775000"/><MeasureUnit v="KW1"/></Period><Period><TimeInterval v="2016-12-14T02:00Z/2016-12-14T03:00Z"/><Direction v="Z02"/><Quantity v="2775000"/><MeasureUnit v="KW1"/></Period><Period><TimeInterval v="2016-12-14T03:00Z/2016-12-14T04:00Z"/><Direction v="Z02"/><Quantity v="2775000"/><MeasureUnit v="KW1"/></Period><Period><TimeInterval v="2016-12-14T04:00Z/2016-12-14T05:00Z"/><Direction v="Z02"/><Quantity v="2775000"/><MeasureUnit v="KW1"/></Period></Category><Category><CapacityCode v="Z10"/><Period><TimeInterval v="2016-12-13T05:00Z/2016-12-13T06:00Z"/><Direction v="Z02"/><Quantity v="3"/><MeasureUnit v="KW1"/></Period><Period><TimeInterval v="2016-12-13T06:00Z/2016-12-13T07:00Z"/><Direction v="Z02"/><Quantity v="3"/><MeasureUnit v="KW1"/></Period><Period><TimeInterval v="2016-12-13T07:00Z/2016-12-13T08:00Z"/><Direction v="Z02"/><Quantity v="3"/><MeasureUnit v="KW1"/></Period><Period><TimeInterval v="2016-12-13T08:00Z/2016-12-13T09:00Z"/><Direction v="Z02"/><Quantity v="3"/><MeasureUnit v="KW1"/></Period><Period><TimeInterval v="2016-12-13T09:00Z/2016-12-13T10:00Z"/><Direction v="Z02"/><Quantity v="3"/><MeasureUnit v="KW1"/></Period><Period><TimeInterval v="2016-12-13T10:00Z/2016-12-13T11:00Z"/><Direction v="Z02"/><Quantity v="3"/><MeasureUnit v="KW1"/></Period><Period><TimeInterval v="2016-12-13T11:00Z/2016-12-13T12:00Z"/><Direction v="Z02"/><Quantity v="3"/><MeasureUnit v="KW1"/></Period><Period><TimeInterval v="2016-12-13T12:00Z/2016-12-13T13:00Z"/><Direction v="Z02"/><Quantity v="3"/><MeasureUnit v="KW1"/></Period><Period><TimeInterval v="2016-12-13T13:00Z/2016-12-13T14:00Z"/><Direction v="Z02"/><Quantity v="3"/><MeasureUnit v="KW1"/></Period><Period><TimeInterval v="2016-12-13T14:00Z/2016-12-13T15:00Z"/><Direction v="Z02"/><Quantity v="3"/><MeasureUnit v="KW1"/></Period><Period><TimeInterval v="2016-12-13T15:00Z/2016-12-13T16:00Z"/><Direction v="Z02"/><Quantity v="3"/><MeasureUnit v="KW1"/></Period><Period><TimeInterval v="2016-12-13T16:00Z/2016-12-13T17:00Z"/><Direction v="Z02"/><Quantity v="3"/><MeasureUnit v="KW1"/></Period><Period><TimeInterval v="2016-12-13T17:00Z/2016-12-13T18:00Z"/><Direction v="Z02"/><Quantity v="3"/><MeasureUnit v="KW1"/></Period><Period><TimeInterval v="2016-12-13T18:00Z/2016-12-13T19:00Z"/><Direction v="Z02"/><Quantity v="3"/><MeasureUnit v="KW1"/></Period><Period><TimeInterval v="2016-12-13T19:00Z/2016-12-13T20:00Z"/><Direction v="Z02"/><Quantity v="3"/><MeasureUnit v="KW1"/></Period><Period><TimeInterval v="2016-12-13T20:00Z/2016-12-13T21:00Z"/><Direction v="Z02"/><Quantity v="3"/><MeasureUnit v="KW1"/></Period><Period><TimeInterval v="2016-12-13T21:00Z/2016-12-13T22:00Z"/><Direction v="Z02"/><Quantity v="3"/><MeasureUnit v="KW1"/></Period><Period><TimeInterval v="2016-12-13T22:00Z/2016-12-13T23:00Z"/><Direction v="Z02"/><Quantity v="3"/><MeasureUnit v="KW1"/></Period><Period><TimeInterval v="2016-12-13T23:00Z/2016-12-14T00:00Z"/><Direction v="Z02"/><Quantity v="3"/><MeasureUnit v="KW1"/></Period><Period><TimeInterval v="2016-12-14T00:00Z/2016-12-14T01:00Z"/><Direction v="Z02"/><Quantity v="3"/><MeasureUnit v="KW1"/></Period><Period><TimeInterval v="2016-12-14T01:00Z/2016-12-14T02:00Z"/><Direction v="Z02"/><Quantity v="3"/><MeasureUnit v="KW1"/></Period><Period><TimeInterval v="2016-12-14T02:00Z/2016-12-14T03:00Z"/><Direction v="Z02"/><Quantity v="3"/><MeasureUnit v="KW1"/></Period><Period><TimeInterval v="2016-12-14T03:00Z/2016-12-14T04:00Z"/><Direction v="Z02"/><Quantity v="3"/><MeasureUnit v="KW1"/></Period><Period><TimeInterval v="2016-12-14T04:00Z/2016-12-14T05:00Z"/><Direction v="Z02"/><Quantity v="3"/><MeasureUnit v="KW1"/></Period></Category><Category><CapacityCode v="Z11"/><Period><TimeInterval v="2016-12-13T05:00Z/2016-12-13T06:00Z"/><Direction v="Z02"/><Quantity v="2775000"/><MeasureUnit v="KW1"/></Period><Period><TimeInterval v="2016-12-13T06:00Z/2016-12-13T07:00Z"/><Direction v="Z02"/><Quantity v="2775000"/><MeasureUnit v="KW1"/></Period><Period><TimeInterval v="2016-12-13T07:00Z/2016-12-13T08:00Z"/><Direction v="Z02"/><Quantity v="2775000"/><MeasureUnit v="KW1"/></Period><Period><TimeInterval v="2016-12-13T08:00Z/2016-12-13T09:00Z"/><Direction v="Z02"/><Quantity v="2775000"/><MeasureUnit v="KW1"/></Period><Period><TimeInterval v="2016-12-13T09:00Z/2016-12-13T10:00Z"/><Direction v="Z02"/><Quantity v="2775000"/><MeasureUnit v="KW1"/></Period><Period><TimeInterval v="2016-12-13T10:00Z/2016-12-13T11:00Z"/><Direction v="Z02"/><Quantity v="2775000"/><MeasureUnit v="KW1"/></Period><Period><TimeInterval v="2016-12-13T11:00Z/2016-12-13T12:00Z"/><Direction v="Z02"/><Quantity v="2775000"/><MeasureUnit v="KW1"/></Period><Period><TimeInterval v="2016-12-13T12:00Z/2016-12-13T13:00Z"/><Direction v="Z02"/><Quantity v="2775000"/><MeasureUnit v="KW1"/></Period><Period><TimeInterval v="2016-12-13T13:00Z/2016-12-13T14:00Z"/><Direction v="Z02"/><Quantity v="2775000"/><MeasureUnit v="KW1"/></Period><Period><TimeInterval v="2016-12-13T14:00Z/2016-12-13T15:00Z"/><Direction v="Z02"/><Quantity v="2775000"/><MeasureUnit v="KW1"/></Period><Period><TimeInterval v="2016-12-13T15:00Z/2016-12-13T16:00Z"/><Direction v="Z02"/><Quantity v="2775000"/><MeasureUnit v="KW1"/></Period><Period><TimeInterval v="2016-12-13T16:00Z/2016-12-13T17:00Z"/><Direction v="Z02"/><Quantity v="2775000"/><MeasureUnit v="KW1"/></Period><Period><TimeInterval v="2016-12-13T17:00Z/2016-12-13T18:00Z"/><Direction v="Z02"/><Quantity v="2775000"/><MeasureUnit v="KW1"/></Period><Period><TimeInterval v="2016-12-13T18:00Z/2016-12-13T19:00Z"/><Direction v="Z02"/><Quantity v="2775000"/><MeasureUnit v="KW1"/></Period><Period><TimeInterval v="2016-12-13T19:00Z/2016-12-13T20:00Z"/><Direction v="Z02"/><Quantity v="2775000"/><MeasureUnit v="KW1"/></Period><Period><TimeInterval v="2016-12-13T20:00Z/2016-12-13T21:00Z"/><Direction v="Z02"/><Quantity v="2775000"/><MeasureUnit v="KW1"/></Period><Period><TimeInterval v="2016-12-13T21:00Z/2016-12-13T22:00Z"/><Direction v="Z02"/><Quantity v="2775000"/><MeasureUnit v="KW1"/></Period><Period><TimeInterval v="2016-12-13T22:00Z/2016-12-13T23:00Z"/><Direction v="Z02"/><Quantity v="2775000"/><MeasureUnit v="KW1"/></Period><Period><TimeInterval v="2016-12-13T23:00Z/2016-12-14T00:00Z"/><Direction v="Z02"/><Quantity v="2775000"/><MeasureUnit v="KW1"/></Period><Period><TimeInterval v="2016-12-14T00:00Z/2016-12-14T01:00Z"/><Direction v="Z02"/><Quantity v="2775000"/><MeasureUnit v="KW1"/></Period><Period><TimeInterval v="2016-12-14T01:00Z/2016-12-14T02:00Z"/><Direction v="Z02"/><Quantity v="2775000"/><MeasureUnit v="KW1"/></Period><Period><TimeInterval v="2016-12-14T02:00Z/2016-12-14T03:00Z"/><Direction v="Z02"/><Quantity v="2775000"/><MeasureUnit v="KW1"/></Period><Period><TimeInterval v="2016-12-14T03:00Z/2016-12-14T04:00Z"/><Direction v="Z02"/><Quantity v="2775000"/><MeasureUnit v="KW1"/></Period><Period><TimeInterval v="2016-12-14T04:00Z/2016-12-14T05:00Z"/><Direction v="Z02"/><Quantity v="2775000"/><MeasureUnit v="KW1"/></Period></Category></ConnectionPoint><ConnectionPoint><Identification v="37Y000000000288Q" codingScheme="305"/><Type v="Z26"/><Category><CapacityCode v="Z06"/><Period><TimeInterval v="2016-12-13T05:00Z/2016-12-13T06:00Z"/><Direction v="Z02"/><Quantity v="1748398"/><MeasureUnit v="KW1"/></Period><Period><TimeInterval v="2016-12-13T06:00Z/2016-12-13T07:00Z"/><Direction v="Z02"/><Quantity v="1748398"/><MeasureUnit v="KW1"/></Period><Period><TimeInterval v="2016-12-13T07:00Z/2016-12-13T08:00Z"/><Direction v="Z02"/><Quantity v="1748398"/><MeasureUnit v="KW1"/></Period><Period><TimeInterval v="2016-12-13T08:00Z/2016-12-13T09:00Z"/><Direction v="Z02"/><Quantity v="1748398"/><MeasureUnit v="KW1"/></Period><Period><TimeInterval v="2016-12-13T09:00Z/2016-12-13T10:00Z"/><Direction v="Z02"/><Quantity v="1748398"/><MeasureUnit v="KW1"/></Period><Period><TimeInterval v="2016-12-13T10:00Z/2016-12-13T11:00Z"/><Direction v="Z02"/><Quantity v="1748398"/><MeasureUnit v="KW1"/></Period><Period><TimeInterval v="2016-12-13T11:00Z/2016-12-13T12:00Z"/><Direction v="Z02"/><Quantity v="1748398"/><MeasureUnit v="KW1"/></Period><Period><TimeInterval v="2016-12-13T12:00Z/2016-12-13T13:00Z"/><Direction v="Z02"/><Quantity v="1748398"/><MeasureUnit v="KW1"/></Period><Period><TimeInterval v="2016-12-13T13:00Z/2016-12-13T14:00Z"/><Direction v="Z02"/><Quantity v="1748398"/><MeasureUnit v="KW1"/></Period><Period><TimeInterval v="2016-12-13T14:00Z/2016-12-13T15:00Z"/><Direction v="Z02"/><Quantity v="1748398"/><MeasureUnit v="KW1"/></Period><Period><TimeInterval v="2016-12-13T15:00Z/2016-12-13T16:00Z"/><Direction v="Z02"/><Quantity v="1748398"/><MeasureUnit v="KW1"/></Period><Period><TimeInterval v="2016-12-13T16:00Z/2016-12-13T17:00Z"/><Direction v="Z02"/><Quantity v="1748398"/><MeasureUnit v="KW1"/></Period><Period><TimeInterval v="2016-12-13T17:00Z/2016-12-13T18:00Z"/><Direction v="Z02"/><Quantity v="1748398"/><MeasureUnit v="KW1"/></Period><Period><TimeInterval v="2016-12-13T18:00Z/2016-12-13T19:00Z"/><Direction v="Z02"/><Quantity v="1748398"/><MeasureUnit v="KW1"/></Period><Period><TimeInterval v="2016-12-13T19:00Z/2016-12-13T20:00Z"/><Direction v="Z02"/><Quantity v="1748398"/><MeasureUnit v="KW1"/></Period><Period><TimeInterval v="2016-12-13T20:00Z/2016-12-13T21:00Z"/><Direction v="Z02"/><Quantity v="1748398"/><MeasureUnit v="KW1"/></Period><Period><TimeInterval v="2016-12-13T21:00Z/2016-12-13T22:00Z"/><Direction v="Z02"/><Quantity v="1748398"/><MeasureUnit v="KW1"/></Period><Period><TimeInterval v="2016-12-13T22:00Z/2016-12-13T23:00Z"/><Direction v="Z02"/><Quantity v="1748398"/><MeasureUnit v="KW1"/></Period><Period><TimeInterval v="2016-12-13T23:00Z/2016-12-14T00:00Z"/><Direction v="Z02"/><Quantity v="1748398"/><MeasureUnit v="KW1"/></Period><Period><TimeInterval v="2016-12-14T00:00Z/2016-12-14T01:00Z"/><Direction v="Z02"/><Quantity v="1748398"/><MeasureUnit v="KW1"/></Period><Period><TimeInterval v="2016-12-14T01:00Z/2016-12-14T02:00Z"/><Direction v="Z02"/><Quantity v="1748398"/><MeasureUnit v="KW1"/></Period><Period><TimeInterval v="2016-12-14T02:00Z/2016-12-14T03:00Z"/><Direction v="Z02"/><Quantity v="1748398"/><MeasureUnit v="KW1"/></Period><Period><TimeInterval v="2016-12-14T03:00Z/2016-12-14T04:00Z"/><Direction v="Z02"/><Quantity v="1748398"/><MeasureUnit v="KW1"/></Period><Period><TimeInterval v="2016-12-14T04:00Z/2016-12-14T05:00Z"/><Direction v="Z02"/><Quantity v="1748398"/><MeasureUnit v="KW1"/></Period></Category><Category><CapacityCode v="Z07"/><Period><TimeInterval v="2016-12-13T05:00Z/2016-12-13T06:00Z"/><Direction v="Z02"/><Quantity v="1750000"/><MeasureUnit v="KW1"/></Period><Period><TimeInterval v="2016-12-13T06:00Z/2016-12-13T07:00Z"/><Direction v="Z02"/><Quantity v="1750000"/><MeasureUnit v="KW1"/></Period><Period><TimeInterval v="2016-12-13T07:00Z/2016-12-13T08:00Z"/><Direction v="Z02"/><Quantity v="1750000"/><MeasureUnit v="KW1"/></Period><Period><TimeInterval v="2016-12-13T08:00Z/2016-12-13T09:00Z"/><Direction v="Z02"/><Quantity v="1750000"/><MeasureUnit v="KW1"/></Period><Period><TimeInterval v="2016-12-13T09:00Z/2016-12-13T10:00Z"/><Direction v="Z02"/><Quantity v="1750000"/><MeasureUnit v="KW1"/></Period><Period><TimeInterval v="2016-12-13T10:00Z/2016-12-13T11:00Z"/><Direction v="Z02"/><Quantity v="1750000"/><MeasureUnit v="KW1"/></Period><Period><TimeInterval v="2016-12-13T11:00Z/2016-12-13T12:00Z"/><Direction v="Z02"/><Quantity v="1750000"/><MeasureUnit v="KW1"/></Period><Period><TimeInterval v="2016-12-13T12:00Z/2016-12-13T13:00Z"/><Direction v="Z02"/><Quantity v="1750000"/><MeasureUnit v="KW1"/></Period><Period><TimeInterval v="2016-12-13T13:00Z/2016-12-13T14:00Z"/><Direction v="Z02"/><Quantity v="1750000"/><MeasureUnit v="KW1"/></Period><Period><TimeInterval v="2016-12-13T14:00Z/2016-12-13T15:00Z"/><Direction v="Z02"/><Quantity v="1750000"/><MeasureUnit v="KW1"/></Period><Period><TimeInterval v="2016-12-13T15:00Z/2016-12-13T16:00Z"/><Direction v="Z02"/><Quantity v="1750000"/><MeasureUnit v="KW1"/></Period><Period><TimeInterval v="2016-12-13T16:00Z/2016-12-13T17:00Z"/><Direction v="Z02"/><Quantity v="1750000"/><MeasureUnit v="KW1"/></Period><Period><TimeInterval v="2016-12-13T17:00Z/2016-12-13T18:00Z"/><Direction v="Z02"/><Quantity v="1750000"/><MeasureUnit v="KW1"/></Period><Period><TimeInterval v="2016-12-13T18:00Z/2016-12-13T19:00Z"/><Direction v="Z02"/><Quantity v="1750000"/><MeasureUnit v="KW1"/></Period><Period><TimeInterval v="2016-12-13T19:00Z/2016-12-13T20:00Z"/><Direction v="Z02"/><Quantity v="1750000"/><MeasureUnit v="KW1"/></Period><Period><TimeInterval v="2016-12-13T20:00Z/2016-12-13T21:00Z"/><Direction v="Z02"/><Quantity v="1750000"/><MeasureUnit v="KW1"/></Period><Period><TimeInterval v="2016-12-13T21:00Z/2016-12-13T22:00Z"/><Direction v="Z02"/><Quantity v="1750000"/><MeasureUnit v="KW1"/></Period><Period><TimeInterval v="2016-12-13T22:00Z/2016-12-13T23:00Z"/><Direction v="Z02"/><Quantity v="1750000"/><MeasureUnit v="KW1"/></Period><Period><TimeInterval v="2016-12-13T23:00Z/2016-12-14T00:00Z"/><Direction v="Z02"/><Quantity v="1750000"/><MeasureUnit v="KW1"/></Period><Period><TimeInterval v="2016-12-14T00:00Z/2016-12-14T01:00Z"/><Direction v="Z02"/><Quantity v="1750000"/><MeasureUnit v="KW1"/></Period><Period><TimeInterval v="2016-12-14T01:00Z/2016-12-14T02:00Z"/><Direction v="Z02"/><Quantity v="1750000"/><MeasureUnit v="KW1"/></Period><Period><TimeInterval v="2016-12-14T02:00Z/2016-12-14T03:00Z"/><Direction v="Z02"/><Quantity v="1750000"/><MeasureUnit v="KW1"/></Period><Period><TimeInterval v="2016-12-14T03:00Z/2016-12-14T04:00Z"/><Direction v="Z02"/><Quantity v="1750000"/><MeasureUnit v="KW1"/></Period><Period><TimeInterval v="2016-12-14T04:00Z/2016-12-14T05:00Z"/><Direction v="Z02"/><Quantity v="1750000"/><MeasureUnit v="KW1"/></Period></Category><Category><CapacityCode v="Z09"/><Period><TimeInterval v="2016-12-13T05:00Z/2016-12-13T06:00Z"/><Direction v="Z02"/><Quantity v="262844"/><MeasureUnit v="KW1"/></Period><Period><TimeInterval v="2016-12-13T06:00Z/2016-12-13T07:00Z"/><Direction v="Z02"/><Quantity v="262844"/><MeasureUnit v="KW1"/></Period><Period><TimeInterval v="2016-12-13T07:00Z/2016-12-13T08:00Z"/><Direction v="Z02"/><Quantity v="262844"/><MeasureUnit v="KW1"/></Period><Period><TimeInterval v="2016-12-13T08:00Z/2016-12-13T09:00Z"/><Direction v="Z02"/><Quantity v="262844"/><MeasureUnit v="KW1"/></Period><Period><TimeInterval v="2016-12-13T09:00Z/2016-12-13T10:00Z"/><Direction v="Z02"/><Quantity v="262844"/><MeasureUnit v="KW1"/></Period><Period><TimeInterval v="2016-12-13T10:00Z/2016-12-13T11:00Z"/><Direction v="Z02"/><Quantity v="262844"/><MeasureUnit v="KW1"/></Period><Period><TimeInterval v="2016-12-13T11:00Z/2016-12-13T12:00Z"/><Direction v="Z02"/><Quantity v="170844"/><MeasureUnit v="KW1"/></Period><Period><TimeInterval v="2016-12-13T12:00Z/2016-12-13T13:00Z"/><Direction v="Z02"/><Quantity v="170844"/><MeasureUnit v="KW1"/></Period><Period><TimeInterval v="2016-12-13T13:00Z/2016-12-13T14:00Z"/><Direction v="Z02"/><Quantity v="170844"/><MeasureUnit v="KW1"/></Period><Period><TimeInterval v="2016-12-13T14:00Z/2016-12-13T15:00Z"/><Direction v="Z02"/><Quantity v="262844"/><MeasureUnit v="KW1"/></Period><Period><TimeInterval v="2016-12-13T15:00Z/2016-12-13T16:00Z"/><Direction v="Z02"/><Quantity v="262844"/><MeasureUnit v="KW1"/></Period><Period><TimeInterval v="2016-12-13T16:00Z/2016-12-13T17:00Z"/><Direction v="Z02"/><Quantity v="262844"/><MeasureUnit v="KW1"/></Period><Period><TimeInterval v="2016-12-13T17:00Z/2016-12-13T18:00Z"/><Direction v="Z02"/><Quantity v="262844"/><MeasureUnit v="KW1"/></Period><Period><TimeInterval v="2016-12-13T18:00Z/2016-12-13T19:00Z"/><Direction v="Z02"/><Quantity v="262844"/><MeasureUnit v="KW1"/></Period><Period><TimeInterval v="2016-12-13T19:00Z/2016-12-13T20:00Z"/><Direction v="Z02"/><Quantity v="262844"/><MeasureUnit v="KW1"/></Period><Period><TimeInterval v="2016-12-13T20:00Z/2016-12-13T21:00Z"/><Direction v="Z02"/><Quantity v="262844"/><MeasureUnit v="KW1"/></Period><Period><TimeInterval v="2016-12-13T21:00Z/2016-12-13T22:00Z"/><Direction v="Z02"/><Quantity v="10844"/><MeasureUnit v="KW1"/></Period><Period><TimeInterval v="2016-12-13T22:00Z/2016-12-13T23:00Z"/><Direction v="Z02"/><Quantity v="10844"/><MeasureUnit v="KW1"/></Period><Period><TimeInterval v="2016-12-13T23:00Z/2016-12-14T00:00Z"/><Direction v="Z02"/><Quantity v="10844"/><MeasureUnit v="KW1"/></Period><Period><TimeInterval v="2016-12-14T00:00Z/2016-12-14T01:00Z"/><Direction v="Z02"/><Quantity v="10844"/><MeasureUnit v="KW1"/></Period><Period><TimeInterval v="2016-12-14T01:00Z/2016-12-14T02:00Z"/><Direction v="Z02"/><Quantity v="10844"/><MeasureUnit v="KW1"/></Period><Period><TimeInterval v="2016-12-14T02:00Z/2016-12-14T03:00Z"/><Direction v="Z02"/><Quantity v="10844"/><MeasureUnit v="KW1"/></Period><Period><TimeInterval v="2016-12-14T03:00Z/2016-12-14T04:00Z"/><Direction v="Z02"/><Quantity v="10844"/><MeasureUnit v="KW1"/></Period><Period><TimeInterval v="2016-12-14T04:00Z/2016-12-14T05:00Z"/><Direction v="Z02"/><Quantity v="10844"/><MeasureUnit v="KW1"/></Period></Category><Category><CapacityCode v="Z10"/><Period><TimeInterval v="2016-12-13T05:00Z/2016-12-13T06:00Z"/><Direction v="Z02"/><Quantity v="261246"/><MeasureUnit v="KW1"/></Period><Period><TimeInterval v="2016-12-13T06:00Z/2016-12-13T07:00Z"/><Direction v="Z02"/><Quantity v="261246"/><MeasureUnit v="KW1"/></Period><Period><TimeInterval v="2016-12-13T07:00Z/2016-12-13T08:00Z"/><Direction v="Z02"/><Quantity v="261246"/><MeasureUnit v="KW1"/></Period><Period><TimeInterval v="2016-12-13T08:00Z/2016-12-13T09:00Z"/><Direction v="Z02"/><Quantity v="261246"/><MeasureUnit v="KW1"/></Period><Period><TimeInterval v="2016-12-13T09:00Z/2016-12-13T10:00Z"/><Direction v="Z02"/><Quantity v="261246"/><MeasureUnit v="KW1"/></Period><Period><TimeInterval v="2016-12-13T10:00Z/2016-12-13T11:00Z"/><Direction v="Z02"/><Quantity v="261246"/><MeasureUnit v="KW1"/></Period><Period><TimeInterval v="2016-12-13T11:00Z/2016-12-13T12:00Z"/><Direction v="Z02"/><Quantity v="261246"/><MeasureUnit v="KW1"/></Period><Period><TimeInterval v="2016-12-13T12:00Z/2016-12-13T13:00Z"/><Direction v="Z02"/><Quantity v="261246"/><MeasureUnit v="KW1"/></Period><Period><TimeInterval v="2016-12-13T13:00Z/2016-12-13T14:00Z"/><Direction v="Z02"/><Quantity v="261246"/><MeasureUnit v="KW1"/></Period><Period><TimeInterval v="2016-12-13T14:00Z/2016-12-13T15:00Z"/><Direction v="Z02"/><Quantity v="261246"/><MeasureUnit v="KW1"/></Period><Period><TimeInterval v="2016-12-13T15:00Z/2016-12-13T16:00Z"/><Direction v="Z02"/><Quantity v="261246"/><MeasureUnit v="KW1"/></Period><Period><TimeInterval v="2016-12-13T16:00Z/2016-12-13T17:00Z"/><Direction v="Z02"/><Quantity v="261246"/><MeasureUnit v="KW1"/></Period><Period><TimeInterval v="2016-12-13T17:00Z/2016-12-13T18:00Z"/><Direction v="Z02"/><Quantity v="261246"/><MeasureUnit v="KW1"/></Period><Period><TimeInterval v="2016-12-13T18:00Z/2016-12-13T19:00Z"/><Direction v="Z02"/><Quantity v="261246"/><MeasureUnit v="KW1"/></Period><Period><TimeInterval v="2016-12-13T19:00Z/2016-12-13T20:00Z"/><Direction v="Z02"/><Quantity v="261246"/><MeasureUnit v="KW1"/></Period><Period><TimeInterval v="2016-12-13T20:00Z/2016-12-13T21:00Z"/><Direction v="Z02"/><Quantity v="261246"/><MeasureUnit v="KW1"/></Period><Period><TimeInterval v="2016-12-13T21:00Z/2016-12-13T22:00Z"/><Direction v="Z02"/><Quantity v="261246"/><MeasureUnit v="KW1"/></Period><Period><TimeInterval v="2016-12-13T22:00Z/2016-12-13T23:00Z"/><Direction v="Z02"/><Quantity v="261246"/><MeasureUnit v="KW1"/></Period><Period><TimeInterval v="2016-12-13T23:00Z/2016-12-14T00:00Z"/><Direction v="Z02"/><Quantity v="261246"/><MeasureUnit v="KW1"/></Period><Period><TimeInterval v="2016-12-14T00:00Z/2016-12-14T01:00Z"/><Direction v="Z02"/><Quantity v="261246"/><MeasureUnit v="KW1"/></Period><Period><TimeInterval v="2016-12-14T01:00Z/2016-12-14T02:00Z"/><Direction v="Z02"/><Quantity v="261246"/><MeasureUnit v="KW1"/></Period><Period><TimeInterval v="2016-12-14T02:00Z/2016-12-14T03:00Z"/><Direction v="Z02"/><Quantity v="261246"/><MeasureUnit v="KW1"/></Period><Period><TimeInterval v="2016-12-14T03:00Z/2016-12-14T04:00Z"/><Direction v="Z02"/><Quantity v="261246"/><MeasureUnit v="KW1"/></Period><Period><TimeInterval v="2016-12-14T04:00Z/2016-12-14T05:00Z"/><Direction v="Z02"/><Quantity v="261246"/><MeasureUnit v="KW1"/></Period></Category><Category><CapacityCode v="Z11"/><Period><TimeInterval v="2016-12-13T05:00Z/2016-12-13T06:00Z"/><Direction v="Z02"/><Quantity v="1602"/><MeasureUnit v="KW1"/></Period><Period><TimeInterval v="2016-12-13T06:00Z/2016-12-13T07:00Z"/><Direction v="Z02"/><Quantity v="1602"/><MeasureUnit v="KW1"/></Period><Period><TimeInterval v="2016-12-13T07:00Z/2016-12-13T08:00Z"/><Direction v="Z02"/><Quantity v="1602"/><MeasureUnit v="KW1"/></Period><Period><TimeInterval v="2016-12-13T08:00Z/2016-12-13T09:00Z"/><Direction v="Z02"/><Quantity v="1602"/><MeasureUnit v="KW1"/></Period><Period><TimeInterval v="2016-12-13T09:00Z/2016-12-13T10:00Z"/><Direction v="Z02"/><Quantity v="1602"/><MeasureUnit v="KW1"/></Period><Period><TimeInterval v="2016-12-13T10:00Z/2016-12-13T11:00Z"/><Direction v="Z02"/><Quantity v="1602"/><MeasureUnit v="KW1"/></Period><Period><TimeInterval v="2016-12-13T11:00Z/2016-12-13T12:00Z"/><Direction v="Z02"/><Quantity v="1602"/><MeasureUnit v="KW1"/></Period><Period><TimeInterval v="2016-12-13T12:00Z/2016-12-13T13:00Z"/><Direction v="Z02"/><Quantity v="1602"/><MeasureUnit v="KW1"/></Period><Period><TimeInterval v="2016-12-13T13:00Z/2016-12-13T14:00Z"/><Direction v="Z02"/><Quantity v="1602"/><MeasureUnit v="KW1"/></Period><Period><TimeInterval v="2016-12-13T14:00Z/2016-12-13T15:00Z"/><Direction v="Z02"/><Quantity v="1602"/><MeasureUnit v="KW1"/></Period><Period><TimeInterval v="2016-12-13T15:00Z/2016-12-13T16:00Z"/><Direction v="Z02"/><Quantity v="1602"/><MeasureUnit v="KW1"/></Period><Period><TimeInterval v="2016-12-13T16:00Z/2016-12-13T17:00Z"/><Direction v="Z02"/><Quantity v="1602"/><MeasureUnit v="KW1"/></Period><Period><TimeInterval v="2016-12-13T17:00Z/2016-12-13T18:00Z"/><Direction v="Z02"/><Quantity v="1602"/><MeasureUnit v="KW1"/></Period><Period><TimeInterval v="2016-12-13T18:00Z/2016-12-13T19:00Z"/><Direction v="Z02"/><Quantity v="1602"/><MeasureUnit v="KW1"/></Period><Period><TimeInterval v="2016-12-13T19:00Z/2016-12-13T20:00Z"/><Direction v="Z02"/><Quantity v="1602"/><MeasureUnit v="KW1"/></Period><Period><TimeInterval v="2016-12-13T20:00Z/2016-12-13T21:00Z"/><Direction v="Z02"/><Quantity v="1602"/><MeasureUnit v="KW1"/></Period><Period><TimeInterval v="2016-12-13T21:00Z/2016-12-13T22:00Z"/><Direction v="Z02"/><Quantity v="1602"/><MeasureUnit v="KW1"/></Period><Period><TimeInterval v="2016-12-13T22:00Z/2016-12-13T23:00Z"/><Direction v="Z02"/><Quantity v="1602"/><MeasureUnit v="KW1"/></Period><Period><TimeInterval v="2016-12-13T23:00Z/2016-12-14T00:00Z"/><Direction v="Z02"/><Quantity v="1602"/><MeasureUnit v="KW1"/></Period><Period><TimeInterval v="2016-12-14T00:00Z/2016-12-14T01:00Z"/><Direction v="Z02"/><Quantity v="1602"/><MeasureUnit v="KW1"/></Period><Period><TimeInterval v="2016-12-14T01:00Z/2016-12-14T02:00Z"/><Direction v="Z02"/><Quantity v="1602"/><MeasureUnit v="KW1"/></Period><Period><TimeInterval v="2016-12-14T02:00Z/2016-12-14T03:00Z"/><Direction v="Z02"/><Quantity v="1602"/><MeasureUnit v="KW1"/></Period><Period><TimeInterval v="2016-12-14T03:00Z/2016-12-14T04:00Z"/><Direction v="Z02"/><Quantity v="1602"/><MeasureUnit v="KW1"/></Period><Period><TimeInterval v="2016-12-14T04:00Z/2016-12-14T05:00Z"/><Direction v="Z02"/><Quantity v="1602"/><MeasureUnit v="KW1"/></Period></Category></ConnectionPoint></TransparencyPublication>