<?xml version="1.0" encoding="UTF-8"?><TransparencyPublication Version="EGAS50" Release="A"><Identification v="TRANPB20170104A104237"/><Version v="1"/><Type v="AL4"/><CreationDateTime v="2017-01-04T07:07:19.408Z"/><ValidityPeriod v="2016-12-29T05:00Z/2016-12-30T05:00Z"/><IssuerIdentification v="21X-DE-C-A0A0A-T" codingScheme="305"/><IssuerRole v="ZSO"/><RecipientIdentification v="10X1001A1001A353" codingScheme="305"/><RecipientRole v="ZUA"/><ConnectionPoint><Identification v="21Z000000000038U" codingScheme="305"/><Type v="Z25"/><Category><CapacityCode v="Z12"/><Period><TimeInterval v="2016-12-29T05:00Z/2016-12-29T06:00Z"/><Direction v="Z03"/><Quantity v="0"/><MeasureUnit v="KW1"/></Period><Period><TimeInterval v="2016-12-29T06:00Z/2016-12-29T07:00Z"/><Direction v="Z03"/><Quantity v="0"/><MeasureUnit v="KW1"/></Period><Period><TimeInterval v="2016-12-29T07:00Z/2016-12-29T08:00Z"/><Direction v="Z03"/><Quantity v="0"/><MeasureUnit v="KW1"/></Period><Period><TimeInterval v="2016-12-29T08:00Z/2016-12-29T09:00Z"/><Direction v="Z03"/><Quantity v="0"/><MeasureUnit v="KW1"/></Period><Period><TimeInterval v="2016-12-29T09:00Z/2016-12-29T10:00Z"/><Direction v="Z03"/><Quantity v="0"/><MeasureUnit v="KW1"/></Period><Period><TimeInterval v="2016-12-29T10:00Z/2016-12-29T11:00Z"/><Direction v="Z03"/><Quantity v="0"/><MeasureUnit v="KW1"/></Period><Period><TimeInterval v="2016-12-29T11:00Z/2016-12-29T12:00Z"/><Direction v="Z03"/><Quantity v="0"/><MeasureUnit v="KW1"/></Period><Period><TimeInterval v="2016-12-29T12:00Z/2016-12-29T13:00Z"/><Direction v="Z03"/><Quantity v="0"/><MeasureUnit v="KW1"/></Period><Period><TimeInterval v="2016-12-29T13:00Z/2016-12-29T14:00Z"/><Direction v="Z03"/><Quantity v="0"/><MeasureUnit v="KW1"/></Period><Period><TimeInterval v="2016-12-29T14:00Z/2016-12-29T15:00Z"/><Direction v="Z03"/><Quantity v="0"/><MeasureUnit v="KW1"/></Period><Period><TimeInterval v="2016-12-29T15:00Z/2016-12-29T16:00Z"/><Direction v="Z03"/><Quantity v="0"/><MeasureUnit v="KW1"/></Period><Period><TimeInterval v="2016-12-29T16:00Z/2016-12-29T17:00Z"/><Direction v="Z03"/><Quantity v="0"/><MeasureUnit v="KW1"/></Period><Period><TimeInterval v="2016-12-29T17:00Z/2016-12-29T18:00Z"/><Direction v="Z03"/><Quantity v="0"/><MeasureUnit v="KW1"/></Period><Period><TimeInterval v="2016-12-29T18:00Z/2016-12-29T19:00Z"/><Direction v="Z03"/><Quantity v="0"/><MeasureUnit v="KW1"/></Period><Period><TimeInterval v="2016-12-29T19:00Z/2016-12-29T20:00Z"/><Direction v="Z03"/><Quantity v="0"/><MeasureUnit v="KW1"/></Period><Period><TimeInterval v="2016-12-29T20:00Z/2016-12-29T21:00Z"/><Direction v="Z03"/><Quantity v="0"/><MeasureUnit v="KW1"/></Period><Period><TimeInterval v="2016-12-29T21:00Z/2016-12-29T22:00Z"/><Direction v="Z03"/><Quantity v="0"/><MeasureUnit v="KW1"/></Period><Period><TimeInterval v="2016-12-29T22:00Z/2016-12-29T23:00Z"/><Direction v="Z03"/><Quantity v="0"/><MeasureUnit v="KW1"/></Period><Period><TimeInterval v="2016-12-29T23:00Z/2016-12-30T00:00Z"/><Direction v="Z03"/><Quantity v="0"/><MeasureUnit v="KW1"/></Period><Period><TimeInterval v="2016-12-30T00:00Z/2016-12-30T01:00Z"/><Direction v="Z03"/><Quantity v="0"/><MeasureUnit v="KW1"/></Period><Period><TimeInterval v="2016-12-30T01:00Z/2016-12-30T02:00Z"/><Direction v="Z03"/><Quantity v="0"/><MeasureUnit v="KW1"/></Period><Period><TimeInterval v="2016-12-30T02:00Z/2016-12-30T03:00Z"/><Direction v="Z03"/><Quantity v="0"/><MeasureUnit v="KW1"/></Period><Period><TimeInterval v="2016-12-30T03:00Z/2016-12-30T04:00Z"/><Direction v="Z03"/><Quantity v="0"/><MeasureUnit v="KW1"/></Period><Period><TimeInterval v="2016-12-30T04:00Z/2016-12-30T05:00Z"/><Direction v="Z03"/><Quantity v="0"/><MeasureUnit v="KW1"/></Period></Category><Category><CapacityCode v="Z14"/><Period><TimeInterval v="2016-12-29T05:00Z/2016-12-29T06:00Z"/><Direction v="Z03"/><Quantity v="0"/><MeasureUnit v="KW1"/></Period><Period><TimeInterval v="2016-12-29T06:00Z/2016-12-29T07:00Z"/><Direction v="Z03"/><Quantity v="0"/><MeasureUnit v="KW1"/></Period><Period><TimeInterval v="2016-12-29T07:00Z/2016-12-29T08:00Z"/><Direction v="Z03"/><Quantity v="0"/><MeasureUnit v="KW1"/></Period><Period><TimeInterval v="2016-12-29T08:00Z/2016-12-29T09:00Z"/><Direction v="Z03"/><Quantity v="0"/><MeasureUnit v="KW1"/></Period><Period><TimeInterval v="2016-12-29T09:00Z/2016-12-29T10:00Z"/><Direction v="Z03"/><Quantity v="0"/><MeasureUnit v="KW1"/></Period><Period><TimeInterval v="2016-12-29T10:00Z/2016-12-29T11:00Z"/><Direction v="Z03"/><Quantity v="0"/><MeasureUnit v="KW1"/></Period><Period><TimeInterval v="2016-12-29T11:00Z/2016-12-29T12:00Z"/><Direction v="Z03"/><Quantity v="0"/><MeasureUnit v="KW1"/></Period><Period><TimeInterval v="2016-12-29T12:00Z/2016-12-29T13:00Z"/><Direction v="Z03"/><Quantity v="0"/><MeasureUnit v="KW1"/></Period><Period><TimeInterval v="2016-12-29T13:00Z/2016-12-29T14:00Z"/><Direction v="Z03"/><Quantity v="0"/><MeasureUnit v="KW1"/></Period><Period><TimeInterval v="2016-12-29T14:00Z/2016-12-29T15:00Z"/><Direction v="Z03"/><Quantity v="0"/><MeasureUnit v="KW1"/></Period><Period><TimeInterval v="2016-12-29T15:00Z/2016-12-29T16:00Z"/><Direction v="Z03"/><Quantity v="0"/><MeasureUnit v="KW1"/></Period><Period><TimeInterval v="2016-12-29T16:00Z/2016-12-29T17:00Z"/><Direction v="Z03"/><Quantity v="0"/><MeasureUnit v="KW1"/></Period><Period><TimeInterval v="2016-12-29T17:00Z/2016-12-29T18:00Z"/><Direction v="Z03"/><Quantity v="0"/><MeasureUnit v="KW1"/></Period><Period><TimeInterval v="2016-12-29T18:00Z/2016-12-29T19:00Z"/><Direction v="Z03"/><Quantity v="0"/><MeasureUnit v="KW1"/></Period><Period><TimeInterval v="2016-12-29T19:00Z/2016-12-29T20:00Z"/><Direction v="Z03"/><Quantity v="0"/><MeasureUnit v="KW1"/></Period><Period><TimeInterval v="2016-12-29T20:00Z/2016-12-29T21:00Z"/><Direction v="Z03"/><Quantity v="0"/><MeasureUnit v="KW1"/></Period><Period><TimeInterval v="2016-12-29T21:00Z/2016-12-29T22:00Z"/><Direction v="Z03"/><Quantity v="0"/><MeasureUnit v="KW1"/></Period><Period><TimeInterval v="2016-12-29T22:00Z/2016-12-29T23:00Z"/><Direction v="Z03"/><Quantity v="0"/><MeasureUnit v="KW1"/></Period><Period><TimeInterval v="2016-12-29T23:00Z/2016-12-30T00:00Z"/><Direction v="Z03"/><Quantity v="0"/><MeasureUnit v="KW1"/></Period><Period><TimeInterval v="2016-12-30T00:00Z/2016-12-30T01:00Z"/><Direction v="Z03"/><Quantity v="0"/><MeasureUnit v="KW1"/></Period><Period><TimeInterval v="2016-12-30T01:00Z/2016-12-30T02:00Z"/><Direction v="Z03"/><Quantity v="0"/><MeasureUnit v="KW1"/></Period><Period><TimeInterval v="2016-12-30T02:00Z/2016-12-30T03:00Z"/><Direction v="Z03"/><Quantity v="0"/><MeasureUnit v="KW1"/></Period><Period><TimeInterval v="2016-12-30T03:00Z/2016-12-30T04:00Z"/><Direction v="Z03"/><Quantity v="0"/><MeasureUnit v="KW1"/></Period><Period><TimeInterval v="2016-12-30T04:00Z/2016-12-30T05:00Z"/><Direction v="Z03"/><Quantity v="0"/><MeasureUnit v="KW1"/></Period></Category><Category><CapacityCode v="Z15"/><Period><TimeInterval v="2016-12-29T05:00Z/2016-12-29T06:00Z"/><Direction v="Z03"/><Quantity v="0"/><MeasureUnit v="KW1"/></Period><Period><TimeInterval v="2016-12-29T06:00Z/2016-12-29T07:00Z"/><Direction v="Z03"/><Quantity v="0"/><MeasureUnit v="KW1"/></Period><Period><TimeInterval v="2016-12-29T07:00Z/2016-12-29T08:00Z"/><Direction v="Z03"/><Quantity v="0"/><MeasureUnit v="KW1"/></Period><Period><TimeInterval v="2016-12-29T08:00Z/2016-12-29T09:00Z"/><Direction v="Z03"/><Quantity v="0"/><MeasureUnit v="KW1"/></Period><Period><TimeInterval v="2016-12-29T09:00Z/2016-12-29T10:00Z"/><Direction v="Z03"/><Quantity v="0"/><MeasureUnit v="KW1"/></Period><Period><TimeInterval v="2016-12-29T10:00Z/2016-12-29T11:00Z"/><Direction v="Z03"/><Quantity v="0"/><MeasureUnit v="KW1"/></Period><Period><TimeInterval v="2016-12-29T11:00Z/2016-12-29T12:00Z"/><Direction v="Z03"/><Quantity v="0"/><MeasureUnit v="KW1"/></Period><Period><TimeInterval v="2016-12-29T12:00Z/2016-12-29T13:00Z"/><Direction v="Z03"/><Quantity v="0"/><MeasureUnit v="KW1"/></Period><Period><TimeInterval v="2016-12-29T13:00Z/2016-12-29T14:00Z"/><Direction v="Z03"/><Quantity v="0"/><MeasureUnit v="KW1"/></Period><Period><TimeInterval v="2016-12-29T14:00Z/2016-12-29T15:00Z"/><Direction v="Z03"/><Quantity v="0"/><MeasureUnit v="KW1"/></Period><Period><TimeInterval v="2016-12-29T15:00Z/2016-12-29T16:00Z"/><Direction v="Z03"/><Quantity v="0"/><MeasureUnit v="KW1"/></Period><Period><TimeInterval v="2016-12-29T16:00Z/2016-12-29T17:00Z"/><Direction v="Z03"/><Quantity v="0"/><MeasureUnit v="KW1"/></Period><Period><TimeInterval v="2016-12-29T17:00Z/2016-12-29T18:00Z"/><Direction v="Z03"/><Quantity v="0"/><MeasureUnit v="KW1"/></Period><Period><TimeInterval v="2016-12-29T18:00Z/2016-12-29T19:00Z"/><Direction v="Z03"/><Quantity v="0"/><MeasureUnit v="KW1"/></Period><Period><TimeInterval v="2016-12-29T19:00Z/2016-12-29T20:00Z"/><Direction v="Z03"/><Quantity v="0"/><MeasureUnit v="KW1"/></Period><Period><TimeInterval v="2016-12-29T20:00Z/2016-12-29T21:00Z"/><Direction v="Z03"/><Quantity v="0"/><MeasureUnit v="KW1"/></Period><Period><TimeInterval v="2016-12-29T21:00Z/2016-12-29T22:00Z"/><Direction v="Z03"/><Quantity v="0"/><MeasureUnit v="KW1"/></Period><Period><TimeInterval v="2016-12-29T22:00Z/2016-12-29T23:00Z"/><Direction v="Z03"/><Quantity v="0"/><MeasureUnit v="KW1"/></Period><Period><TimeInterval v="2016-12-29T23:00Z/2016-12-30T00:00Z"/><Direction v="Z03"/><Quantity v="0"/><MeasureUnit v="KW1"/></Period><Period><TimeInterval v="2016-12-30T00:00Z/2016-12-30T01:00Z"/><Direction v="Z03"/><Quantity v="0"/><MeasureUnit v="KW1"/></Period><Period><TimeInterval v="2016-12-30T01:00Z/2016-12-30T02:00Z"/><Direction v="Z03"/><Quantity v="0"/><MeasureUnit v="KW1"/></Period><Period><TimeInterval v="2016-12-30T02:00Z/2016-12-30T03:00Z"/><Direction v="Z03"/><Quantity v="0"/><MeasureUnit v="KW1"/></Period><Period><TimeInterval v="2016-12-30T03:00Z/2016-12-30T04:00Z"/><Direction v="Z03"/><Quantity v="0"/><MeasureUnit v="KW1"/></Period><Period><TimeInterval v="2016-12-30T04:00Z/2016-12-30T05:00Z"/><Direction v="Z03"/><Quantity v="0"/><MeasureUnit v="KW1"/></Period></Category></ConnectionPoint><ConnectionPoint><Identification v="21Z000000000071W" codingScheme="305"/><Type v="Z25"/><Category><CapacityCode v="Z12"/><Period><TimeInterval v="2016-12-29T05:00Z/2016-12-29T06:00Z"/><Direction v="Z02"/><Quantity v="746143"/><MeasureUnit v="KW1"/></Period><Period><TimeInterval v="2016-12-29T06:00Z/2016-12-29T07:00Z"/><Direction v="Z02"/><Quantity v="746143"/><MeasureUnit v="KW1"/></Period><Period><TimeInterval v="2016-12-29T07:00Z/2016-12-29T08:00Z"/><Direction v="Z02"/><Quantity v="746143"/><MeasureUnit v="KW1"/></Period><Period><TimeInterval v="2016-12-29T08:00Z/2016-12-29T09:00Z"/><Direction v="Z02"/><Quantity v="746143"/><MeasureUnit v="KW1"/></Period><Period><TimeInterval v="2016-12-29T09:00Z/2016-12-29T10:00Z"/><Direction v="Z02"/><Quantity v="746143"/><MeasureUnit v="KW1"/></Period><Period><TimeInterval v="2016-12-29T10:00Z/2016-12-29T11:00Z"/><Direction v="Z02"/><Quantity v="746143"/><MeasureUnit v="KW1"/></Period><Period><TimeInterval v="2016-12-29T11:00Z/2016-12-29T12:00Z"/><Direction v="Z02"/><Quantity v="746143"/><MeasureUnit v="KW1"/></Period><Period><TimeInterval v="2016-12-29T12:00Z/2016-12-29T13:00Z"/><Direction v="Z02"/><Quantity v="746143"/><MeasureUnit v="KW1"/></Period><Period><TimeInterval v="2016-12-29T13:00Z/2016-12-29T14:00Z"/><Direction v="Z02"/><Quantity v="746143"/><MeasureUnit v="KW1"/></Period><Period><TimeInterval v="2016-12-29T14:00Z/2016-12-29T15:00Z"/><Direction v="Z02"/><Quantity v="746143"/><MeasureUnit v="KW1"/></Period><Period><TimeInterval v="2016-12-29T15:00Z/2016-12-29T16:00Z"/><Direction v="Z02"/><Quantity v="746143"/><MeasureUnit v="KW1"/></Period><Period><TimeInterval v="2016-12-29T16:00Z/2016-12-29T17:00Z"/><Direction v="Z02"/><Quantity v="746876"/><MeasureUnit v="KW1"/></Period><Period><TimeInterval v="2016-12-29T17:00Z/2016-12-29T18:00Z"/><Direction v="Z02"/><Quantity v="746876"/><MeasureUnit v="KW1"/></Period><Period><TimeInterval v="2016-12-29T18:00Z/2016-12-29T19:00Z"/><Direction v="Z02"/><Quantity v="746876"/><MeasureUnit v="KW1"/></Period><Period><TimeInterval v="2016-12-29T19:00Z/2016-12-29T20:00Z"/><Direction v="Z02"/><Quantity v="746876"/><MeasureUnit v="KW1"/></Period><Period><TimeInterval v="2016-12-29T20:00Z/2016-12-29T21:00Z"/><Direction v="Z02"/><Quantity v="746876"/><MeasureUnit v="KW1"/></Period><Period><TimeInterval v="2016-12-29T21:00Z/2016-12-29T22:00Z"/><Direction v="Z02"/><Quantity v="746876"/><MeasureUnit v="KW1"/></Period><Period><TimeInterval v="2016-12-29T22:00Z/2016-12-29T23:00Z"/><Direction v="Z02"/><Quantity v="746876"/><MeasureUnit v="KW1"/></Period><Period><TimeInterval v="2016-12-29T23:00Z/2016-12-30T00:00Z"/><Direction v="Z02"/><Quantity v="746876"/><MeasureUnit v="KW1"/></Period><Period><TimeInterval v="2016-12-30T00:00Z/2016-12-30T01:00Z"/><Direction v="Z02"/><Quantity v="746876"/><MeasureUnit v="KW1"/></Period><Period><TimeInterval v="2016-12-30T01:00Z/2016-12-30T02:00Z"/><Direction v="Z02"/><Quantity v="746876"/><MeasureUnit v="KW1"/></Period><Period><TimeInterval v="2016-12-30T02:00Z/2016-12-30T03:00Z"/><Direction v="Z02"/><Quantity v="746876"/><MeasureUnit v="KW1"/></Period><Period><TimeInterval v="2016-12-30T03:00Z/2016-12-30T04:00Z"/><Direction v="Z02"/><Quantity v="746876"/><MeasureUnit v="KW1"/></Period><Period><TimeInterval v="2016-12-30T04:00Z/2016-12-30T05:00Z"/><Direction v="Z02"/><Quantity v="746876"/><MeasureUnit v="KW1"/></Period></Category><Category><CapacityCode v="Z14"/><Period><TimeInterval v="2016-12-29T05:00Z/2016-12-29T06:00Z"/><Direction v="Z02"/><Quantity v="526763"/><MeasureUnit v="KW1"/></Period><Period><TimeInterval v="2016-12-29T06:00Z/2016-12-29T07:00Z"/><Direction v="Z02"/><Quantity v="526763"/><MeasureUnit v="KW1"/></Period><Period><TimeInterval v="2016-12-29T07:00Z/2016-12-29T08:00Z"/><Direction v="Z02"/><Quantity v="526763"/><MeasureUnit v="KW1"/></Period><Period><TimeInterval v="2016-12-29T08:00Z/2016-12-29T09:00Z"/><Direction v="Z02"/><Quantity v="526763"/><MeasureUnit v="KW1"/></Period><Period><TimeInterval v="2016-12-29T09:00Z/2016-12-29T10:00Z"/><Direction v="Z02"/><Quantity v="526763"/><MeasureUnit v="KW1"/></Period><Period><TimeInterval v="2016-12-29T10:00Z/2016-12-29T11:00Z"/><Direction v="Z02"/><Quantity v="526763"/><MeasureUnit v="KW1"/></Period><Period><TimeInterval v="2016-12-29T11:00Z/2016-12-29T12:00Z"/><Direction v="Z02"/><Quantity v="526763"/><MeasureUnit v="KW1"/></Period><Period><TimeInterval v="2016-12-29T12:00Z/2016-12-29T13:00Z"/><Direction v="Z02"/><Quantity v="526763"/><MeasureUnit v="KW1"/></Period><Period><TimeInterval v="2016-12-29T13:00Z/2016-12-29T14:00Z"/><Direction v="Z02"/><Quantity v="526763"/><MeasureUnit v="KW1"/></Period><Period><TimeInterval v="2016-12-29T14:00Z/2016-12-29T15:00Z"/><Direction v="Z02"/><Quantity v="526763"/><MeasureUnit v="KW1"/></Period><Period><TimeInterval v="2016-12-29T15:00Z/2016-12-29T16:00Z"/><Direction v="Z02"/><Quantity v="526763"/><MeasureUnit v="KW1"/></Period><Period><TimeInterval v="2016-12-29T16:00Z/2016-12-29T17:00Z"/><Direction v="Z02"/><Quantity v="526763"/><MeasureUnit v="KW1"/></Period><Period><TimeInterval v="2016-12-29T17:00Z/2016-12-29T18:00Z"/><Direction v="Z02"/><Quantity v="526763"/><MeasureUnit v="KW1"/></Period><Period><TimeInterval v="2016-12-29T18:00Z/2016-12-29T19:00Z"/><Direction v="Z02"/><Quantity v="526763"/><MeasureUnit v="KW1"/></Period><Period><TimeInterval v="2016-12-29T19:00Z/2016-12-29T20:00Z"/><Direction v="Z02"/><Quantity v="526763"/><MeasureUnit v="KW1"/></Period><Period><TimeInterval v="2016-12-29T20:00Z/2016-12-29T21:00Z"/><Direction v="Z02"/><Quantity v="526763"/><MeasureUnit v="KW1"/></Period><Period><TimeInterval v="2016-12-29T21:00Z/2016-12-29T22:00Z"/><Direction v="Z02"/><Quantity v="526763"/><MeasureUnit v="KW1"/></Period><Period><TimeInterval v="2016-12-29T22:00Z/2016-12-29T23:00Z"/><Direction v="Z02"/><Quantity v="526763"/><MeasureUnit v="KW1"/></Period><Period><TimeInterval v="2016-12-29T23:00Z/2016-12-30T00:00Z"/><Direction v="Z02"/><Quantity v="526763"/><MeasureUnit v="KW1"/></Period><Period><TimeInterval v="2016-12-30T00:00Z/2016-12-30T01:00Z"/><Direction v="Z02"/><Quantity v="526763"/><MeasureUnit v="KW1"/></Period><Period><TimeInterval v="2016-12-30T01:00Z/2016-12-30T02:00Z"/><Direction v="Z02"/><Quantity v="526763"/><MeasureUnit v="KW1"/></Period><Period><TimeInterval v="2016-12-30T02:00Z/2016-12-30T03:00Z"/><Direction v="Z02"/><Quantity v="526763"/><MeasureUnit v="KW1"/></Period><Period><TimeInterval v="2016-12-30T03:00Z/2016-12-30T04:00Z"/><Direction v="Z02"/><Quantity v="526763"/><MeasureUnit v="KW1"/></Period><Period><TimeInterval v="2016-12-30T04:00Z/2016-12-30T05:00Z"/><Direction v="Z02"/><Quantity v="526763"/><MeasureUnit v="KW1"/></Period></Category><Category><CapacityCode v="Z15"/><Period><TimeInterval v="2016-12-29T05:00Z/2016-12-29T06:00Z"/><Direction v="Z02"/><Quantity v="0"/><MeasureUnit v="KW1"/></Period><Period><TimeInterval v="2016-12-29T06:00Z/2016-12-29T07:00Z"/><Direction v="Z02"/><Quantity v="0"/><MeasureUnit v="KW1"/></Period><Period><TimeInterval v="2016-12-29T07:00Z/2016-12-29T08:00Z"/><Direction v="Z02"/><Quantity v="0"/><MeasureUnit v="KW1"/></Period><Period><TimeInterval v="2016-12-29T08:00Z/2016-12-29T09:00Z"/><Direction v="Z02"/><Quantity v="0"/><MeasureUnit v="KW1"/></Period><Period><TimeInterval v="2016-12-29T09:00Z/2016-12-29T10:00Z"/><Direction v="Z02"/><Quantity v="0"/><MeasureUnit v="KW1"/></Period><Period><TimeInterval v="2016-12-29T10:00Z/2016-12-29T11:00Z"/><Direction v="Z02"/><Quantity v="0"/><MeasureUnit v="KW1"/></Period><Period><TimeInterval v="2016-12-29T11:00Z/2016-12-29T12:00Z"/><Direction v="Z02"/><Quantity v="0"/><MeasureUnit v="KW1"/></Period><Period><TimeInterval v="2016-12-29T12:00Z/2016-12-29T13:00Z"/><Direction v="Z02"/><Quantity v="0"/><MeasureUnit v="KW1"/></Period><Period><TimeInterval v="2016-12-29T13:00Z/2016-12-29T14:00Z"/><Direction v="Z02"/><Quantity v="0"/><MeasureUnit v="KW1"/></Period><Period><TimeInterval v="2016-12-29T14:00Z/2016-12-29T15:00Z"/><Direction v="Z02"/><Quantity v="0"/><MeasureUnit v="KW1"/></Period><Period><TimeInterval v="2016-12-29T15:00Z/2016-12-29T16:00Z"/><Direction v="Z02"/><Quantity v="0"/><MeasureUnit v="KW1"/></Period><Period><TimeInterval v="2016-12-29T16:00Z/2016-12-29T17:00Z"/><Direction v="Z02"/><Quantity v="0"/><MeasureUnit v="KW1"/></Period><Period><TimeInterval v="2016-12-29T17:00Z/2016-12-29T18:00Z"/><Direction v="Z02"/><Quantity v="0"/><MeasureUnit v="KW1"/></Period><Period><TimeInterval v="2016-12-29T18:00Z/2016-12-29T19:00Z"/><Direction v="Z02"/><Quantity v="0"/><MeasureUnit v="KW1"/></Period><Period><TimeInterval v="2016-12-29T19:00Z/2016-12-29T20:00Z"/><Direction v="Z02"/><Quantity v="0"/><MeasureUnit v="KW1"/></Period><Period><TimeInterval v="2016-12-29T20:00Z/2016-12-29T21:00Z"/><Direction v="Z02"/><Quantity v="0"/><MeasureUnit v="KW1"/></Period><Period><TimeInterval v="2016-12-29T21:00Z/2016-12-29T22:00Z"/><Direction v="Z02"/><Quantity v="0"/><MeasureUnit v="KW1"/></Period><Period><TimeInterval v="2016-12-29T22:00Z/2016-12-29T23:00Z"/><Direction v="Z02"/><Quantity v="0"/><MeasureUnit v="KW1"/></Period><Period><TimeInterval v="2016-12-29T23:00Z/2016-12-30T00:00Z"/><Direction v="Z02"/><Quantity v="0"/><MeasureUnit v="KW1"/></Period><Period><TimeInterval v="2016-12-30T00:00Z/2016-12-30T01:00Z"/><Direction v="Z02"/><Quantity v="0"/><MeasureUnit v="KW1"/></Period><Period><TimeInterval v="2016-12-30T01:00Z/2016-12-30T02:00Z"/><Direction v="Z02"/><Quantity v="0"/><MeasureUnit v="KW1"/></Period><Period><TimeInterval v="2016-12-30T02:00Z/2016-12-30T03:00Z"/><Direction v="Z02"/><Quantity v="0"/><MeasureUnit v="KW1"/></Period><Period><TimeInterval v="2016-12-30T03:00Z/2016-12-30T04:00Z"/><Direction v="Z02"/><Quantity v="0"/><MeasureUnit v="KW1"/></Period><Period><TimeInterval v="2016-12-30T04:00Z/2016-12-30T05:00Z"/><Direction v="Z02"/><Quantity v="0"/><MeasureUnit v="KW1"/></Period></Category></ConnectionPoint><ConnectionPoint><Identification v="21Z000000000237O" codingScheme="305"/><Type v="Z26"/><Category><CapacityCode v="Z12"/><Period><TimeInterval v="2016-12-29T05:00Z/2016-12-29T06:00Z"/><Direction v="Z02"/><Quantity v="2284806"/><MeasureUnit v="KW1"/></Period><Period><TimeInterval v="2016-12-29T06:00Z/2016-12-29T07:00Z"/><Direction v="Z02"/><Quantity v="2284806"/><MeasureUnit v="KW1"/></Period><Period><TimeInterval v="2016-12-29T07:00Z/2016-12-29T08:00Z"/><Direction v="Z02"/><Quantity v="2284806"/><MeasureUnit v="KW1"/></Period><Period><TimeInterval v="2016-12-29T08:00Z/2016-12-29T09:00Z"/><Direction v="Z02"/><Quantity v="2284806"/><MeasureUnit v="KW1"/></Period><Period><TimeInterval v="2016-12-29T09:00Z/2016-12-29T10:00Z"/><Direction v="Z02"/><Quantity v="2284806"/><MeasureUnit v="KW1"/></Period><Period><TimeInterval v="2016-12-29T10:00Z/2016-12-29T11:00Z"/><Direction v="Z02"/><Quantity v="2284806"/><MeasureUnit v="KW1"/></Period><Period><TimeInterval v="2016-12-29T11:00Z/2016-12-29T12:00Z"/><Direction v="Z02"/><Quantity v="2284806"/><MeasureUnit v="KW1"/></Period><Period><TimeInterval v="2016-12-29T12:00Z/2016-12-29T13:00Z"/><Direction v="Z02"/><Quantity v="2284806"/><MeasureUnit v="KW1"/></Period><Period><TimeInterval v="2016-12-29T13:00Z/2016-12-29T14:00Z"/><Direction v="Z02"/><Quantity v="2284806"/><MeasureUnit v="KW1"/></Period><Period><TimeInterval v="2016-12-29T14:00Z/2016-12-29T15:00Z"/><Direction v="Z02"/><Quantity v="2284806"/><MeasureUnit v="KW1"/></Period><Period><TimeInterval v="2016-12-29T15:00Z/2016-12-29T16:00Z"/><Direction v="Z02"/><Quantity v="2284806"/><MeasureUnit v="KW1"/></Period><Period><TimeInterval v="2016-12-29T16:00Z/2016-12-29T17:00Z"/><Direction v="Z02"/><Quantity v="2284806"/><MeasureUnit v="KW1"/></Period><Period><TimeInterval v="2016-12-29T17:00Z/2016-12-29T18:00Z"/><Direction v="Z02"/><Quantity v="2284806"/><MeasureUnit v="KW1"/></Period><Period><TimeInterval v="2016-12-29T18:00Z/2016-12-29T19:00Z"/><Direction v="Z02"/><Quantity v="2284806"/><MeasureUnit v="KW1"/></Period><Period><TimeInterval v="2016-12-29T19:00Z/2016-12-29T20:00Z"/><Direction v="Z02"/><Quantity v="2284827"/><MeasureUnit v="KW1"/></Period><Period><TimeInterval v="2016-12-29T20:00Z/2016-12-29T21:00Z"/><Direction v="Z02"/><Quantity v="2284827"/><MeasureUnit v="KW1"/></Period><Period><TimeInterval v="2016-12-29T21:00Z/2016-12-29T22:00Z"/><Direction v="Z02"/><Quantity v="2284827"/><MeasureUnit v="KW1"/></Period><Period><TimeInterval v="2016-12-29T22:00Z/2016-12-29T23:00Z"/><Direction v="Z02"/><Quantity v="2284827"/><MeasureUnit v="KW1"/></Period><Period><TimeInterval v="2016-12-29T23:00Z/2016-12-30T00:00Z"/><Direction v="Z02"/><Quantity v="2284827"/><MeasureUnit v="KW1"/></Period><Period><TimeInterval v="2016-12-30T00:00Z/2016-12-30T01:00Z"/><Direction v="Z02"/><Quantity v="2284827"/><MeasureUnit v="KW1"/></Period><Period><TimeInterval v="2016-12-30T01:00Z/2016-12-30T02:00Z"/><Direction v="Z02"/><Quantity v="2284827"/><MeasureUnit v="KW1"/></Period><Period><TimeInterval v="2016-12-30T02:00Z/2016-12-30T03:00Z"/><Direction v="Z02"/><Quantity v="2284827"/><MeasureUnit v="KW1"/></Period><Period><TimeInterval v="2016-12-30T03:00Z/2016-12-30T04:00Z"/><Direction v="Z02"/><Quantity v="2284827"/><MeasureUnit v="KW1"/></Period><Period><TimeInterval v="2016-12-30T04:00Z/2016-12-30T05:00Z"/><Direction v="Z02"/><Quantity v="2284833"/><MeasureUnit v="KW1"/></Period><Period><TimeInterval v="2016-12-29T05:00Z/2016-12-29T06:00Z"/><Direction v="Z03"/><Quantity v="129"/><MeasureUnit v="KW1"/></Period><Period><TimeInterval v="2016-12-29T06:00Z/2016-12-29T07:00Z"/><Direction v="Z03"/><Quantity v="129"/><MeasureUnit v="KW1"/></Period><Period><TimeInterval v="2016-12-29T07:00Z/2016-12-29T08:00Z"/><Direction v="Z03"/><Quantity v="129"/><MeasureUnit v="KW1"/></Period><Period><TimeInterval v="2016-12-29T08:00Z/2016-12-29T09:00Z"/><Direction v="Z03"/><Quantity v="129"/><MeasureUnit v="KW1"/></Period><Period><TimeInterval v="2016-12-29T09:00Z/2016-12-29T10:00Z"/><Direction v="Z03"/><Quantity v="129"/><MeasureUnit v="KW1"/></Period><Period><TimeInterval v="2016-12-29T10:00Z/2016-12-29T11:00Z"/><Direction v="Z03"/><Quantity v="129"/><MeasureUnit v="KW1"/></Period><Period><TimeInterval v="2016-12-29T11:00Z/2016-12-29T12:00Z"/><Direction v="Z03"/><Quantity v="129"/><MeasureUnit v="KW1"/></Period><Period><TimeInterval v="2016-12-29T12:00Z/2016-12-29T13:00Z"/><Direction v="Z03"/><Quantity v="129"/><MeasureUnit v="KW1"/></Period><Period><TimeInterval v="2016-12-29T13:00Z/2016-12-29T14:00Z"/><Direction v="Z03"/><Quantity v="129"/><MeasureUnit v="KW1"/></Period><Period><TimeInterval v="2016-12-29T14:00Z/2016-12-29T15:00Z"/><Direction v="Z03"/><Quantity v="129"/><MeasureUnit v="KW1"/></Period><Period><TimeInterval v="2016-12-29T15:00Z/2016-12-29T16:00Z"/><Direction v="Z03"/><Quantity v="129"/><MeasureUnit v="KW1"/></Period><Period><TimeInterval v="2016-12-29T16:00Z/2016-12-29T17:00Z"/><Direction v="Z03"/><Quantity v="129"/><MeasureUnit v="KW1"/></Period><Period><TimeInterval v="2016-12-29T17:00Z/2016-12-29T18:00Z"/><Direction v="Z03"/><Quantity v="129"/><MeasureUnit v="KW1"/></Period><Period><TimeInterval v="2016-12-29T18:00Z/2016-12-29T19:00Z"/><Direction v="Z03"/><Quantity v="129"/><MeasureUnit v="KW1"/></Period><Period><TimeInterval v="2016-12-29T19:00Z/2016-12-29T20:00Z"/><Direction v="Z03"/><Quantity v="129"/><MeasureUnit v="KW1"/></Period><Period><TimeInterval v="2016-12-29T20:00Z/2016-12-29T21:00Z"/><Direction v="Z03"/><Quantity v="129"/><MeasureUnit v="KW1"/></Period><Period><TimeInterval v="2016-12-29T21:00Z/2016-12-29T22:00Z"/><Direction v="Z03"/><Quantity v="129"/><MeasureUnit v="KW1"/></Period><Period><TimeInterval v="2016-12-29T22:00Z/2016-12-29T23:00Z"/><Direction v="Z03"/><Quantity v="129"/><MeasureUnit v="KW1"/></Period><Period><TimeInterval v="2016-12-29T23:00Z/2016-12-30T00:00Z"/><Direction v="Z03"/><Quantity v="129"/><MeasureUnit v="KW1"/></Period><Period><TimeInterval v="2016-12-30T00:00Z/2016-12-30T01:00Z"/><Direction v="Z03"/><Quantity v="129"/><MeasureUnit v="KW1"/></Period><Period><TimeInterval v="2016-12-30T01:00Z/2016-12-30T02:00Z"/><Direction v="Z03"/><Quantity v="129"/><MeasureUnit v="KW1"/></Period><Period><TimeInterval v="2016-12-30T02:00Z/2016-12-30T03:00Z"/><Direction v="Z03"/><Quantity v="129"/><MeasureUnit v="KW1"/></Period><Period><TimeInterval v="2016-12-30T03:00Z/2016-12-30T04:00Z"/><Direction v="Z03"/><Quantity v="129"/><MeasureUnit v="KW1"/></Period><Period><TimeInterval v="2016-12-30T04:00Z/2016-12-30T05:00Z"/><Direction v="Z03"/><Quantity v="129"/><MeasureUnit v="KW1"/></Period></Category><Category><CapacityCode v="Z14"/><Period><TimeInterval v="2016-12-29T05:00Z/2016-12-29T06:00Z"/><Direction v="Z02"/><Quantity v="2757934"/><MeasureUnit v="KW1"/></Period><Period><TimeInterval v="2016-12-29T06:00Z/2016-12-29T07:00Z"/><Direction v="Z02"/><Quantity v="2757934"/><MeasureUnit v="KW1"/></Period><Period><TimeInterval v="2016-12-29T07:00Z/2016-12-29T08:00Z"/><Direction v="Z02"/><Quantity v="2284806"/><MeasureUnit v="KW1"/></Period><Period><TimeInterval v="2016-12-29T08:00Z/2016-12-29T09:00Z"/><Direction v="Z02"/><Quantity v="2284806"/><MeasureUnit v="KW1"/></Period><Period><TimeInterval v="2016-12-29T09:00Z/2016-12-29T10:00Z"/><Direction v="Z02"/><Quantity v="2284806"/><MeasureUnit v="KW1"/></Period><Period><TimeInterval v="2016-12-29T10:00Z/2016-12-29T11:00Z"/><Direction v="Z02"/><Quantity v="2284806"/><MeasureUnit v="KW1"/></Period><Period><TimeInterval v="2016-12-29T11:00Z/2016-12-29T12:00Z"/><Direction v="Z02"/><Quantity v="2284806"/><MeasureUnit v="KW1"/></Period><Period><TimeInterval v="2016-12-29T12:00Z/2016-12-29T13:00Z"/><Direction v="Z02"/><Quantity v="2284806"/><MeasureUnit v="KW1"/></Period><Period><TimeInterval v="2016-12-29T13:00Z/2016-12-29T14:00Z"/><Direction v="Z02"/><Quantity v="2284806"/><MeasureUnit v="KW1"/></Period><Period><TimeInterval v="2016-12-29T14:00Z/2016-12-29T15:00Z"/><Direction v="Z02"/><Quantity v="2284806"/><MeasureUnit v="KW1"/></Period><Period><TimeInterval v="2016-12-29T15:00Z/2016-12-29T16:00Z"/><Direction v="Z02"/><Quantity v="2284806"/><MeasureUnit v="KW1"/></Period><Period><TimeInterval v="2016-12-29T16:00Z/2016-12-29T17:00Z"/><Direction v="Z02"/><Quantity v="2284806"/><MeasureUnit v="KW1"/></Period><Period><TimeInterval v="2016-12-29T17:00Z/2016-12-29T18:00Z"/><Direction v="Z02"/><Quantity v="2284806"/><MeasureUnit v="KW1"/></Period><Period><TimeInterval v="2016-12-29T18:00Z/2016-12-29T19:00Z"/><Direction v="Z02"/><Quantity v="2284806"/><MeasureUnit v="KW1"/></Period><Period><TimeInterval v="2016-12-29T19:00Z/2016-12-29T20:00Z"/><Direction v="Z02"/><Quantity v="2284806"/><MeasureUnit v="KW1"/></Period><Period><TimeInterval v="2016-12-29T20:00Z/2016-12-29T21:00Z"/><Direction v="Z02"/><Quantity v="2284806"/><MeasureUnit v="KW1"/></Period><Period><TimeInterval v="2016-12-29T21:00Z/2016-12-29T22:00Z"/><Direction v="Z02"/><Quantity v="2284806"/><MeasureUnit v="KW1"/></Period><Period><TimeInterval v="2016-12-29T22:00Z/2016-12-29T23:00Z"/><Direction v="Z02"/><Quantity v="2284806"/><MeasureUnit v="KW1"/></Period><Period><TimeInterval v="2016-12-29T23:00Z/2016-12-30T00:00Z"/><Direction v="Z02"/><Quantity v="2284806"/><MeasureUnit v="KW1"/></Period><Period><TimeInterval v="2016-12-30T00:00Z/2016-12-30T01:00Z"/><Direction v="Z02"/><Quantity v="2284806"/><MeasureUnit v="KW1"/></Period><Period><TimeInterval v="2016-12-30T01:00Z/2016-12-30T02:00Z"/><Direction v="Z02"/><Quantity v="2284806"/><MeasureUnit v="KW1"/></Period><Period><TimeInterval v="2016-12-30T02:00Z/2016-12-30T03:00Z"/><Direction v="Z02"/><Quantity v="2284806"/><MeasureUnit v="KW1"/></Period><Period><TimeInterval v="2016-12-30T03:00Z/2016-12-30T04:00Z"/><Direction v="Z02"/><Quantity v="2284806"/><MeasureUnit v="KW1"/></Period><Period><TimeInterval v="2016-12-30T04:00Z/2016-12-30T05:00Z"/><Direction v="Z02"/><Quantity v="2284806"/><MeasureUnit v="KW1"/></Period><Period><TimeInterval v="2016-12-29T05:00Z/2016-12-29T06:00Z"/><Direction v="Z03"/><Quantity v="129"/><MeasureUnit v="KW1"/></Period><Period><TimeInterval v="2016-12-29T06:00Z/2016-12-29T07:00Z"/><Direction v="Z03"/><Quantity v="129"/><MeasureUnit v="KW1"/></Period><Period><TimeInterval v="2016-12-29T07:00Z/2016-12-29T08:00Z"/><Direction v="Z03"/><Quantity v="129"/><MeasureUnit v="KW1"/></Period><Period><TimeInterval v="2016-12-29T08:00Z/2016-12-29T09:00Z"/><Direction v="Z03"/><Quantity v="129"/><MeasureUnit v="KW1"/></Period><Period><TimeInterval v="2016-12-29T09:00Z/2016-12-29T10:00Z"/><Direction v="Z03"/><Quantity v="129"/><MeasureUnit v="KW1"/></Period><Period><TimeInterval v="2016-12-29T10:00Z/2016-12-29T11:00Z"/><Direction v="Z03"/><Quantity v="129"/><MeasureUnit v="KW1"/></Period><Period><TimeInterval v="2016-12-29T11:00Z/2016-12-29T12:00Z"/><Direction v="Z03"/><Quantity v="129"/><MeasureUnit v="KW1"/></Period><Period><TimeInterval v="2016-12-29T12:00Z/2016-12-29T13:00Z"/><Direction v="Z03"/><Quantity v="129"/><MeasureUnit v="KW1"/></Period><Period><TimeInterval v="2016-12-29T13:00Z/2016-12-29T14:00Z"/><Direction v="Z03"/><Quantity v="129"/><MeasureUnit v="KW1"/></Period><Period><TimeInterval v="2016-12-29T14:00Z/2016-12-29T15:00Z"/><Direction v="Z03"/><Quantity v="129"/><MeasureUnit v="KW1"/></Period><Period><TimeInterval v="2016-12-29T15:00Z/2016-12-29T16:00Z"/><Direction v="Z03"/><Quantity v="129"/><MeasureUnit v="KW1"/></Period><Period><TimeInterval v="2016-12-29T16:00Z/2016-12-29T17:00Z"/><Direction v="Z03"/><Quantity v="129"/><MeasureUnit v="KW1"/></Period><Period><TimeInterval v="2016-12-29T17:00Z/2016-12-29T18:00Z"/><Direction v="Z03"/><Quantity v="129"/><MeasureUnit v="KW1"/></Period><Period><TimeInterval v="2016-12-29T18:00Z/2016-12-29T19:00Z"/><Direction v="Z03"/><Quantity v="129"/><MeasureUnit v="KW1"/></Period><Period><TimeInterval v="2016-12-29T19:00Z/2016-12-29T20:00Z"/><Direction v="Z03"/><Quantity v="129"/><MeasureUnit v="KW1"/></Period><Period><TimeInterval v="2016-12-29T20:00Z/2016-12-29T21:00Z"/><Direction v="Z03"/><Quantity v="129"/><MeasureUnit v="KW1"/></Period><Period><TimeInterval v="2016-12-29T21:00Z/2016-12-29T22:00Z"/><Direction v="Z03"/><Quantity v="129"/><MeasureUnit v="KW1"/></Period><Period><TimeInterval v="2016-12-29T22:00Z/2016-12-29T23:00Z"/><Direction v="Z03"/><Quantity v="129"/><MeasureUnit v="KW1"/></Period><Period><TimeInterval v="2016-12-29T23:00Z/2016-12-30T00:00Z"/><Direction v="Z03"/><Quantity v="129"/><MeasureUnit v="KW1"/></Period><Period><TimeInterval v="2016-12-30T00:00Z/2016-12-30T01:00Z"/><Direction v="Z03"/><Quantity v="129"/><MeasureUnit v="KW1"/></Period><Period><TimeInterval v="2016-12-30T01:00Z/2016-12-30T02:00Z"/><Direction v="Z03"/><Quantity v="129"/><MeasureUnit v="KW1"/></Period><Period><TimeInterval v="2016-12-30T02:00Z/2016-12-30T03:00Z"/><Direction v="Z03"/><Quantity v="129"/><MeasureUnit v="KW1"/></Period><Period><TimeInterval v="2016-12-30T03:00Z/2016-12-30T04:00Z"/><Direction v="Z03"/><Quantity v="129"/><MeasureUnit v="KW1"/></Period><Period><TimeInterval v="2016-12-30T04:00Z/2016-12-30T05:00Z"/><Direction v="Z03"/><Quantity v="129"/><MeasureUnit v="KW1"/></Period></Category><Category><CapacityCode v="Z15"/><Period><TimeInterval v="2016-12-29T05:00Z/2016-12-29T06:00Z"/><Direction v="Z02"/><Quantity v="0"/><MeasureUnit v="KW1"/></Period><Period><TimeInterval v="2016-12-29T06:00Z/2016-12-29T07:00Z"/><Direction v="Z02"/><Quantity v="0"/><MeasureUnit v="KW1"/></Period><Period><TimeInterval v="2016-12-29T07:00Z/2016-12-29T08:00Z"/><Direction v="Z02"/><Quantity v="0"/><MeasureUnit v="KW1"/></Period><Period><TimeInterval v="2016-12-29T08:00Z/2016-12-29T09:00Z"/><Direction v="Z02"/><Quantity v="0"/><MeasureUnit v="KW1"/></Period><Period><TimeInterval v="2016-12-29T09:00Z/2016-12-29T10:00Z"/><Direction v="Z02"/><Quantity v="0"/><MeasureUnit v="KW1"/></Period><Period><TimeInterval v="2016-12-29T10:00Z/2016-12-29T11:00Z"/><Direction v="Z02"/><Quantity v="0"/><MeasureUnit v="KW1"/></Period><Period><TimeInterval v="2016-12-29T11:00Z/2016-12-29T12:00Z"/><Direction v="Z02"/><Quantity v="0"/><MeasureUnit v="KW1"/></Period><Period><TimeInterval v="2016-12-29T12:00Z/2016-12-29T13:00Z"/><Direction v="Z02"/><Quantity v="0"/><MeasureUnit v="KW1"/></Period><Period><TimeInterval v="2016-12-29T13:00Z/2016-12-29T14:00Z"/><Direction v="Z02"/><Quantity v="0"/><MeasureUnit v="KW1"/></Period><Period><TimeInterval v="2016-12-29T14:00Z/2016-12-29T15:00Z"/><Direction v="Z02"/><Quantity v="0"/><MeasureUnit v="KW1"/></Period><Period><TimeInterval v="2016-12-29T15:00Z/2016-12-29T16:00Z"/><Direction v="Z02"/><Quantity v="0"/><MeasureUnit v="KW1"/></Period><Period><TimeInterval v="2016-12-29T16:00Z/2016-12-29T17:00Z"/><Direction v="Z02"/><Quantity v="0"/><MeasureUnit v="KW1"/></Period><Period><TimeInterval v="2016-12-29T17:00Z/2016-12-29T18:00Z"/><Direction v="Z02"/><Quantity v="0"/><MeasureUnit v="KW1"/></Period><Period><TimeInterval v="2016-12-29T18:00Z/2016-12-29T19:00Z"/><Direction v="Z02"/><Quantity v="0"/><MeasureUnit v="KW1"/></Period><Period><TimeInterval v="2016-12-29T19:00Z/2016-12-29T20:00Z"/><Direction v="Z02"/><Quantity v="0"/><MeasureUnit v="KW1"/></Period><Period><TimeInterval v="2016-12-29T20:00Z/2016-12-29T21:00Z"/><Direction v="Z02"/><Quantity v="0"/><MeasureUnit v="KW1"/></Period><Period><TimeInterval v="2016-12-29T21:00Z/2016-12-29T22:00Z"/><Direction v="Z02"/><Quantity v="0"/><MeasureUnit v="KW1"/></Period><Period><TimeInterval v="2016-12-29T22:00Z/2016-12-29T23:00Z"/><Direction v="Z02"/><Quantity v="0"/><MeasureUnit v="KW1"/></Period><Period><TimeInterval v="2016-12-29T23:00Z/2016-12-30T00:00Z"/><Direction v="Z02"/><Quantity v="0"/><MeasureUnit v="KW1"/></Period><Period><TimeInterval v="2016-12-30T00:00Z/2016-12-30T01:00Z"/><Direction v="Z02"/><Quantity v="0"/><MeasureUnit v="KW1"/></Period><Period><TimeInterval v="2016-12-30T01:00Z/2016-12-30T02:00Z"/><Direction v="Z02"/><Quantity v="0"/><MeasureUnit v="KW1"/></Period><Period><TimeInterval v="2016-12-30T02:00Z/2016-12-30T03:00Z"/><Direction v="Z02"/><Quantity v="0"/><MeasureUnit v="KW1"/></Period><Period><TimeInterval v="2016-12-30T03:00Z/2016-12-30T04:00Z"/><Direction v="Z02"/><Quantity v="0"/><MeasureUnit v="KW1"/></Period><Period><TimeInterval v="2016-12-30T04:00Z/2016-12-30T05:00Z"/><Direction v="Z02"/><Quantity v="0"/><MeasureUnit v="KW1"/></Period><Period><TimeInterval v="2016-12-29T05:00Z/2016-12-29T06:00Z"/><Direction v="Z03"/><Quantity v="0"/><MeasureUnit v="KW1"/></Period><Period><TimeInterval v="2016-12-29T06:00Z/2016-12-29T07:00Z"/><Direction v="Z03"/><Quantity v="0"/><MeasureUnit v="KW1"/></Period><Period><TimeInterval v="2016-12-29T07:00Z/2016-12-29T08:00Z"/><Direction v="Z03"/><Quantity v="0"/><MeasureUnit v="KW1"/></Period><Period><TimeInterval v="2016-12-29T08:00Z/2016-12-29T09:00Z"/><Direction v="Z03"/><Quantity v="0"/><MeasureUnit v="KW1"/></Period><Period><TimeInterval v="2016-12-29T09:00Z/2016-12-29T10:00Z"/><Direction v="Z03"/><Quantity v="0"/><MeasureUnit v="KW1"/></Period><Period><TimeInterval v="2016-12-29T10:00Z/2016-12-29T11:00Z"/><Direction v="Z03"/><Quantity v="0"/><MeasureUnit v="KW1"/></Period><Period><TimeInterval v="2016-12-29T11:00Z/2016-12-29T12:00Z"/><Direction v="Z03"/><Quantity v="0"/><MeasureUnit v="KW1"/></Period><Period><TimeInterval v="2016-12-29T12:00Z/2016-12-29T13:00Z"/><Direction v="Z03"/><Quantity v="0"/><MeasureUnit v="KW1"/></Period><Period><TimeInterval v="2016-12-29T13:00Z/2016-12-29T14:00Z"/><Direction v="Z03"/><Quantity v="0"/><MeasureUnit v="KW1"/></Period><Period><TimeInterval v="2016-12-29T14:00Z/2016-12-29T15:00Z"/><Direction v="Z03"/><Quantity v="0"/><MeasureUnit v="KW1"/></Period><Period><TimeInterval v="2016-12-29T15:00Z/2016-12-29T16:00Z"/><Direction v="Z03"/><Quantity v="0"/><MeasureUnit v="KW1"/></Period><Period><TimeInterval v="2016-12-29T16:00Z/2016-12-29T17:00Z"/><Direction v="Z03"/><Quantity v="0"/><MeasureUnit v="KW1"/></Period><Period><TimeInterval v="2016-12-29T17:00Z/2016-12-29T18:00Z"/><Direction v="Z03"/><Quantity v="0"/><MeasureUnit v="KW1"/></Period><Period><TimeInterval v="2016-12-29T18:00Z/2016-12-29T19:00Z"/><Direction v="Z03"/><Quantity v="0"/><MeasureUnit v="KW1"/></Period><Period><TimeInterval v="2016-12-29T19:00Z/2016-12-29T20:00Z"/><Direction v="Z03"/><Quantity v="0"/><MeasureUnit v="KW1"/></Period><Period><TimeInterval v="2016-12-29T20:00Z/2016-12-29T21:00Z"/><Direction v="Z03"/><Quantity v="0"/><MeasureUnit v="KW1"/></Period><Period><TimeInterval v="2016-12-29T21:00Z/2016-12-29T22:00Z"/><Direction v="Z03"/><Quantity v="0"/><MeasureUnit v="KW1"/></Period><Period><TimeInterval v="2016-12-29T22:00Z/2016-12-29T23:00Z"/><Direction v="Z03"/><Quantity v="0"/><MeasureUnit v="KW1"/></Period><Period><TimeInterval v="2016-12-29T23:00Z/2016-12-30T00:00Z"/><Direction v="Z03"/><Quantity v="0"/><MeasureUnit v="KW1"/></Period><Period><TimeInterval v="2016-12-30T00:00Z/2016-12-30T01:00Z"/><Direction v="Z03"/><Quantity v="0"/><MeasureUnit v="KW1"/></Period><Period><TimeInterval v="2016-12-30T01:00Z/2016-12-30T02:00Z"/><Direction v="Z03"/><Quantity v="0"/><MeasureUnit v="KW1"/></Period><Period><TimeInterval v="2016-12-30T02:00Z/2016-12-30T03:00Z"/><Direction v="Z03"/><Quantity v="0"/><MeasureUnit v="KW1"/></Period><Period><TimeInterval v="2016-12-30T03:00Z/2016-12-30T04:00Z"/><Direction v="Z03"/><Quantity v="0"/><MeasureUnit v="KW1"/></Period><Period><TimeInterval v="2016-12-30T04:00Z/2016-12-30T05:00Z"/><Direction v="Z03"/><Quantity v="0"/><MeasureUnit v="KW1"/></Period></Category></ConnectionPoint><ConnectionPoint><Identification v="37Z000000001078I" codingScheme="305"/><Type v="Z26"/><Category><CapacityCode v="Z12"/><Period><TimeInterval v="2016-12-29T05:00Z/2016-12-29T06:00Z"/><Direction v="Z02"/><Quantity v="2775000"/><MeasureUnit v="KW1"/></Period><Period><TimeInterval v="2016-12-29T06:00Z/2016-12-29T07:00Z"/><Direction v="Z02"/><Quantity v="2775000"/><MeasureUnit v="KW1"/></Period><Period><TimeInterval v="2016-12-29T07:00Z/2016-12-29T08:00Z"/><Direction v="Z02"/><Quantity v="2775000"/><MeasureUnit v="KW1"/></Period><Period><TimeInterval v="2016-12-29T08:00Z/2016-12-29T09:00Z"/><Direction v="Z02"/><Quantity v="2775000"/><MeasureUnit v="KW1"/></Period><Period><TimeInterval v="2016-12-29T09:00Z/2016-12-29T10:00Z"/><Direction v="Z02"/><Quantity v="2775000"/><MeasureUnit v="KW1"/></Period><Period><TimeInterval v="2016-12-29T10:00Z/2016-12-29T11:00Z"/><Direction v="Z02"/><Quantity v="2775000"/><MeasureUnit v="KW1"/></Period><Period><TimeInterval v="2016-12-29T11:00Z/2016-12-29T12:00Z"/><Direction v="Z02"/><Quantity v="2775000"/><MeasureUnit v="KW1"/></Period><Period><TimeInterval v="2016-12-29T12:00Z/2016-12-29T13:00Z"/><Direction v="Z02"/><Quantity v="2775000"/><MeasureUnit v="KW1"/></Period><Period><TimeInterval v="2016-12-29T13:00Z/2016-12-29T14:00Z"/><Direction v="Z02"/><Quantity v="2775000"/><MeasureUnit v="KW1"/></Period><Period><TimeInterval v="2016-12-29T14:00Z/2016-12-29T15:00Z"/><Direction v="Z02"/><Quantity v="2775000"/><MeasureUnit v="KW1"/></Period><Period><TimeInterval v="2016-12-29T15:00Z/2016-12-29T16:00Z"/><Direction v="Z02"/><Quantity v="2775000"/><MeasureUnit v="KW1"/></Period><Period><TimeInterval v="2016-12-29T16:00Z/2016-12-29T17:00Z"/><Direction v="Z02"/><Quantity v="2775000"/><MeasureUnit v="KW1"/></Period><Period><TimeInterval v="2016-12-29T17:00Z/2016-12-29T18:00Z"/><Direction v="Z02"/><Quantity v="2775000"/><MeasureUnit v="KW1"/></Period><Period><TimeInterval v="2016-12-29T18:00Z/2016-12-29T19:00Z"/><Direction v="Z02"/><Quantity v="2775000"/><MeasureUnit v="KW1"/></Period><Period><TimeInterval v="2016-12-29T19:00Z/2016-12-29T20:00Z"/><Direction v="Z02"/><Quantity v="2775000"/><MeasureUnit v="KW1"/></Period><Period><TimeInterval v="2016-12-29T20:00Z/2016-12-29T21:00Z"/><Direction v="Z02"/><Quantity v="2775000"/><MeasureUnit v="KW1"/></Period><Period><TimeInterval v="2016-12-29T21:00Z/2016-12-29T22:00Z"/><Direction v="Z02"/><Quantity v="2775000"/><MeasureUnit v="KW1"/></Period><Period><TimeInterval v="2016-12-29T22:00Z/2016-12-29T23:00Z"/><Direction v="Z02"/><Quantity v="2775000"/><MeasureUnit v="KW1"/></Period><Period><TimeInterval v="2016-12-29T23:00Z/2016-12-30T00:00Z"/><Direction v="Z02"/><Quantity v="2775000"/><MeasureUnit v="KW1"/></Period><Period><TimeInterval v="2016-12-30T00:00Z/2016-12-30T01:00Z"/><Direction v="Z02"/><Quantity v="2775000"/><MeasureUnit v="KW1"/></Period><Period><TimeInterval v="2016-12-30T01:00Z/2016-12-30T02:00Z"/><Direction v="Z02"/><Quantity v="2775000"/><MeasureUnit v="KW1"/></Period><Period><TimeInterval v="2016-12-30T02:00Z/2016-12-30T03:00Z"/><Direction v="Z02"/><Quantity v="2775000"/><MeasureUnit v="KW1"/></Period><Period><TimeInterval v="2016-12-30T03:00Z/2016-12-30T04:00Z"/><Direction v="Z02"/><Quantity v="2775000"/><MeasureUnit v="KW1"/></Period><Period><TimeInterval v="2016-12-30T04:00Z/2016-12-30T05:00Z"/><Direction v="Z02"/><Quantity v="2775000"/><MeasureUnit v="KW1"/></Period></Category><Category><CapacityCode v="Z14"/><Period><TimeInterval v="2016-12-29T05:00Z/2016-12-29T06:00Z"/><Direction v="Z02"/><Quantity v="2775000"/><MeasureUnit v="KW1"/></Period><Period><TimeInterval v="2016-12-29T06:00Z/2016-12-29T07:00Z"/><Direction v="Z02"/><Quantity v="2775000"/><MeasureUnit v="KW1"/></Period><Period><TimeInterval v="2016-12-29T07:00Z/2016-12-29T08:00Z"/><Direction v="Z02"/><Quantity v="2775000"/><MeasureUnit v="KW1"/></Period><Period><TimeInterval v="2016-12-29T08:00Z/2016-12-29T09:00Z"/><Direction v="Z02"/><Quantity v="2775000"/><MeasureUnit v="KW1"/></Period><Period><TimeInterval v="2016-12-29T09:00Z/2016-12-29T10:00Z"/><Direction v="Z02"/><Quantity v="2775000"/><MeasureUnit v="KW1"/></Period><Period><TimeInterval v="2016-12-29T10:00Z/2016-12-29T11:00Z"/><Direction v="Z02"/><Quantity v="2775000"/><MeasureUnit v="KW1"/></Period><Period><TimeInterval v="2016-12-29T11:00Z/2016-12-29T12:00Z"/><Direction v="Z02"/><Quantity v="2775000"/><MeasureUnit v="KW1"/></Period><Period><TimeInterval v="2016-12-29T12:00Z/2016-12-29T13:00Z"/><Direction v="Z02"/><Quantity v="2775000"/><MeasureUnit v="KW1"/></Period><Period><TimeInterval v="2016-12-29T13:00Z/2016-12-29T14:00Z"/><Direction v="Z02"/><Quantity v="2775000"/><MeasureUnit v="KW1"/></Period><Period><TimeInterval v="2016-12-29T14:00Z/2016-12-29T15:00Z"/><Direction v="Z02"/><Quantity v="2775000"/><MeasureUnit v="KW1"/></Period><Period><TimeInterval v="2016-12-29T15:00Z/2016-12-29T16:00Z"/><Direction v="Z02"/><Quantity v="2775000"/><MeasureUnit v="KW1"/></Period><Period><TimeInterval v="2016-12-29T16:00Z/2016-12-29T17:00Z"/><Direction v="Z02"/><Quantity v="2775000"/><MeasureUnit v="KW1"/></Period><Period><TimeInterval v="2016-12-29T17:00Z/2016-12-29T18:00Z"/><Direction v="Z02"/><Quantity v="2775000"/><MeasureUnit v="KW1"/></Period><Period><TimeInterval v="2016-12-29T18:00Z/2016-12-29T19:00Z"/><Direction v="Z02"/><Quantity v="2775000"/><MeasureUnit v="KW1"/></Period><Period><TimeInterval v="2016-12-29T19:00Z/2016-12-29T20:00Z"/><Direction v="Z02"/><Quantity v="2775000"/><MeasureUnit v="KW1"/></Period><Period><TimeInterval v="2016-12-29T20:00Z/2016-12-29T21:00Z"/><Direction v="Z02"/><Quantity v="2775000"/><MeasureUnit v="KW1"/></Period><Period><TimeInterval v="2016-12-29T21:00Z/2016-12-29T22:00Z"/><Direction v="Z02"/><Quantity v="2775000"/><MeasureUnit v="KW1"/></Period><Period><TimeInterval v="2016-12-29T22:00Z/2016-12-29T23:00Z"/><Direction v="Z02"/><Quantity v="2775000"/><MeasureUnit v="KW1"/></Period><Period><TimeInterval v="2016-12-29T23:00Z/2016-12-30T00:00Z"/><Direction v="Z02"/><Quantity v="2775000"/><MeasureUnit v="KW1"/></Period><Period><TimeInterval v="2016-12-30T00:00Z/2016-12-30T01:00Z"/><Direction v="Z02"/><Quantity v="2775000"/><MeasureUnit v="KW1"/></Period><Period><TimeInterval v="2016-12-30T01:00Z/2016-12-30T02:00Z"/><Direction v="Z02"/><Quantity v="2775000"/><MeasureUnit v="KW1"/></Period><Period><TimeInterval v="2016-12-30T02:00Z/2016-12-30T03:00Z"/><Direction v="Z02"/><Quantity v="2775000"/><MeasureUnit v="KW1"/></Period><Period><TimeInterval v="2016-12-30T03:00Z/2016-12-30T04:00Z"/><Direction v="Z02"/><Quantity v="2775000"/><MeasureUnit v="KW1"/></Period><Period><TimeInterval v="2016-12-30T04:00Z/2016-12-30T05:00Z"/><Direction v="Z02"/><Quantity v="2775000"/><MeasureUnit v="KW1"/></Period></Category><Category><CapacityCode v="Z15"/><Period><TimeInterval v="2016-12-29T05:00Z/2016-12-29T06:00Z"/><Direction v="Z02"/><Quantity v="0"/><MeasureUnit v="KW1"/></Period><Period><TimeInterval v="2016-12-29T06:00Z/2016-12-29T07:00Z"/><Direction v="Z02"/><Quantity v="0"/><MeasureUnit v="KW1"/></Period><Period><TimeInterval v="2016-12-29T07:00Z/2016-12-29T08:00Z"/><Direction v="Z02"/><Quantity v="0"/><MeasureUnit v="KW1"/></Period><Period><TimeInterval v="2016-12-29T08:00Z/2016-12-29T09:00Z"/><Direction v="Z02"/><Quantity v="0"/><MeasureUnit v="KW1"/></Period><Period><TimeInterval v="2016-12-29T09:00Z/2016-12-29T10:00Z"/><Direction v="Z02"/><Quantity v="0"/><MeasureUnit v="KW1"/></Period><Period><TimeInterval v="2016-12-29T10:00Z/2016-12-29T11:00Z"/><Direction v="Z02"/><Quantity v="0"/><MeasureUnit v="KW1"/></Period><Period><TimeInterval v="2016-12-29T11:00Z/2016-12-29T12:00Z"/><Direction v="Z02"/><Quantity v="0"/><MeasureUnit v="KW1"/></Period><Period><TimeInterval v="2016-12-29T12:00Z/2016-12-29T13:00Z"/><Direction v="Z02"/><Quantity v="0"/><MeasureUnit v="KW1"/></Period><Period><TimeInterval v="2016-12-29T13:00Z/2016-12-29T14:00Z"/><Direction v="Z02"/><Quantity v="0"/><MeasureUnit v="KW1"/></Period><Period><TimeInterval v="2016-12-29T14:00Z/2016-12-29T15:00Z"/><Direction v="Z02"/><Quantity v="0"/><MeasureUnit v="KW1"/></Period><Period><TimeInterval v="2016-12-29T15:00Z/2016-12-29T16:00Z"/><Direction v="Z02"/><Quantity v="0"/><MeasureUnit v="KW1"/></Period><Period><TimeInterval v="2016-12-29T16:00Z/2016-12-29T17:00Z"/><Direction v="Z02"/><Quantity v="0"/><MeasureUnit v="KW1"/></Period><Period><TimeInterval v="2016-12-29T17:00Z/2016-12-29T18:00Z"/><Direction v="Z02"/><Quantity v="0"/><MeasureUnit v="KW1"/></Period><Period><TimeInterval v="2016-12-29T18:00Z/2016-12-29T19:00Z"/><Direction v="Z02"/><Quantity v="0"/><MeasureUnit v="KW1"/></Period><Period><TimeInterval v="2016-12-29T19:00Z/2016-12-29T20:00Z"/><Direction v="Z02"/><Quantity v="0"/><MeasureUnit v="KW1"/></Period><Period><TimeInterval v="2016-12-29T20:00Z/2016-12-29T21:00Z"/><Direction v="Z02"/><Quantity v="0"/><MeasureUnit v="KW1"/></Period><Period><TimeInterval v="2016-12-29T21:00Z/2016-12-29T22:00Z"/><Direction v="Z02"/><Quantity v="0"/><MeasureUnit v="KW1"/></Period><Period><TimeInterval v="2016-12-29T22:00Z/2016-12-29T23:00Z"/><Direction v="Z02"/><Quantity v="0"/><MeasureUnit v="KW1"/></Period><Period><TimeInterval v="2016-12-29T23:00Z/2016-12-30T00:00Z"/><Direction v="Z02"/><Quantity v="0"/><MeasureUnit v="KW1"/></Period><Period><TimeInterval v="2016-12-30T00:00Z/2016-12-30T01:00Z"/><Direction v="Z02"/><Quantity v="0"/><MeasureUnit v="KW1"/></Period><Period><TimeInterval v="2016-12-30T01:00Z/2016-12-30T02:00Z"/><Direction v="Z02"/><Quantity v="0"/><MeasureUnit v="KW1"/></Period><Period><TimeInterval v="2016-12-30T02:00Z/2016-12-30T03:00Z"/><Direction v="Z02"/><Quantity v="0"/><MeasureUnit v="KW1"/></Period><Period><TimeInterval v="2016-12-30T03:00Z/2016-12-30T04:00Z"/><Direction v="Z02"/><Quantity v="0"/><MeasureUnit v="KW1"/></Period><Period><TimeInterval v="2016-12-30T04:00Z/2016-12-30T05:00Z"/><Direction v="Z02"/><Quantity v="0"/><MeasureUnit v="KW1"/></Period></Category></ConnectionPoint><ConnectionPoint><Identification v="37Y000000000288Q" codingScheme="305"/><Type v="Z26"/><Category><CapacityCode v="Z12"/><Period><TimeInterval v="2016-12-29T05:00Z/2016-12-29T06:00Z"/><Direction v="Z02"/><Quantity v="10844"/><MeasureUnit v="KW1"/></Period><Period><TimeInterval v="2016-12-29T06:00Z/2016-12-29T07:00Z"/><Direction v="Z02"/><Quantity v="10844"/><MeasureUnit v="KW1"/></Period><Period><TimeInterval v="2016-12-29T07:00Z/2016-12-29T08:00Z"/><Direction v="Z02"/><Quantity v="10844"/><MeasureUnit v="KW1"/></Period><Period><TimeInterval v="2016-12-29T08:00Z/2016-12-29T09:00Z"/><Direction v="Z02"/><Quantity v="10844"/><MeasureUnit v="KW1"/></Period><Period><TimeInterval v="2016-12-29T09:00Z/2016-12-29T10:00Z"/><Direction v="Z02"/><Quantity v="10844"/><MeasureUnit v="KW1"/></Period><Period><TimeInterval v="2016-12-29T10:00Z/2016-12-29T11:00Z"/><Direction v="Z02"/><Quantity v="10844"/><MeasureUnit v="KW1"/></Period><Period><TimeInterval v="2016-12-29T11:00Z/2016-12-29T12:00Z"/><Direction v="Z02"/><Quantity v="10844"/><MeasureUnit v="KW1"/></Period><Period><TimeInterval v="2016-12-29T12:00Z/2016-12-29T13:00Z"/><Direction v="Z02"/><Quantity v="10844"/><MeasureUnit v="KW1"/></Period><Period><TimeInterval v="2016-12-29T13:00Z/2016-12-29T14:00Z"/><Direction v="Z02"/><Quantity v="10844"/><MeasureUnit v="KW1"/></Period><Period><TimeInterval v="2016-12-29T14:00Z/2016-12-29T15:00Z"/><Direction v="Z02"/><Quantity v="10844"/><MeasureUnit v="KW1"/></Period><Period><TimeInterval v="2016-12-29T15:00Z/2016-12-29T16:00Z"/><Direction v="Z02"/><Quantity v="10844"/><MeasureUnit v="KW1"/></Period><Period><TimeInterval v="2016-12-29T16:00Z/2016-12-29T17:00Z"/><Direction v="Z02"/><Quantity v="10844"/><MeasureUnit v="KW1"/></Period><Period><TimeInterval v="2016-12-29T17:00Z/2016-12-29T18:00Z"/><Direction v="Z02"/><Quantity v="10844"/><MeasureUnit v="KW1"/></Period><Period><TimeInterval v="2016-12-29T18:00Z/2016-12-29T19:00Z"/><Direction v="Z02"/><Quantity v="10844"/><MeasureUnit v="KW1"/></Period><Period><TimeInterval v="2016-12-29T19:00Z/2016-12-29T20:00Z"/><Direction v="Z02"/><Quantity v="10844"/><MeasureUnit v="KW1"/></Period><Period><TimeInterval v="2016-12-29T20:00Z/2016-12-29T21:00Z"/><Direction v="Z02"/><Quantity v="10844"/><MeasureUnit v="KW1"/></Period><Period><TimeInterval v="2016-12-29T21:00Z/2016-12-29T22:00Z"/><Direction v="Z02"/><Quantity v="10844"/><MeasureUnit v="KW1"/></Period><Period><TimeInterval v="2016-12-29T22:00Z/2016-12-29T23:00Z"/><Direction v="Z02"/><Quantity v="10844"/><MeasureUnit v="KW1"/></Period><Period><TimeInterval v="2016-12-29T23:00Z/2016-12-30T00:00Z"/><Direction v="Z02"/><Quantity v="10844"/><MeasureUnit v="KW1"/></Period><Period><TimeInterval v="2016-12-30T00:00Z/2016-12-30T01:00Z"/><Direction v="Z02"/><Quantity v="10844"/><MeasureUnit v="KW1"/></Period><Period><TimeInterval v="2016-12-30T01:00Z/2016-12-30T02:00Z"/><Direction v="Z02"/><Quantity v="10844"/><MeasureUnit v="KW1"/></Period><Period><TimeInterval v="2016-12-30T02:00Z/2016-12-30T03:00Z"/><Direction v="Z02"/><Quantity v="10844"/><MeasureUnit v="KW1"/></Period><Period><TimeInterval v="2016-12-30T03:00Z/2016-12-30T04:00Z"/><Direction v="Z02"/><Quantity v="10844"/><MeasureUnit v="KW1"/></Period><Period><TimeInterval v="2016-12-30T04:00Z/2016-12-30T05:00Z"/><Direction v="Z02"/><Quantity v="10844"/><MeasureUnit v="KW1"/></Period></Category><Category><CapacityCode v="Z14"/><Period><TimeInterval v="2016-12-29T05:00Z/2016-12-29T06:00Z"/><Direction v="Z02"/><Quantity v="9244"/><MeasureUnit v="KW1"/></Period><Period><TimeInterval v="2016-12-29T06:00Z/2016-12-29T07:00Z"/><Direction v="Z02"/><Quantity v="9244"/><MeasureUnit v="KW1"/></Period><Period><TimeInterval v="2016-12-29T07:00Z/2016-12-29T08:00Z"/><Direction v="Z02"/><Quantity v="9244"/><MeasureUnit v="KW1"/></Period><Period><TimeInterval v="2016-12-29T08:00Z/2016-12-29T09:00Z"/><Direction v="Z02"/><Quantity v="9244"/><MeasureUnit v="KW1"/></Period><Period><TimeInterval v="2016-12-29T09:00Z/2016-12-29T10:00Z"/><Direction v="Z02"/><Quantity v="9244"/><MeasureUnit v="KW1"/></Period><Period><TimeInterval v="2016-12-29T10:00Z/2016-12-29T11:00Z"/><Direction v="Z02"/><Quantity v="9244"/><MeasureUnit v="KW1"/></Period><Period><TimeInterval v="2016-12-29T11:00Z/2016-12-29T12:00Z"/><Direction v="Z02"/><Quantity v="9244"/><MeasureUnit v="KW1"/></Period><Period><TimeInterval v="2016-12-29T12:00Z/2016-12-29T13:00Z"/><Direction v="Z02"/><Quantity v="9244"/><MeasureUnit v="KW1"/></Period><Period><TimeInterval v="2016-12-29T13:00Z/2016-12-29T14:00Z"/><Direction v="Z02"/><Quantity v="9244"/><MeasureUnit v="KW1"/></Period><Period><TimeInterval v="2016-12-29T14:00Z/2016-12-29T15:00Z"/><Direction v="Z02"/><Quantity v="9244"/><MeasureUnit v="KW1"/></Period><Period><TimeInterval v="2016-12-29T15:00Z/2016-12-29T16:00Z"/><Direction v="Z02"/><Quantity v="9244"/><MeasureUnit v="KW1"/></Period><Period><TimeInterval v="2016-12-29T16:00Z/2016-12-29T17:00Z"/><Direction v="Z02"/><Quantity v="9244"/><MeasureUnit v="KW1"/></Period><Period><TimeInterval v="2016-12-29T17:00Z/2016-12-29T18:00Z"/><Direction v="Z02"/><Quantity v="9244"/><MeasureUnit v="KW1"/></Period><Period><TimeInterval v="2016-12-29T18:00Z/2016-12-29T19:00Z"/><Direction v="Z02"/><Quantity v="9244"/><MeasureUnit v="KW1"/></Period><Period><TimeInterval v="2016-12-29T19:00Z/2016-12-29T20:00Z"/><Direction v="Z02"/><Quantity v="9244"/><MeasureUnit v="KW1"/></Period><Period><TimeInterval v="2016-12-29T20:00Z/2016-12-29T21:00Z"/><Direction v="Z02"/><Quantity v="9244"/><MeasureUnit v="KW1"/></Period><Period><TimeInterval v="2016-12-29T21:00Z/2016-12-29T22:00Z"/><Direction v="Z02"/><Quantity v="9244"/><MeasureUnit v="KW1"/></Period><Period><TimeInterval v="2016-12-29T22:00Z/2016-12-29T23:00Z"/><Direction v="Z02"/><Quantity v="9244"/><MeasureUnit v="KW1"/></Period><Period><TimeInterval v="2016-12-29T23:00Z/2016-12-30T00:00Z"/><Direction v="Z02"/><Quantity v="9244"/><MeasureUnit v="KW1"/></Period><Period><TimeInterval v="2016-12-30T00:00Z/2016-12-30T01:00Z"/><Direction v="Z02"/><Quantity v="9244"/><MeasureUnit v="KW1"/></Period><Period><TimeInterval v="2016-12-30T01:00Z/2016-12-30T02:00Z"/><Direction v="Z02"/><Quantity v="9244"/><MeasureUnit v="KW1"/></Period><Period><TimeInterval v="2016-12-30T02:00Z/2016-12-30T03:00Z"/><Direction v="Z02"/><Quantity v="9244"/><MeasureUnit v="KW1"/></Period><Period><TimeInterval v="2016-12-30T03:00Z/2016-12-30T04:00Z"/><Direction v="Z02"/><Quantity v="9244"/><MeasureUnit v="KW1"/></Period><Period><TimeInterval v="2016-12-30T04:00Z/2016-12-30T05:00Z"/><Direction v="Z02"/><Quantity v="9244"/><MeasureUnit v="KW1"/></Period></Category><Category><CapacityCode v="Z15"/><Period><TimeInterval v="2016-12-29T05:00Z/2016-12-29T06:00Z"/><Direction v="Z02"/><Quantity v="0"/><MeasureUnit v="KW1"/></Period><Period><TimeInterval v="2016-12-29T06:00Z/2016-12-29T07:00Z"/><Direction v="Z02"/><Quantity v="0"/><MeasureUnit v="KW1"/></Period><Period><TimeInterval v="2016-12-29T07:00Z/2016-12-29T08:00Z"/><Direction v="Z02"/><Quantity v="0"/><MeasureUnit v="KW1"/></Period><Period><TimeInterval v="2016-12-29T08:00Z/2016-12-29T09:00Z"/><Direction v="Z02"/><Quantity v="0"/><MeasureUnit v="KW1"/></Period><Period><TimeInterval v="2016-12-29T09:00Z/2016-12-29T10:00Z"/><Direction v="Z02"/><Quantity v="0"/><MeasureUnit v="KW1"/></Period><Period><TimeInterval v="2016-12-29T10:00Z/2016-12-29T11:00Z"/><Direction v="Z02"/><Quantity v="0"/><MeasureUnit v="KW1"/></Period><Period><TimeInterval v="2016-12-29T11:00Z/2016-12-29T12:00Z"/><Direction v="Z02"/><Quantity v="0"/><MeasureUnit v="KW1"/></Period><Period><TimeInterval v="2016-12-29T12:00Z/2016-12-29T13:00Z"/><Direction v="Z02"/><Quantity v="0"/><MeasureUnit v="KW1"/></Period><Period><TimeInterval v="2016-12-29T13:00Z/2016-12-29T14:00Z"/><Direction v="Z02"/><Quantity v="0"/><MeasureUnit v="KW1"/></Period><Period><TimeInterval v="2016-12-29T14:00Z/2016-12-29T15:00Z"/><Direction v="Z02"/><Quantity v="0"/><MeasureUnit v="KW1"/></Period><Period><TimeInterval v="2016-12-29T15:00Z/2016-12-29T16:00Z"/><Direction v="Z02"/><Quantity v="0"/><MeasureUnit v="KW1"/></Period><Period><TimeInterval v="2016-12-29T16:00Z/2016-12-29T17:00Z"/><Direction v="Z02"/><Quantity v="0"/><MeasureUnit v="KW1"/></Period><Period><TimeInterval v="2016-12-29T17:00Z/2016-12-29T18:00Z"/><Direction v="Z02"/><Quantity v="0"/><MeasureUnit v="KW1"/></Period><Period><TimeInterval v="2016-12-29T18:00Z/2016-12-29T19:00Z"/><Direction v="Z02"/><Quantity v="0"/><MeasureUnit v="KW1"/></Period><Period><TimeInterval v="2016-12-29T19:00Z/2016-12-29T20:00Z"/><Direction v="Z02"/><Quantity v="0"/><MeasureUnit v="KW1"/></Period><Period><TimeInterval v="2016-12-29T20:00Z/2016-12-29T21:00Z"/><Direction v="Z02"/><Quantity v="0"/><MeasureUnit v="KW1"/></Period><Period><TimeInterval v="2016-12-29T21:00Z/2016-12-29T22:00Z"/><Direction v="Z02"/><Quantity v="0"/><MeasureUnit v="KW1"/></Period><Period><TimeInterval v="2016-12-29T22:00Z/2016-12-29T23:00Z"/><Direction v="Z02"/><Quantity v="0"/><MeasureUnit v="KW1"/></Period><Period><TimeInterval v="2016-12-29T23:00Z/2016-12-30T00:00Z"/><Direction v="Z02"/><Quantity v="0"/><MeasureUnit v="KW1"/></Period><Period><TimeInterval v="2016-12-30T00:00Z/2016-12-30T01:00Z"/><Direction v="Z02"/><Quantity v="0"/><MeasureUnit v="KW1"/></Period><Period><TimeInterval v="2016-12-30T01:00Z/2016-12-30T02:00Z"/><Direction v="Z02"/><Quantity v="0"/><MeasureUnit v="KW1"/></Period><Period><TimeInterval v="2016-12-30T02:00Z/2016-12-30T03:00Z"/><Direction v="Z02"/><Quantity v="0"/><MeasureUnit v="KW1"/></Period><Period><TimeInterval v="2016-12-30T03:00Z/2016-12-30T04:00Z"/><Direction v="Z02"/><Quantity v="0"/><MeasureUnit v="KW1"/></Period><Period><TimeInterval v="2016-12-30T04:00Z/2016-12-30T05:00Z"/><Direction v="Z02"/><Quantity v="0"/><MeasureUnit v="KW1"/></Period></Category></ConnectionPoint></TransparencyPublication>