<?xml version="1.0" encoding="UTF-8"?><TransparencyPublication Version="EGAS50" Release="A"><Identification v="TRANPB20170104A104297"/><Version v="1"/><Type v="AL6"/><CreationDateTime v="2017-01-04T07:09:53.435Z"/><ValidityPeriod v="2016-12-19T05:00Z/2016-12-20T05:00Z"/><IssuerIdentification v="21X-DE-C-A0A0A-T" codingScheme="305"/><IssuerRole v="ZSO"/><RecipientIdentification v="10X1001A1001A353" codingScheme="305"/><RecipientRole v="ZUA"/><ConnectionPoint><Identification v="37Z000000001078I" codingScheme="305"/><Type v="Z26"/><Category><CapacityCode v="Z08"/><Period><TimeInterval v="2016-12-19T05:00Z/2016-12-19T06:00Z"/><Direction v="Z02"/><Quantity v="2775000"/><MeasureUnit v="KW1"/></Period><Period><TimeInterval v="2016-12-19T06:00Z/2016-12-19T07:00Z"/><Direction v="Z02"/><Quantity v="2775000"/><MeasureUnit v="KW1"/></Period><Period><TimeInterval v="2016-12-19T07:00Z/2016-12-19T08:00Z"/><Direction v="Z02"/><Quantity v="2775000"/><MeasureUnit v="KW1"/></Period><Period><TimeInterval v="2016-12-19T08:00Z/2016-12-19T09:00Z"/><Direction v="Z02"/><Quantity v="2775000"/><MeasureUnit v="KW1"/></Period><Period><TimeInterval v="2016-12-19T09:00Z/2016-12-19T10:00Z"/><Direction v="Z02"/><Quantity v="2775000"/><MeasureUnit v="KW1"/></Period><Period><TimeInterval v="2016-12-19T10:00Z/2016-12-19T11:00Z"/><Direction v="Z02"/><Quantity v="2775000"/><MeasureUnit v="KW1"/></Period><Period><TimeInterval v="2016-12-19T11:00Z/2016-12-19T12:00Z"/><Direction v="Z02"/><Quantity v="2775000"/><MeasureUnit v="KW1"/></Period><Period><TimeInterval v="2016-12-19T12:00Z/2016-12-19T13:00Z"/><Direction v="Z02"/><Quantity v="2775000"/><MeasureUnit v="KW1"/></Period><Period><TimeInterval v="2016-12-19T13:00Z/2016-12-19T14:00Z"/><Direction v="Z02"/><Quantity v="2775000"/><MeasureUnit v="KW1"/></Period><Period><TimeInterval v="2016-12-19T14:00Z/2016-12-19T15:00Z"/><Direction v="Z02"/><Quantity v="2775000"/><MeasureUnit v="KW1"/></Period><Period><TimeInterval v="2016-12-19T15:00Z/2016-12-19T16:00Z"/><Direction v="Z02"/><Quantity v="2775000"/><MeasureUnit v="KW1"/></Period><Period><TimeInterval v="2016-12-19T16:00Z/2016-12-19T17:00Z"/><Direction v="Z02"/><Quantity v="2775000"/><MeasureUnit v="KW1"/></Period><Period><TimeInterval v="2016-12-19T17:00Z/2016-12-19T18:00Z"/><Direction v="Z02"/><Quantity v="2775000"/><MeasureUnit v="KW1"/></Period><Period><TimeInterval v="2016-12-19T18:00Z/2016-12-19T19:00Z"/><Direction v="Z02"/><Quantity v="2775000"/><MeasureUnit v="KW1"/></Period><Period><TimeInterval v="2016-12-19T19:00Z/2016-12-19T20:00Z"/><Direction v="Z02"/><Quantity v="2775000"/><MeasureUnit v="KW1"/></Period><Period><TimeInterval v="2016-12-19T20:00Z/2016-12-19T21:00Z"/><Direction v="Z02"/><Quantity v="2775000"/><MeasureUnit v="KW1"/></Period><Period><TimeInterval v="2016-12-19T21:00Z/2016-12-19T22:00Z"/><Direction v="Z02"/><Quantity v="2775000"/><MeasureUnit v="KW1"/></Period><Period><TimeInterval v="2016-12-19T22:00Z/2016-12-19T23:00Z"/><Direction v="Z02"/><Quantity v="2775000"/><MeasureUnit v="KW1"/></Period><Period><TimeInterval v="2016-12-19T23:00Z/2016-12-20T00:00Z"/><Direction v="Z02"/><Quantity v="2775000"/><MeasureUnit v="KW1"/></Period><Period><TimeInterval v="2016-12-20T00:00Z/2016-12-20T01:00Z"/><Direction v="Z02"/><Quantity v="2775000"/><MeasureUnit v="KW1"/></Period><Period><TimeInterval v="2016-12-20T01:00Z/2016-12-20T02:00Z"/><Direction v="Z02"/><Quantity v="2775000"/><MeasureUnit v="KW1"/></Period><Period><TimeInterval v="2016-12-20T02:00Z/2016-12-20T03:00Z"/><Direction v="Z02"/><Quantity v="2775000"/><MeasureUnit v="KW1"/></Period><Period><TimeInterval v="2016-12-20T03:00Z/2016-12-20T04:00Z"/><Direction v="Z02"/><Quantity v="2775000"/><MeasureUnit v="KW1"/></Period><Period><TimeInterval v="2016-12-20T04:00Z/2016-12-20T05:00Z"/><Direction v="Z02"/><Quantity v="2775000"/><MeasureUnit v="KW1"/></Period></Category></ConnectionPoint><ConnectionPoint><Identification v="37Y000000000288Q" codingScheme="305"/><Type v="Z26"/><Category><CapacityCode v="Z08"/><Period><TimeInterval v="2016-12-19T05:00Z/2016-12-19T06:00Z"/><Direction v="Z02"/><Quantity v="1761768"/><MeasureUnit v="KW1"/></Period><Period><TimeInterval v="2016-12-19T06:00Z/2016-12-19T07:00Z"/><Direction v="Z02"/><Quantity v="1760923"/><MeasureUnit v="KW1"/></Period><Period><TimeInterval v="2016-12-19T07:00Z/2016-12-19T08:00Z"/><Direction v="Z02"/><Quantity v="1764449"/><MeasureUnit v="KW1"/></Period><Period><TimeInterval v="2016-12-19T08:00Z/2016-12-19T09:00Z"/><Direction v="Z02"/><Quantity v="1724608"/><MeasureUnit v="KW1"/></Period><Period><TimeInterval v="2016-12-19T09:00Z/2016-12-19T10:00Z"/><Direction v="Z02"/><Quantity v="1517002"/><MeasureUnit v="KW1"/></Period><Period><TimeInterval v="2016-12-19T10:00Z/2016-12-19T11:00Z"/><Direction v="Z02"/><Quantity v="1633456"/><MeasureUnit v="KW1"/></Period><Period><TimeInterval v="2016-12-19T11:00Z/2016-12-19T12:00Z"/><Direction v="Z02"/><Quantity v="1641952"/><MeasureUnit v="KW1"/></Period><Period><TimeInterval v="2016-12-19T12:00Z/2016-12-19T13:00Z"/><Direction v="Z02"/><Quantity v="1492420"/><MeasureUnit v="KW1"/></Period><Period><TimeInterval v="2016-12-19T13:00Z/2016-12-19T14:00Z"/><Direction v="Z02"/><Quantity v="1414176"/><MeasureUnit v="KW1"/></Period><Period><TimeInterval v="2016-12-19T14:00Z/2016-12-19T15:00Z"/><Direction v="Z02"/><Quantity v="1448587"/><MeasureUnit v="KW1"/></Period><Period><TimeInterval v="2016-12-19T15:00Z/2016-12-19T16:00Z"/><Direction v="Z02"/><Quantity v="1465329"/><MeasureUnit v="KW1"/></Period><Period><TimeInterval v="2016-12-19T16:00Z/2016-12-19T17:00Z"/><Direction v="Z02"/><Quantity v="1480788"/><MeasureUnit v="KW1"/></Period><Period><TimeInterval v="2016-12-19T17:00Z/2016-12-19T18:00Z"/><Direction v="Z02"/><Quantity v="1482147"/><MeasureUnit v="KW1"/></Period><Period><TimeInterval v="2016-12-19T18:00Z/2016-12-19T19:00Z"/><Direction v="Z02"/><Quantity v="1495751"/><MeasureUnit v="KW1"/></Period><Period><TimeInterval v="2016-12-19T19:00Z/2016-12-19T20:00Z"/><Direction v="Z02"/><Quantity v="1509384"/><MeasureUnit v="KW1"/></Period><Period><TimeInterval v="2016-12-19T20:00Z/2016-12-19T21:00Z"/><Direction v="Z02"/><Quantity v="1554576"/><MeasureUnit v="KW1"/></Period><Period><TimeInterval v="2016-12-19T21:00Z/2016-12-19T22:00Z"/><Direction v="Z02"/><Quantity v="1307585"/><MeasureUnit v="KW1"/></Period><Period><TimeInterval v="2016-12-19T22:00Z/2016-12-19T23:00Z"/><Direction v="Z02"/><Quantity v="1188434"/><MeasureUnit v="KW1"/></Period><Period><TimeInterval v="2016-12-19T23:00Z/2016-12-20T00:00Z"/><Direction v="Z02"/><Quantity v="1188793"/><MeasureUnit v="KW1"/></Period><Period><TimeInterval v="2016-12-20T00:00Z/2016-12-20T01:00Z"/><Direction v="Z02"/><Quantity v="1151535"/><MeasureUnit v="KW1"/></Period><Period><TimeInterval v="2016-12-20T01:00Z/2016-12-20T02:00Z"/><Direction v="Z02"/><Quantity v="1102153"/><MeasureUnit v="KW1"/></Period><Period><TimeInterval v="2016-12-20T02:00Z/2016-12-20T03:00Z"/><Direction v="Z02"/><Quantity v="1149586"/><MeasureUnit v="KW1"/></Period><Period><TimeInterval v="2016-12-20T03:00Z/2016-12-20T04:00Z"/><Direction v="Z02"/><Quantity v="1315560"/><MeasureUnit v="KW1"/></Period><Period><TimeInterval v="2016-12-20T04:00Z/2016-12-20T05:00Z"/><Direction v="Z02"/><Quantity v="1726557"/><MeasureUnit v="KW1"/></Period></Category></ConnectionPoint></TransparencyPublication>