<?xml version="1.0" encoding="UTF-8"?><TransparencyPublication Version="EGAS50" Release="A"><Identification v="TRANPB20170104A104303"/><Version v="1"/><Type v="AL6"/><CreationDateTime v="2017-01-04T07:10:02.853Z"/><ValidityPeriod v="2016-12-25T05:00Z/2016-12-26T05:00Z"/><IssuerIdentification v="21X-DE-C-A0A0A-T" codingScheme="305"/><IssuerRole v="ZSO"/><RecipientIdentification v="10X1001A1001A353" codingScheme="305"/><RecipientRole v="ZUA"/><ConnectionPoint><Identification v="21Z000000000038U" codingScheme="305"/><Type v="Z25"/><Category><CapacityCode v="Z08"/><Period><TimeInterval v="2016-12-25T05:00Z/2016-12-25T06:00Z"/><Direction v="Z03"/><Quantity v="628596"/><MeasureUnit v="KW1"/></Period><Period><TimeInterval v="2016-12-25T06:00Z/2016-12-25T07:00Z"/><Direction v="Z03"/><Quantity v="534219"/><MeasureUnit v="KW1"/></Period><Period><TimeInterval v="2016-12-25T07:00Z/2016-12-25T08:00Z"/><Direction v="Z03"/><Quantity v="519133"/><MeasureUnit v="KW1"/></Period><Period><TimeInterval v="2016-12-25T08:00Z/2016-12-25T09:00Z"/><Direction v="Z03"/><Quantity v="567339"/><MeasureUnit v="KW1"/></Period><Period><TimeInterval v="2016-12-25T09:00Z/2016-12-25T10:00Z"/><Direction v="Z03"/><Quantity v="568706"/><MeasureUnit v="KW1"/></Period><Period><TimeInterval v="2016-12-25T10:00Z/2016-12-25T11:00Z"/><Direction v="Z03"/><Quantity v="581046"/><MeasureUnit v="KW1"/></Period><Period><TimeInterval v="2016-12-25T11:00Z/2016-12-25T12:00Z"/><Direction v="Z03"/><Quantity v="573543"/><MeasureUnit v="KW1"/></Period><Period><TimeInterval v="2016-12-25T12:00Z/2016-12-25T13:00Z"/><Direction v="Z03"/><Quantity v="513144"/><MeasureUnit v="KW1"/></Period><Period><TimeInterval v="2016-12-25T13:00Z/2016-12-25T14:00Z"/><Direction v="Z03"/><Quantity v="512206"/><MeasureUnit v="KW1"/></Period><Period><TimeInterval v="2016-12-25T14:00Z/2016-12-25T15:00Z"/><Direction v="Z03"/><Quantity v="508884"/><MeasureUnit v="KW1"/></Period><Period><TimeInterval v="2016-12-25T15:00Z/2016-12-25T16:00Z"/><Direction v="Z03"/><Quantity v="520794"/><MeasureUnit v="KW1"/></Period><Period><TimeInterval v="2016-12-25T16:00Z/2016-12-25T17:00Z"/><Direction v="Z03"/><Quantity v="529281"/><MeasureUnit v="KW1"/></Period><Period><TimeInterval v="2016-12-25T17:00Z/2016-12-25T18:00Z"/><Direction v="Z03"/><Quantity v="623172"/><MeasureUnit v="KW1"/></Period><Period><TimeInterval v="2016-12-25T18:00Z/2016-12-25T19:00Z"/><Direction v="Z03"/><Quantity v="609827"/><MeasureUnit v="KW1"/></Period><Period><TimeInterval v="2016-12-25T19:00Z/2016-12-25T20:00Z"/><Direction v="Z03"/><Quantity v="494160"/><MeasureUnit v="KW1"/></Period><Period><TimeInterval v="2016-12-25T20:00Z/2016-12-25T21:00Z"/><Direction v="Z03"/><Quantity v="469108"/><MeasureUnit v="KW1"/></Period><Period><TimeInterval v="2016-12-25T21:00Z/2016-12-25T22:00Z"/><Direction v="Z03"/><Quantity v="462825"/><MeasureUnit v="KW1"/></Period><Period><TimeInterval v="2016-12-25T22:00Z/2016-12-25T23:00Z"/><Direction v="Z03"/><Quantity v="508975"/><MeasureUnit v="KW1"/></Period><Period><TimeInterval v="2016-12-25T23:00Z/2016-12-26T00:00Z"/><Direction v="Z03"/><Quantity v="571407"/><MeasureUnit v="KW1"/></Period><Period><TimeInterval v="2016-12-26T00:00Z/2016-12-26T01:00Z"/><Direction v="Z03"/><Quantity v="540084"/><MeasureUnit v="KW1"/></Period><Period><TimeInterval v="2016-12-26T01:00Z/2016-12-26T02:00Z"/><Direction v="Z03"/><Quantity v="625862"/><MeasureUnit v="KW1"/></Period><Period><TimeInterval v="2016-12-26T02:00Z/2016-12-26T03:00Z"/><Direction v="Z03"/><Quantity v="564672"/><MeasureUnit v="KW1"/></Period><Period><TimeInterval v="2016-12-26T03:00Z/2016-12-26T04:00Z"/><Direction v="Z03"/><Quantity v="545044"/><MeasureUnit v="KW1"/></Period><Period><TimeInterval v="2016-12-26T04:00Z/2016-12-26T05:00Z"/><Direction v="Z03"/><Quantity v="561034"/><MeasureUnit v="KW1"/></Period></Category></ConnectionPoint><ConnectionPoint><Identification v="37Z000000001078I" codingScheme="305"/><Type v="Z26"/><Category><CapacityCode v="Z08"/><Period><TimeInterval v="2016-12-25T05:00Z/2016-12-25T06:00Z"/><Direction v="Z02"/><Quantity v="2775000"/><MeasureUnit v="KW1"/></Period><Period><TimeInterval v="2016-12-25T06:00Z/2016-12-25T07:00Z"/><Direction v="Z02"/><Quantity v="2775000"/><MeasureUnit v="KW1"/></Period><Period><TimeInterval v="2016-12-25T07:00Z/2016-12-25T08:00Z"/><Direction v="Z02"/><Quantity v="2775000"/><MeasureUnit v="KW1"/></Period><Period><TimeInterval v="2016-12-25T08:00Z/2016-12-25T09:00Z"/><Direction v="Z02"/><Quantity v="2775000"/><MeasureUnit v="KW1"/></Period><Period><TimeInterval v="2016-12-25T09:00Z/2016-12-25T10:00Z"/><Direction v="Z02"/><Quantity v="2775000"/><MeasureUnit v="KW1"/></Period><Period><TimeInterval v="2016-12-25T10:00Z/2016-12-25T11:00Z"/><Direction v="Z02"/><Quantity v="2775000"/><MeasureUnit v="KW1"/></Period><Period><TimeInterval v="2016-12-25T11:00Z/2016-12-25T12:00Z"/><Direction v="Z02"/><Quantity v="2775000"/><MeasureUnit v="KW1"/></Period><Period><TimeInterval v="2016-12-25T12:00Z/2016-12-25T13:00Z"/><Direction v="Z02"/><Quantity v="2775000"/><MeasureUnit v="KW1"/></Period><Period><TimeInterval v="2016-12-25T13:00Z/2016-12-25T14:00Z"/><Direction v="Z02"/><Quantity v="2775000"/><MeasureUnit v="KW1"/></Period><Period><TimeInterval v="2016-12-25T14:00Z/2016-12-25T15:00Z"/><Direction v="Z02"/><Quantity v="2775000"/><MeasureUnit v="KW1"/></Period><Period><TimeInterval v="2016-12-25T15:00Z/2016-12-25T16:00Z"/><Direction v="Z02"/><Quantity v="2775000"/><MeasureUnit v="KW1"/></Period><Period><TimeInterval v="2016-12-25T16:00Z/2016-12-25T17:00Z"/><Direction v="Z02"/><Quantity v="2775000"/><MeasureUnit v="KW1"/></Period><Period><TimeInterval v="2016-12-25T17:00Z/2016-12-25T18:00Z"/><Direction v="Z02"/><Quantity v="2775000"/><MeasureUnit v="KW1"/></Period><Period><TimeInterval v="2016-12-25T18:00Z/2016-12-25T19:00Z"/><Direction v="Z02"/><Quantity v="2775000"/><MeasureUnit v="KW1"/></Period><Period><TimeInterval v="2016-12-25T19:00Z/2016-12-25T20:00Z"/><Direction v="Z02"/><Quantity v="2775000"/><MeasureUnit v="KW1"/></Period><Period><TimeInterval v="2016-12-25T20:00Z/2016-12-25T21:00Z"/><Direction v="Z02"/><Quantity v="2775000"/><MeasureUnit v="KW1"/></Period><Period><TimeInterval v="2016-12-25T21:00Z/2016-12-25T22:00Z"/><Direction v="Z02"/><Quantity v="2775000"/><MeasureUnit v="KW1"/></Period><Period><TimeInterval v="2016-12-25T22:00Z/2016-12-25T23:00Z"/><Direction v="Z02"/><Quantity v="2775000"/><MeasureUnit v="KW1"/></Period><Period><TimeInterval v="2016-12-25T23:00Z/2016-12-26T00:00Z"/><Direction v="Z02"/><Quantity v="2775000"/><MeasureUnit v="KW1"/></Period><Period><TimeInterval v="2016-12-26T00:00Z/2016-12-26T01:00Z"/><Direction v="Z02"/><Quantity v="2775000"/><MeasureUnit v="KW1"/></Period><Period><TimeInterval v="2016-12-26T01:00Z/2016-12-26T02:00Z"/><Direction v="Z02"/><Quantity v="2775000"/><MeasureUnit v="KW1"/></Period><Period><TimeInterval v="2016-12-26T02:00Z/2016-12-26T03:00Z"/><Direction v="Z02"/><Quantity v="2775000"/><MeasureUnit v="KW1"/></Period><Period><TimeInterval v="2016-12-26T03:00Z/2016-12-26T04:00Z"/><Direction v="Z02"/><Quantity v="2775000"/><MeasureUnit v="KW1"/></Period><Period><TimeInterval v="2016-12-26T04:00Z/2016-12-26T05:00Z"/><Direction v="Z02"/><Quantity v="2775000"/><MeasureUnit v="KW1"/></Period></Category></ConnectionPoint><ConnectionPoint><Identification v="37Y000000000288Q" codingScheme="305"/><Type v="Z26"/><Category><CapacityCode v="Z08"/><Period><TimeInterval v="2016-12-25T05:00Z/2016-12-25T06:00Z"/><Direction v="Z02"/><Quantity v="1041043"/><MeasureUnit v="KW1"/></Period><Period><TimeInterval v="2016-12-25T06:00Z/2016-12-25T07:00Z"/><Direction v="Z02"/><Quantity v="1063427"/><MeasureUnit v="KW1"/></Period><Period><TimeInterval v="2016-12-25T07:00Z/2016-12-25T08:00Z"/><Direction v="Z02"/><Quantity v="1065639"/><MeasureUnit v="KW1"/></Period><Period><TimeInterval v="2016-12-25T08:00Z/2016-12-25T09:00Z"/><Direction v="Z02"/><Quantity v="1094602"/><MeasureUnit v="KW1"/></Period><Period><TimeInterval v="2016-12-25T09:00Z/2016-12-25T10:00Z"/><Direction v="Z02"/><Quantity v="1108523"/><MeasureUnit v="KW1"/></Period><Period><TimeInterval v="2016-12-25T10:00Z/2016-12-25T11:00Z"/><Direction v="Z02"/><Quantity v="1096030"/><MeasureUnit v="KW1"/></Period><Period><TimeInterval v="2016-12-25T11:00Z/2016-12-25T12:00Z"/><Direction v="Z02"/><Quantity v="1089703"/><MeasureUnit v="KW1"/></Period><Period><TimeInterval v="2016-12-25T12:00Z/2016-12-25T13:00Z"/><Direction v="Z02"/><Quantity v="1048760"/><MeasureUnit v="KW1"/></Period><Period><TimeInterval v="2016-12-25T13:00Z/2016-12-25T14:00Z"/><Direction v="Z02"/><Quantity v="1049664"/><MeasureUnit v="KW1"/></Period><Period><TimeInterval v="2016-12-25T14:00Z/2016-12-25T15:00Z"/><Direction v="Z02"/><Quantity v="996846"/><MeasureUnit v="KW1"/></Period><Period><TimeInterval v="2016-12-25T15:00Z/2016-12-25T16:00Z"/><Direction v="Z02"/><Quantity v="1001020"/><MeasureUnit v="KW1"/></Period><Period><TimeInterval v="2016-12-25T16:00Z/2016-12-25T17:00Z"/><Direction v="Z02"/><Quantity v="978163"/><MeasureUnit v="KW1"/></Period><Period><TimeInterval v="2016-12-25T17:00Z/2016-12-25T18:00Z"/><Direction v="Z02"/><Quantity v="970632"/><MeasureUnit v="KW1"/></Period><Period><TimeInterval v="2016-12-25T18:00Z/2016-12-25T19:00Z"/><Direction v="Z02"/><Quantity v="964873"/><MeasureUnit v="KW1"/></Period><Period><TimeInterval v="2016-12-25T19:00Z/2016-12-25T20:00Z"/><Direction v="Z02"/><Quantity v="925633"/><MeasureUnit v="KW1"/></Period><Period><TimeInterval v="2016-12-25T20:00Z/2016-12-25T21:00Z"/><Direction v="Z02"/><Quantity v="998874"/><MeasureUnit v="KW1"/></Period><Period><TimeInterval v="2016-12-25T21:00Z/2016-12-25T22:00Z"/><Direction v="Z02"/><Quantity v="769383"/><MeasureUnit v="KW1"/></Period><Period><TimeInterval v="2016-12-25T22:00Z/2016-12-25T23:00Z"/><Direction v="Z02"/><Quantity v="705801"/><MeasureUnit v="KW1"/></Period><Period><TimeInterval v="2016-12-25T23:00Z/2016-12-26T00:00Z"/><Direction v="Z02"/><Quantity v="666992"/><MeasureUnit v="KW1"/></Period><Period><TimeInterval v="2016-12-26T00:00Z/2016-12-26T01:00Z"/><Direction v="Z02"/><Quantity v="630938"/><MeasureUnit v="KW1"/></Period><Period><TimeInterval v="2016-12-26T01:00Z/2016-12-26T02:00Z"/><Direction v="Z02"/><Quantity v="606801"/><MeasureUnit v="KW1"/></Period><Period><TimeInterval v="2016-12-26T02:00Z/2016-12-26T03:00Z"/><Direction v="Z02"/><Quantity v="680245"/><MeasureUnit v="KW1"/></Period><Period><TimeInterval v="2016-12-26T03:00Z/2016-12-26T04:00Z"/><Direction v="Z02"/><Quantity v="744448"/><MeasureUnit v="KW1"/></Period><Period><TimeInterval v="2016-12-26T04:00Z/2016-12-26T05:00Z"/><Direction v="Z02"/><Quantity v="1001760"/><MeasureUnit v="KW1"/></Period></Category></ConnectionPoint></TransparencyPublication>