<?xml version="1.0" encoding="UTF-8"?><TransparencyPublication Version="EGAS50" Release="A"><Identification v="TRANPB20170104A104311"/><Version v="1"/><Type v="AL6"/><CreationDateTime v="2017-01-04T07:10:17.697Z"/><ValidityPeriod v="2017-01-02T05:00Z/2017-01-03T05:00Z"/><IssuerIdentification v="21X-DE-C-A0A0A-T" codingScheme="305"/><IssuerRole v="ZSO"/><RecipientIdentification v="10X1001A1001A353" codingScheme="305"/><RecipientRole v="ZUA"/><ConnectionPoint><Identification v="21Z0000000000236" codingScheme="305"/><Type v="Z25"/><Category><CapacityCode v="Z08"/><Period><TimeInterval v="2017-01-02T05:00Z/2017-01-02T06:00Z"/><Direction v="Z03"/><Quantity v="0"/><MeasureUnit v="KW1"/></Period><Period><TimeInterval v="2017-01-02T06:00Z/2017-01-02T07:00Z"/><Direction v="Z03"/><Quantity v="0"/><MeasureUnit v="KW1"/></Period><Period><TimeInterval v="2017-01-02T07:00Z/2017-01-02T08:00Z"/><Direction v="Z03"/><Quantity v="0"/><MeasureUnit v="KW1"/></Period><Period><TimeInterval v="2017-01-02T08:00Z/2017-01-02T09:00Z"/><Direction v="Z03"/><Quantity v="0"/><MeasureUnit v="KW1"/></Period><Period><TimeInterval v="2017-01-02T09:00Z/2017-01-02T10:00Z"/><Direction v="Z03"/><Quantity v="0"/><MeasureUnit v="KW1"/></Period><Period><TimeInterval v="2017-01-02T10:00Z/2017-01-02T11:00Z"/><Direction v="Z03"/><Quantity v="0"/><MeasureUnit v="KW1"/></Period><Period><TimeInterval v="2017-01-02T11:00Z/2017-01-02T12:00Z"/><Direction v="Z03"/><Quantity v="0"/><MeasureUnit v="KW1"/></Period><Period><TimeInterval v="2017-01-02T12:00Z/2017-01-02T13:00Z"/><Direction v="Z03"/><Quantity v="0"/><MeasureUnit v="KW1"/></Period><Period><TimeInterval v="2017-01-02T13:00Z/2017-01-02T14:00Z"/><Direction v="Z03"/><Quantity v="0"/><MeasureUnit v="KW1"/></Period><Period><TimeInterval v="2017-01-02T14:00Z/2017-01-02T15:00Z"/><Direction v="Z03"/><Quantity v="0"/><MeasureUnit v="KW1"/></Period><Period><TimeInterval v="2017-01-02T15:00Z/2017-01-02T16:00Z"/><Direction v="Z03"/><Quantity v="0"/><MeasureUnit v="KW1"/></Period><Period><TimeInterval v="2017-01-02T16:00Z/2017-01-02T17:00Z"/><Direction v="Z03"/><Quantity v="0"/><MeasureUnit v="KW1"/></Period><Period><TimeInterval v="2017-01-02T17:00Z/2017-01-02T18:00Z"/><Direction v="Z03"/><Quantity v="0"/><MeasureUnit v="KW1"/></Period><Period><TimeInterval v="2017-01-02T18:00Z/2017-01-02T19:00Z"/><Direction v="Z03"/><Quantity v="0"/><MeasureUnit v="KW1"/></Period><Period><TimeInterval v="2017-01-02T19:00Z/2017-01-02T20:00Z"/><Direction v="Z03"/><Quantity v="0"/><MeasureUnit v="KW1"/></Period><Period><TimeInterval v="2017-01-02T20:00Z/2017-01-02T21:00Z"/><Direction v="Z03"/><Quantity v="0"/><MeasureUnit v="KW1"/></Period><Period><TimeInterval v="2017-01-02T21:00Z/2017-01-02T22:00Z"/><Direction v="Z03"/><Quantity v="0"/><MeasureUnit v="KW1"/></Period><Period><TimeInterval v="2017-01-02T22:00Z/2017-01-02T23:00Z"/><Direction v="Z03"/><Quantity v="0"/><MeasureUnit v="KW1"/></Period><Period><TimeInterval v="2017-01-02T23:00Z/2017-01-03T00:00Z"/><Direction v="Z03"/><Quantity v="0"/><MeasureUnit v="KW1"/></Period><Period><TimeInterval v="2017-01-03T00:00Z/2017-01-03T01:00Z"/><Direction v="Z03"/><Quantity v="0"/><MeasureUnit v="KW1"/></Period><Period><TimeInterval v="2017-01-03T01:00Z/2017-01-03T02:00Z"/><Direction v="Z03"/><Quantity v="0"/><MeasureUnit v="KW1"/></Period><Period><TimeInterval v="2017-01-03T02:00Z/2017-01-03T03:00Z"/><Direction v="Z03"/><Quantity v="0"/><MeasureUnit v="KW1"/></Period><Period><TimeInterval v="2017-01-03T03:00Z/2017-01-03T04:00Z"/><Direction v="Z03"/><Quantity v="0"/><MeasureUnit v="KW1"/></Period><Period><TimeInterval v="2017-01-03T04:00Z/2017-01-03T05:00Z"/><Direction v="Z03"/><Quantity v="0"/><MeasureUnit v="KW1"/></Period></Category></ConnectionPoint><ConnectionPoint><Identification v="21Z000000000038U" codingScheme="305"/><Type v="Z25"/><Category><CapacityCode v="Z08"/><Period><TimeInterval v="2017-01-02T05:00Z/2017-01-02T06:00Z"/><Direction v="Z03"/><Quantity v="606993"/><MeasureUnit v="KW1"/></Period><Period><TimeInterval v="2017-01-02T06:00Z/2017-01-02T07:00Z"/><Direction v="Z03"/><Quantity v="664790"/><MeasureUnit v="KW1"/></Period><Period><TimeInterval v="2017-01-02T07:00Z/2017-01-02T08:00Z"/><Direction v="Z03"/><Quantity v="683223"/><MeasureUnit v="KW1"/></Period><Period><TimeInterval v="2017-01-02T08:00Z/2017-01-02T09:00Z"/><Direction v="Z03"/><Quantity v="713720"/><MeasureUnit v="KW1"/></Period><Period><TimeInterval v="2017-01-02T09:00Z/2017-01-02T10:00Z"/><Direction v="Z03"/><Quantity v="773911"/><MeasureUnit v="KW1"/></Period><Period><TimeInterval v="2017-01-02T10:00Z/2017-01-02T11:00Z"/><Direction v="Z03"/><Quantity v="767416"/><MeasureUnit v="KW1"/></Period><Period><TimeInterval v="2017-01-02T11:00Z/2017-01-02T12:00Z"/><Direction v="Z03"/><Quantity v="749830"/><MeasureUnit v="KW1"/></Period><Period><TimeInterval v="2017-01-02T12:00Z/2017-01-02T13:00Z"/><Direction v="Z03"/><Quantity v="780180"/><MeasureUnit v="KW1"/></Period><Period><TimeInterval v="2017-01-02T13:00Z/2017-01-02T14:00Z"/><Direction v="Z03"/><Quantity v="770477"/><MeasureUnit v="KW1"/></Period><Period><TimeInterval v="2017-01-02T14:00Z/2017-01-02T15:00Z"/><Direction v="Z03"/><Quantity v="827223"/><MeasureUnit v="KW1"/></Period><Period><TimeInterval v="2017-01-02T15:00Z/2017-01-02T16:00Z"/><Direction v="Z03"/><Quantity v="851236"/><MeasureUnit v="KW1"/></Period><Period><TimeInterval v="2017-01-02T16:00Z/2017-01-02T17:00Z"/><Direction v="Z03"/><Quantity v="894236"/><MeasureUnit v="KW1"/></Period><Period><TimeInterval v="2017-01-02T17:00Z/2017-01-02T18:00Z"/><Direction v="Z03"/><Quantity v="927907"/><MeasureUnit v="KW1"/></Period><Period><TimeInterval v="2017-01-02T18:00Z/2017-01-02T19:00Z"/><Direction v="Z03"/><Quantity v="927060"/><MeasureUnit v="KW1"/></Period><Period><TimeInterval v="2017-01-02T19:00Z/2017-01-02T20:00Z"/><Direction v="Z03"/><Quantity v="926868"/><MeasureUnit v="KW1"/></Period><Period><TimeInterval v="2017-01-02T20:00Z/2017-01-02T21:00Z"/><Direction v="Z03"/><Quantity v="876198"/><MeasureUnit v="KW1"/></Period><Period><TimeInterval v="2017-01-02T21:00Z/2017-01-02T22:00Z"/><Direction v="Z03"/><Quantity v="793338"/><MeasureUnit v="KW1"/></Period><Period><TimeInterval v="2017-01-02T22:00Z/2017-01-02T23:00Z"/><Direction v="Z03"/><Quantity v="844358"/><MeasureUnit v="KW1"/></Period><Period><TimeInterval v="2017-01-02T23:00Z/2017-01-03T00:00Z"/><Direction v="Z03"/><Quantity v="739021"/><MeasureUnit v="KW1"/></Period><Period><TimeInterval v="2017-01-03T00:00Z/2017-01-03T01:00Z"/><Direction v="Z03"/><Quantity v="756912"/><MeasureUnit v="KW1"/></Period><Period><TimeInterval v="2017-01-03T01:00Z/2017-01-03T02:00Z"/><Direction v="Z03"/><Quantity v="758730"/><MeasureUnit v="KW1"/></Period><Period><TimeInterval v="2017-01-03T02:00Z/2017-01-03T03:00Z"/><Direction v="Z03"/><Quantity v="725320"/><MeasureUnit v="KW1"/></Period><Period><TimeInterval v="2017-01-03T03:00Z/2017-01-03T04:00Z"/><Direction v="Z03"/><Quantity v="701905"/><MeasureUnit v="KW1"/></Period><Period><TimeInterval v="2017-01-03T04:00Z/2017-01-03T05:00Z"/><Direction v="Z03"/><Quantity v="645713"/><MeasureUnit v="KW1"/></Period></Category></ConnectionPoint><ConnectionPoint><Identification v="21Z0000000000406" codingScheme="305"/><Type v="Z25"/><Category><CapacityCode v="Z08"/><Period><TimeInterval v="2017-01-02T05:00Z/2017-01-02T06:00Z"/><Direction v="Z02"/><Quantity v="0"/><MeasureUnit v="KW1"/></Period><Period><TimeInterval v="2017-01-02T06:00Z/2017-01-02T07:00Z"/><Direction v="Z02"/><Quantity v="0"/><MeasureUnit v="KW1"/></Period><Period><TimeInterval v="2017-01-02T07:00Z/2017-01-02T08:00Z"/><Direction v="Z02"/><Quantity v="0"/><MeasureUnit v="KW1"/></Period><Period><TimeInterval v="2017-01-02T08:00Z/2017-01-02T09:00Z"/><Direction v="Z02"/><Quantity v="0"/><MeasureUnit v="KW1"/></Period><Period><TimeInterval v="2017-01-02T09:00Z/2017-01-02T10:00Z"/><Direction v="Z02"/><Quantity v="0"/><MeasureUnit v="KW1"/></Period><Period><TimeInterval v="2017-01-02T10:00Z/2017-01-02T11:00Z"/><Direction v="Z02"/><Quantity v="0"/><MeasureUnit v="KW1"/></Period><Period><TimeInterval v="2017-01-02T11:00Z/2017-01-02T12:00Z"/><Direction v="Z02"/><Quantity v="0"/><MeasureUnit v="KW1"/></Period><Period><TimeInterval v="2017-01-02T12:00Z/2017-01-02T13:00Z"/><Direction v="Z02"/><Quantity v="0"/><MeasureUnit v="KW1"/></Period><Period><TimeInterval v="2017-01-02T13:00Z/2017-01-02T14:00Z"/><Direction v="Z02"/><Quantity v="0"/><MeasureUnit v="KW1"/></Period><Period><TimeInterval v="2017-01-02T14:00Z/2017-01-02T15:00Z"/><Direction v="Z02"/><Quantity v="0"/><MeasureUnit v="KW1"/></Period><Period><TimeInterval v="2017-01-02T15:00Z/2017-01-02T16:00Z"/><Direction v="Z02"/><Quantity v="0"/><MeasureUnit v="KW1"/></Period><Period><TimeInterval v="2017-01-02T16:00Z/2017-01-02T17:00Z"/><Direction v="Z02"/><Quantity v="0"/><MeasureUnit v="KW1"/></Period><Period><TimeInterval v="2017-01-02T17:00Z/2017-01-02T18:00Z"/><Direction v="Z02"/><Quantity v="0"/><MeasureUnit v="KW1"/></Period><Period><TimeInterval v="2017-01-02T18:00Z/2017-01-02T19:00Z"/><Direction v="Z02"/><Quantity v="0"/><MeasureUnit v="KW1"/></Period><Period><TimeInterval v="2017-01-02T19:00Z/2017-01-02T20:00Z"/><Direction v="Z02"/><Quantity v="0"/><MeasureUnit v="KW1"/></Period><Period><TimeInterval v="2017-01-02T20:00Z/2017-01-02T21:00Z"/><Direction v="Z02"/><Quantity v="0"/><MeasureUnit v="KW1"/></Period><Period><TimeInterval v="2017-01-02T21:00Z/2017-01-02T22:00Z"/><Direction v="Z02"/><Quantity v="0"/><MeasureUnit v="KW1"/></Period><Period><TimeInterval v="2017-01-02T22:00Z/2017-01-02T23:00Z"/><Direction v="Z02"/><Quantity v="0"/><MeasureUnit v="KW1"/></Period><Period><TimeInterval v="2017-01-02T23:00Z/2017-01-03T00:00Z"/><Direction v="Z02"/><Quantity v="0"/><MeasureUnit v="KW1"/></Period><Period><TimeInterval v="2017-01-03T00:00Z/2017-01-03T01:00Z"/><Direction v="Z02"/><Quantity v="0"/><MeasureUnit v="KW1"/></Period><Period><TimeInterval v="2017-01-03T01:00Z/2017-01-03T02:00Z"/><Direction v="Z02"/><Quantity v="0"/><MeasureUnit v="KW1"/></Period><Period><TimeInterval v="2017-01-03T02:00Z/2017-01-03T03:00Z"/><Direction v="Z02"/><Quantity v="0"/><MeasureUnit v="KW1"/></Period><Period><TimeInterval v="2017-01-03T03:00Z/2017-01-03T04:00Z"/><Direction v="Z02"/><Quantity v="0"/><MeasureUnit v="KW1"/></Period><Period><TimeInterval v="2017-01-03T04:00Z/2017-01-03T05:00Z"/><Direction v="Z02"/><Quantity v="0"/><MeasureUnit v="KW1"/></Period></Category></ConnectionPoint><ConnectionPoint><Identification v="21Z000000000071W" codingScheme="305"/><Type v="Z25"/><Category><CapacityCode v="Z08"/><Period><TimeInterval v="2017-01-02T05:00Z/2017-01-02T06:00Z"/><Direction v="Z02"/><Quantity v="10082180"/><MeasureUnit v="KW1"/></Period><Period><TimeInterval v="2017-01-02T06:00Z/2017-01-02T07:00Z"/><Direction v="Z02"/><Quantity v="9912502"/><MeasureUnit v="KW1"/></Period><Period><TimeInterval v="2017-01-02T07:00Z/2017-01-02T08:00Z"/><Direction v="Z02"/><Quantity v="9844073"/><MeasureUnit v="KW1"/></Period><Period><TimeInterval v="2017-01-02T08:00Z/2017-01-02T09:00Z"/><Direction v="Z02"/><Quantity v="9857618"/><MeasureUnit v="KW1"/></Period><Period><TimeInterval v="2017-01-02T09:00Z/2017-01-02T10:00Z"/><Direction v="Z02"/><Quantity v="9903605"/><MeasureUnit v="KW1"/></Period><Period><TimeInterval v="2017-01-02T10:00Z/2017-01-02T11:00Z"/><Direction v="Z02"/><Quantity v="10018738"/><MeasureUnit v="KW1"/></Period><Period><TimeInterval v="2017-01-02T11:00Z/2017-01-02T12:00Z"/><Direction v="Z02"/><Quantity v="9962449"/><MeasureUnit v="KW1"/></Period><Period><TimeInterval v="2017-01-02T12:00Z/2017-01-02T13:00Z"/><Direction v="Z02"/><Quantity v="9938195"/><MeasureUnit v="KW1"/></Period><Period><TimeInterval v="2017-01-02T13:00Z/2017-01-02T14:00Z"/><Direction v="Z02"/><Quantity v="9907959"/><MeasureUnit v="KW1"/></Period><Period><TimeInterval v="2017-01-02T14:00Z/2017-01-02T15:00Z"/><Direction v="Z02"/><Quantity v="9907578"/><MeasureUnit v="KW1"/></Period><Period><TimeInterval v="2017-01-02T15:00Z/2017-01-02T16:00Z"/><Direction v="Z02"/><Quantity v="9939668"/><MeasureUnit v="KW1"/></Period><Period><TimeInterval v="2017-01-02T16:00Z/2017-01-02T17:00Z"/><Direction v="Z02"/><Quantity v="9925406"/><MeasureUnit v="KW1"/></Period><Period><TimeInterval v="2017-01-02T17:00Z/2017-01-02T18:00Z"/><Direction v="Z02"/><Quantity v="10062715"/><MeasureUnit v="KW1"/></Period><Period><TimeInterval v="2017-01-02T18:00Z/2017-01-02T19:00Z"/><Direction v="Z02"/><Quantity v="10368805"/><MeasureUnit v="KW1"/></Period><Period><TimeInterval v="2017-01-02T19:00Z/2017-01-02T20:00Z"/><Direction v="Z02"/><Quantity v="10533987"/><MeasureUnit v="KW1"/></Period><Period><TimeInterval v="2017-01-02T20:00Z/2017-01-02T21:00Z"/><Direction v="Z02"/><Quantity v="10118852"/><MeasureUnit v="KW1"/></Period><Period><TimeInterval v="2017-01-02T21:00Z/2017-01-02T22:00Z"/><Direction v="Z02"/><Quantity v="10297089"/><MeasureUnit v="KW1"/></Period><Period><TimeInterval v="2017-01-02T22:00Z/2017-01-02T23:00Z"/><Direction v="Z02"/><Quantity v="10400825"/><MeasureUnit v="KW1"/></Period><Period><TimeInterval v="2017-01-02T23:00Z/2017-01-03T00:00Z"/><Direction v="Z02"/><Quantity v="10523558"/><MeasureUnit v="KW1"/></Period><Period><TimeInterval v="2017-01-03T00:00Z/2017-01-03T01:00Z"/><Direction v="Z02"/><Quantity v="10407939"/><MeasureUnit v="KW1"/></Period><Period><TimeInterval v="2017-01-03T01:00Z/2017-01-03T02:00Z"/><Direction v="Z02"/><Quantity v="10437966"/><MeasureUnit v="KW1"/></Period><Period><TimeInterval v="2017-01-03T02:00Z/2017-01-03T03:00Z"/><Direction v="Z02"/><Quantity v="10453610"/><MeasureUnit v="KW1"/></Period><Period><TimeInterval v="2017-01-03T03:00Z/2017-01-03T04:00Z"/><Direction v="Z02"/><Quantity v="10435414"/><MeasureUnit v="KW1"/></Period><Period><TimeInterval v="2017-01-03T04:00Z/2017-01-03T05:00Z"/><Direction v="Z02"/><Quantity v="10450380"/><MeasureUnit v="KW1"/></Period><Period><TimeInterval v="2017-01-02T05:00Z/2017-01-02T06:00Z"/><Direction v="Z03"/><Quantity v="0"/><MeasureUnit v="KW1"/></Period><Period><TimeInterval v="2017-01-02T06:00Z/2017-01-02T07:00Z"/><Direction v="Z03"/><Quantity v="0"/><MeasureUnit v="KW1"/></Period><Period><TimeInterval v="2017-01-02T07:00Z/2017-01-02T08:00Z"/><Direction v="Z03"/><Quantity v="0"/><MeasureUnit v="KW1"/></Period><Period><TimeInterval v="2017-01-02T08:00Z/2017-01-02T09:00Z"/><Direction v="Z03"/><Quantity v="0"/><MeasureUnit v="KW1"/></Period><Period><TimeInterval v="2017-01-02T09:00Z/2017-01-02T10:00Z"/><Direction v="Z03"/><Quantity v="0"/><MeasureUnit v="KW1"/></Period><Period><TimeInterval v="2017-01-02T10:00Z/2017-01-02T11:00Z"/><Direction v="Z03"/><Quantity v="0"/><MeasureUnit v="KW1"/></Period><Period><TimeInterval v="2017-01-02T11:00Z/2017-01-02T12:00Z"/><Direction v="Z03"/><Quantity v="0"/><MeasureUnit v="KW1"/></Period><Period><TimeInterval v="2017-01-02T12:00Z/2017-01-02T13:00Z"/><Direction v="Z03"/><Quantity v="0"/><MeasureUnit v="KW1"/></Period><Period><TimeInterval v="2017-01-02T13:00Z/2017-01-02T14:00Z"/><Direction v="Z03"/><Quantity v="0"/><MeasureUnit v="KW1"/></Period><Period><TimeInterval v="2017-01-02T14:00Z/2017-01-02T15:00Z"/><Direction v="Z03"/><Quantity v="0"/><MeasureUnit v="KW1"/></Period><Period><TimeInterval v="2017-01-02T15:00Z/2017-01-02T16:00Z"/><Direction v="Z03"/><Quantity v="0"/><MeasureUnit v="KW1"/></Period><Period><TimeInterval v="2017-01-02T16:00Z/2017-01-02T17:00Z"/><Direction v="Z03"/><Quantity v="0"/><MeasureUnit v="KW1"/></Period><Period><TimeInterval v="2017-01-02T17:00Z/2017-01-02T18:00Z"/><Direction v="Z03"/><Quantity v="0"/><MeasureUnit v="KW1"/></Period><Period><TimeInterval v="2017-01-02T18:00Z/2017-01-02T19:00Z"/><Direction v="Z03"/><Quantity v="0"/><MeasureUnit v="KW1"/></Period><Period><TimeInterval v="2017-01-02T19:00Z/2017-01-02T20:00Z"/><Direction v="Z03"/><Quantity v="0"/><MeasureUnit v="KW1"/></Period><Period><TimeInterval v="2017-01-02T20:00Z/2017-01-02T21:00Z"/><Direction v="Z03"/><Quantity v="0"/><MeasureUnit v="KW1"/></Period><Period><TimeInterval v="2017-01-02T21:00Z/2017-01-02T22:00Z"/><Direction v="Z03"/><Quantity v="0"/><MeasureUnit v="KW1"/></Period><Period><TimeInterval v="2017-01-02T22:00Z/2017-01-02T23:00Z"/><Direction v="Z03"/><Quantity v="0"/><MeasureUnit v="KW1"/></Period><Period><TimeInterval v="2017-01-02T23:00Z/2017-01-03T00:00Z"/><Direction v="Z03"/><Quantity v="0"/><MeasureUnit v="KW1"/></Period><Period><TimeInterval v="2017-01-03T00:00Z/2017-01-03T01:00Z"/><Direction v="Z03"/><Quantity v="0"/><MeasureUnit v="KW1"/></Period><Period><TimeInterval v="2017-01-03T01:00Z/2017-01-03T02:00Z"/><Direction v="Z03"/><Quantity v="0"/><MeasureUnit v="KW1"/></Period><Period><TimeInterval v="2017-01-03T02:00Z/2017-01-03T03:00Z"/><Direction v="Z03"/><Quantity v="0"/><MeasureUnit v="KW1"/></Period><Period><TimeInterval v="2017-01-03T03:00Z/2017-01-03T04:00Z"/><Direction v="Z03"/><Quantity v="0"/><MeasureUnit v="KW1"/></Period><Period><TimeInterval v="2017-01-03T04:00Z/2017-01-03T05:00Z"/><Direction v="Z03"/><Quantity v="0"/><MeasureUnit v="KW1"/></Period></Category></ConnectionPoint><ConnectionPoint><Identification v="21Z0000000001232" codingScheme="305"/><Type v="Z25"/><Category><CapacityCode v="Z08"/><Period><TimeInterval v="2017-01-02T05:00Z/2017-01-02T06:00Z"/><Direction v="Z02"/><Quantity v="0"/><MeasureUnit v="KW1"/></Period><Period><TimeInterval v="2017-01-02T06:00Z/2017-01-02T07:00Z"/><Direction v="Z02"/><Quantity v="0"/><MeasureUnit v="KW1"/></Period><Period><TimeInterval v="2017-01-02T07:00Z/2017-01-02T08:00Z"/><Direction v="Z02"/><Quantity v="0"/><MeasureUnit v="KW1"/></Period><Period><TimeInterval v="2017-01-02T08:00Z/2017-01-02T09:00Z"/><Direction v="Z02"/><Quantity v="0"/><MeasureUnit v="KW1"/></Period><Period><TimeInterval v="2017-01-02T09:00Z/2017-01-02T10:00Z"/><Direction v="Z02"/><Quantity v="0"/><MeasureUnit v="KW1"/></Period><Period><TimeInterval v="2017-01-02T10:00Z/2017-01-02T11:00Z"/><Direction v="Z02"/><Quantity v="0"/><MeasureUnit v="KW1"/></Period><Period><TimeInterval v="2017-01-02T11:00Z/2017-01-02T12:00Z"/><Direction v="Z02"/><Quantity v="0"/><MeasureUnit v="KW1"/></Period><Period><TimeInterval v="2017-01-02T12:00Z/2017-01-02T13:00Z"/><Direction v="Z02"/><Quantity v="0"/><MeasureUnit v="KW1"/></Period><Period><TimeInterval v="2017-01-02T13:00Z/2017-01-02T14:00Z"/><Direction v="Z02"/><Quantity v="0"/><MeasureUnit v="KW1"/></Period><Period><TimeInterval v="2017-01-02T14:00Z/2017-01-02T15:00Z"/><Direction v="Z02"/><Quantity v="0"/><MeasureUnit v="KW1"/></Period><Period><TimeInterval v="2017-01-02T15:00Z/2017-01-02T16:00Z"/><Direction v="Z02"/><Quantity v="0"/><MeasureUnit v="KW1"/></Period><Period><TimeInterval v="2017-01-02T16:00Z/2017-01-02T17:00Z"/><Direction v="Z02"/><Quantity v="0"/><MeasureUnit v="KW1"/></Period><Period><TimeInterval v="2017-01-02T17:00Z/2017-01-02T18:00Z"/><Direction v="Z02"/><Quantity v="0"/><MeasureUnit v="KW1"/></Period><Period><TimeInterval v="2017-01-02T18:00Z/2017-01-02T19:00Z"/><Direction v="Z02"/><Quantity v="0"/><MeasureUnit v="KW1"/></Period><Period><TimeInterval v="2017-01-02T19:00Z/2017-01-02T20:00Z"/><Direction v="Z02"/><Quantity v="0"/><MeasureUnit v="KW1"/></Period><Period><TimeInterval v="2017-01-02T20:00Z/2017-01-02T21:00Z"/><Direction v="Z02"/><Quantity v="0"/><MeasureUnit v="KW1"/></Period><Period><TimeInterval v="2017-01-02T21:00Z/2017-01-02T22:00Z"/><Direction v="Z02"/><Quantity v="0"/><MeasureUnit v="KW1"/></Period><Period><TimeInterval v="2017-01-02T22:00Z/2017-01-02T23:00Z"/><Direction v="Z02"/><Quantity v="0"/><MeasureUnit v="KW1"/></Period><Period><TimeInterval v="2017-01-02T23:00Z/2017-01-03T00:00Z"/><Direction v="Z02"/><Quantity v="0"/><MeasureUnit v="KW1"/></Period><Period><TimeInterval v="2017-01-03T00:00Z/2017-01-03T01:00Z"/><Direction v="Z02"/><Quantity v="0"/><MeasureUnit v="KW1"/></Period><Period><TimeInterval v="2017-01-03T01:00Z/2017-01-03T02:00Z"/><Direction v="Z02"/><Quantity v="0"/><MeasureUnit v="KW1"/></Period><Period><TimeInterval v="2017-01-03T02:00Z/2017-01-03T03:00Z"/><Direction v="Z02"/><Quantity v="0"/><MeasureUnit v="KW1"/></Period><Period><TimeInterval v="2017-01-03T03:00Z/2017-01-03T04:00Z"/><Direction v="Z02"/><Quantity v="0"/><MeasureUnit v="KW1"/></Period><Period><TimeInterval v="2017-01-03T04:00Z/2017-01-03T05:00Z"/><Direction v="Z02"/><Quantity v="0"/><MeasureUnit v="KW1"/></Period></Category></ConnectionPoint><ConnectionPoint><Identification v="21Z000000000053Y" codingScheme="305"/><Type v="Z25"/><Category><CapacityCode v="Z08"/><Period><TimeInterval v="2017-01-02T05:00Z/2017-01-02T06:00Z"/><Direction v="Z03"/><Quantity v="0"/><MeasureUnit v="KW1"/></Period><Period><TimeInterval v="2017-01-02T06:00Z/2017-01-02T07:00Z"/><Direction v="Z03"/><Quantity v="0"/><MeasureUnit v="KW1"/></Period><Period><TimeInterval v="2017-01-02T07:00Z/2017-01-02T08:00Z"/><Direction v="Z03"/><Quantity v="0"/><MeasureUnit v="KW1"/></Period><Period><TimeInterval v="2017-01-02T08:00Z/2017-01-02T09:00Z"/><Direction v="Z03"/><Quantity v="0"/><MeasureUnit v="KW1"/></Period><Period><TimeInterval v="2017-01-02T09:00Z/2017-01-02T10:00Z"/><Direction v="Z03"/><Quantity v="0"/><MeasureUnit v="KW1"/></Period><Period><TimeInterval v="2017-01-02T10:00Z/2017-01-02T11:00Z"/><Direction v="Z03"/><Quantity v="0"/><MeasureUnit v="KW1"/></Period><Period><TimeInterval v="2017-01-02T11:00Z/2017-01-02T12:00Z"/><Direction v="Z03"/><Quantity v="0"/><MeasureUnit v="KW1"/></Period><Period><TimeInterval v="2017-01-02T12:00Z/2017-01-02T13:00Z"/><Direction v="Z03"/><Quantity v="0"/><MeasureUnit v="KW1"/></Period><Period><TimeInterval v="2017-01-02T13:00Z/2017-01-02T14:00Z"/><Direction v="Z03"/><Quantity v="0"/><MeasureUnit v="KW1"/></Period><Period><TimeInterval v="2017-01-02T14:00Z/2017-01-02T15:00Z"/><Direction v="Z03"/><Quantity v="0"/><MeasureUnit v="KW1"/></Period><Period><TimeInterval v="2017-01-02T15:00Z/2017-01-02T16:00Z"/><Direction v="Z03"/><Quantity v="0"/><MeasureUnit v="KW1"/></Period><Period><TimeInterval v="2017-01-02T16:00Z/2017-01-02T17:00Z"/><Direction v="Z03"/><Quantity v="0"/><MeasureUnit v="KW1"/></Period><Period><TimeInterval v="2017-01-02T17:00Z/2017-01-02T18:00Z"/><Direction v="Z03"/><Quantity v="0"/><MeasureUnit v="KW1"/></Period><Period><TimeInterval v="2017-01-02T18:00Z/2017-01-02T19:00Z"/><Direction v="Z03"/><Quantity v="0"/><MeasureUnit v="KW1"/></Period><Period><TimeInterval v="2017-01-02T19:00Z/2017-01-02T20:00Z"/><Direction v="Z03"/><Quantity v="0"/><MeasureUnit v="KW1"/></Period><Period><TimeInterval v="2017-01-02T20:00Z/2017-01-02T21:00Z"/><Direction v="Z03"/><Quantity v="0"/><MeasureUnit v="KW1"/></Period><Period><TimeInterval v="2017-01-02T21:00Z/2017-01-02T22:00Z"/><Direction v="Z03"/><Quantity v="0"/><MeasureUnit v="KW1"/></Period><Period><TimeInterval v="2017-01-02T22:00Z/2017-01-02T23:00Z"/><Direction v="Z03"/><Quantity v="0"/><MeasureUnit v="KW1"/></Period><Period><TimeInterval v="2017-01-02T23:00Z/2017-01-03T00:00Z"/><Direction v="Z03"/><Quantity v="0"/><MeasureUnit v="KW1"/></Period><Period><TimeInterval v="2017-01-03T00:00Z/2017-01-03T01:00Z"/><Direction v="Z03"/><Quantity v="0"/><MeasureUnit v="KW1"/></Period><Period><TimeInterval v="2017-01-03T01:00Z/2017-01-03T02:00Z"/><Direction v="Z03"/><Quantity v="0"/><MeasureUnit v="KW1"/></Period><Period><TimeInterval v="2017-01-03T02:00Z/2017-01-03T03:00Z"/><Direction v="Z03"/><Quantity v="0"/><MeasureUnit v="KW1"/></Period><Period><TimeInterval v="2017-01-03T03:00Z/2017-01-03T04:00Z"/><Direction v="Z03"/><Quantity v="0"/><MeasureUnit v="KW1"/></Period><Period><TimeInterval v="2017-01-03T04:00Z/2017-01-03T05:00Z"/><Direction v="Z03"/><Quantity v="0"/><MeasureUnit v="KW1"/></Period></Category></ConnectionPoint><ConnectionPoint><Identification v="21Z0000000000503" codingScheme="305"/><Type v="Z25"/><Category><CapacityCode v="Z08"/><Period><TimeInterval v="2017-01-02T05:00Z/2017-01-02T06:00Z"/><Direction v="Z02"/><Quantity v="0"/><MeasureUnit v="KW1"/></Period><Period><TimeInterval v="2017-01-02T06:00Z/2017-01-02T07:00Z"/><Direction v="Z02"/><Quantity v="0"/><MeasureUnit v="KW1"/></Period><Period><TimeInterval v="2017-01-02T07:00Z/2017-01-02T08:00Z"/><Direction v="Z02"/><Quantity v="0"/><MeasureUnit v="KW1"/></Period><Period><TimeInterval v="2017-01-02T08:00Z/2017-01-02T09:00Z"/><Direction v="Z02"/><Quantity v="0"/><MeasureUnit v="KW1"/></Period><Period><TimeInterval v="2017-01-02T09:00Z/2017-01-02T10:00Z"/><Direction v="Z02"/><Quantity v="0"/><MeasureUnit v="KW1"/></Period><Period><TimeInterval v="2017-01-02T10:00Z/2017-01-02T11:00Z"/><Direction v="Z02"/><Quantity v="0"/><MeasureUnit v="KW1"/></Period><Period><TimeInterval v="2017-01-02T11:00Z/2017-01-02T12:00Z"/><Direction v="Z02"/><Quantity v="0"/><MeasureUnit v="KW1"/></Period><Period><TimeInterval v="2017-01-02T12:00Z/2017-01-02T13:00Z"/><Direction v="Z02"/><Quantity v="0"/><MeasureUnit v="KW1"/></Period><Period><TimeInterval v="2017-01-02T13:00Z/2017-01-02T14:00Z"/><Direction v="Z02"/><Quantity v="0"/><MeasureUnit v="KW1"/></Period><Period><TimeInterval v="2017-01-02T14:00Z/2017-01-02T15:00Z"/><Direction v="Z02"/><Quantity v="0"/><MeasureUnit v="KW1"/></Period><Period><TimeInterval v="2017-01-02T15:00Z/2017-01-02T16:00Z"/><Direction v="Z02"/><Quantity v="0"/><MeasureUnit v="KW1"/></Period><Period><TimeInterval v="2017-01-02T16:00Z/2017-01-02T17:00Z"/><Direction v="Z02"/><Quantity v="0"/><MeasureUnit v="KW1"/></Period><Period><TimeInterval v="2017-01-02T17:00Z/2017-01-02T18:00Z"/><Direction v="Z02"/><Quantity v="0"/><MeasureUnit v="KW1"/></Period><Period><TimeInterval v="2017-01-02T18:00Z/2017-01-02T19:00Z"/><Direction v="Z02"/><Quantity v="0"/><MeasureUnit v="KW1"/></Period><Period><TimeInterval v="2017-01-02T19:00Z/2017-01-02T20:00Z"/><Direction v="Z02"/><Quantity v="0"/><MeasureUnit v="KW1"/></Period><Period><TimeInterval v="2017-01-02T20:00Z/2017-01-02T21:00Z"/><Direction v="Z02"/><Quantity v="0"/><MeasureUnit v="KW1"/></Period><Period><TimeInterval v="2017-01-02T21:00Z/2017-01-02T22:00Z"/><Direction v="Z02"/><Quantity v="0"/><MeasureUnit v="KW1"/></Period><Period><TimeInterval v="2017-01-02T22:00Z/2017-01-02T23:00Z"/><Direction v="Z02"/><Quantity v="0"/><MeasureUnit v="KW1"/></Period><Period><TimeInterval v="2017-01-02T23:00Z/2017-01-03T00:00Z"/><Direction v="Z02"/><Quantity v="0"/><MeasureUnit v="KW1"/></Period><Period><TimeInterval v="2017-01-03T00:00Z/2017-01-03T01:00Z"/><Direction v="Z02"/><Quantity v="0"/><MeasureUnit v="KW1"/></Period><Period><TimeInterval v="2017-01-03T01:00Z/2017-01-03T02:00Z"/><Direction v="Z02"/><Quantity v="0"/><MeasureUnit v="KW1"/></Period><Period><TimeInterval v="2017-01-03T02:00Z/2017-01-03T03:00Z"/><Direction v="Z02"/><Quantity v="0"/><MeasureUnit v="KW1"/></Period><Period><TimeInterval v="2017-01-03T03:00Z/2017-01-03T04:00Z"/><Direction v="Z02"/><Quantity v="0"/><MeasureUnit v="KW1"/></Period><Period><TimeInterval v="2017-01-03T04:00Z/2017-01-03T05:00Z"/><Direction v="Z02"/><Quantity v="0"/><MeasureUnit v="KW1"/></Period><Period><TimeInterval v="2017-01-02T05:00Z/2017-01-02T06:00Z"/><Direction v="Z03"/><Quantity v="0"/><MeasureUnit v="KW1"/></Period><Period><TimeInterval v="2017-01-02T06:00Z/2017-01-02T07:00Z"/><Direction v="Z03"/><Quantity v="0"/><MeasureUnit v="KW1"/></Period><Period><TimeInterval v="2017-01-02T07:00Z/2017-01-02T08:00Z"/><Direction v="Z03"/><Quantity v="0"/><MeasureUnit v="KW1"/></Period><Period><TimeInterval v="2017-01-02T08:00Z/2017-01-02T09:00Z"/><Direction v="Z03"/><Quantity v="0"/><MeasureUnit v="KW1"/></Period><Period><TimeInterval v="2017-01-02T09:00Z/2017-01-02T10:00Z"/><Direction v="Z03"/><Quantity v="0"/><MeasureUnit v="KW1"/></Period><Period><TimeInterval v="2017-01-02T10:00Z/2017-01-02T11:00Z"/><Direction v="Z03"/><Quantity v="0"/><MeasureUnit v="KW1"/></Period><Period><TimeInterval v="2017-01-02T11:00Z/2017-01-02T12:00Z"/><Direction v="Z03"/><Quantity v="0"/><MeasureUnit v="KW1"/></Period><Period><TimeInterval v="2017-01-02T12:00Z/2017-01-02T13:00Z"/><Direction v="Z03"/><Quantity v="0"/><MeasureUnit v="KW1"/></Period><Period><TimeInterval v="2017-01-02T13:00Z/2017-01-02T14:00Z"/><Direction v="Z03"/><Quantity v="0"/><MeasureUnit v="KW1"/></Period><Period><TimeInterval v="2017-01-02T14:00Z/2017-01-02T15:00Z"/><Direction v="Z03"/><Quantity v="0"/><MeasureUnit v="KW1"/></Period><Period><TimeInterval v="2017-01-02T15:00Z/2017-01-02T16:00Z"/><Direction v="Z03"/><Quantity v="0"/><MeasureUnit v="KW1"/></Period><Period><TimeInterval v="2017-01-02T16:00Z/2017-01-02T17:00Z"/><Direction v="Z03"/><Quantity v="0"/><MeasureUnit v="KW1"/></Period><Period><TimeInterval v="2017-01-02T17:00Z/2017-01-02T18:00Z"/><Direction v="Z03"/><Quantity v="0"/><MeasureUnit v="KW1"/></Period><Period><TimeInterval v="2017-01-02T18:00Z/2017-01-02T19:00Z"/><Direction v="Z03"/><Quantity v="0"/><MeasureUnit v="KW1"/></Period><Period><TimeInterval v="2017-01-02T19:00Z/2017-01-02T20:00Z"/><Direction v="Z03"/><Quantity v="0"/><MeasureUnit v="KW1"/></Period><Period><TimeInterval v="2017-01-02T20:00Z/2017-01-02T21:00Z"/><Direction v="Z03"/><Quantity v="0"/><MeasureUnit v="KW1"/></Period><Period><TimeInterval v="2017-01-02T21:00Z/2017-01-02T22:00Z"/><Direction v="Z03"/><Quantity v="0"/><MeasureUnit v="KW1"/></Period><Period><TimeInterval v="2017-01-02T22:00Z/2017-01-02T23:00Z"/><Direction v="Z03"/><Quantity v="0"/><MeasureUnit v="KW1"/></Period><Period><TimeInterval v="2017-01-02T23:00Z/2017-01-03T00:00Z"/><Direction v="Z03"/><Quantity v="0"/><MeasureUnit v="KW1"/></Period><Period><TimeInterval v="2017-01-03T00:00Z/2017-01-03T01:00Z"/><Direction v="Z03"/><Quantity v="0"/><MeasureUnit v="KW1"/></Period><Period><TimeInterval v="2017-01-03T01:00Z/2017-01-03T02:00Z"/><Direction v="Z03"/><Quantity v="0"/><MeasureUnit v="KW1"/></Period><Period><TimeInterval v="2017-01-03T02:00Z/2017-01-03T03:00Z"/><Direction v="Z03"/><Quantity v="0"/><MeasureUnit v="KW1"/></Period><Period><TimeInterval v="2017-01-03T03:00Z/2017-01-03T04:00Z"/><Direction v="Z03"/><Quantity v="0"/><MeasureUnit v="KW1"/></Period><Period><TimeInterval v="2017-01-03T04:00Z/2017-01-03T05:00Z"/><Direction v="Z03"/><Quantity v="0"/><MeasureUnit v="KW1"/></Period></Category></ConnectionPoint><ConnectionPoint><Identification v="37Z000000006389D" codingScheme="305"/><Type v="Z26"/><Category><CapacityCode v="Z08"/><Period><TimeInterval v="2017-01-02T05:00Z/2017-01-02T06:00Z"/><Direction v="Z02"/><Quantity v="0"/><MeasureUnit v="KW1"/></Period><Period><TimeInterval v="2017-01-02T06:00Z/2017-01-02T07:00Z"/><Direction v="Z02"/><Quantity v="0"/><MeasureUnit v="KW1"/></Period><Period><TimeInterval v="2017-01-02T07:00Z/2017-01-02T08:00Z"/><Direction v="Z02"/><Quantity v="0"/><MeasureUnit v="KW1"/></Period><Period><TimeInterval v="2017-01-02T08:00Z/2017-01-02T09:00Z"/><Direction v="Z02"/><Quantity v="0"/><MeasureUnit v="KW1"/></Period><Period><TimeInterval v="2017-01-02T09:00Z/2017-01-02T10:00Z"/><Direction v="Z02"/><Quantity v="0"/><MeasureUnit v="KW1"/></Period><Period><TimeInterval v="2017-01-02T10:00Z/2017-01-02T11:00Z"/><Direction v="Z02"/><Quantity v="0"/><MeasureUnit v="KW1"/></Period><Period><TimeInterval v="2017-01-02T11:00Z/2017-01-02T12:00Z"/><Direction v="Z02"/><Quantity v="0"/><MeasureUnit v="KW1"/></Period><Period><TimeInterval v="2017-01-02T12:00Z/2017-01-02T13:00Z"/><Direction v="Z02"/><Quantity v="0"/><MeasureUnit v="KW1"/></Period><Period><TimeInterval v="2017-01-02T13:00Z/2017-01-02T14:00Z"/><Direction v="Z02"/><Quantity v="0"/><MeasureUnit v="KW1"/></Period><Period><TimeInterval v="2017-01-02T14:00Z/2017-01-02T15:00Z"/><Direction v="Z02"/><Quantity v="0"/><MeasureUnit v="KW1"/></Period><Period><TimeInterval v="2017-01-02T15:00Z/2017-01-02T16:00Z"/><Direction v="Z02"/><Quantity v="0"/><MeasureUnit v="KW1"/></Period><Period><TimeInterval v="2017-01-02T16:00Z/2017-01-02T17:00Z"/><Direction v="Z02"/><Quantity v="0"/><MeasureUnit v="KW1"/></Period><Period><TimeInterval v="2017-01-02T17:00Z/2017-01-02T18:00Z"/><Direction v="Z02"/><Quantity v="0"/><MeasureUnit v="KW1"/></Period><Period><TimeInterval v="2017-01-02T18:00Z/2017-01-02T19:00Z"/><Direction v="Z02"/><Quantity v="0"/><MeasureUnit v="KW1"/></Period><Period><TimeInterval v="2017-01-02T19:00Z/2017-01-02T20:00Z"/><Direction v="Z02"/><Quantity v="0"/><MeasureUnit v="KW1"/></Period><Period><TimeInterval v="2017-01-02T20:00Z/2017-01-02T21:00Z"/><Direction v="Z02"/><Quantity v="0"/><MeasureUnit v="KW1"/></Period><Period><TimeInterval v="2017-01-02T21:00Z/2017-01-02T22:00Z"/><Direction v="Z02"/><Quantity v="0"/><MeasureUnit v="KW1"/></Period><Period><TimeInterval v="2017-01-02T22:00Z/2017-01-02T23:00Z"/><Direction v="Z02"/><Quantity v="0"/><MeasureUnit v="KW1"/></Period><Period><TimeInterval v="2017-01-02T23:00Z/2017-01-03T00:00Z"/><Direction v="Z02"/><Quantity v="0"/><MeasureUnit v="KW1"/></Period><Period><TimeInterval v="2017-01-03T00:00Z/2017-01-03T01:00Z"/><Direction v="Z02"/><Quantity v="0"/><MeasureUnit v="KW1"/></Period><Period><TimeInterval v="2017-01-03T01:00Z/2017-01-03T02:00Z"/><Direction v="Z02"/><Quantity v="0"/><MeasureUnit v="KW1"/></Period><Period><TimeInterval v="2017-01-03T02:00Z/2017-01-03T03:00Z"/><Direction v="Z02"/><Quantity v="0"/><MeasureUnit v="KW1"/></Period><Period><TimeInterval v="2017-01-03T03:00Z/2017-01-03T04:00Z"/><Direction v="Z02"/><Quantity v="0"/><MeasureUnit v="KW1"/></Period><Period><TimeInterval v="2017-01-03T04:00Z/2017-01-03T05:00Z"/><Direction v="Z02"/><Quantity v="0"/><MeasureUnit v="KW1"/></Period><Period><TimeInterval v="2017-01-02T05:00Z/2017-01-02T06:00Z"/><Direction v="Z03"/><Quantity v="1292491"/><MeasureUnit v="KW1"/></Period><Period><TimeInterval v="2017-01-02T06:00Z/2017-01-02T07:00Z"/><Direction v="Z03"/><Quantity v="1216694"/><MeasureUnit v="KW1"/></Period><Period><TimeInterval v="2017-01-02T07:00Z/2017-01-02T08:00Z"/><Direction v="Z03"/><Quantity v="1230599"/><MeasureUnit v="KW1"/></Period><Period><TimeInterval v="2017-01-02T08:00Z/2017-01-02T09:00Z"/><Direction v="Z03"/><Quantity v="1231569"/><MeasureUnit v="KW1"/></Period><Period><TimeInterval v="2017-01-02T09:00Z/2017-01-02T10:00Z"/><Direction v="Z03"/><Quantity v="1232091"/><MeasureUnit v="KW1"/></Period><Period><TimeInterval v="2017-01-02T10:00Z/2017-01-02T11:00Z"/><Direction v="Z03"/><Quantity v="1225673"/><MeasureUnit v="KW1"/></Period><Period><TimeInterval v="2017-01-02T11:00Z/2017-01-02T12:00Z"/><Direction v="Z03"/><Quantity v="1221143"/><MeasureUnit v="KW1"/></Period><Period><TimeInterval v="2017-01-02T12:00Z/2017-01-02T13:00Z"/><Direction v="Z03"/><Quantity v="1714420"/><MeasureUnit v="KW1"/></Period><Period><TimeInterval v="2017-01-02T13:00Z/2017-01-02T14:00Z"/><Direction v="Z03"/><Quantity v="1222033"/><MeasureUnit v="KW1"/></Period><Period><TimeInterval v="2017-01-02T14:00Z/2017-01-02T15:00Z"/><Direction v="Z03"/><Quantity v="1205370"/><MeasureUnit v="KW1"/></Period><Period><TimeInterval v="2017-01-02T15:00Z/2017-01-02T16:00Z"/><Direction v="Z03"/><Quantity v="1209543"/><MeasureUnit v="KW1"/></Period><Period><TimeInterval v="2017-01-02T16:00Z/2017-01-02T17:00Z"/><Direction v="Z03"/><Quantity v="1211497"/><MeasureUnit v="KW1"/></Period><Period><TimeInterval v="2017-01-02T17:00Z/2017-01-02T18:00Z"/><Direction v="Z03"/><Quantity v="1213321"/><MeasureUnit v="KW1"/></Period><Period><TimeInterval v="2017-01-02T18:00Z/2017-01-02T19:00Z"/><Direction v="Z03"/><Quantity v="2545041"/><MeasureUnit v="KW1"/></Period><Period><TimeInterval v="2017-01-02T19:00Z/2017-01-02T20:00Z"/><Direction v="Z03"/><Quantity v="2584609"/><MeasureUnit v="KW1"/></Period><Period><TimeInterval v="2017-01-02T20:00Z/2017-01-02T21:00Z"/><Direction v="Z03"/><Quantity v="2628240"/><MeasureUnit v="KW1"/></Period><Period><TimeInterval v="2017-01-02T21:00Z/2017-01-02T22:00Z"/><Direction v="Z03"/><Quantity v="2621621"/><MeasureUnit v="KW1"/></Period><Period><TimeInterval v="2017-01-02T22:00Z/2017-01-02T23:00Z"/><Direction v="Z03"/><Quantity v="2623548"/><MeasureUnit v="KW1"/></Period><Period><TimeInterval v="2017-01-02T23:00Z/2017-01-03T00:00Z"/><Direction v="Z03"/><Quantity v="2628750"/><MeasureUnit v="KW1"/></Period><Period><TimeInterval v="2017-01-03T00:00Z/2017-01-03T01:00Z"/><Direction v="Z03"/><Quantity v="2616876"/><MeasureUnit v="KW1"/></Period><Period><TimeInterval v="2017-01-03T01:00Z/2017-01-03T02:00Z"/><Direction v="Z03"/><Quantity v="2621621"/><MeasureUnit v="KW1"/></Period><Period><TimeInterval v="2017-01-03T02:00Z/2017-01-03T03:00Z"/><Direction v="Z03"/><Quantity v="2626729"/><MeasureUnit v="KW1"/></Period><Period><TimeInterval v="2017-01-03T03:00Z/2017-01-03T04:00Z"/><Direction v="Z03"/><Quantity v="2621790"/><MeasureUnit v="KW1"/></Period><Period><TimeInterval v="2017-01-03T04:00Z/2017-01-03T05:00Z"/><Direction v="Z03"/><Quantity v="2623200"/><MeasureUnit v="KW1"/></Period></Category></ConnectionPoint><ConnectionPoint><Identification v="21Z000000000039S" codingScheme="305"/><Type v="Z25"/><Category><CapacityCode v="Z08"/><Period><TimeInterval v="2017-01-02T05:00Z/2017-01-02T06:00Z"/><Direction v="Z02"/><Quantity v="0"/><MeasureUnit v="KW1"/></Period><Period><TimeInterval v="2017-01-02T06:00Z/2017-01-02T07:00Z"/><Direction v="Z02"/><Quantity v="0"/><MeasureUnit v="KW1"/></Period><Period><TimeInterval v="2017-01-02T07:00Z/2017-01-02T08:00Z"/><Direction v="Z02"/><Quantity v="0"/><MeasureUnit v="KW1"/></Period><Period><TimeInterval v="2017-01-02T08:00Z/2017-01-02T09:00Z"/><Direction v="Z02"/><Quantity v="0"/><MeasureUnit v="KW1"/></Period><Period><TimeInterval v="2017-01-02T09:00Z/2017-01-02T10:00Z"/><Direction v="Z02"/><Quantity v="0"/><MeasureUnit v="KW1"/></Period><Period><TimeInterval v="2017-01-02T10:00Z/2017-01-02T11:00Z"/><Direction v="Z02"/><Quantity v="0"/><MeasureUnit v="KW1"/></Period><Period><TimeInterval v="2017-01-02T11:00Z/2017-01-02T12:00Z"/><Direction v="Z02"/><Quantity v="0"/><MeasureUnit v="KW1"/></Period><Period><TimeInterval v="2017-01-02T12:00Z/2017-01-02T13:00Z"/><Direction v="Z02"/><Quantity v="0"/><MeasureUnit v="KW1"/></Period><Period><TimeInterval v="2017-01-02T13:00Z/2017-01-02T14:00Z"/><Direction v="Z02"/><Quantity v="0"/><MeasureUnit v="KW1"/></Period><Period><TimeInterval v="2017-01-02T14:00Z/2017-01-02T15:00Z"/><Direction v="Z02"/><Quantity v="0"/><MeasureUnit v="KW1"/></Period><Period><TimeInterval v="2017-01-02T15:00Z/2017-01-02T16:00Z"/><Direction v="Z02"/><Quantity v="0"/><MeasureUnit v="KW1"/></Period><Period><TimeInterval v="2017-01-02T16:00Z/2017-01-02T17:00Z"/><Direction v="Z02"/><Quantity v="0"/><MeasureUnit v="KW1"/></Period><Period><TimeInterval v="2017-01-02T17:00Z/2017-01-02T18:00Z"/><Direction v="Z02"/><Quantity v="0"/><MeasureUnit v="KW1"/></Period><Period><TimeInterval v="2017-01-02T18:00Z/2017-01-02T19:00Z"/><Direction v="Z02"/><Quantity v="0"/><MeasureUnit v="KW1"/></Period><Period><TimeInterval v="2017-01-02T19:00Z/2017-01-02T20:00Z"/><Direction v="Z02"/><Quantity v="0"/><MeasureUnit v="KW1"/></Period><Period><TimeInterval v="2017-01-02T20:00Z/2017-01-02T21:00Z"/><Direction v="Z02"/><Quantity v="0"/><MeasureUnit v="KW1"/></Period><Period><TimeInterval v="2017-01-02T21:00Z/2017-01-02T22:00Z"/><Direction v="Z02"/><Quantity v="0"/><MeasureUnit v="KW1"/></Period><Period><TimeInterval v="2017-01-02T22:00Z/2017-01-02T23:00Z"/><Direction v="Z02"/><Quantity v="0"/><MeasureUnit v="KW1"/></Period><Period><TimeInterval v="2017-01-02T23:00Z/2017-01-03T00:00Z"/><Direction v="Z02"/><Quantity v="0"/><MeasureUnit v="KW1"/></Period><Period><TimeInterval v="2017-01-03T00:00Z/2017-01-03T01:00Z"/><Direction v="Z02"/><Quantity v="0"/><MeasureUnit v="KW1"/></Period><Period><TimeInterval v="2017-01-03T01:00Z/2017-01-03T02:00Z"/><Direction v="Z02"/><Quantity v="0"/><MeasureUnit v="KW1"/></Period><Period><TimeInterval v="2017-01-03T02:00Z/2017-01-03T03:00Z"/><Direction v="Z02"/><Quantity v="0"/><MeasureUnit v="KW1"/></Period><Period><TimeInterval v="2017-01-03T03:00Z/2017-01-03T04:00Z"/><Direction v="Z02"/><Quantity v="0"/><MeasureUnit v="KW1"/></Period><Period><TimeInterval v="2017-01-03T04:00Z/2017-01-03T05:00Z"/><Direction v="Z02"/><Quantity v="0"/><MeasureUnit v="KW1"/></Period></Category></ConnectionPoint><ConnectionPoint><Identification v="21Z000000000072U" codingScheme="305"/><Type v="Z25"/><Category><CapacityCode v="Z08"/><Period><TimeInterval v="2017-01-02T05:00Z/2017-01-02T06:00Z"/><Direction v="Z03"/><Quantity v="0"/><MeasureUnit v="KW1"/></Period><Period><TimeInterval v="2017-01-02T06:00Z/2017-01-02T07:00Z"/><Direction v="Z03"/><Quantity v="0"/><MeasureUnit v="KW1"/></Period><Period><TimeInterval v="2017-01-02T07:00Z/2017-01-02T08:00Z"/><Direction v="Z03"/><Quantity v="0"/><MeasureUnit v="KW1"/></Period><Period><TimeInterval v="2017-01-02T08:00Z/2017-01-02T09:00Z"/><Direction v="Z03"/><Quantity v="0"/><MeasureUnit v="KW1"/></Period><Period><TimeInterval v="2017-01-02T09:00Z/2017-01-02T10:00Z"/><Direction v="Z03"/><Quantity v="0"/><MeasureUnit v="KW1"/></Period><Period><TimeInterval v="2017-01-02T10:00Z/2017-01-02T11:00Z"/><Direction v="Z03"/><Quantity v="0"/><MeasureUnit v="KW1"/></Period><Period><TimeInterval v="2017-01-02T11:00Z/2017-01-02T12:00Z"/><Direction v="Z03"/><Quantity v="0"/><MeasureUnit v="KW1"/></Period><Period><TimeInterval v="2017-01-02T12:00Z/2017-01-02T13:00Z"/><Direction v="Z03"/><Quantity v="0"/><MeasureUnit v="KW1"/></Period><Period><TimeInterval v="2017-01-02T13:00Z/2017-01-02T14:00Z"/><Direction v="Z03"/><Quantity v="0"/><MeasureUnit v="KW1"/></Period><Period><TimeInterval v="2017-01-02T14:00Z/2017-01-02T15:00Z"/><Direction v="Z03"/><Quantity v="0"/><MeasureUnit v="KW1"/></Period><Period><TimeInterval v="2017-01-02T15:00Z/2017-01-02T16:00Z"/><Direction v="Z03"/><Quantity v="0"/><MeasureUnit v="KW1"/></Period><Period><TimeInterval v="2017-01-02T16:00Z/2017-01-02T17:00Z"/><Direction v="Z03"/><Quantity v="0"/><MeasureUnit v="KW1"/></Period><Period><TimeInterval v="2017-01-02T17:00Z/2017-01-02T18:00Z"/><Direction v="Z03"/><Quantity v="0"/><MeasureUnit v="KW1"/></Period><Period><TimeInterval v="2017-01-02T18:00Z/2017-01-02T19:00Z"/><Direction v="Z03"/><Quantity v="0"/><MeasureUnit v="KW1"/></Period><Period><TimeInterval v="2017-01-02T19:00Z/2017-01-02T20:00Z"/><Direction v="Z03"/><Quantity v="0"/><MeasureUnit v="KW1"/></Period><Period><TimeInterval v="2017-01-02T20:00Z/2017-01-02T21:00Z"/><Direction v="Z03"/><Quantity v="0"/><MeasureUnit v="KW1"/></Period><Period><TimeInterval v="2017-01-02T21:00Z/2017-01-02T22:00Z"/><Direction v="Z03"/><Quantity v="0"/><MeasureUnit v="KW1"/></Period><Period><TimeInterval v="2017-01-02T22:00Z/2017-01-02T23:00Z"/><Direction v="Z03"/><Quantity v="0"/><MeasureUnit v="KW1"/></Period><Period><TimeInterval v="2017-01-02T23:00Z/2017-01-03T00:00Z"/><Direction v="Z03"/><Quantity v="0"/><MeasureUnit v="KW1"/></Period><Period><TimeInterval v="2017-01-03T00:00Z/2017-01-03T01:00Z"/><Direction v="Z03"/><Quantity v="0"/><MeasureUnit v="KW1"/></Period><Period><TimeInterval v="2017-01-03T01:00Z/2017-01-03T02:00Z"/><Direction v="Z03"/><Quantity v="0"/><MeasureUnit v="KW1"/></Period><Period><TimeInterval v="2017-01-03T02:00Z/2017-01-03T03:00Z"/><Direction v="Z03"/><Quantity v="0"/><MeasureUnit v="KW1"/></Period><Period><TimeInterval v="2017-01-03T03:00Z/2017-01-03T04:00Z"/><Direction v="Z03"/><Quantity v="0"/><MeasureUnit v="KW1"/></Period><Period><TimeInterval v="2017-01-03T04:00Z/2017-01-03T05:00Z"/><Direction v="Z03"/><Quantity v="0"/><MeasureUnit v="KW1"/></Period></Category></ConnectionPoint><ConnectionPoint><Identification v="37Z000000001078I" codingScheme="305"/><Type v="Z26"/><Category><CapacityCode v="Z08"/><Period><TimeInterval v="2017-01-02T05:00Z/2017-01-02T06:00Z"/><Direction v="Z03"/><Quantity v="0"/><MeasureUnit v="KW1"/></Period><Period><TimeInterval v="2017-01-02T06:00Z/2017-01-02T07:00Z"/><Direction v="Z03"/><Quantity v="0"/><MeasureUnit v="KW1"/></Period><Period><TimeInterval v="2017-01-02T07:00Z/2017-01-02T08:00Z"/><Direction v="Z03"/><Quantity v="0"/><MeasureUnit v="KW1"/></Period><Period><TimeInterval v="2017-01-02T08:00Z/2017-01-02T09:00Z"/><Direction v="Z03"/><Quantity v="0"/><MeasureUnit v="KW1"/></Period><Period><TimeInterval v="2017-01-02T09:00Z/2017-01-02T10:00Z"/><Direction v="Z03"/><Quantity v="0"/><MeasureUnit v="KW1"/></Period><Period><TimeInterval v="2017-01-02T10:00Z/2017-01-02T11:00Z"/><Direction v="Z03"/><Quantity v="0"/><MeasureUnit v="KW1"/></Period><Period><TimeInterval v="2017-01-02T11:00Z/2017-01-02T12:00Z"/><Direction v="Z03"/><Quantity v="0"/><MeasureUnit v="KW1"/></Period><Period><TimeInterval v="2017-01-02T12:00Z/2017-01-02T13:00Z"/><Direction v="Z03"/><Quantity v="0"/><MeasureUnit v="KW1"/></Period><Period><TimeInterval v="2017-01-02T13:00Z/2017-01-02T14:00Z"/><Direction v="Z03"/><Quantity v="0"/><MeasureUnit v="KW1"/></Period><Period><TimeInterval v="2017-01-02T14:00Z/2017-01-02T15:00Z"/><Direction v="Z03"/><Quantity v="0"/><MeasureUnit v="KW1"/></Period><Period><TimeInterval v="2017-01-02T15:00Z/2017-01-02T16:00Z"/><Direction v="Z03"/><Quantity v="0"/><MeasureUnit v="KW1"/></Period><Period><TimeInterval v="2017-01-02T16:00Z/2017-01-02T17:00Z"/><Direction v="Z03"/><Quantity v="0"/><MeasureUnit v="KW1"/></Period><Period><TimeInterval v="2017-01-02T17:00Z/2017-01-02T18:00Z"/><Direction v="Z03"/><Quantity v="0"/><MeasureUnit v="KW1"/></Period><Period><TimeInterval v="2017-01-02T18:00Z/2017-01-02T19:00Z"/><Direction v="Z03"/><Quantity v="0"/><MeasureUnit v="KW1"/></Period><Period><TimeInterval v="2017-01-02T19:00Z/2017-01-02T20:00Z"/><Direction v="Z03"/><Quantity v="0"/><MeasureUnit v="KW1"/></Period><Period><TimeInterval v="2017-01-02T20:00Z/2017-01-02T21:00Z"/><Direction v="Z03"/><Quantity v="0"/><MeasureUnit v="KW1"/></Period><Period><TimeInterval v="2017-01-02T21:00Z/2017-01-02T22:00Z"/><Direction v="Z03"/><Quantity v="0"/><MeasureUnit v="KW1"/></Period><Period><TimeInterval v="2017-01-02T22:00Z/2017-01-02T23:00Z"/><Direction v="Z03"/><Quantity v="0"/><MeasureUnit v="KW1"/></Period><Period><TimeInterval v="2017-01-02T23:00Z/2017-01-03T00:00Z"/><Direction v="Z03"/><Quantity v="0"/><MeasureUnit v="KW1"/></Period><Period><TimeInterval v="2017-01-03T00:00Z/2017-01-03T01:00Z"/><Direction v="Z03"/><Quantity v="0"/><MeasureUnit v="KW1"/></Period><Period><TimeInterval v="2017-01-03T01:00Z/2017-01-03T02:00Z"/><Direction v="Z03"/><Quantity v="0"/><MeasureUnit v="KW1"/></Period><Period><TimeInterval v="2017-01-03T02:00Z/2017-01-03T03:00Z"/><Direction v="Z03"/><Quantity v="0"/><MeasureUnit v="KW1"/></Period><Period><TimeInterval v="2017-01-03T03:00Z/2017-01-03T04:00Z"/><Direction v="Z03"/><Quantity v="0"/><MeasureUnit v="KW1"/></Period><Period><TimeInterval v="2017-01-03T04:00Z/2017-01-03T05:00Z"/><Direction v="Z03"/><Quantity v="0"/><MeasureUnit v="KW1"/></Period></Category></ConnectionPoint><ConnectionPoint><Identification v="37Z000000006390S" codingScheme="305"/><Type v="Z26"/><Category><CapacityCode v="Z08"/><Period><TimeInterval v="2017-01-02T05:00Z/2017-01-02T06:00Z"/><Direction v="Z03"/><Quantity v="0"/><MeasureUnit v="KW1"/></Period><Period><TimeInterval v="2017-01-02T06:00Z/2017-01-02T07:00Z"/><Direction v="Z03"/><Quantity v="0"/><MeasureUnit v="KW1"/></Period><Period><TimeInterval v="2017-01-02T07:00Z/2017-01-02T08:00Z"/><Direction v="Z03"/><Quantity v="0"/><MeasureUnit v="KW1"/></Period><Period><TimeInterval v="2017-01-02T08:00Z/2017-01-02T09:00Z"/><Direction v="Z03"/><Quantity v="0"/><MeasureUnit v="KW1"/></Period><Period><TimeInterval v="2017-01-02T09:00Z/2017-01-02T10:00Z"/><Direction v="Z03"/><Quantity v="0"/><MeasureUnit v="KW1"/></Period><Period><TimeInterval v="2017-01-02T10:00Z/2017-01-02T11:00Z"/><Direction v="Z03"/><Quantity v="0"/><MeasureUnit v="KW1"/></Period><Period><TimeInterval v="2017-01-02T11:00Z/2017-01-02T12:00Z"/><Direction v="Z03"/><Quantity v="0"/><MeasureUnit v="KW1"/></Period><Period><TimeInterval v="2017-01-02T12:00Z/2017-01-02T13:00Z"/><Direction v="Z03"/><Quantity v="0"/><MeasureUnit v="KW1"/></Period><Period><TimeInterval v="2017-01-02T13:00Z/2017-01-02T14:00Z"/><Direction v="Z03"/><Quantity v="0"/><MeasureUnit v="KW1"/></Period><Period><TimeInterval v="2017-01-02T14:00Z/2017-01-02T15:00Z"/><Direction v="Z03"/><Quantity v="0"/><MeasureUnit v="KW1"/></Period><Period><TimeInterval v="2017-01-02T15:00Z/2017-01-02T16:00Z"/><Direction v="Z03"/><Quantity v="0"/><MeasureUnit v="KW1"/></Period><Period><TimeInterval v="2017-01-02T16:00Z/2017-01-02T17:00Z"/><Direction v="Z03"/><Quantity v="0"/><MeasureUnit v="KW1"/></Period><Period><TimeInterval v="2017-01-02T17:00Z/2017-01-02T18:00Z"/><Direction v="Z03"/><Quantity v="0"/><MeasureUnit v="KW1"/></Period><Period><TimeInterval v="2017-01-02T18:00Z/2017-01-02T19:00Z"/><Direction v="Z03"/><Quantity v="0"/><MeasureUnit v="KW1"/></Period><Period><TimeInterval v="2017-01-02T19:00Z/2017-01-02T20:00Z"/><Direction v="Z03"/><Quantity v="0"/><MeasureUnit v="KW1"/></Period><Period><TimeInterval v="2017-01-02T20:00Z/2017-01-02T21:00Z"/><Direction v="Z03"/><Quantity v="0"/><MeasureUnit v="KW1"/></Period><Period><TimeInterval v="2017-01-02T21:00Z/2017-01-02T22:00Z"/><Direction v="Z03"/><Quantity v="0"/><MeasureUnit v="KW1"/></Period><Period><TimeInterval v="2017-01-02T22:00Z/2017-01-02T23:00Z"/><Direction v="Z03"/><Quantity v="0"/><MeasureUnit v="KW1"/></Period><Period><TimeInterval v="2017-01-02T23:00Z/2017-01-03T00:00Z"/><Direction v="Z03"/><Quantity v="0"/><MeasureUnit v="KW1"/></Period><Period><TimeInterval v="2017-01-03T00:00Z/2017-01-03T01:00Z"/><Direction v="Z03"/><Quantity v="0"/><MeasureUnit v="KW1"/></Period><Period><TimeInterval v="2017-01-03T01:00Z/2017-01-03T02:00Z"/><Direction v="Z03"/><Quantity v="0"/><MeasureUnit v="KW1"/></Period><Period><TimeInterval v="2017-01-03T02:00Z/2017-01-03T03:00Z"/><Direction v="Z03"/><Quantity v="0"/><MeasureUnit v="KW1"/></Period><Period><TimeInterval v="2017-01-03T03:00Z/2017-01-03T04:00Z"/><Direction v="Z03"/><Quantity v="0"/><MeasureUnit v="KW1"/></Period><Period><TimeInterval v="2017-01-03T04:00Z/2017-01-03T05:00Z"/><Direction v="Z03"/><Quantity v="0"/><MeasureUnit v="KW1"/></Period></Category></ConnectionPoint><ConnectionPoint><Identification v="37Z000000006559E" codingScheme="305"/><Type v="Z26"/><Category><CapacityCode v="Z08"/><Period><TimeInterval v="2017-01-02T05:00Z/2017-01-02T06:00Z"/><Direction v="Z03"/><Quantity v="0"/><MeasureUnit v="KW1"/></Period><Period><TimeInterval v="2017-01-02T06:00Z/2017-01-02T07:00Z"/><Direction v="Z03"/><Quantity v="0"/><MeasureUnit v="KW1"/></Period><Period><TimeInterval v="2017-01-02T07:00Z/2017-01-02T08:00Z"/><Direction v="Z03"/><Quantity v="0"/><MeasureUnit v="KW1"/></Period><Period><TimeInterval v="2017-01-02T08:00Z/2017-01-02T09:00Z"/><Direction v="Z03"/><Quantity v="0"/><MeasureUnit v="KW1"/></Period><Period><TimeInterval v="2017-01-02T09:00Z/2017-01-02T10:00Z"/><Direction v="Z03"/><Quantity v="0"/><MeasureUnit v="KW1"/></Period><Period><TimeInterval v="2017-01-02T10:00Z/2017-01-02T11:00Z"/><Direction v="Z03"/><Quantity v="0"/><MeasureUnit v="KW1"/></Period><Period><TimeInterval v="2017-01-02T11:00Z/2017-01-02T12:00Z"/><Direction v="Z03"/><Quantity v="0"/><MeasureUnit v="KW1"/></Period><Period><TimeInterval v="2017-01-02T12:00Z/2017-01-02T13:00Z"/><Direction v="Z03"/><Quantity v="0"/><MeasureUnit v="KW1"/></Period><Period><TimeInterval v="2017-01-02T13:00Z/2017-01-02T14:00Z"/><Direction v="Z03"/><Quantity v="0"/><MeasureUnit v="KW1"/></Period><Period><TimeInterval v="2017-01-02T14:00Z/2017-01-02T15:00Z"/><Direction v="Z03"/><Quantity v="0"/><MeasureUnit v="KW1"/></Period><Period><TimeInterval v="2017-01-02T15:00Z/2017-01-02T16:00Z"/><Direction v="Z03"/><Quantity v="0"/><MeasureUnit v="KW1"/></Period><Period><TimeInterval v="2017-01-02T16:00Z/2017-01-02T17:00Z"/><Direction v="Z03"/><Quantity v="0"/><MeasureUnit v="KW1"/></Period><Period><TimeInterval v="2017-01-02T17:00Z/2017-01-02T18:00Z"/><Direction v="Z03"/><Quantity v="0"/><MeasureUnit v="KW1"/></Period><Period><TimeInterval v="2017-01-02T18:00Z/2017-01-02T19:00Z"/><Direction v="Z03"/><Quantity v="0"/><MeasureUnit v="KW1"/></Period><Period><TimeInterval v="2017-01-02T19:00Z/2017-01-02T20:00Z"/><Direction v="Z03"/><Quantity v="0"/><MeasureUnit v="KW1"/></Period><Period><TimeInterval v="2017-01-02T20:00Z/2017-01-02T21:00Z"/><Direction v="Z03"/><Quantity v="0"/><MeasureUnit v="KW1"/></Period><Period><TimeInterval v="2017-01-02T21:00Z/2017-01-02T22:00Z"/><Direction v="Z03"/><Quantity v="0"/><MeasureUnit v="KW1"/></Period><Period><TimeInterval v="2017-01-02T22:00Z/2017-01-02T23:00Z"/><Direction v="Z03"/><Quantity v="0"/><MeasureUnit v="KW1"/></Period><Period><TimeInterval v="2017-01-02T23:00Z/2017-01-03T00:00Z"/><Direction v="Z03"/><Quantity v="0"/><MeasureUnit v="KW1"/></Period><Period><TimeInterval v="2017-01-03T00:00Z/2017-01-03T01:00Z"/><Direction v="Z03"/><Quantity v="0"/><MeasureUnit v="KW1"/></Period><Period><TimeInterval v="2017-01-03T01:00Z/2017-01-03T02:00Z"/><Direction v="Z03"/><Quantity v="0"/><MeasureUnit v="KW1"/></Period><Period><TimeInterval v="2017-01-03T02:00Z/2017-01-03T03:00Z"/><Direction v="Z03"/><Quantity v="0"/><MeasureUnit v="KW1"/></Period><Period><TimeInterval v="2017-01-03T03:00Z/2017-01-03T04:00Z"/><Direction v="Z03"/><Quantity v="0"/><MeasureUnit v="KW1"/></Period><Period><TimeInterval v="2017-01-03T04:00Z/2017-01-03T05:00Z"/><Direction v="Z03"/><Quantity v="0"/><MeasureUnit v="KW1"/></Period></Category></ConnectionPoint><ConnectionPoint><Identification v="21Z000000000002E" codingScheme="305"/><Type v="Z25"/><Category><CapacityCode v="Z08"/><Period><TimeInterval v="2017-01-02T05:00Z/2017-01-02T06:00Z"/><Direction v="Z02"/><Quantity v="0"/><MeasureUnit v="KW1"/></Period><Period><TimeInterval v="2017-01-02T06:00Z/2017-01-02T07:00Z"/><Direction v="Z02"/><Quantity v="0"/><MeasureUnit v="KW1"/></Period><Period><TimeInterval v="2017-01-02T07:00Z/2017-01-02T08:00Z"/><Direction v="Z02"/><Quantity v="0"/><MeasureUnit v="KW1"/></Period><Period><TimeInterval v="2017-01-02T08:00Z/2017-01-02T09:00Z"/><Direction v="Z02"/><Quantity v="0"/><MeasureUnit v="KW1"/></Period><Period><TimeInterval v="2017-01-02T09:00Z/2017-01-02T10:00Z"/><Direction v="Z02"/><Quantity v="0"/><MeasureUnit v="KW1"/></Period><Period><TimeInterval v="2017-01-02T10:00Z/2017-01-02T11:00Z"/><Direction v="Z02"/><Quantity v="0"/><MeasureUnit v="KW1"/></Period><Period><TimeInterval v="2017-01-02T11:00Z/2017-01-02T12:00Z"/><Direction v="Z02"/><Quantity v="0"/><MeasureUnit v="KW1"/></Period><Period><TimeInterval v="2017-01-02T12:00Z/2017-01-02T13:00Z"/><Direction v="Z02"/><Quantity v="0"/><MeasureUnit v="KW1"/></Period><Period><TimeInterval v="2017-01-02T13:00Z/2017-01-02T14:00Z"/><Direction v="Z02"/><Quantity v="0"/><MeasureUnit v="KW1"/></Period><Period><TimeInterval v="2017-01-02T14:00Z/2017-01-02T15:00Z"/><Direction v="Z02"/><Quantity v="0"/><MeasureUnit v="KW1"/></Period><Period><TimeInterval v="2017-01-02T15:00Z/2017-01-02T16:00Z"/><Direction v="Z02"/><Quantity v="0"/><MeasureUnit v="KW1"/></Period><Period><TimeInterval v="2017-01-02T16:00Z/2017-01-02T17:00Z"/><Direction v="Z02"/><Quantity v="0"/><MeasureUnit v="KW1"/></Period><Period><TimeInterval v="2017-01-02T17:00Z/2017-01-02T18:00Z"/><Direction v="Z02"/><Quantity v="0"/><MeasureUnit v="KW1"/></Period><Period><TimeInterval v="2017-01-02T18:00Z/2017-01-02T19:00Z"/><Direction v="Z02"/><Quantity v="0"/><MeasureUnit v="KW1"/></Period><Period><TimeInterval v="2017-01-02T19:00Z/2017-01-02T20:00Z"/><Direction v="Z02"/><Quantity v="0"/><MeasureUnit v="KW1"/></Period><Period><TimeInterval v="2017-01-02T20:00Z/2017-01-02T21:00Z"/><Direction v="Z02"/><Quantity v="0"/><MeasureUnit v="KW1"/></Period><Period><TimeInterval v="2017-01-02T21:00Z/2017-01-02T22:00Z"/><Direction v="Z02"/><Quantity v="0"/><MeasureUnit v="KW1"/></Period><Period><TimeInterval v="2017-01-02T22:00Z/2017-01-02T23:00Z"/><Direction v="Z02"/><Quantity v="0"/><MeasureUnit v="KW1"/></Period><Period><TimeInterval v="2017-01-02T23:00Z/2017-01-03T00:00Z"/><Direction v="Z02"/><Quantity v="0"/><MeasureUnit v="KW1"/></Period><Period><TimeInterval v="2017-01-03T00:00Z/2017-01-03T01:00Z"/><Direction v="Z02"/><Quantity v="0"/><MeasureUnit v="KW1"/></Period><Period><TimeInterval v="2017-01-03T01:00Z/2017-01-03T02:00Z"/><Direction v="Z02"/><Quantity v="0"/><MeasureUnit v="KW1"/></Period><Period><TimeInterval v="2017-01-03T02:00Z/2017-01-03T03:00Z"/><Direction v="Z02"/><Quantity v="0"/><MeasureUnit v="KW1"/></Period><Period><TimeInterval v="2017-01-03T03:00Z/2017-01-03T04:00Z"/><Direction v="Z02"/><Quantity v="0"/><MeasureUnit v="KW1"/></Period><Period><TimeInterval v="2017-01-03T04:00Z/2017-01-03T05:00Z"/><Direction v="Z02"/><Quantity v="0"/><MeasureUnit v="KW1"/></Period><Period><TimeInterval v="2017-01-02T05:00Z/2017-01-02T06:00Z"/><Direction v="Z03"/><Quantity v="0"/><MeasureUnit v="KW1"/></Period><Period><TimeInterval v="2017-01-02T06:00Z/2017-01-02T07:00Z"/><Direction v="Z03"/><Quantity v="0"/><MeasureUnit v="KW1"/></Period><Period><TimeInterval v="2017-01-02T07:00Z/2017-01-02T08:00Z"/><Direction v="Z03"/><Quantity v="0"/><MeasureUnit v="KW1"/></Period><Period><TimeInterval v="2017-01-02T08:00Z/2017-01-02T09:00Z"/><Direction v="Z03"/><Quantity v="0"/><MeasureUnit v="KW1"/></Period><Period><TimeInterval v="2017-01-02T09:00Z/2017-01-02T10:00Z"/><Direction v="Z03"/><Quantity v="0"/><MeasureUnit v="KW1"/></Period><Period><TimeInterval v="2017-01-02T10:00Z/2017-01-02T11:00Z"/><Direction v="Z03"/><Quantity v="0"/><MeasureUnit v="KW1"/></Period><Period><TimeInterval v="2017-01-02T11:00Z/2017-01-02T12:00Z"/><Direction v="Z03"/><Quantity v="0"/><MeasureUnit v="KW1"/></Period><Period><TimeInterval v="2017-01-02T12:00Z/2017-01-02T13:00Z"/><Direction v="Z03"/><Quantity v="0"/><MeasureUnit v="KW1"/></Period><Period><TimeInterval v="2017-01-02T13:00Z/2017-01-02T14:00Z"/><Direction v="Z03"/><Quantity v="0"/><MeasureUnit v="KW1"/></Period><Period><TimeInterval v="2017-01-02T14:00Z/2017-01-02T15:00Z"/><Direction v="Z03"/><Quantity v="0"/><MeasureUnit v="KW1"/></Period><Period><TimeInterval v="2017-01-02T15:00Z/2017-01-02T16:00Z"/><Direction v="Z03"/><Quantity v="0"/><MeasureUnit v="KW1"/></Period><Period><TimeInterval v="2017-01-02T16:00Z/2017-01-02T17:00Z"/><Direction v="Z03"/><Quantity v="0"/><MeasureUnit v="KW1"/></Period><Period><TimeInterval v="2017-01-02T17:00Z/2017-01-02T18:00Z"/><Direction v="Z03"/><Quantity v="0"/><MeasureUnit v="KW1"/></Period><Period><TimeInterval v="2017-01-02T18:00Z/2017-01-02T19:00Z"/><Direction v="Z03"/><Quantity v="0"/><MeasureUnit v="KW1"/></Period><Period><TimeInterval v="2017-01-02T19:00Z/2017-01-02T20:00Z"/><Direction v="Z03"/><Quantity v="0"/><MeasureUnit v="KW1"/></Period><Period><TimeInterval v="2017-01-02T20:00Z/2017-01-02T21:00Z"/><Direction v="Z03"/><Quantity v="0"/><MeasureUnit v="KW1"/></Period><Period><TimeInterval v="2017-01-02T21:00Z/2017-01-02T22:00Z"/><Direction v="Z03"/><Quantity v="0"/><MeasureUnit v="KW1"/></Period><Period><TimeInterval v="2017-01-02T22:00Z/2017-01-02T23:00Z"/><Direction v="Z03"/><Quantity v="0"/><MeasureUnit v="KW1"/></Period><Period><TimeInterval v="2017-01-02T23:00Z/2017-01-03T00:00Z"/><Direction v="Z03"/><Quantity v="0"/><MeasureUnit v="KW1"/></Period><Period><TimeInterval v="2017-01-03T00:00Z/2017-01-03T01:00Z"/><Direction v="Z03"/><Quantity v="0"/><MeasureUnit v="KW1"/></Period><Period><TimeInterval v="2017-01-03T01:00Z/2017-01-03T02:00Z"/><Direction v="Z03"/><Quantity v="0"/><MeasureUnit v="KW1"/></Period><Period><TimeInterval v="2017-01-03T02:00Z/2017-01-03T03:00Z"/><Direction v="Z03"/><Quantity v="0"/><MeasureUnit v="KW1"/></Period><Period><TimeInterval v="2017-01-03T03:00Z/2017-01-03T04:00Z"/><Direction v="Z03"/><Quantity v="0"/><MeasureUnit v="KW1"/></Period><Period><TimeInterval v="2017-01-03T04:00Z/2017-01-03T05:00Z"/><Direction v="Z03"/><Quantity v="0"/><MeasureUnit v="KW1"/></Period></Category></ConnectionPoint><ConnectionPoint><Identification v="37Y000000000288Q" codingScheme="305"/><Type v="Z26"/><Category><CapacityCode v="Z08"/><Period><TimeInterval v="2017-01-02T05:00Z/2017-01-02T06:00Z"/><Direction v="Z02"/><Quantity v="1919634"/><MeasureUnit v="KW1"/></Period><Period><TimeInterval v="2017-01-02T06:00Z/2017-01-02T07:00Z"/><Direction v="Z02"/><Quantity v="1788705"/><MeasureUnit v="KW1"/></Period><Period><TimeInterval v="2017-01-02T07:00Z/2017-01-02T08:00Z"/><Direction v="Z02"/><Quantity v="1805976"/><MeasureUnit v="KW1"/></Period><Period><TimeInterval v="2017-01-02T08:00Z/2017-01-02T09:00Z"/><Direction v="Z02"/><Quantity v="1791828"/><MeasureUnit v="KW1"/></Period><Period><TimeInterval v="2017-01-02T09:00Z/2017-01-02T10:00Z"/><Direction v="Z02"/><Quantity v="1699225"/><MeasureUnit v="KW1"/></Period><Period><TimeInterval v="2017-01-02T10:00Z/2017-01-02T11:00Z"/><Direction v="Z02"/><Quantity v="1672916"/><MeasureUnit v="KW1"/></Period><Period><TimeInterval v="2017-01-02T11:00Z/2017-01-02T12:00Z"/><Direction v="Z02"/><Quantity v="1652139"/><MeasureUnit v="KW1"/></Period><Period><TimeInterval v="2017-01-02T12:00Z/2017-01-02T13:00Z"/><Direction v="Z02"/><Quantity v="1639942"/><MeasureUnit v="KW1"/></Period><Period><TimeInterval v="2017-01-02T13:00Z/2017-01-02T14:00Z"/><Direction v="Z02"/><Quantity v="1645275"/><MeasureUnit v="KW1"/></Period><Period><TimeInterval v="2017-01-02T14:00Z/2017-01-02T15:00Z"/><Direction v="Z02"/><Quantity v="1637986"/><MeasureUnit v="KW1"/></Period><Period><TimeInterval v="2017-01-02T15:00Z/2017-01-02T16:00Z"/><Direction v="Z02"/><Quantity v="1646049"/><MeasureUnit v="KW1"/></Period><Period><TimeInterval v="2017-01-02T16:00Z/2017-01-02T17:00Z"/><Direction v="Z02"/><Quantity v="1655675"/><MeasureUnit v="KW1"/></Period><Period><TimeInterval v="2017-01-02T17:00Z/2017-01-02T18:00Z"/><Direction v="Z02"/><Quantity v="1637555"/><MeasureUnit v="KW1"/></Period><Period><TimeInterval v="2017-01-02T18:00Z/2017-01-02T19:00Z"/><Direction v="Z02"/><Quantity v="1637638"/><MeasureUnit v="KW1"/></Period><Period><TimeInterval v="2017-01-02T19:00Z/2017-01-02T20:00Z"/><Direction v="Z02"/><Quantity v="1598678"/><MeasureUnit v="KW1"/></Period><Period><TimeInterval v="2017-01-02T20:00Z/2017-01-02T21:00Z"/><Direction v="Z02"/><Quantity v="1457280"/><MeasureUnit v="KW1"/></Period><Period><TimeInterval v="2017-01-02T21:00Z/2017-01-02T22:00Z"/><Direction v="Z02"/><Quantity v="1399409"/><MeasureUnit v="KW1"/></Period><Period><TimeInterval v="2017-01-02T22:00Z/2017-01-02T23:00Z"/><Direction v="Z02"/><Quantity v="1327063"/><MeasureUnit v="KW1"/></Period><Period><TimeInterval v="2017-01-02T23:00Z/2017-01-03T00:00Z"/><Direction v="Z02"/><Quantity v="1309362"/><MeasureUnit v="KW1"/></Period><Period><TimeInterval v="2017-01-03T00:00Z/2017-01-03T01:00Z"/><Direction v="Z02"/><Quantity v="1296938"/><MeasureUnit v="KW1"/></Period><Period><TimeInterval v="2017-01-03T01:00Z/2017-01-03T02:00Z"/><Direction v="Z02"/><Quantity v="1321750"/><MeasureUnit v="KW1"/></Period><Period><TimeInterval v="2017-01-03T02:00Z/2017-01-03T03:00Z"/><Direction v="Z02"/><Quantity v="1360714"/><MeasureUnit v="KW1"/></Period><Period><TimeInterval v="2017-01-03T03:00Z/2017-01-03T04:00Z"/><Direction v="Z02"/><Quantity v="1482598"/><MeasureUnit v="KW1"/></Period><Period><TimeInterval v="2017-01-03T04:00Z/2017-01-03T05:00Z"/><Direction v="Z02"/><Quantity v="1773508"/><MeasureUnit v="KW1"/></Period><Period><TimeInterval v="2017-01-02T05:00Z/2017-01-02T06:00Z"/><Direction v="Z03"/><Quantity v="0"/><MeasureUnit v="KW1"/></Period><Period><TimeInterval v="2017-01-02T06:00Z/2017-01-02T07:00Z"/><Direction v="Z03"/><Quantity v="0"/><MeasureUnit v="KW1"/></Period><Period><TimeInterval v="2017-01-02T07:00Z/2017-01-02T08:00Z"/><Direction v="Z03"/><Quantity v="0"/><MeasureUnit v="KW1"/></Period><Period><TimeInterval v="2017-01-02T08:00Z/2017-01-02T09:00Z"/><Direction v="Z03"/><Quantity v="0"/><MeasureUnit v="KW1"/></Period><Period><TimeInterval v="2017-01-02T09:00Z/2017-01-02T10:00Z"/><Direction v="Z03"/><Quantity v="0"/><MeasureUnit v="KW1"/></Period><Period><TimeInterval v="2017-01-02T10:00Z/2017-01-02T11:00Z"/><Direction v="Z03"/><Quantity v="0"/><MeasureUnit v="KW1"/></Period><Period><TimeInterval v="2017-01-02T11:00Z/2017-01-02T12:00Z"/><Direction v="Z03"/><Quantity v="0"/><MeasureUnit v="KW1"/></Period><Period><TimeInterval v="2017-01-02T12:00Z/2017-01-02T13:00Z"/><Direction v="Z03"/><Quantity v="0"/><MeasureUnit v="KW1"/></Period><Period><TimeInterval v="2017-01-02T13:00Z/2017-01-02T14:00Z"/><Direction v="Z03"/><Quantity v="0"/><MeasureUnit v="KW1"/></Period><Period><TimeInterval v="2017-01-02T14:00Z/2017-01-02T15:00Z"/><Direction v="Z03"/><Quantity v="0"/><MeasureUnit v="KW1"/></Period><Period><TimeInterval v="2017-01-02T15:00Z/2017-01-02T16:00Z"/><Direction v="Z03"/><Quantity v="0"/><MeasureUnit v="KW1"/></Period><Period><TimeInterval v="2017-01-02T16:00Z/2017-01-02T17:00Z"/><Direction v="Z03"/><Quantity v="0"/><MeasureUnit v="KW1"/></Period><Period><TimeInterval v="2017-01-02T17:00Z/2017-01-02T18:00Z"/><Direction v="Z03"/><Quantity v="0"/><MeasureUnit v="KW1"/></Period><Period><TimeInterval v="2017-01-02T18:00Z/2017-01-02T19:00Z"/><Direction v="Z03"/><Quantity v="0"/><MeasureUnit v="KW1"/></Period><Period><TimeInterval v="2017-01-02T19:00Z/2017-01-02T20:00Z"/><Direction v="Z03"/><Quantity v="0"/><MeasureUnit v="KW1"/></Period><Period><TimeInterval v="2017-01-02T20:00Z/2017-01-02T21:00Z"/><Direction v="Z03"/><Quantity v="0"/><MeasureUnit v="KW1"/></Period><Period><TimeInterval v="2017-01-02T21:00Z/2017-01-02T22:00Z"/><Direction v="Z03"/><Quantity v="0"/><MeasureUnit v="KW1"/></Period><Period><TimeInterval v="2017-01-02T22:00Z/2017-01-02T23:00Z"/><Direction v="Z03"/><Quantity v="0"/><MeasureUnit v="KW1"/></Period><Period><TimeInterval v="2017-01-02T23:00Z/2017-01-03T00:00Z"/><Direction v="Z03"/><Quantity v="0"/><MeasureUnit v="KW1"/></Period><Period><TimeInterval v="2017-01-03T00:00Z/2017-01-03T01:00Z"/><Direction v="Z03"/><Quantity v="0"/><MeasureUnit v="KW1"/></Period><Period><TimeInterval v="2017-01-03T01:00Z/2017-01-03T02:00Z"/><Direction v="Z03"/><Quantity v="0"/><MeasureUnit v="KW1"/></Period><Period><TimeInterval v="2017-01-03T02:00Z/2017-01-03T03:00Z"/><Direction v="Z03"/><Quantity v="0"/><MeasureUnit v="KW1"/></Period><Period><TimeInterval v="2017-01-03T03:00Z/2017-01-03T04:00Z"/><Direction v="Z03"/><Quantity v="0"/><MeasureUnit v="KW1"/></Period><Period><TimeInterval v="2017-01-03T04:00Z/2017-01-03T05:00Z"/><Direction v="Z03"/><Quantity v="0"/><MeasureUnit v="KW1"/></Period></Category></ConnectionPoint><ConnectionPoint><Identification v="37Y000000000385S" codingScheme="305"/><Type v="Z26"/><Category><CapacityCode v="Z08"/><Period><TimeInterval v="2017-01-02T05:00Z/2017-01-02T06:00Z"/><Direction v="Z03"/><Quantity v="0"/><MeasureUnit v="KW1"/></Period><Period><TimeInterval v="2017-01-02T06:00Z/2017-01-02T07:00Z"/><Direction v="Z03"/><Quantity v="0"/><MeasureUnit v="KW1"/></Period><Period><TimeInterval v="2017-01-02T07:00Z/2017-01-02T08:00Z"/><Direction v="Z03"/><Quantity v="0"/><MeasureUnit v="KW1"/></Period><Period><TimeInterval v="2017-01-02T08:00Z/2017-01-02T09:00Z"/><Direction v="Z03"/><Quantity v="0"/><MeasureUnit v="KW1"/></Period><Period><TimeInterval v="2017-01-02T09:00Z/2017-01-02T10:00Z"/><Direction v="Z03"/><Quantity v="0"/><MeasureUnit v="KW1"/></Period><Period><TimeInterval v="2017-01-02T10:00Z/2017-01-02T11:00Z"/><Direction v="Z03"/><Quantity v="0"/><MeasureUnit v="KW1"/></Period><Period><TimeInterval v="2017-01-02T11:00Z/2017-01-02T12:00Z"/><Direction v="Z03"/><Quantity v="0"/><MeasureUnit v="KW1"/></Period><Period><TimeInterval v="2017-01-02T12:00Z/2017-01-02T13:00Z"/><Direction v="Z03"/><Quantity v="0"/><MeasureUnit v="KW1"/></Period><Period><TimeInterval v="2017-01-02T13:00Z/2017-01-02T14:00Z"/><Direction v="Z03"/><Quantity v="0"/><MeasureUnit v="KW1"/></Period><Period><TimeInterval v="2017-01-02T14:00Z/2017-01-02T15:00Z"/><Direction v="Z03"/><Quantity v="0"/><MeasureUnit v="KW1"/></Period><Period><TimeInterval v="2017-01-02T15:00Z/2017-01-02T16:00Z"/><Direction v="Z03"/><Quantity v="0"/><MeasureUnit v="KW1"/></Period><Period><TimeInterval v="2017-01-02T16:00Z/2017-01-02T17:00Z"/><Direction v="Z03"/><Quantity v="0"/><MeasureUnit v="KW1"/></Period><Period><TimeInterval v="2017-01-02T17:00Z/2017-01-02T18:00Z"/><Direction v="Z03"/><Quantity v="0"/><MeasureUnit v="KW1"/></Period><Period><TimeInterval v="2017-01-02T18:00Z/2017-01-02T19:00Z"/><Direction v="Z03"/><Quantity v="0"/><MeasureUnit v="KW1"/></Period><Period><TimeInterval v="2017-01-02T19:00Z/2017-01-02T20:00Z"/><Direction v="Z03"/><Quantity v="0"/><MeasureUnit v="KW1"/></Period><Period><TimeInterval v="2017-01-02T20:00Z/2017-01-02T21:00Z"/><Direction v="Z03"/><Quantity v="0"/><MeasureUnit v="KW1"/></Period><Period><TimeInterval v="2017-01-02T21:00Z/2017-01-02T22:00Z"/><Direction v="Z03"/><Quantity v="0"/><MeasureUnit v="KW1"/></Period><Period><TimeInterval v="2017-01-02T22:00Z/2017-01-02T23:00Z"/><Direction v="Z03"/><Quantity v="0"/><MeasureUnit v="KW1"/></Period><Period><TimeInterval v="2017-01-02T23:00Z/2017-01-03T00:00Z"/><Direction v="Z03"/><Quantity v="0"/><MeasureUnit v="KW1"/></Period><Period><TimeInterval v="2017-01-03T00:00Z/2017-01-03T01:00Z"/><Direction v="Z03"/><Quantity v="0"/><MeasureUnit v="KW1"/></Period><Period><TimeInterval v="2017-01-03T01:00Z/2017-01-03T02:00Z"/><Direction v="Z03"/><Quantity v="0"/><MeasureUnit v="KW1"/></Period><Period><TimeInterval v="2017-01-03T02:00Z/2017-01-03T03:00Z"/><Direction v="Z03"/><Quantity v="0"/><MeasureUnit v="KW1"/></Period><Period><TimeInterval v="2017-01-03T03:00Z/2017-01-03T04:00Z"/><Direction v="Z03"/><Quantity v="0"/><MeasureUnit v="KW1"/></Period><Period><TimeInterval v="2017-01-03T04:00Z/2017-01-03T05:00Z"/><Direction v="Z03"/><Quantity v="0"/><MeasureUnit v="KW1"/></Period></Category></ConnectionPoint><ConnectionPoint><Identification v="21Z000000000343P" codingScheme="305"/><Type v="Z31"/><Category><CapacityCode v="Z08"/><Period><TimeInterval v="2017-01-02T05:00Z/2017-01-02T06:00Z"/><Direction v="Z03"/><Quantity v="6642234"/><MeasureUnit v="KW1"/></Period><Period><TimeInterval v="2017-01-02T06:00Z/2017-01-02T07:00Z"/><Direction v="Z03"/><Quantity v="6888588"/><MeasureUnit v="KW1"/></Period><Period><TimeInterval v="2017-01-02T07:00Z/2017-01-02T08:00Z"/><Direction v="Z03"/><Quantity v="7154200"/><MeasureUnit v="KW1"/></Period><Period><TimeInterval v="2017-01-02T08:00Z/2017-01-02T09:00Z"/><Direction v="Z03"/><Quantity v="7337087"/><MeasureUnit v="KW1"/></Period><Period><TimeInterval v="2017-01-02T09:00Z/2017-01-02T10:00Z"/><Direction v="Z03"/><Quantity v="7751186"/><MeasureUnit v="KW1"/></Period><Period><TimeInterval v="2017-01-02T10:00Z/2017-01-02T11:00Z"/><Direction v="Z03"/><Quantity v="7831425"/><MeasureUnit v="KW1"/></Period><Period><TimeInterval v="2017-01-02T11:00Z/2017-01-02T12:00Z"/><Direction v="Z03"/><Quantity v="7783572"/><MeasureUnit v="KW1"/></Period><Period><TimeInterval v="2017-01-02T12:00Z/2017-01-02T13:00Z"/><Direction v="Z03"/><Quantity v="7711855"/><MeasureUnit v="KW1"/></Period><Period><TimeInterval v="2017-01-02T13:00Z/2017-01-02T14:00Z"/><Direction v="Z03"/><Quantity v="7797636"/><MeasureUnit v="KW1"/></Period><Period><TimeInterval v="2017-01-02T14:00Z/2017-01-02T15:00Z"/><Direction v="Z03"/><Quantity v="7782052"/><MeasureUnit v="KW1"/></Period><Period><TimeInterval v="2017-01-02T15:00Z/2017-01-02T16:00Z"/><Direction v="Z03"/><Quantity v="7763200"/><MeasureUnit v="KW1"/></Period><Period><TimeInterval v="2017-01-02T16:00Z/2017-01-02T17:00Z"/><Direction v="Z03"/><Quantity v="7728945"/><MeasureUnit v="KW1"/></Period><Period><TimeInterval v="2017-01-02T17:00Z/2017-01-02T18:00Z"/><Direction v="Z03"/><Quantity v="7661972"/><MeasureUnit v="KW1"/></Period><Period><TimeInterval v="2017-01-02T18:00Z/2017-01-02T19:00Z"/><Direction v="Z03"/><Quantity v="7698539"/><MeasureUnit v="KW1"/></Period><Period><TimeInterval v="2017-01-02T19:00Z/2017-01-02T20:00Z"/><Direction v="Z03"/><Quantity v="7645780"/><MeasureUnit v="KW1"/></Period><Period><TimeInterval v="2017-01-02T20:00Z/2017-01-02T21:00Z"/><Direction v="Z03"/><Quantity v="7269074"/><MeasureUnit v="KW1"/></Period><Period><TimeInterval v="2017-01-02T21:00Z/2017-01-02T22:00Z"/><Direction v="Z03"/><Quantity v="6765288"/><MeasureUnit v="KW1"/></Period><Period><TimeInterval v="2017-01-02T22:00Z/2017-01-02T23:00Z"/><Direction v="Z03"/><Quantity v="6071467"/><MeasureUnit v="KW1"/></Period><Period><TimeInterval v="2017-01-02T23:00Z/2017-01-03T00:00Z"/><Direction v="Z03"/><Quantity v="6022666"/><MeasureUnit v="KW1"/></Period><Period><TimeInterval v="2017-01-03T00:00Z/2017-01-03T01:00Z"/><Direction v="Z03"/><Quantity v="5706395"/><MeasureUnit v="KW1"/></Period><Period><TimeInterval v="2017-01-03T01:00Z/2017-01-03T02:00Z"/><Direction v="Z03"/><Quantity v="5523337"/><MeasureUnit v="KW1"/></Period><Period><TimeInterval v="2017-01-03T02:00Z/2017-01-03T03:00Z"/><Direction v="Z03"/><Quantity v="5648421"/><MeasureUnit v="KW1"/></Period><Period><TimeInterval v="2017-01-03T03:00Z/2017-01-03T04:00Z"/><Direction v="Z03"/><Quantity v="5826612"/><MeasureUnit v="KW1"/></Period><Period><TimeInterval v="2017-01-03T04:00Z/2017-01-03T05:00Z"/><Direction v="Z03"/><Quantity v="6364281"/><MeasureUnit v="KW1"/></Period></Category></ConnectionPoint></TransparencyPublication>