<?xml version="1.0" encoding="UTF-8"?><TransparencyPublication Version="EGAS50" Release="A"><Identification v="TRANPB20170104A104228"/><Version v="1"/><Type v="AL4"/><CreationDateTime v="2017-01-04T07:06:59.536Z"/><ValidityPeriod v="2016-12-20T05:00Z/2016-12-21T05:00Z"/><IssuerIdentification v="21X-DE-C-A0A0A-T" codingScheme="305"/><IssuerRole v="ZSO"/><RecipientIdentification v="10X1001A1001A353" codingScheme="305"/><RecipientRole v="ZUA"/><ConnectionPoint><Identification v="21Z000000000237O" codingScheme="305"/><Type v="Z26"/><Category><CapacityCode v="Z12"/><Period><TimeInterval v="2016-12-20T05:00Z/2016-12-20T06:00Z"/><Direction v="Z02"/><Quantity v="2285004"/><MeasureUnit v="KW1"/></Period><Period><TimeInterval v="2016-12-20T06:00Z/2016-12-20T07:00Z"/><Direction v="Z02"/><Quantity v="2285004"/><MeasureUnit v="KW1"/></Period><Period><TimeInterval v="2016-12-20T07:00Z/2016-12-20T08:00Z"/><Direction v="Z02"/><Quantity v="2285004"/><MeasureUnit v="KW1"/></Period><Period><TimeInterval v="2016-12-20T08:00Z/2016-12-20T09:00Z"/><Direction v="Z02"/><Quantity v="2285004"/><MeasureUnit v="KW1"/></Period><Period><TimeInterval v="2016-12-20T09:00Z/2016-12-20T10:00Z"/><Direction v="Z02"/><Quantity v="2285004"/><MeasureUnit v="KW1"/></Period><Period><TimeInterval v="2016-12-20T10:00Z/2016-12-20T11:00Z"/><Direction v="Z02"/><Quantity v="2285004"/><MeasureUnit v="KW1"/></Period><Period><TimeInterval v="2016-12-20T11:00Z/2016-12-20T12:00Z"/><Direction v="Z02"/><Quantity v="2285004"/><MeasureUnit v="KW1"/></Period><Period><TimeInterval v="2016-12-20T12:00Z/2016-12-20T13:00Z"/><Direction v="Z02"/><Quantity v="2285004"/><MeasureUnit v="KW1"/></Period><Period><TimeInterval v="2016-12-20T13:00Z/2016-12-20T14:00Z"/><Direction v="Z02"/><Quantity v="2285004"/><MeasureUnit v="KW1"/></Period><Period><TimeInterval v="2016-12-20T14:00Z/2016-12-20T15:00Z"/><Direction v="Z02"/><Quantity v="2285004"/><MeasureUnit v="KW1"/></Period><Period><TimeInterval v="2016-12-20T15:00Z/2016-12-20T16:00Z"/><Direction v="Z02"/><Quantity v="2285004"/><MeasureUnit v="KW1"/></Period><Period><TimeInterval v="2016-12-20T16:00Z/2016-12-20T17:00Z"/><Direction v="Z02"/><Quantity v="2285004"/><MeasureUnit v="KW1"/></Period><Period><TimeInterval v="2016-12-20T17:00Z/2016-12-20T18:00Z"/><Direction v="Z02"/><Quantity v="2285004"/><MeasureUnit v="KW1"/></Period><Period><TimeInterval v="2016-12-20T18:00Z/2016-12-20T19:00Z"/><Direction v="Z02"/><Quantity v="2285004"/><MeasureUnit v="KW1"/></Period><Period><TimeInterval v="2016-12-20T19:00Z/2016-12-20T20:00Z"/><Direction v="Z02"/><Quantity v="2285071"/><MeasureUnit v="KW1"/></Period><Period><TimeInterval v="2016-12-20T20:00Z/2016-12-20T21:00Z"/><Direction v="Z02"/><Quantity v="2285071"/><MeasureUnit v="KW1"/></Period><Period><TimeInterval v="2016-12-20T21:00Z/2016-12-20T22:00Z"/><Direction v="Z02"/><Quantity v="2285071"/><MeasureUnit v="KW1"/></Period><Period><TimeInterval v="2016-12-20T22:00Z/2016-12-20T23:00Z"/><Direction v="Z02"/><Quantity v="2285071"/><MeasureUnit v="KW1"/></Period><Period><TimeInterval v="2016-12-20T23:00Z/2016-12-21T00:00Z"/><Direction v="Z02"/><Quantity v="2285071"/><MeasureUnit v="KW1"/></Period><Period><TimeInterval v="2016-12-21T00:00Z/2016-12-21T01:00Z"/><Direction v="Z02"/><Quantity v="2285071"/><MeasureUnit v="KW1"/></Period><Period><TimeInterval v="2016-12-21T01:00Z/2016-12-21T02:00Z"/><Direction v="Z02"/><Quantity v="2285071"/><MeasureUnit v="KW1"/></Period><Period><TimeInterval v="2016-12-21T02:00Z/2016-12-21T03:00Z"/><Direction v="Z02"/><Quantity v="2285071"/><MeasureUnit v="KW1"/></Period><Period><TimeInterval v="2016-12-21T03:00Z/2016-12-21T04:00Z"/><Direction v="Z02"/><Quantity v="2285071"/><MeasureUnit v="KW1"/></Period><Period><TimeInterval v="2016-12-21T04:00Z/2016-12-21T05:00Z"/><Direction v="Z02"/><Quantity v="2285073"/><MeasureUnit v="KW1"/></Period><Period><TimeInterval v="2016-12-20T05:00Z/2016-12-20T06:00Z"/><Direction v="Z03"/><Quantity v="149"/><MeasureUnit v="KW1"/></Period><Period><TimeInterval v="2016-12-20T06:00Z/2016-12-20T07:00Z"/><Direction v="Z03"/><Quantity v="149"/><MeasureUnit v="KW1"/></Period><Period><TimeInterval v="2016-12-20T07:00Z/2016-12-20T08:00Z"/><Direction v="Z03"/><Quantity v="149"/><MeasureUnit v="KW1"/></Period><Period><TimeInterval v="2016-12-20T08:00Z/2016-12-20T09:00Z"/><Direction v="Z03"/><Quantity v="149"/><MeasureUnit v="KW1"/></Period><Period><TimeInterval v="2016-12-20T09:00Z/2016-12-20T10:00Z"/><Direction v="Z03"/><Quantity v="149"/><MeasureUnit v="KW1"/></Period><Period><TimeInterval v="2016-12-20T10:00Z/2016-12-20T11:00Z"/><Direction v="Z03"/><Quantity v="149"/><MeasureUnit v="KW1"/></Period><Period><TimeInterval v="2016-12-20T11:00Z/2016-12-20T12:00Z"/><Direction v="Z03"/><Quantity v="149"/><MeasureUnit v="KW1"/></Period><Period><TimeInterval v="2016-12-20T12:00Z/2016-12-20T13:00Z"/><Direction v="Z03"/><Quantity v="149"/><MeasureUnit v="KW1"/></Period><Period><TimeInterval v="2016-12-20T13:00Z/2016-12-20T14:00Z"/><Direction v="Z03"/><Quantity v="149"/><MeasureUnit v="KW1"/></Period><Period><TimeInterval v="2016-12-20T14:00Z/2016-12-20T15:00Z"/><Direction v="Z03"/><Quantity v="149"/><MeasureUnit v="KW1"/></Period><Period><TimeInterval v="2016-12-20T15:00Z/2016-12-20T16:00Z"/><Direction v="Z03"/><Quantity v="149"/><MeasureUnit v="KW1"/></Period><Period><TimeInterval v="2016-12-20T16:00Z/2016-12-20T17:00Z"/><Direction v="Z03"/><Quantity v="149"/><MeasureUnit v="KW1"/></Period><Period><TimeInterval v="2016-12-20T17:00Z/2016-12-20T18:00Z"/><Direction v="Z03"/><Quantity v="149"/><MeasureUnit v="KW1"/></Period><Period><TimeInterval v="2016-12-20T18:00Z/2016-12-20T19:00Z"/><Direction v="Z03"/><Quantity v="149"/><MeasureUnit v="KW1"/></Period><Period><TimeInterval v="2016-12-20T19:00Z/2016-12-20T20:00Z"/><Direction v="Z03"/><Quantity v="149"/><MeasureUnit v="KW1"/></Period><Period><TimeInterval v="2016-12-20T20:00Z/2016-12-20T21:00Z"/><Direction v="Z03"/><Quantity v="149"/><MeasureUnit v="KW1"/></Period><Period><TimeInterval v="2016-12-20T21:00Z/2016-12-20T22:00Z"/><Direction v="Z03"/><Quantity v="149"/><MeasureUnit v="KW1"/></Period><Period><TimeInterval v="2016-12-20T22:00Z/2016-12-20T23:00Z"/><Direction v="Z03"/><Quantity v="149"/><MeasureUnit v="KW1"/></Period><Period><TimeInterval v="2016-12-20T23:00Z/2016-12-21T00:00Z"/><Direction v="Z03"/><Quantity v="149"/><MeasureUnit v="KW1"/></Period><Period><TimeInterval v="2016-12-21T00:00Z/2016-12-21T01:00Z"/><Direction v="Z03"/><Quantity v="149"/><MeasureUnit v="KW1"/></Period><Period><TimeInterval v="2016-12-21T01:00Z/2016-12-21T02:00Z"/><Direction v="Z03"/><Quantity v="149"/><MeasureUnit v="KW1"/></Period><Period><TimeInterval v="2016-12-21T02:00Z/2016-12-21T03:00Z"/><Direction v="Z03"/><Quantity v="149"/><MeasureUnit v="KW1"/></Period><Period><TimeInterval v="2016-12-21T03:00Z/2016-12-21T04:00Z"/><Direction v="Z03"/><Quantity v="149"/><MeasureUnit v="KW1"/></Period><Period><TimeInterval v="2016-12-21T04:00Z/2016-12-21T05:00Z"/><Direction v="Z03"/><Quantity v="149"/><MeasureUnit v="KW1"/></Period></Category><Category><CapacityCode v="Z14"/><Period><TimeInterval v="2016-12-20T05:00Z/2016-12-20T06:00Z"/><Direction v="Z02"/><Quantity v="2284991"/><MeasureUnit v="KW1"/></Period><Period><TimeInterval v="2016-12-20T06:00Z/2016-12-20T07:00Z"/><Direction v="Z02"/><Quantity v="2284991"/><MeasureUnit v="KW1"/></Period><Period><TimeInterval v="2016-12-20T07:00Z/2016-12-20T08:00Z"/><Direction v="Z02"/><Quantity v="2284991"/><MeasureUnit v="KW1"/></Period><Period><TimeInterval v="2016-12-20T08:00Z/2016-12-20T09:00Z"/><Direction v="Z02"/><Quantity v="2284991"/><MeasureUnit v="KW1"/></Period><Period><TimeInterval v="2016-12-20T09:00Z/2016-12-20T10:00Z"/><Direction v="Z02"/><Quantity v="2284991"/><MeasureUnit v="KW1"/></Period><Period><TimeInterval v="2016-12-20T10:00Z/2016-12-20T11:00Z"/><Direction v="Z02"/><Quantity v="2284991"/><MeasureUnit v="KW1"/></Period><Period><TimeInterval v="2016-12-20T11:00Z/2016-12-20T12:00Z"/><Direction v="Z02"/><Quantity v="2284991"/><MeasureUnit v="KW1"/></Period><Period><TimeInterval v="2016-12-20T12:00Z/2016-12-20T13:00Z"/><Direction v="Z02"/><Quantity v="2284991"/><MeasureUnit v="KW1"/></Period><Period><TimeInterval v="2016-12-20T13:00Z/2016-12-20T14:00Z"/><Direction v="Z02"/><Quantity v="2284991"/><MeasureUnit v="KW1"/></Period><Period><TimeInterval v="2016-12-20T14:00Z/2016-12-20T15:00Z"/><Direction v="Z02"/><Quantity v="2284991"/><MeasureUnit v="KW1"/></Period><Period><TimeInterval v="2016-12-20T15:00Z/2016-12-20T16:00Z"/><Direction v="Z02"/><Quantity v="2284991"/><MeasureUnit v="KW1"/></Period><Period><TimeInterval v="2016-12-20T16:00Z/2016-12-20T17:00Z"/><Direction v="Z02"/><Quantity v="2284991"/><MeasureUnit v="KW1"/></Period><Period><TimeInterval v="2016-12-20T17:00Z/2016-12-20T18:00Z"/><Direction v="Z02"/><Quantity v="2284991"/><MeasureUnit v="KW1"/></Period><Period><TimeInterval v="2016-12-20T18:00Z/2016-12-20T19:00Z"/><Direction v="Z02"/><Quantity v="2284991"/><MeasureUnit v="KW1"/></Period><Period><TimeInterval v="2016-12-20T19:00Z/2016-12-20T20:00Z"/><Direction v="Z02"/><Quantity v="2284991"/><MeasureUnit v="KW1"/></Period><Period><TimeInterval v="2016-12-20T20:00Z/2016-12-20T21:00Z"/><Direction v="Z02"/><Quantity v="2284991"/><MeasureUnit v="KW1"/></Period><Period><TimeInterval v="2016-12-20T21:00Z/2016-12-20T22:00Z"/><Direction v="Z02"/><Quantity v="2284991"/><MeasureUnit v="KW1"/></Period><Period><TimeInterval v="2016-12-20T22:00Z/2016-12-20T23:00Z"/><Direction v="Z02"/><Quantity v="2284991"/><MeasureUnit v="KW1"/></Period><Period><TimeInterval v="2016-12-20T23:00Z/2016-12-21T00:00Z"/><Direction v="Z02"/><Quantity v="2284991"/><MeasureUnit v="KW1"/></Period><Period><TimeInterval v="2016-12-21T00:00Z/2016-12-21T01:00Z"/><Direction v="Z02"/><Quantity v="2284991"/><MeasureUnit v="KW1"/></Period><Period><TimeInterval v="2016-12-21T01:00Z/2016-12-21T02:00Z"/><Direction v="Z02"/><Quantity v="2284991"/><MeasureUnit v="KW1"/></Period><Period><TimeInterval v="2016-12-21T02:00Z/2016-12-21T03:00Z"/><Direction v="Z02"/><Quantity v="2284991"/><MeasureUnit v="KW1"/></Period><Period><TimeInterval v="2016-12-21T03:00Z/2016-12-21T04:00Z"/><Direction v="Z02"/><Quantity v="2284991"/><MeasureUnit v="KW1"/></Period><Period><TimeInterval v="2016-12-21T04:00Z/2016-12-21T05:00Z"/><Direction v="Z02"/><Quantity v="2284991"/><MeasureUnit v="KW1"/></Period><Period><TimeInterval v="2016-12-20T05:00Z/2016-12-20T06:00Z"/><Direction v="Z03"/><Quantity v="149"/><MeasureUnit v="KW1"/></Period><Period><TimeInterval v="2016-12-20T06:00Z/2016-12-20T07:00Z"/><Direction v="Z03"/><Quantity v="149"/><MeasureUnit v="KW1"/></Period><Period><TimeInterval v="2016-12-20T07:00Z/2016-12-20T08:00Z"/><Direction v="Z03"/><Quantity v="149"/><MeasureUnit v="KW1"/></Period><Period><TimeInterval v="2016-12-20T08:00Z/2016-12-20T09:00Z"/><Direction v="Z03"/><Quantity v="149"/><MeasureUnit v="KW1"/></Period><Period><TimeInterval v="2016-12-20T09:00Z/2016-12-20T10:00Z"/><Direction v="Z03"/><Quantity v="149"/><MeasureUnit v="KW1"/></Period><Period><TimeInterval v="2016-12-20T10:00Z/2016-12-20T11:00Z"/><Direction v="Z03"/><Quantity v="149"/><MeasureUnit v="KW1"/></Period><Period><TimeInterval v="2016-12-20T11:00Z/2016-12-20T12:00Z"/><Direction v="Z03"/><Quantity v="149"/><MeasureUnit v="KW1"/></Period><Period><TimeInterval v="2016-12-20T12:00Z/2016-12-20T13:00Z"/><Direction v="Z03"/><Quantity v="149"/><MeasureUnit v="KW1"/></Period><Period><TimeInterval v="2016-12-20T13:00Z/2016-12-20T14:00Z"/><Direction v="Z03"/><Quantity v="149"/><MeasureUnit v="KW1"/></Period><Period><TimeInterval v="2016-12-20T14:00Z/2016-12-20T15:00Z"/><Direction v="Z03"/><Quantity v="149"/><MeasureUnit v="KW1"/></Period><Period><TimeInterval v="2016-12-20T15:00Z/2016-12-20T16:00Z"/><Direction v="Z03"/><Quantity v="149"/><MeasureUnit v="KW1"/></Period><Period><TimeInterval v="2016-12-20T16:00Z/2016-12-20T17:00Z"/><Direction v="Z03"/><Quantity v="149"/><MeasureUnit v="KW1"/></Period><Period><TimeInterval v="2016-12-20T17:00Z/2016-12-20T18:00Z"/><Direction v="Z03"/><Quantity v="149"/><MeasureUnit v="KW1"/></Period><Period><TimeInterval v="2016-12-20T18:00Z/2016-12-20T19:00Z"/><Direction v="Z03"/><Quantity v="149"/><MeasureUnit v="KW1"/></Period><Period><TimeInterval v="2016-12-20T19:00Z/2016-12-20T20:00Z"/><Direction v="Z03"/><Quantity v="149"/><MeasureUnit v="KW1"/></Period><Period><TimeInterval v="2016-12-20T20:00Z/2016-12-20T21:00Z"/><Direction v="Z03"/><Quantity v="149"/><MeasureUnit v="KW1"/></Period><Period><TimeInterval v="2016-12-20T21:00Z/2016-12-20T22:00Z"/><Direction v="Z03"/><Quantity v="149"/><MeasureUnit v="KW1"/></Period><Period><TimeInterval v="2016-12-20T22:00Z/2016-12-20T23:00Z"/><Direction v="Z03"/><Quantity v="149"/><MeasureUnit v="KW1"/></Period><Period><TimeInterval v="2016-12-20T23:00Z/2016-12-21T00:00Z"/><Direction v="Z03"/><Quantity v="149"/><MeasureUnit v="KW1"/></Period><Period><TimeInterval v="2016-12-21T00:00Z/2016-12-21T01:00Z"/><Direction v="Z03"/><Quantity v="149"/><MeasureUnit v="KW1"/></Period><Period><TimeInterval v="2016-12-21T01:00Z/2016-12-21T02:00Z"/><Direction v="Z03"/><Quantity v="149"/><MeasureUnit v="KW1"/></Period><Period><TimeInterval v="2016-12-21T02:00Z/2016-12-21T03:00Z"/><Direction v="Z03"/><Quantity v="149"/><MeasureUnit v="KW1"/></Period><Period><TimeInterval v="2016-12-21T03:00Z/2016-12-21T04:00Z"/><Direction v="Z03"/><Quantity v="149"/><MeasureUnit v="KW1"/></Period><Period><TimeInterval v="2016-12-21T04:00Z/2016-12-21T05:00Z"/><Direction v="Z03"/><Quantity v="149"/><MeasureUnit v="KW1"/></Period></Category><Category><CapacityCode v="Z15"/><Period><TimeInterval v="2016-12-20T05:00Z/2016-12-20T06:00Z"/><Direction v="Z02"/><Quantity v="0"/><MeasureUnit v="KW1"/></Period><Period><TimeInterval v="2016-12-20T06:00Z/2016-12-20T07:00Z"/><Direction v="Z02"/><Quantity v="0"/><MeasureUnit v="KW1"/></Period><Period><TimeInterval v="2016-12-20T07:00Z/2016-12-20T08:00Z"/><Direction v="Z02"/><Quantity v="0"/><MeasureUnit v="KW1"/></Period><Period><TimeInterval v="2016-12-20T08:00Z/2016-12-20T09:00Z"/><Direction v="Z02"/><Quantity v="0"/><MeasureUnit v="KW1"/></Period><Period><TimeInterval v="2016-12-20T09:00Z/2016-12-20T10:00Z"/><Direction v="Z02"/><Quantity v="0"/><MeasureUnit v="KW1"/></Period><Period><TimeInterval v="2016-12-20T10:00Z/2016-12-20T11:00Z"/><Direction v="Z02"/><Quantity v="0"/><MeasureUnit v="KW1"/></Period><Period><TimeInterval v="2016-12-20T11:00Z/2016-12-20T12:00Z"/><Direction v="Z02"/><Quantity v="0"/><MeasureUnit v="KW1"/></Period><Period><TimeInterval v="2016-12-20T12:00Z/2016-12-20T13:00Z"/><Direction v="Z02"/><Quantity v="0"/><MeasureUnit v="KW1"/></Period><Period><TimeInterval v="2016-12-20T13:00Z/2016-12-20T14:00Z"/><Direction v="Z02"/><Quantity v="0"/><MeasureUnit v="KW1"/></Period><Period><TimeInterval v="2016-12-20T14:00Z/2016-12-20T15:00Z"/><Direction v="Z02"/><Quantity v="0"/><MeasureUnit v="KW1"/></Period><Period><TimeInterval v="2016-12-20T15:00Z/2016-12-20T16:00Z"/><Direction v="Z02"/><Quantity v="0"/><MeasureUnit v="KW1"/></Period><Period><TimeInterval v="2016-12-20T16:00Z/2016-12-20T17:00Z"/><Direction v="Z02"/><Quantity v="0"/><MeasureUnit v="KW1"/></Period><Period><TimeInterval v="2016-12-20T17:00Z/2016-12-20T18:00Z"/><Direction v="Z02"/><Quantity v="0"/><MeasureUnit v="KW1"/></Period><Period><TimeInterval v="2016-12-20T18:00Z/2016-12-20T19:00Z"/><Direction v="Z02"/><Quantity v="0"/><MeasureUnit v="KW1"/></Period><Period><TimeInterval v="2016-12-20T19:00Z/2016-12-20T20:00Z"/><Direction v="Z02"/><Quantity v="0"/><MeasureUnit v="KW1"/></Period><Period><TimeInterval v="2016-12-20T20:00Z/2016-12-20T21:00Z"/><Direction v="Z02"/><Quantity v="0"/><MeasureUnit v="KW1"/></Period><Period><TimeInterval v="2016-12-20T21:00Z/2016-12-20T22:00Z"/><Direction v="Z02"/><Quantity v="0"/><MeasureUnit v="KW1"/></Period><Period><TimeInterval v="2016-12-20T22:00Z/2016-12-20T23:00Z"/><Direction v="Z02"/><Quantity v="0"/><MeasureUnit v="KW1"/></Period><Period><TimeInterval v="2016-12-20T23:00Z/2016-12-21T00:00Z"/><Direction v="Z02"/><Quantity v="0"/><MeasureUnit v="KW1"/></Period><Period><TimeInterval v="2016-12-21T00:00Z/2016-12-21T01:00Z"/><Direction v="Z02"/><Quantity v="0"/><MeasureUnit v="KW1"/></Period><Period><TimeInterval v="2016-12-21T01:00Z/2016-12-21T02:00Z"/><Direction v="Z02"/><Quantity v="0"/><MeasureUnit v="KW1"/></Period><Period><TimeInterval v="2016-12-21T02:00Z/2016-12-21T03:00Z"/><Direction v="Z02"/><Quantity v="0"/><MeasureUnit v="KW1"/></Period><Period><TimeInterval v="2016-12-21T03:00Z/2016-12-21T04:00Z"/><Direction v="Z02"/><Quantity v="0"/><MeasureUnit v="KW1"/></Period><Period><TimeInterval v="2016-12-21T04:00Z/2016-12-21T05:00Z"/><Direction v="Z02"/><Quantity v="0"/><MeasureUnit v="KW1"/></Period><Period><TimeInterval v="2016-12-20T05:00Z/2016-12-20T06:00Z"/><Direction v="Z03"/><Quantity v="0"/><MeasureUnit v="KW1"/></Period><Period><TimeInterval v="2016-12-20T06:00Z/2016-12-20T07:00Z"/><Direction v="Z03"/><Quantity v="0"/><MeasureUnit v="KW1"/></Period><Period><TimeInterval v="2016-12-20T07:00Z/2016-12-20T08:00Z"/><Direction v="Z03"/><Quantity v="0"/><MeasureUnit v="KW1"/></Period><Period><TimeInterval v="2016-12-20T08:00Z/2016-12-20T09:00Z"/><Direction v="Z03"/><Quantity v="0"/><MeasureUnit v="KW1"/></Period><Period><TimeInterval v="2016-12-20T09:00Z/2016-12-20T10:00Z"/><Direction v="Z03"/><Quantity v="0"/><MeasureUnit v="KW1"/></Period><Period><TimeInterval v="2016-12-20T10:00Z/2016-12-20T11:00Z"/><Direction v="Z03"/><Quantity v="0"/><MeasureUnit v="KW1"/></Period><Period><TimeInterval v="2016-12-20T11:00Z/2016-12-20T12:00Z"/><Direction v="Z03"/><Quantity v="0"/><MeasureUnit v="KW1"/></Period><Period><TimeInterval v="2016-12-20T12:00Z/2016-12-20T13:00Z"/><Direction v="Z03"/><Quantity v="0"/><MeasureUnit v="KW1"/></Period><Period><TimeInterval v="2016-12-20T13:00Z/2016-12-20T14:00Z"/><Direction v="Z03"/><Quantity v="0"/><MeasureUnit v="KW1"/></Period><Period><TimeInterval v="2016-12-20T14:00Z/2016-12-20T15:00Z"/><Direction v="Z03"/><Quantity v="0"/><MeasureUnit v="KW1"/></Period><Period><TimeInterval v="2016-12-20T15:00Z/2016-12-20T16:00Z"/><Direction v="Z03"/><Quantity v="0"/><MeasureUnit v="KW1"/></Period><Period><TimeInterval v="2016-12-20T16:00Z/2016-12-20T17:00Z"/><Direction v="Z03"/><Quantity v="0"/><MeasureUnit v="KW1"/></Period><Period><TimeInterval v="2016-12-20T17:00Z/2016-12-20T18:00Z"/><Direction v="Z03"/><Quantity v="0"/><MeasureUnit v="KW1"/></Period><Period><TimeInterval v="2016-12-20T18:00Z/2016-12-20T19:00Z"/><Direction v="Z03"/><Quantity v="0"/><MeasureUnit v="KW1"/></Period><Period><TimeInterval v="2016-12-20T19:00Z/2016-12-20T20:00Z"/><Direction v="Z03"/><Quantity v="0"/><MeasureUnit v="KW1"/></Period><Period><TimeInterval v="2016-12-20T20:00Z/2016-12-20T21:00Z"/><Direction v="Z03"/><Quantity v="0"/><MeasureUnit v="KW1"/></Period><Period><TimeInterval v="2016-12-20T21:00Z/2016-12-20T22:00Z"/><Direction v="Z03"/><Quantity v="0"/><MeasureUnit v="KW1"/></Period><Period><TimeInterval v="2016-12-20T22:00Z/2016-12-20T23:00Z"/><Direction v="Z03"/><Quantity v="0"/><MeasureUnit v="KW1"/></Period><Period><TimeInterval v="2016-12-20T23:00Z/2016-12-21T00:00Z"/><Direction v="Z03"/><Quantity v="0"/><MeasureUnit v="KW1"/></Period><Period><TimeInterval v="2016-12-21T00:00Z/2016-12-21T01:00Z"/><Direction v="Z03"/><Quantity v="0"/><MeasureUnit v="KW1"/></Period><Period><TimeInterval v="2016-12-21T01:00Z/2016-12-21T02:00Z"/><Direction v="Z03"/><Quantity v="0"/><MeasureUnit v="KW1"/></Period><Period><TimeInterval v="2016-12-21T02:00Z/2016-12-21T03:00Z"/><Direction v="Z03"/><Quantity v="0"/><MeasureUnit v="KW1"/></Period><Period><TimeInterval v="2016-12-21T03:00Z/2016-12-21T04:00Z"/><Direction v="Z03"/><Quantity v="0"/><MeasureUnit v="KW1"/></Period><Period><TimeInterval v="2016-12-21T04:00Z/2016-12-21T05:00Z"/><Direction v="Z03"/><Quantity v="0"/><MeasureUnit v="KW1"/></Period></Category></ConnectionPoint><ConnectionPoint><Identification v="37Z000000001078I" codingScheme="305"/><Type v="Z26"/><Category><CapacityCode v="Z12"/><Period><TimeInterval v="2016-12-20T05:00Z/2016-12-20T06:00Z"/><Direction v="Z02"/><Quantity v="2775000"/><MeasureUnit v="KW1"/></Period><Period><TimeInterval v="2016-12-20T06:00Z/2016-12-20T07:00Z"/><Direction v="Z02"/><Quantity v="2775000"/><MeasureUnit v="KW1"/></Period><Period><TimeInterval v="2016-12-20T07:00Z/2016-12-20T08:00Z"/><Direction v="Z02"/><Quantity v="2775000"/><MeasureUnit v="KW1"/></Period><Period><TimeInterval v="2016-12-20T08:00Z/2016-12-20T09:00Z"/><Direction v="Z02"/><Quantity v="2775000"/><MeasureUnit v="KW1"/></Period><Period><TimeInterval v="2016-12-20T09:00Z/2016-12-20T10:00Z"/><Direction v="Z02"/><Quantity v="2775000"/><MeasureUnit v="KW1"/></Period><Period><TimeInterval v="2016-12-20T10:00Z/2016-12-20T11:00Z"/><Direction v="Z02"/><Quantity v="2775000"/><MeasureUnit v="KW1"/></Period><Period><TimeInterval v="2016-12-20T11:00Z/2016-12-20T12:00Z"/><Direction v="Z02"/><Quantity v="2775000"/><MeasureUnit v="KW1"/></Period><Period><TimeInterval v="2016-12-20T12:00Z/2016-12-20T13:00Z"/><Direction v="Z02"/><Quantity v="2775000"/><MeasureUnit v="KW1"/></Period><Period><TimeInterval v="2016-12-20T13:00Z/2016-12-20T14:00Z"/><Direction v="Z02"/><Quantity v="2775000"/><MeasureUnit v="KW1"/></Period><Period><TimeInterval v="2016-12-20T14:00Z/2016-12-20T15:00Z"/><Direction v="Z02"/><Quantity v="2775000"/><MeasureUnit v="KW1"/></Period><Period><TimeInterval v="2016-12-20T15:00Z/2016-12-20T16:00Z"/><Direction v="Z02"/><Quantity v="2775000"/><MeasureUnit v="KW1"/></Period><Period><TimeInterval v="2016-12-20T16:00Z/2016-12-20T17:00Z"/><Direction v="Z02"/><Quantity v="2775000"/><MeasureUnit v="KW1"/></Period><Period><TimeInterval v="2016-12-20T17:00Z/2016-12-20T18:00Z"/><Direction v="Z02"/><Quantity v="2775000"/><MeasureUnit v="KW1"/></Period><Period><TimeInterval v="2016-12-20T18:00Z/2016-12-20T19:00Z"/><Direction v="Z02"/><Quantity v="2775000"/><MeasureUnit v="KW1"/></Period><Period><TimeInterval v="2016-12-20T19:00Z/2016-12-20T20:00Z"/><Direction v="Z02"/><Quantity v="2775000"/><MeasureUnit v="KW1"/></Period><Period><TimeInterval v="2016-12-20T20:00Z/2016-12-20T21:00Z"/><Direction v="Z02"/><Quantity v="2775000"/><MeasureUnit v="KW1"/></Period><Period><TimeInterval v="2016-12-20T21:00Z/2016-12-20T22:00Z"/><Direction v="Z02"/><Quantity v="2775000"/><MeasureUnit v="KW1"/></Period><Period><TimeInterval v="2016-12-20T22:00Z/2016-12-20T23:00Z"/><Direction v="Z02"/><Quantity v="2775000"/><MeasureUnit v="KW1"/></Period><Period><TimeInterval v="2016-12-20T23:00Z/2016-12-21T00:00Z"/><Direction v="Z02"/><Quantity v="2775000"/><MeasureUnit v="KW1"/></Period><Period><TimeInterval v="2016-12-21T00:00Z/2016-12-21T01:00Z"/><Direction v="Z02"/><Quantity v="2775000"/><MeasureUnit v="KW1"/></Period><Period><TimeInterval v="2016-12-21T01:00Z/2016-12-21T02:00Z"/><Direction v="Z02"/><Quantity v="2775000"/><MeasureUnit v="KW1"/></Period><Period><TimeInterval v="2016-12-21T02:00Z/2016-12-21T03:00Z"/><Direction v="Z02"/><Quantity v="2775000"/><MeasureUnit v="KW1"/></Period><Period><TimeInterval v="2016-12-21T03:00Z/2016-12-21T04:00Z"/><Direction v="Z02"/><Quantity v="2775000"/><MeasureUnit v="KW1"/></Period><Period><TimeInterval v="2016-12-21T04:00Z/2016-12-21T05:00Z"/><Direction v="Z02"/><Quantity v="2775000"/><MeasureUnit v="KW1"/></Period></Category><Category><CapacityCode v="Z14"/><Period><TimeInterval v="2016-12-20T05:00Z/2016-12-20T06:00Z"/><Direction v="Z02"/><Quantity v="2775000"/><MeasureUnit v="KW1"/></Period><Period><TimeInterval v="2016-12-20T06:00Z/2016-12-20T07:00Z"/><Direction v="Z02"/><Quantity v="2775000"/><MeasureUnit v="KW1"/></Period><Period><TimeInterval v="2016-12-20T07:00Z/2016-12-20T08:00Z"/><Direction v="Z02"/><Quantity v="2775000"/><MeasureUnit v="KW1"/></Period><Period><TimeInterval v="2016-12-20T08:00Z/2016-12-20T09:00Z"/><Direction v="Z02"/><Quantity v="2775000"/><MeasureUnit v="KW1"/></Period><Period><TimeInterval v="2016-12-20T09:00Z/2016-12-20T10:00Z"/><Direction v="Z02"/><Quantity v="2775000"/><MeasureUnit v="KW1"/></Period><Period><TimeInterval v="2016-12-20T10:00Z/2016-12-20T11:00Z"/><Direction v="Z02"/><Quantity v="2775000"/><MeasureUnit v="KW1"/></Period><Period><TimeInterval v="2016-12-20T11:00Z/2016-12-20T12:00Z"/><Direction v="Z02"/><Quantity v="2775000"/><MeasureUnit v="KW1"/></Period><Period><TimeInterval v="2016-12-20T12:00Z/2016-12-20T13:00Z"/><Direction v="Z02"/><Quantity v="2775000"/><MeasureUnit v="KW1"/></Period><Period><TimeInterval v="2016-12-20T13:00Z/2016-12-20T14:00Z"/><Direction v="Z02"/><Quantity v="2775000"/><MeasureUnit v="KW1"/></Period><Period><TimeInterval v="2016-12-20T14:00Z/2016-12-20T15:00Z"/><Direction v="Z02"/><Quantity v="2775000"/><MeasureUnit v="KW1"/></Period><Period><TimeInterval v="2016-12-20T15:00Z/2016-12-20T16:00Z"/><Direction v="Z02"/><Quantity v="2775000"/><MeasureUnit v="KW1"/></Period><Period><TimeInterval v="2016-12-20T16:00Z/2016-12-20T17:00Z"/><Direction v="Z02"/><Quantity v="2775000"/><MeasureUnit v="KW1"/></Period><Period><TimeInterval v="2016-12-20T17:00Z/2016-12-20T18:00Z"/><Direction v="Z02"/><Quantity v="2775000"/><MeasureUnit v="KW1"/></Period><Period><TimeInterval v="2016-12-20T18:00Z/2016-12-20T19:00Z"/><Direction v="Z02"/><Quantity v="2775000"/><MeasureUnit v="KW1"/></Period><Period><TimeInterval v="2016-12-20T19:00Z/2016-12-20T20:00Z"/><Direction v="Z02"/><Quantity v="2775000"/><MeasureUnit v="KW1"/></Period><Period><TimeInterval v="2016-12-20T20:00Z/2016-12-20T21:00Z"/><Direction v="Z02"/><Quantity v="2775000"/><MeasureUnit v="KW1"/></Period><Period><TimeInterval v="2016-12-20T21:00Z/2016-12-20T22:00Z"/><Direction v="Z02"/><Quantity v="2775000"/><MeasureUnit v="KW1"/></Period><Period><TimeInterval v="2016-12-20T22:00Z/2016-12-20T23:00Z"/><Direction v="Z02"/><Quantity v="2775000"/><MeasureUnit v="KW1"/></Period><Period><TimeInterval v="2016-12-20T23:00Z/2016-12-21T00:00Z"/><Direction v="Z02"/><Quantity v="2775000"/><MeasureUnit v="KW1"/></Period><Period><TimeInterval v="2016-12-21T00:00Z/2016-12-21T01:00Z"/><Direction v="Z02"/><Quantity v="2775000"/><MeasureUnit v="KW1"/></Period><Period><TimeInterval v="2016-12-21T01:00Z/2016-12-21T02:00Z"/><Direction v="Z02"/><Quantity v="2775000"/><MeasureUnit v="KW1"/></Period><Period><TimeInterval v="2016-12-21T02:00Z/2016-12-21T03:00Z"/><Direction v="Z02"/><Quantity v="2775000"/><MeasureUnit v="KW1"/></Period><Period><TimeInterval v="2016-12-21T03:00Z/2016-12-21T04:00Z"/><Direction v="Z02"/><Quantity v="2775000"/><MeasureUnit v="KW1"/></Period><Period><TimeInterval v="2016-12-21T04:00Z/2016-12-21T05:00Z"/><Direction v="Z02"/><Quantity v="2775000"/><MeasureUnit v="KW1"/></Period></Category><Category><CapacityCode v="Z15"/><Period><TimeInterval v="2016-12-20T05:00Z/2016-12-20T06:00Z"/><Direction v="Z02"/><Quantity v="0"/><MeasureUnit v="KW1"/></Period><Period><TimeInterval v="2016-12-20T06:00Z/2016-12-20T07:00Z"/><Direction v="Z02"/><Quantity v="0"/><MeasureUnit v="KW1"/></Period><Period><TimeInterval v="2016-12-20T07:00Z/2016-12-20T08:00Z"/><Direction v="Z02"/><Quantity v="0"/><MeasureUnit v="KW1"/></Period><Period><TimeInterval v="2016-12-20T08:00Z/2016-12-20T09:00Z"/><Direction v="Z02"/><Quantity v="0"/><MeasureUnit v="KW1"/></Period><Period><TimeInterval v="2016-12-20T09:00Z/2016-12-20T10:00Z"/><Direction v="Z02"/><Quantity v="0"/><MeasureUnit v="KW1"/></Period><Period><TimeInterval v="2016-12-20T10:00Z/2016-12-20T11:00Z"/><Direction v="Z02"/><Quantity v="0"/><MeasureUnit v="KW1"/></Period><Period><TimeInterval v="2016-12-20T11:00Z/2016-12-20T12:00Z"/><Direction v="Z02"/><Quantity v="0"/><MeasureUnit v="KW1"/></Period><Period><TimeInterval v="2016-12-20T12:00Z/2016-12-20T13:00Z"/><Direction v="Z02"/><Quantity v="0"/><MeasureUnit v="KW1"/></Period><Period><TimeInterval v="2016-12-20T13:00Z/2016-12-20T14:00Z"/><Direction v="Z02"/><Quantity v="0"/><MeasureUnit v="KW1"/></Period><Period><TimeInterval v="2016-12-20T14:00Z/2016-12-20T15:00Z"/><Direction v="Z02"/><Quantity v="0"/><MeasureUnit v="KW1"/></Period><Period><TimeInterval v="2016-12-20T15:00Z/2016-12-20T16:00Z"/><Direction v="Z02"/><Quantity v="0"/><MeasureUnit v="KW1"/></Period><Period><TimeInterval v="2016-12-20T16:00Z/2016-12-20T17:00Z"/><Direction v="Z02"/><Quantity v="0"/><MeasureUnit v="KW1"/></Period><Period><TimeInterval v="2016-12-20T17:00Z/2016-12-20T18:00Z"/><Direction v="Z02"/><Quantity v="0"/><MeasureUnit v="KW1"/></Period><Period><TimeInterval v="2016-12-20T18:00Z/2016-12-20T19:00Z"/><Direction v="Z02"/><Quantity v="0"/><MeasureUnit v="KW1"/></Period><Period><TimeInterval v="2016-12-20T19:00Z/2016-12-20T20:00Z"/><Direction v="Z02"/><Quantity v="0"/><MeasureUnit v="KW1"/></Period><Period><TimeInterval v="2016-12-20T20:00Z/2016-12-20T21:00Z"/><Direction v="Z02"/><Quantity v="0"/><MeasureUnit v="KW1"/></Period><Period><TimeInterval v="2016-12-20T21:00Z/2016-12-20T22:00Z"/><Direction v="Z02"/><Quantity v="0"/><MeasureUnit v="KW1"/></Period><Period><TimeInterval v="2016-12-20T22:00Z/2016-12-20T23:00Z"/><Direction v="Z02"/><Quantity v="0"/><MeasureUnit v="KW1"/></Period><Period><TimeInterval v="2016-12-20T23:00Z/2016-12-21T00:00Z"/><Direction v="Z02"/><Quantity v="0"/><MeasureUnit v="KW1"/></Period><Period><TimeInterval v="2016-12-21T00:00Z/2016-12-21T01:00Z"/><Direction v="Z02"/><Quantity v="0"/><MeasureUnit v="KW1"/></Period><Period><TimeInterval v="2016-12-21T01:00Z/2016-12-21T02:00Z"/><Direction v="Z02"/><Quantity v="0"/><MeasureUnit v="KW1"/></Period><Period><TimeInterval v="2016-12-21T02:00Z/2016-12-21T03:00Z"/><Direction v="Z02"/><Quantity v="0"/><MeasureUnit v="KW1"/></Period><Period><TimeInterval v="2016-12-21T03:00Z/2016-12-21T04:00Z"/><Direction v="Z02"/><Quantity v="0"/><MeasureUnit v="KW1"/></Period><Period><TimeInterval v="2016-12-21T04:00Z/2016-12-21T05:00Z"/><Direction v="Z02"/><Quantity v="0"/><MeasureUnit v="KW1"/></Period></Category></ConnectionPoint><ConnectionPoint><Identification v="37Y000000000288Q" codingScheme="305"/><Type v="Z26"/><Category><CapacityCode v="Z12"/><Period><TimeInterval v="2016-12-20T05:00Z/2016-12-20T06:00Z"/><Direction v="Z02"/><Quantity v="10844"/><MeasureUnit v="KW1"/></Period><Period><TimeInterval v="2016-12-20T06:00Z/2016-12-20T07:00Z"/><Direction v="Z02"/><Quantity v="10844"/><MeasureUnit v="KW1"/></Period><Period><TimeInterval v="2016-12-20T07:00Z/2016-12-20T08:00Z"/><Direction v="Z02"/><Quantity v="10844"/><MeasureUnit v="KW1"/></Period><Period><TimeInterval v="2016-12-20T08:00Z/2016-12-20T09:00Z"/><Direction v="Z02"/><Quantity v="10844"/><MeasureUnit v="KW1"/></Period><Period><TimeInterval v="2016-12-20T09:00Z/2016-12-20T10:00Z"/><Direction v="Z02"/><Quantity v="10844"/><MeasureUnit v="KW1"/></Period><Period><TimeInterval v="2016-12-20T10:00Z/2016-12-20T11:00Z"/><Direction v="Z02"/><Quantity v="10844"/><MeasureUnit v="KW1"/></Period><Period><TimeInterval v="2016-12-20T11:00Z/2016-12-20T12:00Z"/><Direction v="Z02"/><Quantity v="10844"/><MeasureUnit v="KW1"/></Period><Period><TimeInterval v="2016-12-20T12:00Z/2016-12-20T13:00Z"/><Direction v="Z02"/><Quantity v="10844"/><MeasureUnit v="KW1"/></Period><Period><TimeInterval v="2016-12-20T13:00Z/2016-12-20T14:00Z"/><Direction v="Z02"/><Quantity v="10844"/><MeasureUnit v="KW1"/></Period><Period><TimeInterval v="2016-12-20T14:00Z/2016-12-20T15:00Z"/><Direction v="Z02"/><Quantity v="10844"/><MeasureUnit v="KW1"/></Period><Period><TimeInterval v="2016-12-20T15:00Z/2016-12-20T16:00Z"/><Direction v="Z02"/><Quantity v="10844"/><MeasureUnit v="KW1"/></Period><Period><TimeInterval v="2016-12-20T16:00Z/2016-12-20T17:00Z"/><Direction v="Z02"/><Quantity v="10844"/><MeasureUnit v="KW1"/></Period><Period><TimeInterval v="2016-12-20T17:00Z/2016-12-20T18:00Z"/><Direction v="Z02"/><Quantity v="10844"/><MeasureUnit v="KW1"/></Period><Period><TimeInterval v="2016-12-20T18:00Z/2016-12-20T19:00Z"/><Direction v="Z02"/><Quantity v="10844"/><MeasureUnit v="KW1"/></Period><Period><TimeInterval v="2016-12-20T19:00Z/2016-12-20T20:00Z"/><Direction v="Z02"/><Quantity v="10844"/><MeasureUnit v="KW1"/></Period><Period><TimeInterval v="2016-12-20T20:00Z/2016-12-20T21:00Z"/><Direction v="Z02"/><Quantity v="10844"/><MeasureUnit v="KW1"/></Period><Period><TimeInterval v="2016-12-20T21:00Z/2016-12-20T22:00Z"/><Direction v="Z02"/><Quantity v="10844"/><MeasureUnit v="KW1"/></Period><Period><TimeInterval v="2016-12-20T22:00Z/2016-12-20T23:00Z"/><Direction v="Z02"/><Quantity v="10844"/><MeasureUnit v="KW1"/></Period><Period><TimeInterval v="2016-12-20T23:00Z/2016-12-21T00:00Z"/><Direction v="Z02"/><Quantity v="10844"/><MeasureUnit v="KW1"/></Period><Period><TimeInterval v="2016-12-21T00:00Z/2016-12-21T01:00Z"/><Direction v="Z02"/><Quantity v="10844"/><MeasureUnit v="KW1"/></Period><Period><TimeInterval v="2016-12-21T01:00Z/2016-12-21T02:00Z"/><Direction v="Z02"/><Quantity v="10844"/><MeasureUnit v="KW1"/></Period><Period><TimeInterval v="2016-12-21T02:00Z/2016-12-21T03:00Z"/><Direction v="Z02"/><Quantity v="10844"/><MeasureUnit v="KW1"/></Period><Period><TimeInterval v="2016-12-21T03:00Z/2016-12-21T04:00Z"/><Direction v="Z02"/><Quantity v="10844"/><MeasureUnit v="KW1"/></Period><Period><TimeInterval v="2016-12-21T04:00Z/2016-12-21T05:00Z"/><Direction v="Z02"/><Quantity v="10844"/><MeasureUnit v="KW1"/></Period></Category><Category><CapacityCode v="Z14"/><Period><TimeInterval v="2016-12-20T05:00Z/2016-12-20T06:00Z"/><Direction v="Z02"/><Quantity v="9244"/><MeasureUnit v="KW1"/></Period><Period><TimeInterval v="2016-12-20T06:00Z/2016-12-20T07:00Z"/><Direction v="Z02"/><Quantity v="9244"/><MeasureUnit v="KW1"/></Period><Period><TimeInterval v="2016-12-20T07:00Z/2016-12-20T08:00Z"/><Direction v="Z02"/><Quantity v="9244"/><MeasureUnit v="KW1"/></Period><Period><TimeInterval v="2016-12-20T08:00Z/2016-12-20T09:00Z"/><Direction v="Z02"/><Quantity v="9244"/><MeasureUnit v="KW1"/></Period><Period><TimeInterval v="2016-12-20T09:00Z/2016-12-20T10:00Z"/><Direction v="Z02"/><Quantity v="9244"/><MeasureUnit v="KW1"/></Period><Period><TimeInterval v="2016-12-20T10:00Z/2016-12-20T11:00Z"/><Direction v="Z02"/><Quantity v="9244"/><MeasureUnit v="KW1"/></Period><Period><TimeInterval v="2016-12-20T11:00Z/2016-12-20T12:00Z"/><Direction v="Z02"/><Quantity v="9244"/><MeasureUnit v="KW1"/></Period><Period><TimeInterval v="2016-12-20T12:00Z/2016-12-20T13:00Z"/><Direction v="Z02"/><Quantity v="9244"/><MeasureUnit v="KW1"/></Period><Period><TimeInterval v="2016-12-20T13:00Z/2016-12-20T14:00Z"/><Direction v="Z02"/><Quantity v="9244"/><MeasureUnit v="KW1"/></Period><Period><TimeInterval v="2016-12-20T14:00Z/2016-12-20T15:00Z"/><Direction v="Z02"/><Quantity v="9244"/><MeasureUnit v="KW1"/></Period><Period><TimeInterval v="2016-12-20T15:00Z/2016-12-20T16:00Z"/><Direction v="Z02"/><Quantity v="9244"/><MeasureUnit v="KW1"/></Period><Period><TimeInterval v="2016-12-20T16:00Z/2016-12-20T17:00Z"/><Direction v="Z02"/><Quantity v="9244"/><MeasureUnit v="KW1"/></Period><Period><TimeInterval v="2016-12-20T17:00Z/2016-12-20T18:00Z"/><Direction v="Z02"/><Quantity v="9244"/><MeasureUnit v="KW1"/></Period><Period><TimeInterval v="2016-12-20T18:00Z/2016-12-20T19:00Z"/><Direction v="Z02"/><Quantity v="9244"/><MeasureUnit v="KW1"/></Period><Period><TimeInterval v="2016-12-20T19:00Z/2016-12-20T20:00Z"/><Direction v="Z02"/><Quantity v="9244"/><MeasureUnit v="KW1"/></Period><Period><TimeInterval v="2016-12-20T20:00Z/2016-12-20T21:00Z"/><Direction v="Z02"/><Quantity v="9244"/><MeasureUnit v="KW1"/></Period><Period><TimeInterval v="2016-12-20T21:00Z/2016-12-20T22:00Z"/><Direction v="Z02"/><Quantity v="9244"/><MeasureUnit v="KW1"/></Period><Period><TimeInterval v="2016-12-20T22:00Z/2016-12-20T23:00Z"/><Direction v="Z02"/><Quantity v="9244"/><MeasureUnit v="KW1"/></Period><Period><TimeInterval v="2016-12-20T23:00Z/2016-12-21T00:00Z"/><Direction v="Z02"/><Quantity v="9244"/><MeasureUnit v="KW1"/></Period><Period><TimeInterval v="2016-12-21T00:00Z/2016-12-21T01:00Z"/><Direction v="Z02"/><Quantity v="9244"/><MeasureUnit v="KW1"/></Period><Period><TimeInterval v="2016-12-21T01:00Z/2016-12-21T02:00Z"/><Direction v="Z02"/><Quantity v="9244"/><MeasureUnit v="KW1"/></Period><Period><TimeInterval v="2016-12-21T02:00Z/2016-12-21T03:00Z"/><Direction v="Z02"/><Quantity v="9244"/><MeasureUnit v="KW1"/></Period><Period><TimeInterval v="2016-12-21T03:00Z/2016-12-21T04:00Z"/><Direction v="Z02"/><Quantity v="9244"/><MeasureUnit v="KW1"/></Period><Period><TimeInterval v="2016-12-21T04:00Z/2016-12-21T05:00Z"/><Direction v="Z02"/><Quantity v="9244"/><MeasureUnit v="KW1"/></Period></Category><Category><CapacityCode v="Z15"/><Period><TimeInterval v="2016-12-20T05:00Z/2016-12-20T06:00Z"/><Direction v="Z02"/><Quantity v="0"/><MeasureUnit v="KW1"/></Period><Period><TimeInterval v="2016-12-20T06:00Z/2016-12-20T07:00Z"/><Direction v="Z02"/><Quantity v="0"/><MeasureUnit v="KW1"/></Period><Period><TimeInterval v="2016-12-20T07:00Z/2016-12-20T08:00Z"/><Direction v="Z02"/><Quantity v="0"/><MeasureUnit v="KW1"/></Period><Period><TimeInterval v="2016-12-20T08:00Z/2016-12-20T09:00Z"/><Direction v="Z02"/><Quantity v="0"/><MeasureUnit v="KW1"/></Period><Period><TimeInterval v="2016-12-20T09:00Z/2016-12-20T10:00Z"/><Direction v="Z02"/><Quantity v="0"/><MeasureUnit v="KW1"/></Period><Period><TimeInterval v="2016-12-20T10:00Z/2016-12-20T11:00Z"/><Direction v="Z02"/><Quantity v="0"/><MeasureUnit v="KW1"/></Period><Period><TimeInterval v="2016-12-20T11:00Z/2016-12-20T12:00Z"/><Direction v="Z02"/><Quantity v="0"/><MeasureUnit v="KW1"/></Period><Period><TimeInterval v="2016-12-20T12:00Z/2016-12-20T13:00Z"/><Direction v="Z02"/><Quantity v="0"/><MeasureUnit v="KW1"/></Period><Period><TimeInterval v="2016-12-20T13:00Z/2016-12-20T14:00Z"/><Direction v="Z02"/><Quantity v="0"/><MeasureUnit v="KW1"/></Period><Period><TimeInterval v="2016-12-20T14:00Z/2016-12-20T15:00Z"/><Direction v="Z02"/><Quantity v="0"/><MeasureUnit v="KW1"/></Period><Period><TimeInterval v="2016-12-20T15:00Z/2016-12-20T16:00Z"/><Direction v="Z02"/><Quantity v="0"/><MeasureUnit v="KW1"/></Period><Period><TimeInterval v="2016-12-20T16:00Z/2016-12-20T17:00Z"/><Direction v="Z02"/><Quantity v="0"/><MeasureUnit v="KW1"/></Period><Period><TimeInterval v="2016-12-20T17:00Z/2016-12-20T18:00Z"/><Direction v="Z02"/><Quantity v="0"/><MeasureUnit v="KW1"/></Period><Period><TimeInterval v="2016-12-20T18:00Z/2016-12-20T19:00Z"/><Direction v="Z02"/><Quantity v="0"/><MeasureUnit v="KW1"/></Period><Period><TimeInterval v="2016-12-20T19:00Z/2016-12-20T20:00Z"/><Direction v="Z02"/><Quantity v="0"/><MeasureUnit v="KW1"/></Period><Period><TimeInterval v="2016-12-20T20:00Z/2016-12-20T21:00Z"/><Direction v="Z02"/><Quantity v="0"/><MeasureUnit v="KW1"/></Period><Period><TimeInterval v="2016-12-20T21:00Z/2016-12-20T22:00Z"/><Direction v="Z02"/><Quantity v="0"/><MeasureUnit v="KW1"/></Period><Period><TimeInterval v="2016-12-20T22:00Z/2016-12-20T23:00Z"/><Direction v="Z02"/><Quantity v="0"/><MeasureUnit v="KW1"/></Period><Period><TimeInterval v="2016-12-20T23:00Z/2016-12-21T00:00Z"/><Direction v="Z02"/><Quantity v="0"/><MeasureUnit v="KW1"/></Period><Period><TimeInterval v="2016-12-21T00:00Z/2016-12-21T01:00Z"/><Direction v="Z02"/><Quantity v="0"/><MeasureUnit v="KW1"/></Period><Period><TimeInterval v="2016-12-21T01:00Z/2016-12-21T02:00Z"/><Direction v="Z02"/><Quantity v="0"/><MeasureUnit v="KW1"/></Period><Period><TimeInterval v="2016-12-21T02:00Z/2016-12-21T03:00Z"/><Direction v="Z02"/><Quantity v="0"/><MeasureUnit v="KW1"/></Period><Period><TimeInterval v="2016-12-21T03:00Z/2016-12-21T04:00Z"/><Direction v="Z02"/><Quantity v="0"/><MeasureUnit v="KW1"/></Period><Period><TimeInterval v="2016-12-21T04:00Z/2016-12-21T05:00Z"/><Direction v="Z02"/><Quantity v="0"/><MeasureUnit v="KW1"/></Period></Category></ConnectionPoint></TransparencyPublication>