<?xml version="1.0" encoding="UTF-8"?><TransparencyPublication Version="EGAS50" Release="A"><Identification v="TRANPB20170104A104239"/><Version v="1"/><Type v="AL4"/><CreationDateTime v="2017-01-04T07:07:24.356Z"/><ValidityPeriod v="2016-12-31T05:00Z/2017-01-01T05:00Z"/><IssuerIdentification v="21X-DE-C-A0A0A-T" codingScheme="305"/><IssuerRole v="ZSO"/><RecipientIdentification v="10X1001A1001A353" codingScheme="305"/><RecipientRole v="ZUA"/><ConnectionPoint><Identification v="21Z000000000038U" codingScheme="305"/><Type v="Z25"/><Category><CapacityCode v="Z12"/><Period><TimeInterval v="2016-12-31T05:00Z/2016-12-31T06:00Z"/><Direction v="Z03"/><Quantity v="0"/><MeasureUnit v="KW1"/></Period><Period><TimeInterval v="2016-12-31T06:00Z/2016-12-31T07:00Z"/><Direction v="Z03"/><Quantity v="0"/><MeasureUnit v="KW1"/></Period><Period><TimeInterval v="2016-12-31T07:00Z/2016-12-31T08:00Z"/><Direction v="Z03"/><Quantity v="0"/><MeasureUnit v="KW1"/></Period><Period><TimeInterval v="2016-12-31T08:00Z/2016-12-31T09:00Z"/><Direction v="Z03"/><Quantity v="0"/><MeasureUnit v="KW1"/></Period><Period><TimeInterval v="2016-12-31T09:00Z/2016-12-31T10:00Z"/><Direction v="Z03"/><Quantity v="0"/><MeasureUnit v="KW1"/></Period><Period><TimeInterval v="2016-12-31T10:00Z/2016-12-31T11:00Z"/><Direction v="Z03"/><Quantity v="0"/><MeasureUnit v="KW1"/></Period><Period><TimeInterval v="2016-12-31T11:00Z/2016-12-31T12:00Z"/><Direction v="Z03"/><Quantity v="0"/><MeasureUnit v="KW1"/></Period><Period><TimeInterval v="2016-12-31T12:00Z/2016-12-31T13:00Z"/><Direction v="Z03"/><Quantity v="0"/><MeasureUnit v="KW1"/></Period><Period><TimeInterval v="2016-12-31T13:00Z/2016-12-31T14:00Z"/><Direction v="Z03"/><Quantity v="0"/><MeasureUnit v="KW1"/></Period><Period><TimeInterval v="2016-12-31T14:00Z/2016-12-31T15:00Z"/><Direction v="Z03"/><Quantity v="0"/><MeasureUnit v="KW1"/></Period><Period><TimeInterval v="2016-12-31T15:00Z/2016-12-31T16:00Z"/><Direction v="Z03"/><Quantity v="0"/><MeasureUnit v="KW1"/></Period><Period><TimeInterval v="2016-12-31T16:00Z/2016-12-31T17:00Z"/><Direction v="Z03"/><Quantity v="0"/><MeasureUnit v="KW1"/></Period><Period><TimeInterval v="2016-12-31T17:00Z/2016-12-31T18:00Z"/><Direction v="Z03"/><Quantity v="0"/><MeasureUnit v="KW1"/></Period><Period><TimeInterval v="2016-12-31T18:00Z/2016-12-31T19:00Z"/><Direction v="Z03"/><Quantity v="0"/><MeasureUnit v="KW1"/></Period><Period><TimeInterval v="2016-12-31T19:00Z/2016-12-31T20:00Z"/><Direction v="Z03"/><Quantity v="0"/><MeasureUnit v="KW1"/></Period><Period><TimeInterval v="2016-12-31T20:00Z/2016-12-31T21:00Z"/><Direction v="Z03"/><Quantity v="0"/><MeasureUnit v="KW1"/></Period><Period><TimeInterval v="2016-12-31T21:00Z/2016-12-31T22:00Z"/><Direction v="Z03"/><Quantity v="0"/><MeasureUnit v="KW1"/></Period><Period><TimeInterval v="2016-12-31T22:00Z/2016-12-31T23:00Z"/><Direction v="Z03"/><Quantity v="0"/><MeasureUnit v="KW1"/></Period><Period><TimeInterval v="2016-12-31T23:00Z/2017-01-01T00:00Z"/><Direction v="Z03"/><Quantity v="0"/><MeasureUnit v="KW1"/></Period><Period><TimeInterval v="2017-01-01T00:00Z/2017-01-01T01:00Z"/><Direction v="Z03"/><Quantity v="0"/><MeasureUnit v="KW1"/></Period><Period><TimeInterval v="2017-01-01T01:00Z/2017-01-01T02:00Z"/><Direction v="Z03"/><Quantity v="0"/><MeasureUnit v="KW1"/></Period><Period><TimeInterval v="2017-01-01T02:00Z/2017-01-01T03:00Z"/><Direction v="Z03"/><Quantity v="0"/><MeasureUnit v="KW1"/></Period><Period><TimeInterval v="2017-01-01T03:00Z/2017-01-01T04:00Z"/><Direction v="Z03"/><Quantity v="0"/><MeasureUnit v="KW1"/></Period><Period><TimeInterval v="2017-01-01T04:00Z/2017-01-01T05:00Z"/><Direction v="Z03"/><Quantity v="0"/><MeasureUnit v="KW1"/></Period></Category><Category><CapacityCode v="Z14"/><Period><TimeInterval v="2016-12-31T05:00Z/2016-12-31T06:00Z"/><Direction v="Z03"/><Quantity v="0"/><MeasureUnit v="KW1"/></Period><Period><TimeInterval v="2016-12-31T06:00Z/2016-12-31T07:00Z"/><Direction v="Z03"/><Quantity v="0"/><MeasureUnit v="KW1"/></Period><Period><TimeInterval v="2016-12-31T07:00Z/2016-12-31T08:00Z"/><Direction v="Z03"/><Quantity v="0"/><MeasureUnit v="KW1"/></Period><Period><TimeInterval v="2016-12-31T08:00Z/2016-12-31T09:00Z"/><Direction v="Z03"/><Quantity v="0"/><MeasureUnit v="KW1"/></Period><Period><TimeInterval v="2016-12-31T09:00Z/2016-12-31T10:00Z"/><Direction v="Z03"/><Quantity v="0"/><MeasureUnit v="KW1"/></Period><Period><TimeInterval v="2016-12-31T10:00Z/2016-12-31T11:00Z"/><Direction v="Z03"/><Quantity v="0"/><MeasureUnit v="KW1"/></Period><Period><TimeInterval v="2016-12-31T11:00Z/2016-12-31T12:00Z"/><Direction v="Z03"/><Quantity v="0"/><MeasureUnit v="KW1"/></Period><Period><TimeInterval v="2016-12-31T12:00Z/2016-12-31T13:00Z"/><Direction v="Z03"/><Quantity v="0"/><MeasureUnit v="KW1"/></Period><Period><TimeInterval v="2016-12-31T13:00Z/2016-12-31T14:00Z"/><Direction v="Z03"/><Quantity v="0"/><MeasureUnit v="KW1"/></Period><Period><TimeInterval v="2016-12-31T14:00Z/2016-12-31T15:00Z"/><Direction v="Z03"/><Quantity v="0"/><MeasureUnit v="KW1"/></Period><Period><TimeInterval v="2016-12-31T15:00Z/2016-12-31T16:00Z"/><Direction v="Z03"/><Quantity v="0"/><MeasureUnit v="KW1"/></Period><Period><TimeInterval v="2016-12-31T16:00Z/2016-12-31T17:00Z"/><Direction v="Z03"/><Quantity v="0"/><MeasureUnit v="KW1"/></Period><Period><TimeInterval v="2016-12-31T17:00Z/2016-12-31T18:00Z"/><Direction v="Z03"/><Quantity v="0"/><MeasureUnit v="KW1"/></Period><Period><TimeInterval v="2016-12-31T18:00Z/2016-12-31T19:00Z"/><Direction v="Z03"/><Quantity v="0"/><MeasureUnit v="KW1"/></Period><Period><TimeInterval v="2016-12-31T19:00Z/2016-12-31T20:00Z"/><Direction v="Z03"/><Quantity v="0"/><MeasureUnit v="KW1"/></Period><Period><TimeInterval v="2016-12-31T20:00Z/2016-12-31T21:00Z"/><Direction v="Z03"/><Quantity v="0"/><MeasureUnit v="KW1"/></Period><Period><TimeInterval v="2016-12-31T21:00Z/2016-12-31T22:00Z"/><Direction v="Z03"/><Quantity v="0"/><MeasureUnit v="KW1"/></Period><Period><TimeInterval v="2016-12-31T22:00Z/2016-12-31T23:00Z"/><Direction v="Z03"/><Quantity v="0"/><MeasureUnit v="KW1"/></Period><Period><TimeInterval v="2016-12-31T23:00Z/2017-01-01T00:00Z"/><Direction v="Z03"/><Quantity v="0"/><MeasureUnit v="KW1"/></Period><Period><TimeInterval v="2017-01-01T00:00Z/2017-01-01T01:00Z"/><Direction v="Z03"/><Quantity v="0"/><MeasureUnit v="KW1"/></Period><Period><TimeInterval v="2017-01-01T01:00Z/2017-01-01T02:00Z"/><Direction v="Z03"/><Quantity v="0"/><MeasureUnit v="KW1"/></Period><Period><TimeInterval v="2017-01-01T02:00Z/2017-01-01T03:00Z"/><Direction v="Z03"/><Quantity v="0"/><MeasureUnit v="KW1"/></Period><Period><TimeInterval v="2017-01-01T03:00Z/2017-01-01T04:00Z"/><Direction v="Z03"/><Quantity v="0"/><MeasureUnit v="KW1"/></Period><Period><TimeInterval v="2017-01-01T04:00Z/2017-01-01T05:00Z"/><Direction v="Z03"/><Quantity v="0"/><MeasureUnit v="KW1"/></Period></Category><Category><CapacityCode v="Z15"/><Period><TimeInterval v="2016-12-31T05:00Z/2016-12-31T06:00Z"/><Direction v="Z03"/><Quantity v="0"/><MeasureUnit v="KW1"/></Period><Period><TimeInterval v="2016-12-31T06:00Z/2016-12-31T07:00Z"/><Direction v="Z03"/><Quantity v="0"/><MeasureUnit v="KW1"/></Period><Period><TimeInterval v="2016-12-31T07:00Z/2016-12-31T08:00Z"/><Direction v="Z03"/><Quantity v="0"/><MeasureUnit v="KW1"/></Period><Period><TimeInterval v="2016-12-31T08:00Z/2016-12-31T09:00Z"/><Direction v="Z03"/><Quantity v="0"/><MeasureUnit v="KW1"/></Period><Period><TimeInterval v="2016-12-31T09:00Z/2016-12-31T10:00Z"/><Direction v="Z03"/><Quantity v="0"/><MeasureUnit v="KW1"/></Period><Period><TimeInterval v="2016-12-31T10:00Z/2016-12-31T11:00Z"/><Direction v="Z03"/><Quantity v="0"/><MeasureUnit v="KW1"/></Period><Period><TimeInterval v="2016-12-31T11:00Z/2016-12-31T12:00Z"/><Direction v="Z03"/><Quantity v="0"/><MeasureUnit v="KW1"/></Period><Period><TimeInterval v="2016-12-31T12:00Z/2016-12-31T13:00Z"/><Direction v="Z03"/><Quantity v="0"/><MeasureUnit v="KW1"/></Period><Period><TimeInterval v="2016-12-31T13:00Z/2016-12-31T14:00Z"/><Direction v="Z03"/><Quantity v="0"/><MeasureUnit v="KW1"/></Period><Period><TimeInterval v="2016-12-31T14:00Z/2016-12-31T15:00Z"/><Direction v="Z03"/><Quantity v="0"/><MeasureUnit v="KW1"/></Period><Period><TimeInterval v="2016-12-31T15:00Z/2016-12-31T16:00Z"/><Direction v="Z03"/><Quantity v="0"/><MeasureUnit v="KW1"/></Period><Period><TimeInterval v="2016-12-31T16:00Z/2016-12-31T17:00Z"/><Direction v="Z03"/><Quantity v="0"/><MeasureUnit v="KW1"/></Period><Period><TimeInterval v="2016-12-31T17:00Z/2016-12-31T18:00Z"/><Direction v="Z03"/><Quantity v="0"/><MeasureUnit v="KW1"/></Period><Period><TimeInterval v="2016-12-31T18:00Z/2016-12-31T19:00Z"/><Direction v="Z03"/><Quantity v="0"/><MeasureUnit v="KW1"/></Period><Period><TimeInterval v="2016-12-31T19:00Z/2016-12-31T20:00Z"/><Direction v="Z03"/><Quantity v="0"/><MeasureUnit v="KW1"/></Period><Period><TimeInterval v="2016-12-31T20:00Z/2016-12-31T21:00Z"/><Direction v="Z03"/><Quantity v="0"/><MeasureUnit v="KW1"/></Period><Period><TimeInterval v="2016-12-31T21:00Z/2016-12-31T22:00Z"/><Direction v="Z03"/><Quantity v="0"/><MeasureUnit v="KW1"/></Period><Period><TimeInterval v="2016-12-31T22:00Z/2016-12-31T23:00Z"/><Direction v="Z03"/><Quantity v="0"/><MeasureUnit v="KW1"/></Period><Period><TimeInterval v="2016-12-31T23:00Z/2017-01-01T00:00Z"/><Direction v="Z03"/><Quantity v="0"/><MeasureUnit v="KW1"/></Period><Period><TimeInterval v="2017-01-01T00:00Z/2017-01-01T01:00Z"/><Direction v="Z03"/><Quantity v="0"/><MeasureUnit v="KW1"/></Period><Period><TimeInterval v="2017-01-01T01:00Z/2017-01-01T02:00Z"/><Direction v="Z03"/><Quantity v="0"/><MeasureUnit v="KW1"/></Period><Period><TimeInterval v="2017-01-01T02:00Z/2017-01-01T03:00Z"/><Direction v="Z03"/><Quantity v="0"/><MeasureUnit v="KW1"/></Period><Period><TimeInterval v="2017-01-01T03:00Z/2017-01-01T04:00Z"/><Direction v="Z03"/><Quantity v="0"/><MeasureUnit v="KW1"/></Period><Period><TimeInterval v="2017-01-01T04:00Z/2017-01-01T05:00Z"/><Direction v="Z03"/><Quantity v="0"/><MeasureUnit v="KW1"/></Period></Category></ConnectionPoint><ConnectionPoint><Identification v="21Z000000000237O" codingScheme="305"/><Type v="Z26"/><Category><CapacityCode v="Z12"/><Period><TimeInterval v="2016-12-31T05:00Z/2016-12-31T06:00Z"/><Direction v="Z02"/><Quantity v="2282174"/><MeasureUnit v="KW1"/></Period><Period><TimeInterval v="2016-12-31T06:00Z/2016-12-31T07:00Z"/><Direction v="Z02"/><Quantity v="2282174"/><MeasureUnit v="KW1"/></Period><Period><TimeInterval v="2016-12-31T07:00Z/2016-12-31T08:00Z"/><Direction v="Z02"/><Quantity v="2282174"/><MeasureUnit v="KW1"/></Period><Period><TimeInterval v="2016-12-31T08:00Z/2016-12-31T09:00Z"/><Direction v="Z02"/><Quantity v="2282174"/><MeasureUnit v="KW1"/></Period><Period><TimeInterval v="2016-12-31T09:00Z/2016-12-31T10:00Z"/><Direction v="Z02"/><Quantity v="2282174"/><MeasureUnit v="KW1"/></Period><Period><TimeInterval v="2016-12-31T10:00Z/2016-12-31T11:00Z"/><Direction v="Z02"/><Quantity v="2282174"/><MeasureUnit v="KW1"/></Period><Period><TimeInterval v="2016-12-31T11:00Z/2016-12-31T12:00Z"/><Direction v="Z02"/><Quantity v="2282174"/><MeasureUnit v="KW1"/></Period><Period><TimeInterval v="2016-12-31T12:00Z/2016-12-31T13:00Z"/><Direction v="Z02"/><Quantity v="2282174"/><MeasureUnit v="KW1"/></Period><Period><TimeInterval v="2016-12-31T13:00Z/2016-12-31T14:00Z"/><Direction v="Z02"/><Quantity v="2282174"/><MeasureUnit v="KW1"/></Period><Period><TimeInterval v="2016-12-31T14:00Z/2016-12-31T15:00Z"/><Direction v="Z02"/><Quantity v="2282174"/><MeasureUnit v="KW1"/></Period><Period><TimeInterval v="2016-12-31T15:00Z/2016-12-31T16:00Z"/><Direction v="Z02"/><Quantity v="2282174"/><MeasureUnit v="KW1"/></Period><Period><TimeInterval v="2016-12-31T16:00Z/2016-12-31T17:00Z"/><Direction v="Z02"/><Quantity v="2282174"/><MeasureUnit v="KW1"/></Period><Period><TimeInterval v="2016-12-31T17:00Z/2016-12-31T18:00Z"/><Direction v="Z02"/><Quantity v="2282174"/><MeasureUnit v="KW1"/></Period><Period><TimeInterval v="2016-12-31T18:00Z/2016-12-31T19:00Z"/><Direction v="Z02"/><Quantity v="2282154"/><MeasureUnit v="KW1"/></Period><Period><TimeInterval v="2016-12-31T19:00Z/2016-12-31T20:00Z"/><Direction v="Z02"/><Quantity v="2282154"/><MeasureUnit v="KW1"/></Period><Period><TimeInterval v="2016-12-31T20:00Z/2016-12-31T21:00Z"/><Direction v="Z02"/><Quantity v="2282154"/><MeasureUnit v="KW1"/></Period><Period><TimeInterval v="2016-12-31T21:00Z/2016-12-31T22:00Z"/><Direction v="Z02"/><Quantity v="2282154"/><MeasureUnit v="KW1"/></Period><Period><TimeInterval v="2016-12-31T22:00Z/2016-12-31T23:00Z"/><Direction v="Z02"/><Quantity v="2282154"/><MeasureUnit v="KW1"/></Period><Period><TimeInterval v="2016-12-31T23:00Z/2017-01-01T00:00Z"/><Direction v="Z02"/><Quantity v="2282154"/><MeasureUnit v="KW1"/></Period><Period><TimeInterval v="2017-01-01T00:00Z/2017-01-01T01:00Z"/><Direction v="Z02"/><Quantity v="2282154"/><MeasureUnit v="KW1"/></Period><Period><TimeInterval v="2017-01-01T01:00Z/2017-01-01T02:00Z"/><Direction v="Z02"/><Quantity v="2282154"/><MeasureUnit v="KW1"/></Period><Period><TimeInterval v="2017-01-01T02:00Z/2017-01-01T03:00Z"/><Direction v="Z02"/><Quantity v="2282154"/><MeasureUnit v="KW1"/></Period><Period><TimeInterval v="2017-01-01T03:00Z/2017-01-01T04:00Z"/><Direction v="Z02"/><Quantity v="2282154"/><MeasureUnit v="KW1"/></Period><Period><TimeInterval v="2017-01-01T04:00Z/2017-01-01T05:00Z"/><Direction v="Z02"/><Quantity v="2282158"/><MeasureUnit v="KW1"/></Period><Period><TimeInterval v="2016-12-31T05:00Z/2016-12-31T06:00Z"/><Direction v="Z03"/><Quantity v="114"/><MeasureUnit v="KW1"/></Period><Period><TimeInterval v="2016-12-31T06:00Z/2016-12-31T07:00Z"/><Direction v="Z03"/><Quantity v="114"/><MeasureUnit v="KW1"/></Period><Period><TimeInterval v="2016-12-31T07:00Z/2016-12-31T08:00Z"/><Direction v="Z03"/><Quantity v="114"/><MeasureUnit v="KW1"/></Period><Period><TimeInterval v="2016-12-31T08:00Z/2016-12-31T09:00Z"/><Direction v="Z03"/><Quantity v="114"/><MeasureUnit v="KW1"/></Period><Period><TimeInterval v="2016-12-31T09:00Z/2016-12-31T10:00Z"/><Direction v="Z03"/><Quantity v="114"/><MeasureUnit v="KW1"/></Period><Period><TimeInterval v="2016-12-31T10:00Z/2016-12-31T11:00Z"/><Direction v="Z03"/><Quantity v="114"/><MeasureUnit v="KW1"/></Period><Period><TimeInterval v="2016-12-31T11:00Z/2016-12-31T12:00Z"/><Direction v="Z03"/><Quantity v="114"/><MeasureUnit v="KW1"/></Period><Period><TimeInterval v="2016-12-31T12:00Z/2016-12-31T13:00Z"/><Direction v="Z03"/><Quantity v="114"/><MeasureUnit v="KW1"/></Period><Period><TimeInterval v="2016-12-31T13:00Z/2016-12-31T14:00Z"/><Direction v="Z03"/><Quantity v="114"/><MeasureUnit v="KW1"/></Period><Period><TimeInterval v="2016-12-31T14:00Z/2016-12-31T15:00Z"/><Direction v="Z03"/><Quantity v="114"/><MeasureUnit v="KW1"/></Period><Period><TimeInterval v="2016-12-31T15:00Z/2016-12-31T16:00Z"/><Direction v="Z03"/><Quantity v="114"/><MeasureUnit v="KW1"/></Period><Period><TimeInterval v="2016-12-31T16:00Z/2016-12-31T17:00Z"/><Direction v="Z03"/><Quantity v="114"/><MeasureUnit v="KW1"/></Period><Period><TimeInterval v="2016-12-31T17:00Z/2016-12-31T18:00Z"/><Direction v="Z03"/><Quantity v="114"/><MeasureUnit v="KW1"/></Period><Period><TimeInterval v="2016-12-31T18:00Z/2016-12-31T19:00Z"/><Direction v="Z03"/><Quantity v="114"/><MeasureUnit v="KW1"/></Period><Period><TimeInterval v="2016-12-31T19:00Z/2016-12-31T20:00Z"/><Direction v="Z03"/><Quantity v="114"/><MeasureUnit v="KW1"/></Period><Period><TimeInterval v="2016-12-31T20:00Z/2016-12-31T21:00Z"/><Direction v="Z03"/><Quantity v="114"/><MeasureUnit v="KW1"/></Period><Period><TimeInterval v="2016-12-31T21:00Z/2016-12-31T22:00Z"/><Direction v="Z03"/><Quantity v="114"/><MeasureUnit v="KW1"/></Period><Period><TimeInterval v="2016-12-31T22:00Z/2016-12-31T23:00Z"/><Direction v="Z03"/><Quantity v="114"/><MeasureUnit v="KW1"/></Period><Period><TimeInterval v="2016-12-31T23:00Z/2017-01-01T00:00Z"/><Direction v="Z03"/><Quantity v="114"/><MeasureUnit v="KW1"/></Period><Period><TimeInterval v="2017-01-01T00:00Z/2017-01-01T01:00Z"/><Direction v="Z03"/><Quantity v="114"/><MeasureUnit v="KW1"/></Period><Period><TimeInterval v="2017-01-01T01:00Z/2017-01-01T02:00Z"/><Direction v="Z03"/><Quantity v="114"/><MeasureUnit v="KW1"/></Period><Period><TimeInterval v="2017-01-01T02:00Z/2017-01-01T03:00Z"/><Direction v="Z03"/><Quantity v="114"/><MeasureUnit v="KW1"/></Period><Period><TimeInterval v="2017-01-01T03:00Z/2017-01-01T04:00Z"/><Direction v="Z03"/><Quantity v="114"/><MeasureUnit v="KW1"/></Period><Period><TimeInterval v="2017-01-01T04:00Z/2017-01-01T05:00Z"/><Direction v="Z03"/><Quantity v="114"/><MeasureUnit v="KW1"/></Period></Category><Category><CapacityCode v="Z14"/><Period><TimeInterval v="2016-12-31T05:00Z/2016-12-31T06:00Z"/><Direction v="Z02"/><Quantity v="2726148"/><MeasureUnit v="KW1"/></Period><Period><TimeInterval v="2016-12-31T06:00Z/2016-12-31T07:00Z"/><Direction v="Z02"/><Quantity v="2726144"/><MeasureUnit v="KW1"/></Period><Period><TimeInterval v="2016-12-31T07:00Z/2016-12-31T08:00Z"/><Direction v="Z02"/><Quantity v="2736108"/><MeasureUnit v="KW1"/></Period><Period><TimeInterval v="2016-12-31T08:00Z/2016-12-31T09:00Z"/><Direction v="Z02"/><Quantity v="2736108"/><MeasureUnit v="KW1"/></Period><Period><TimeInterval v="2016-12-31T09:00Z/2016-12-31T10:00Z"/><Direction v="Z02"/><Quantity v="2736108"/><MeasureUnit v="KW1"/></Period><Period><TimeInterval v="2016-12-31T10:00Z/2016-12-31T11:00Z"/><Direction v="Z02"/><Quantity v="2736108"/><MeasureUnit v="KW1"/></Period><Period><TimeInterval v="2016-12-31T11:00Z/2016-12-31T12:00Z"/><Direction v="Z02"/><Quantity v="2736108"/><MeasureUnit v="KW1"/></Period><Period><TimeInterval v="2016-12-31T12:00Z/2016-12-31T13:00Z"/><Direction v="Z02"/><Quantity v="2736108"/><MeasureUnit v="KW1"/></Period><Period><TimeInterval v="2016-12-31T13:00Z/2016-12-31T14:00Z"/><Direction v="Z02"/><Quantity v="2736108"/><MeasureUnit v="KW1"/></Period><Period><TimeInterval v="2016-12-31T14:00Z/2016-12-31T15:00Z"/><Direction v="Z02"/><Quantity v="2736108"/><MeasureUnit v="KW1"/></Period><Period><TimeInterval v="2016-12-31T15:00Z/2016-12-31T16:00Z"/><Direction v="Z02"/><Quantity v="2736108"/><MeasureUnit v="KW1"/></Period><Period><TimeInterval v="2016-12-31T16:00Z/2016-12-31T17:00Z"/><Direction v="Z02"/><Quantity v="2736108"/><MeasureUnit v="KW1"/></Period><Period><TimeInterval v="2016-12-31T17:00Z/2016-12-31T18:00Z"/><Direction v="Z02"/><Quantity v="2736108"/><MeasureUnit v="KW1"/></Period><Period><TimeInterval v="2016-12-31T18:00Z/2016-12-31T19:00Z"/><Direction v="Z02"/><Quantity v="2736108"/><MeasureUnit v="KW1"/></Period><Period><TimeInterval v="2016-12-31T19:00Z/2016-12-31T20:00Z"/><Direction v="Z02"/><Quantity v="2736108"/><MeasureUnit v="KW1"/></Period><Period><TimeInterval v="2016-12-31T20:00Z/2016-12-31T21:00Z"/><Direction v="Z02"/><Quantity v="2736108"/><MeasureUnit v="KW1"/></Period><Period><TimeInterval v="2016-12-31T21:00Z/2016-12-31T22:00Z"/><Direction v="Z02"/><Quantity v="2736108"/><MeasureUnit v="KW1"/></Period><Period><TimeInterval v="2016-12-31T22:00Z/2016-12-31T23:00Z"/><Direction v="Z02"/><Quantity v="2736108"/><MeasureUnit v="KW1"/></Period><Period><TimeInterval v="2016-12-31T23:00Z/2017-01-01T00:00Z"/><Direction v="Z02"/><Quantity v="2736108"/><MeasureUnit v="KW1"/></Period><Period><TimeInterval v="2017-01-01T00:00Z/2017-01-01T01:00Z"/><Direction v="Z02"/><Quantity v="2736108"/><MeasureUnit v="KW1"/></Period><Period><TimeInterval v="2017-01-01T01:00Z/2017-01-01T02:00Z"/><Direction v="Z02"/><Quantity v="2736108"/><MeasureUnit v="KW1"/></Period><Period><TimeInterval v="2017-01-01T02:00Z/2017-01-01T03:00Z"/><Direction v="Z02"/><Quantity v="2736108"/><MeasureUnit v="KW1"/></Period><Period><TimeInterval v="2017-01-01T03:00Z/2017-01-01T04:00Z"/><Direction v="Z02"/><Quantity v="2736108"/><MeasureUnit v="KW1"/></Period><Period><TimeInterval v="2017-01-01T04:00Z/2017-01-01T05:00Z"/><Direction v="Z02"/><Quantity v="2736093"/><MeasureUnit v="KW1"/></Period><Period><TimeInterval v="2016-12-31T05:00Z/2016-12-31T06:00Z"/><Direction v="Z03"/><Quantity v="114"/><MeasureUnit v="KW1"/></Period><Period><TimeInterval v="2016-12-31T06:00Z/2016-12-31T07:00Z"/><Direction v="Z03"/><Quantity v="114"/><MeasureUnit v="KW1"/></Period><Period><TimeInterval v="2016-12-31T07:00Z/2016-12-31T08:00Z"/><Direction v="Z03"/><Quantity v="114"/><MeasureUnit v="KW1"/></Period><Period><TimeInterval v="2016-12-31T08:00Z/2016-12-31T09:00Z"/><Direction v="Z03"/><Quantity v="114"/><MeasureUnit v="KW1"/></Period><Period><TimeInterval v="2016-12-31T09:00Z/2016-12-31T10:00Z"/><Direction v="Z03"/><Quantity v="114"/><MeasureUnit v="KW1"/></Period><Period><TimeInterval v="2016-12-31T10:00Z/2016-12-31T11:00Z"/><Direction v="Z03"/><Quantity v="114"/><MeasureUnit v="KW1"/></Period><Period><TimeInterval v="2016-12-31T11:00Z/2016-12-31T12:00Z"/><Direction v="Z03"/><Quantity v="114"/><MeasureUnit v="KW1"/></Period><Period><TimeInterval v="2016-12-31T12:00Z/2016-12-31T13:00Z"/><Direction v="Z03"/><Quantity v="114"/><MeasureUnit v="KW1"/></Period><Period><TimeInterval v="2016-12-31T13:00Z/2016-12-31T14:00Z"/><Direction v="Z03"/><Quantity v="114"/><MeasureUnit v="KW1"/></Period><Period><TimeInterval v="2016-12-31T14:00Z/2016-12-31T15:00Z"/><Direction v="Z03"/><Quantity v="114"/><MeasureUnit v="KW1"/></Period><Period><TimeInterval v="2016-12-31T15:00Z/2016-12-31T16:00Z"/><Direction v="Z03"/><Quantity v="114"/><MeasureUnit v="KW1"/></Period><Period><TimeInterval v="2016-12-31T16:00Z/2016-12-31T17:00Z"/><Direction v="Z03"/><Quantity v="114"/><MeasureUnit v="KW1"/></Period><Period><TimeInterval v="2016-12-31T17:00Z/2016-12-31T18:00Z"/><Direction v="Z03"/><Quantity v="114"/><MeasureUnit v="KW1"/></Period><Period><TimeInterval v="2016-12-31T18:00Z/2016-12-31T19:00Z"/><Direction v="Z03"/><Quantity v="114"/><MeasureUnit v="KW1"/></Period><Period><TimeInterval v="2016-12-31T19:00Z/2016-12-31T20:00Z"/><Direction v="Z03"/><Quantity v="114"/><MeasureUnit v="KW1"/></Period><Period><TimeInterval v="2016-12-31T20:00Z/2016-12-31T21:00Z"/><Direction v="Z03"/><Quantity v="114"/><MeasureUnit v="KW1"/></Period><Period><TimeInterval v="2016-12-31T21:00Z/2016-12-31T22:00Z"/><Direction v="Z03"/><Quantity v="114"/><MeasureUnit v="KW1"/></Period><Period><TimeInterval v="2016-12-31T22:00Z/2016-12-31T23:00Z"/><Direction v="Z03"/><Quantity v="114"/><MeasureUnit v="KW1"/></Period><Period><TimeInterval v="2016-12-31T23:00Z/2017-01-01T00:00Z"/><Direction v="Z03"/><Quantity v="114"/><MeasureUnit v="KW1"/></Period><Period><TimeInterval v="2017-01-01T00:00Z/2017-01-01T01:00Z"/><Direction v="Z03"/><Quantity v="114"/><MeasureUnit v="KW1"/></Period><Period><TimeInterval v="2017-01-01T01:00Z/2017-01-01T02:00Z"/><Direction v="Z03"/><Quantity v="114"/><MeasureUnit v="KW1"/></Period><Period><TimeInterval v="2017-01-01T02:00Z/2017-01-01T03:00Z"/><Direction v="Z03"/><Quantity v="114"/><MeasureUnit v="KW1"/></Period><Period><TimeInterval v="2017-01-01T03:00Z/2017-01-01T04:00Z"/><Direction v="Z03"/><Quantity v="114"/><MeasureUnit v="KW1"/></Period><Period><TimeInterval v="2017-01-01T04:00Z/2017-01-01T05:00Z"/><Direction v="Z03"/><Quantity v="114"/><MeasureUnit v="KW1"/></Period></Category><Category><CapacityCode v="Z15"/><Period><TimeInterval v="2016-12-31T05:00Z/2016-12-31T06:00Z"/><Direction v="Z02"/><Quantity v="0"/><MeasureUnit v="KW1"/></Period><Period><TimeInterval v="2016-12-31T06:00Z/2016-12-31T07:00Z"/><Direction v="Z02"/><Quantity v="0"/><MeasureUnit v="KW1"/></Period><Period><TimeInterval v="2016-12-31T07:00Z/2016-12-31T08:00Z"/><Direction v="Z02"/><Quantity v="0"/><MeasureUnit v="KW1"/></Period><Period><TimeInterval v="2016-12-31T08:00Z/2016-12-31T09:00Z"/><Direction v="Z02"/><Quantity v="0"/><MeasureUnit v="KW1"/></Period><Period><TimeInterval v="2016-12-31T09:00Z/2016-12-31T10:00Z"/><Direction v="Z02"/><Quantity v="0"/><MeasureUnit v="KW1"/></Period><Period><TimeInterval v="2016-12-31T10:00Z/2016-12-31T11:00Z"/><Direction v="Z02"/><Quantity v="0"/><MeasureUnit v="KW1"/></Period><Period><TimeInterval v="2016-12-31T11:00Z/2016-12-31T12:00Z"/><Direction v="Z02"/><Quantity v="0"/><MeasureUnit v="KW1"/></Period><Period><TimeInterval v="2016-12-31T12:00Z/2016-12-31T13:00Z"/><Direction v="Z02"/><Quantity v="0"/><MeasureUnit v="KW1"/></Period><Period><TimeInterval v="2016-12-31T13:00Z/2016-12-31T14:00Z"/><Direction v="Z02"/><Quantity v="0"/><MeasureUnit v="KW1"/></Period><Period><TimeInterval v="2016-12-31T14:00Z/2016-12-31T15:00Z"/><Direction v="Z02"/><Quantity v="0"/><MeasureUnit v="KW1"/></Period><Period><TimeInterval v="2016-12-31T15:00Z/2016-12-31T16:00Z"/><Direction v="Z02"/><Quantity v="0"/><MeasureUnit v="KW1"/></Period><Period><TimeInterval v="2016-12-31T16:00Z/2016-12-31T17:00Z"/><Direction v="Z02"/><Quantity v="0"/><MeasureUnit v="KW1"/></Period><Period><TimeInterval v="2016-12-31T17:00Z/2016-12-31T18:00Z"/><Direction v="Z02"/><Quantity v="0"/><MeasureUnit v="KW1"/></Period><Period><TimeInterval v="2016-12-31T18:00Z/2016-12-31T19:00Z"/><Direction v="Z02"/><Quantity v="0"/><MeasureUnit v="KW1"/></Period><Period><TimeInterval v="2016-12-31T19:00Z/2016-12-31T20:00Z"/><Direction v="Z02"/><Quantity v="0"/><MeasureUnit v="KW1"/></Period><Period><TimeInterval v="2016-12-31T20:00Z/2016-12-31T21:00Z"/><Direction v="Z02"/><Quantity v="0"/><MeasureUnit v="KW1"/></Period><Period><TimeInterval v="2016-12-31T21:00Z/2016-12-31T22:00Z"/><Direction v="Z02"/><Quantity v="0"/><MeasureUnit v="KW1"/></Period><Period><TimeInterval v="2016-12-31T22:00Z/2016-12-31T23:00Z"/><Direction v="Z02"/><Quantity v="0"/><MeasureUnit v="KW1"/></Period><Period><TimeInterval v="2016-12-31T23:00Z/2017-01-01T00:00Z"/><Direction v="Z02"/><Quantity v="0"/><MeasureUnit v="KW1"/></Period><Period><TimeInterval v="2017-01-01T00:00Z/2017-01-01T01:00Z"/><Direction v="Z02"/><Quantity v="0"/><MeasureUnit v="KW1"/></Period><Period><TimeInterval v="2017-01-01T01:00Z/2017-01-01T02:00Z"/><Direction v="Z02"/><Quantity v="0"/><MeasureUnit v="KW1"/></Period><Period><TimeInterval v="2017-01-01T02:00Z/2017-01-01T03:00Z"/><Direction v="Z02"/><Quantity v="0"/><MeasureUnit v="KW1"/></Period><Period><TimeInterval v="2017-01-01T03:00Z/2017-01-01T04:00Z"/><Direction v="Z02"/><Quantity v="0"/><MeasureUnit v="KW1"/></Period><Period><TimeInterval v="2017-01-01T04:00Z/2017-01-01T05:00Z"/><Direction v="Z02"/><Quantity v="0"/><MeasureUnit v="KW1"/></Period><Period><TimeInterval v="2016-12-31T05:00Z/2016-12-31T06:00Z"/><Direction v="Z03"/><Quantity v="0"/><MeasureUnit v="KW1"/></Period><Period><TimeInterval v="2016-12-31T06:00Z/2016-12-31T07:00Z"/><Direction v="Z03"/><Quantity v="0"/><MeasureUnit v="KW1"/></Period><Period><TimeInterval v="2016-12-31T07:00Z/2016-12-31T08:00Z"/><Direction v="Z03"/><Quantity v="0"/><MeasureUnit v="KW1"/></Period><Period><TimeInterval v="2016-12-31T08:00Z/2016-12-31T09:00Z"/><Direction v="Z03"/><Quantity v="0"/><MeasureUnit v="KW1"/></Period><Period><TimeInterval v="2016-12-31T09:00Z/2016-12-31T10:00Z"/><Direction v="Z03"/><Quantity v="0"/><MeasureUnit v="KW1"/></Period><Period><TimeInterval v="2016-12-31T10:00Z/2016-12-31T11:00Z"/><Direction v="Z03"/><Quantity v="0"/><MeasureUnit v="KW1"/></Period><Period><TimeInterval v="2016-12-31T11:00Z/2016-12-31T12:00Z"/><Direction v="Z03"/><Quantity v="0"/><MeasureUnit v="KW1"/></Period><Period><TimeInterval v="2016-12-31T12:00Z/2016-12-31T13:00Z"/><Direction v="Z03"/><Quantity v="0"/><MeasureUnit v="KW1"/></Period><Period><TimeInterval v="2016-12-31T13:00Z/2016-12-31T14:00Z"/><Direction v="Z03"/><Quantity v="0"/><MeasureUnit v="KW1"/></Period><Period><TimeInterval v="2016-12-31T14:00Z/2016-12-31T15:00Z"/><Direction v="Z03"/><Quantity v="0"/><MeasureUnit v="KW1"/></Period><Period><TimeInterval v="2016-12-31T15:00Z/2016-12-31T16:00Z"/><Direction v="Z03"/><Quantity v="0"/><MeasureUnit v="KW1"/></Period><Period><TimeInterval v="2016-12-31T16:00Z/2016-12-31T17:00Z"/><Direction v="Z03"/><Quantity v="0"/><MeasureUnit v="KW1"/></Period><Period><TimeInterval v="2016-12-31T17:00Z/2016-12-31T18:00Z"/><Direction v="Z03"/><Quantity v="0"/><MeasureUnit v="KW1"/></Period><Period><TimeInterval v="2016-12-31T18:00Z/2016-12-31T19:00Z"/><Direction v="Z03"/><Quantity v="0"/><MeasureUnit v="KW1"/></Period><Period><TimeInterval v="2016-12-31T19:00Z/2016-12-31T20:00Z"/><Direction v="Z03"/><Quantity v="0"/><MeasureUnit v="KW1"/></Period><Period><TimeInterval v="2016-12-31T20:00Z/2016-12-31T21:00Z"/><Direction v="Z03"/><Quantity v="0"/><MeasureUnit v="KW1"/></Period><Period><TimeInterval v="2016-12-31T21:00Z/2016-12-31T22:00Z"/><Direction v="Z03"/><Quantity v="0"/><MeasureUnit v="KW1"/></Period><Period><TimeInterval v="2016-12-31T22:00Z/2016-12-31T23:00Z"/><Direction v="Z03"/><Quantity v="0"/><MeasureUnit v="KW1"/></Period><Period><TimeInterval v="2016-12-31T23:00Z/2017-01-01T00:00Z"/><Direction v="Z03"/><Quantity v="0"/><MeasureUnit v="KW1"/></Period><Period><TimeInterval v="2017-01-01T00:00Z/2017-01-01T01:00Z"/><Direction v="Z03"/><Quantity v="0"/><MeasureUnit v="KW1"/></Period><Period><TimeInterval v="2017-01-01T01:00Z/2017-01-01T02:00Z"/><Direction v="Z03"/><Quantity v="0"/><MeasureUnit v="KW1"/></Period><Period><TimeInterval v="2017-01-01T02:00Z/2017-01-01T03:00Z"/><Direction v="Z03"/><Quantity v="0"/><MeasureUnit v="KW1"/></Period><Period><TimeInterval v="2017-01-01T03:00Z/2017-01-01T04:00Z"/><Direction v="Z03"/><Quantity v="0"/><MeasureUnit v="KW1"/></Period><Period><TimeInterval v="2017-01-01T04:00Z/2017-01-01T05:00Z"/><Direction v="Z03"/><Quantity v="0"/><MeasureUnit v="KW1"/></Period></Category></ConnectionPoint><ConnectionPoint><Identification v="37Z000000001078I" codingScheme="305"/><Type v="Z26"/><Category><CapacityCode v="Z12"/><Period><TimeInterval v="2016-12-31T05:00Z/2016-12-31T06:00Z"/><Direction v="Z02"/><Quantity v="2775000"/><MeasureUnit v="KW1"/></Period><Period><TimeInterval v="2016-12-31T06:00Z/2016-12-31T07:00Z"/><Direction v="Z02"/><Quantity v="2775000"/><MeasureUnit v="KW1"/></Period><Period><TimeInterval v="2016-12-31T07:00Z/2016-12-31T08:00Z"/><Direction v="Z02"/><Quantity v="2775000"/><MeasureUnit v="KW1"/></Period><Period><TimeInterval v="2016-12-31T08:00Z/2016-12-31T09:00Z"/><Direction v="Z02"/><Quantity v="2775000"/><MeasureUnit v="KW1"/></Period><Period><TimeInterval v="2016-12-31T09:00Z/2016-12-31T10:00Z"/><Direction v="Z02"/><Quantity v="2775000"/><MeasureUnit v="KW1"/></Period><Period><TimeInterval v="2016-12-31T10:00Z/2016-12-31T11:00Z"/><Direction v="Z02"/><Quantity v="2775000"/><MeasureUnit v="KW1"/></Period><Period><TimeInterval v="2016-12-31T11:00Z/2016-12-31T12:00Z"/><Direction v="Z02"/><Quantity v="2775000"/><MeasureUnit v="KW1"/></Period><Period><TimeInterval v="2016-12-31T12:00Z/2016-12-31T13:00Z"/><Direction v="Z02"/><Quantity v="2775000"/><MeasureUnit v="KW1"/></Period><Period><TimeInterval v="2016-12-31T13:00Z/2016-12-31T14:00Z"/><Direction v="Z02"/><Quantity v="2775000"/><MeasureUnit v="KW1"/></Period><Period><TimeInterval v="2016-12-31T14:00Z/2016-12-31T15:00Z"/><Direction v="Z02"/><Quantity v="2775000"/><MeasureUnit v="KW1"/></Period><Period><TimeInterval v="2016-12-31T15:00Z/2016-12-31T16:00Z"/><Direction v="Z02"/><Quantity v="2775000"/><MeasureUnit v="KW1"/></Period><Period><TimeInterval v="2016-12-31T16:00Z/2016-12-31T17:00Z"/><Direction v="Z02"/><Quantity v="2775000"/><MeasureUnit v="KW1"/></Period><Period><TimeInterval v="2016-12-31T17:00Z/2016-12-31T18:00Z"/><Direction v="Z02"/><Quantity v="2775000"/><MeasureUnit v="KW1"/></Period><Period><TimeInterval v="2016-12-31T18:00Z/2016-12-31T19:00Z"/><Direction v="Z02"/><Quantity v="2775000"/><MeasureUnit v="KW1"/></Period><Period><TimeInterval v="2016-12-31T19:00Z/2016-12-31T20:00Z"/><Direction v="Z02"/><Quantity v="2775000"/><MeasureUnit v="KW1"/></Period><Period><TimeInterval v="2016-12-31T20:00Z/2016-12-31T21:00Z"/><Direction v="Z02"/><Quantity v="2775000"/><MeasureUnit v="KW1"/></Period><Period><TimeInterval v="2016-12-31T21:00Z/2016-12-31T22:00Z"/><Direction v="Z02"/><Quantity v="2775000"/><MeasureUnit v="KW1"/></Period><Period><TimeInterval v="2016-12-31T22:00Z/2016-12-31T23:00Z"/><Direction v="Z02"/><Quantity v="2775000"/><MeasureUnit v="KW1"/></Period><Period><TimeInterval v="2016-12-31T23:00Z/2017-01-01T00:00Z"/><Direction v="Z02"/><Quantity v="2775000"/><MeasureUnit v="KW1"/></Period><Period><TimeInterval v="2017-01-01T00:00Z/2017-01-01T01:00Z"/><Direction v="Z02"/><Quantity v="2775000"/><MeasureUnit v="KW1"/></Period><Period><TimeInterval v="2017-01-01T01:00Z/2017-01-01T02:00Z"/><Direction v="Z02"/><Quantity v="2775000"/><MeasureUnit v="KW1"/></Period><Period><TimeInterval v="2017-01-01T02:00Z/2017-01-01T03:00Z"/><Direction v="Z02"/><Quantity v="2775000"/><MeasureUnit v="KW1"/></Period><Period><TimeInterval v="2017-01-01T03:00Z/2017-01-01T04:00Z"/><Direction v="Z02"/><Quantity v="2775000"/><MeasureUnit v="KW1"/></Period><Period><TimeInterval v="2017-01-01T04:00Z/2017-01-01T05:00Z"/><Direction v="Z02"/><Quantity v="2775000"/><MeasureUnit v="KW1"/></Period></Category><Category><CapacityCode v="Z14"/><Period><TimeInterval v="2016-12-31T05:00Z/2016-12-31T06:00Z"/><Direction v="Z02"/><Quantity v="2775000"/><MeasureUnit v="KW1"/></Period><Period><TimeInterval v="2016-12-31T06:00Z/2016-12-31T07:00Z"/><Direction v="Z02"/><Quantity v="2775000"/><MeasureUnit v="KW1"/></Period><Period><TimeInterval v="2016-12-31T07:00Z/2016-12-31T08:00Z"/><Direction v="Z02"/><Quantity v="2775000"/><MeasureUnit v="KW1"/></Period><Period><TimeInterval v="2016-12-31T08:00Z/2016-12-31T09:00Z"/><Direction v="Z02"/><Quantity v="2775000"/><MeasureUnit v="KW1"/></Period><Period><TimeInterval v="2016-12-31T09:00Z/2016-12-31T10:00Z"/><Direction v="Z02"/><Quantity v="2775000"/><MeasureUnit v="KW1"/></Period><Period><TimeInterval v="2016-12-31T10:00Z/2016-12-31T11:00Z"/><Direction v="Z02"/><Quantity v="2775000"/><MeasureUnit v="KW1"/></Period><Period><TimeInterval v="2016-12-31T11:00Z/2016-12-31T12:00Z"/><Direction v="Z02"/><Quantity v="2775000"/><MeasureUnit v="KW1"/></Period><Period><TimeInterval v="2016-12-31T12:00Z/2016-12-31T13:00Z"/><Direction v="Z02"/><Quantity v="2775000"/><MeasureUnit v="KW1"/></Period><Period><TimeInterval v="2016-12-31T13:00Z/2016-12-31T14:00Z"/><Direction v="Z02"/><Quantity v="2775000"/><MeasureUnit v="KW1"/></Period><Period><TimeInterval v="2016-12-31T14:00Z/2016-12-31T15:00Z"/><Direction v="Z02"/><Quantity v="2775000"/><MeasureUnit v="KW1"/></Period><Period><TimeInterval v="2016-12-31T15:00Z/2016-12-31T16:00Z"/><Direction v="Z02"/><Quantity v="2775000"/><MeasureUnit v="KW1"/></Period><Period><TimeInterval v="2016-12-31T16:00Z/2016-12-31T17:00Z"/><Direction v="Z02"/><Quantity v="2775000"/><MeasureUnit v="KW1"/></Period><Period><TimeInterval v="2016-12-31T17:00Z/2016-12-31T18:00Z"/><Direction v="Z02"/><Quantity v="2775000"/><MeasureUnit v="KW1"/></Period><Period><TimeInterval v="2016-12-31T18:00Z/2016-12-31T19:00Z"/><Direction v="Z02"/><Quantity v="2775000"/><MeasureUnit v="KW1"/></Period><Period><TimeInterval v="2016-12-31T19:00Z/2016-12-31T20:00Z"/><Direction v="Z02"/><Quantity v="2775000"/><MeasureUnit v="KW1"/></Period><Period><TimeInterval v="2016-12-31T20:00Z/2016-12-31T21:00Z"/><Direction v="Z02"/><Quantity v="2775000"/><MeasureUnit v="KW1"/></Period><Period><TimeInterval v="2016-12-31T21:00Z/2016-12-31T22:00Z"/><Direction v="Z02"/><Quantity v="2775000"/><MeasureUnit v="KW1"/></Period><Period><TimeInterval v="2016-12-31T22:00Z/2016-12-31T23:00Z"/><Direction v="Z02"/><Quantity v="2775000"/><MeasureUnit v="KW1"/></Period><Period><TimeInterval v="2016-12-31T23:00Z/2017-01-01T00:00Z"/><Direction v="Z02"/><Quantity v="2775000"/><MeasureUnit v="KW1"/></Period><Period><TimeInterval v="2017-01-01T00:00Z/2017-01-01T01:00Z"/><Direction v="Z02"/><Quantity v="2775000"/><MeasureUnit v="KW1"/></Period><Period><TimeInterval v="2017-01-01T01:00Z/2017-01-01T02:00Z"/><Direction v="Z02"/><Quantity v="2775000"/><MeasureUnit v="KW1"/></Period><Period><TimeInterval v="2017-01-01T02:00Z/2017-01-01T03:00Z"/><Direction v="Z02"/><Quantity v="2775000"/><MeasureUnit v="KW1"/></Period><Period><TimeInterval v="2017-01-01T03:00Z/2017-01-01T04:00Z"/><Direction v="Z02"/><Quantity v="2775000"/><MeasureUnit v="KW1"/></Period><Period><TimeInterval v="2017-01-01T04:00Z/2017-01-01T05:00Z"/><Direction v="Z02"/><Quantity v="2775000"/><MeasureUnit v="KW1"/></Period></Category><Category><CapacityCode v="Z15"/><Period><TimeInterval v="2016-12-31T05:00Z/2016-12-31T06:00Z"/><Direction v="Z02"/><Quantity v="0"/><MeasureUnit v="KW1"/></Period><Period><TimeInterval v="2016-12-31T06:00Z/2016-12-31T07:00Z"/><Direction v="Z02"/><Quantity v="0"/><MeasureUnit v="KW1"/></Period><Period><TimeInterval v="2016-12-31T07:00Z/2016-12-31T08:00Z"/><Direction v="Z02"/><Quantity v="0"/><MeasureUnit v="KW1"/></Period><Period><TimeInterval v="2016-12-31T08:00Z/2016-12-31T09:00Z"/><Direction v="Z02"/><Quantity v="0"/><MeasureUnit v="KW1"/></Period><Period><TimeInterval v="2016-12-31T09:00Z/2016-12-31T10:00Z"/><Direction v="Z02"/><Quantity v="0"/><MeasureUnit v="KW1"/></Period><Period><TimeInterval v="2016-12-31T10:00Z/2016-12-31T11:00Z"/><Direction v="Z02"/><Quantity v="0"/><MeasureUnit v="KW1"/></Period><Period><TimeInterval v="2016-12-31T11:00Z/2016-12-31T12:00Z"/><Direction v="Z02"/><Quantity v="0"/><MeasureUnit v="KW1"/></Period><Period><TimeInterval v="2016-12-31T12:00Z/2016-12-31T13:00Z"/><Direction v="Z02"/><Quantity v="0"/><MeasureUnit v="KW1"/></Period><Period><TimeInterval v="2016-12-31T13:00Z/2016-12-31T14:00Z"/><Direction v="Z02"/><Quantity v="0"/><MeasureUnit v="KW1"/></Period><Period><TimeInterval v="2016-12-31T14:00Z/2016-12-31T15:00Z"/><Direction v="Z02"/><Quantity v="0"/><MeasureUnit v="KW1"/></Period><Period><TimeInterval v="2016-12-31T15:00Z/2016-12-31T16:00Z"/><Direction v="Z02"/><Quantity v="0"/><MeasureUnit v="KW1"/></Period><Period><TimeInterval v="2016-12-31T16:00Z/2016-12-31T17:00Z"/><Direction v="Z02"/><Quantity v="0"/><MeasureUnit v="KW1"/></Period><Period><TimeInterval v="2016-12-31T17:00Z/2016-12-31T18:00Z"/><Direction v="Z02"/><Quantity v="0"/><MeasureUnit v="KW1"/></Period><Period><TimeInterval v="2016-12-31T18:00Z/2016-12-31T19:00Z"/><Direction v="Z02"/><Quantity v="0"/><MeasureUnit v="KW1"/></Period><Period><TimeInterval v="2016-12-31T19:00Z/2016-12-31T20:00Z"/><Direction v="Z02"/><Quantity v="0"/><MeasureUnit v="KW1"/></Period><Period><TimeInterval v="2016-12-31T20:00Z/2016-12-31T21:00Z"/><Direction v="Z02"/><Quantity v="0"/><MeasureUnit v="KW1"/></Period><Period><TimeInterval v="2016-12-31T21:00Z/2016-12-31T22:00Z"/><Direction v="Z02"/><Quantity v="0"/><MeasureUnit v="KW1"/></Period><Period><TimeInterval v="2016-12-31T22:00Z/2016-12-31T23:00Z"/><Direction v="Z02"/><Quantity v="0"/><MeasureUnit v="KW1"/></Period><Period><TimeInterval v="2016-12-31T23:00Z/2017-01-01T00:00Z"/><Direction v="Z02"/><Quantity v="0"/><MeasureUnit v="KW1"/></Period><Period><TimeInterval v="2017-01-01T00:00Z/2017-01-01T01:00Z"/><Direction v="Z02"/><Quantity v="0"/><MeasureUnit v="KW1"/></Period><Period><TimeInterval v="2017-01-01T01:00Z/2017-01-01T02:00Z"/><Direction v="Z02"/><Quantity v="0"/><MeasureUnit v="KW1"/></Period><Period><TimeInterval v="2017-01-01T02:00Z/2017-01-01T03:00Z"/><Direction v="Z02"/><Quantity v="0"/><MeasureUnit v="KW1"/></Period><Period><TimeInterval v="2017-01-01T03:00Z/2017-01-01T04:00Z"/><Direction v="Z02"/><Quantity v="0"/><MeasureUnit v="KW1"/></Period><Period><TimeInterval v="2017-01-01T04:00Z/2017-01-01T05:00Z"/><Direction v="Z02"/><Quantity v="0"/><MeasureUnit v="KW1"/></Period></Category></ConnectionPoint><ConnectionPoint><Identification v="37Y000000000288Q" codingScheme="305"/><Type v="Z26"/><Category><CapacityCode v="Z12"/><Period><TimeInterval v="2016-12-31T05:00Z/2016-12-31T06:00Z"/><Direction v="Z02"/><Quantity v="10844"/><MeasureUnit v="KW1"/></Period><Period><TimeInterval v="2016-12-31T06:00Z/2016-12-31T07:00Z"/><Direction v="Z02"/><Quantity v="10844"/><MeasureUnit v="KW1"/></Period><Period><TimeInterval v="2016-12-31T07:00Z/2016-12-31T08:00Z"/><Direction v="Z02"/><Quantity v="10844"/><MeasureUnit v="KW1"/></Period><Period><TimeInterval v="2016-12-31T08:00Z/2016-12-31T09:00Z"/><Direction v="Z02"/><Quantity v="10844"/><MeasureUnit v="KW1"/></Period><Period><TimeInterval v="2016-12-31T09:00Z/2016-12-31T10:00Z"/><Direction v="Z02"/><Quantity v="10844"/><MeasureUnit v="KW1"/></Period><Period><TimeInterval v="2016-12-31T10:00Z/2016-12-31T11:00Z"/><Direction v="Z02"/><Quantity v="10844"/><MeasureUnit v="KW1"/></Period><Period><TimeInterval v="2016-12-31T11:00Z/2016-12-31T12:00Z"/><Direction v="Z02"/><Quantity v="10844"/><MeasureUnit v="KW1"/></Period><Period><TimeInterval v="2016-12-31T12:00Z/2016-12-31T13:00Z"/><Direction v="Z02"/><Quantity v="10844"/><MeasureUnit v="KW1"/></Period><Period><TimeInterval v="2016-12-31T13:00Z/2016-12-31T14:00Z"/><Direction v="Z02"/><Quantity v="10844"/><MeasureUnit v="KW1"/></Period><Period><TimeInterval v="2016-12-31T14:00Z/2016-12-31T15:00Z"/><Direction v="Z02"/><Quantity v="10844"/><MeasureUnit v="KW1"/></Period><Period><TimeInterval v="2016-12-31T15:00Z/2016-12-31T16:00Z"/><Direction v="Z02"/><Quantity v="10844"/><MeasureUnit v="KW1"/></Period><Period><TimeInterval v="2016-12-31T16:00Z/2016-12-31T17:00Z"/><Direction v="Z02"/><Quantity v="10844"/><MeasureUnit v="KW1"/></Period><Period><TimeInterval v="2016-12-31T17:00Z/2016-12-31T18:00Z"/><Direction v="Z02"/><Quantity v="10844"/><MeasureUnit v="KW1"/></Period><Period><TimeInterval v="2016-12-31T18:00Z/2016-12-31T19:00Z"/><Direction v="Z02"/><Quantity v="181844"/><MeasureUnit v="KW1"/></Period><Period><TimeInterval v="2016-12-31T19:00Z/2016-12-31T20:00Z"/><Direction v="Z02"/><Quantity v="181844"/><MeasureUnit v="KW1"/></Period><Period><TimeInterval v="2016-12-31T20:00Z/2016-12-31T21:00Z"/><Direction v="Z02"/><Quantity v="181844"/><MeasureUnit v="KW1"/></Period><Period><TimeInterval v="2016-12-31T21:00Z/2016-12-31T22:00Z"/><Direction v="Z02"/><Quantity v="181844"/><MeasureUnit v="KW1"/></Period><Period><TimeInterval v="2016-12-31T22:00Z/2016-12-31T23:00Z"/><Direction v="Z02"/><Quantity v="181844"/><MeasureUnit v="KW1"/></Period><Period><TimeInterval v="2016-12-31T23:00Z/2017-01-01T00:00Z"/><Direction v="Z02"/><Quantity v="181844"/><MeasureUnit v="KW1"/></Period><Period><TimeInterval v="2017-01-01T00:00Z/2017-01-01T01:00Z"/><Direction v="Z02"/><Quantity v="181844"/><MeasureUnit v="KW1"/></Period><Period><TimeInterval v="2017-01-01T01:00Z/2017-01-01T02:00Z"/><Direction v="Z02"/><Quantity v="181844"/><MeasureUnit v="KW1"/></Period><Period><TimeInterval v="2017-01-01T02:00Z/2017-01-01T03:00Z"/><Direction v="Z02"/><Quantity v="181844"/><MeasureUnit v="KW1"/></Period><Period><TimeInterval v="2017-01-01T03:00Z/2017-01-01T04:00Z"/><Direction v="Z02"/><Quantity v="181844"/><MeasureUnit v="KW1"/></Period><Period><TimeInterval v="2017-01-01T04:00Z/2017-01-01T05:00Z"/><Direction v="Z02"/><Quantity v="181844"/><MeasureUnit v="KW1"/></Period></Category><Category><CapacityCode v="Z14"/><Period><TimeInterval v="2016-12-31T05:00Z/2016-12-31T06:00Z"/><Direction v="Z02"/><Quantity v="9244"/><MeasureUnit v="KW1"/></Period><Period><TimeInterval v="2016-12-31T06:00Z/2016-12-31T07:00Z"/><Direction v="Z02"/><Quantity v="9244"/><MeasureUnit v="KW1"/></Period><Period><TimeInterval v="2016-12-31T07:00Z/2016-12-31T08:00Z"/><Direction v="Z02"/><Quantity v="9244"/><MeasureUnit v="KW1"/></Period><Period><TimeInterval v="2016-12-31T08:00Z/2016-12-31T09:00Z"/><Direction v="Z02"/><Quantity v="9244"/><MeasureUnit v="KW1"/></Period><Period><TimeInterval v="2016-12-31T09:00Z/2016-12-31T10:00Z"/><Direction v="Z02"/><Quantity v="9244"/><MeasureUnit v="KW1"/></Period><Period><TimeInterval v="2016-12-31T10:00Z/2016-12-31T11:00Z"/><Direction v="Z02"/><Quantity v="9244"/><MeasureUnit v="KW1"/></Period><Period><TimeInterval v="2016-12-31T11:00Z/2016-12-31T12:00Z"/><Direction v="Z02"/><Quantity v="9244"/><MeasureUnit v="KW1"/></Period><Period><TimeInterval v="2016-12-31T12:00Z/2016-12-31T13:00Z"/><Direction v="Z02"/><Quantity v="9244"/><MeasureUnit v="KW1"/></Period><Period><TimeInterval v="2016-12-31T13:00Z/2016-12-31T14:00Z"/><Direction v="Z02"/><Quantity v="9244"/><MeasureUnit v="KW1"/></Period><Period><TimeInterval v="2016-12-31T14:00Z/2016-12-31T15:00Z"/><Direction v="Z02"/><Quantity v="9244"/><MeasureUnit v="KW1"/></Period><Period><TimeInterval v="2016-12-31T15:00Z/2016-12-31T16:00Z"/><Direction v="Z02"/><Quantity v="9244"/><MeasureUnit v="KW1"/></Period><Period><TimeInterval v="2016-12-31T16:00Z/2016-12-31T17:00Z"/><Direction v="Z02"/><Quantity v="9244"/><MeasureUnit v="KW1"/></Period><Period><TimeInterval v="2016-12-31T17:00Z/2016-12-31T18:00Z"/><Direction v="Z02"/><Quantity v="9244"/><MeasureUnit v="KW1"/></Period><Period><TimeInterval v="2016-12-31T18:00Z/2016-12-31T19:00Z"/><Direction v="Z02"/><Quantity v="9244"/><MeasureUnit v="KW1"/></Period><Period><TimeInterval v="2016-12-31T19:00Z/2016-12-31T20:00Z"/><Direction v="Z02"/><Quantity v="9244"/><MeasureUnit v="KW1"/></Period><Period><TimeInterval v="2016-12-31T20:00Z/2016-12-31T21:00Z"/><Direction v="Z02"/><Quantity v="9244"/><MeasureUnit v="KW1"/></Period><Period><TimeInterval v="2016-12-31T21:00Z/2016-12-31T22:00Z"/><Direction v="Z02"/><Quantity v="9244"/><MeasureUnit v="KW1"/></Period><Period><TimeInterval v="2016-12-31T22:00Z/2016-12-31T23:00Z"/><Direction v="Z02"/><Quantity v="9244"/><MeasureUnit v="KW1"/></Period><Period><TimeInterval v="2016-12-31T23:00Z/2017-01-01T00:00Z"/><Direction v="Z02"/><Quantity v="9244"/><MeasureUnit v="KW1"/></Period><Period><TimeInterval v="2017-01-01T00:00Z/2017-01-01T01:00Z"/><Direction v="Z02"/><Quantity v="9244"/><MeasureUnit v="KW1"/></Period><Period><TimeInterval v="2017-01-01T01:00Z/2017-01-01T02:00Z"/><Direction v="Z02"/><Quantity v="9244"/><MeasureUnit v="KW1"/></Period><Period><TimeInterval v="2017-01-01T02:00Z/2017-01-01T03:00Z"/><Direction v="Z02"/><Quantity v="9244"/><MeasureUnit v="KW1"/></Period><Period><TimeInterval v="2017-01-01T03:00Z/2017-01-01T04:00Z"/><Direction v="Z02"/><Quantity v="9244"/><MeasureUnit v="KW1"/></Period><Period><TimeInterval v="2017-01-01T04:00Z/2017-01-01T05:00Z"/><Direction v="Z02"/><Quantity v="9244"/><MeasureUnit v="KW1"/></Period></Category><Category><CapacityCode v="Z15"/><Period><TimeInterval v="2016-12-31T05:00Z/2016-12-31T06:00Z"/><Direction v="Z02"/><Quantity v="0"/><MeasureUnit v="KW1"/></Period><Period><TimeInterval v="2016-12-31T06:00Z/2016-12-31T07:00Z"/><Direction v="Z02"/><Quantity v="0"/><MeasureUnit v="KW1"/></Period><Period><TimeInterval v="2016-12-31T07:00Z/2016-12-31T08:00Z"/><Direction v="Z02"/><Quantity v="0"/><MeasureUnit v="KW1"/></Period><Period><TimeInterval v="2016-12-31T08:00Z/2016-12-31T09:00Z"/><Direction v="Z02"/><Quantity v="0"/><MeasureUnit v="KW1"/></Period><Period><TimeInterval v="2016-12-31T09:00Z/2016-12-31T10:00Z"/><Direction v="Z02"/><Quantity v="0"/><MeasureUnit v="KW1"/></Period><Period><TimeInterval v="2016-12-31T10:00Z/2016-12-31T11:00Z"/><Direction v="Z02"/><Quantity v="0"/><MeasureUnit v="KW1"/></Period><Period><TimeInterval v="2016-12-31T11:00Z/2016-12-31T12:00Z"/><Direction v="Z02"/><Quantity v="0"/><MeasureUnit v="KW1"/></Period><Period><TimeInterval v="2016-12-31T12:00Z/2016-12-31T13:00Z"/><Direction v="Z02"/><Quantity v="0"/><MeasureUnit v="KW1"/></Period><Period><TimeInterval v="2016-12-31T13:00Z/2016-12-31T14:00Z"/><Direction v="Z02"/><Quantity v="0"/><MeasureUnit v="KW1"/></Period><Period><TimeInterval v="2016-12-31T14:00Z/2016-12-31T15:00Z"/><Direction v="Z02"/><Quantity v="0"/><MeasureUnit v="KW1"/></Period><Period><TimeInterval v="2016-12-31T15:00Z/2016-12-31T16:00Z"/><Direction v="Z02"/><Quantity v="0"/><MeasureUnit v="KW1"/></Period><Period><TimeInterval v="2016-12-31T16:00Z/2016-12-31T17:00Z"/><Direction v="Z02"/><Quantity v="0"/><MeasureUnit v="KW1"/></Period><Period><TimeInterval v="2016-12-31T17:00Z/2016-12-31T18:00Z"/><Direction v="Z02"/><Quantity v="0"/><MeasureUnit v="KW1"/></Period><Period><TimeInterval v="2016-12-31T18:00Z/2016-12-31T19:00Z"/><Direction v="Z02"/><Quantity v="0"/><MeasureUnit v="KW1"/></Period><Period><TimeInterval v="2016-12-31T19:00Z/2016-12-31T20:00Z"/><Direction v="Z02"/><Quantity v="0"/><MeasureUnit v="KW1"/></Period><Period><TimeInterval v="2016-12-31T20:00Z/2016-12-31T21:00Z"/><Direction v="Z02"/><Quantity v="0"/><MeasureUnit v="KW1"/></Period><Period><TimeInterval v="2016-12-31T21:00Z/2016-12-31T22:00Z"/><Direction v="Z02"/><Quantity v="0"/><MeasureUnit v="KW1"/></Period><Period><TimeInterval v="2016-12-31T22:00Z/2016-12-31T23:00Z"/><Direction v="Z02"/><Quantity v="0"/><MeasureUnit v="KW1"/></Period><Period><TimeInterval v="2016-12-31T23:00Z/2017-01-01T00:00Z"/><Direction v="Z02"/><Quantity v="0"/><MeasureUnit v="KW1"/></Period><Period><TimeInterval v="2017-01-01T00:00Z/2017-01-01T01:00Z"/><Direction v="Z02"/><Quantity v="0"/><MeasureUnit v="KW1"/></Period><Period><TimeInterval v="2017-01-01T01:00Z/2017-01-01T02:00Z"/><Direction v="Z02"/><Quantity v="0"/><MeasureUnit v="KW1"/></Period><Period><TimeInterval v="2017-01-01T02:00Z/2017-01-01T03:00Z"/><Direction v="Z02"/><Quantity v="0"/><MeasureUnit v="KW1"/></Period><Period><TimeInterval v="2017-01-01T03:00Z/2017-01-01T04:00Z"/><Direction v="Z02"/><Quantity v="0"/><MeasureUnit v="KW1"/></Period><Period><TimeInterval v="2017-01-01T04:00Z/2017-01-01T05:00Z"/><Direction v="Z02"/><Quantity v="0"/><MeasureUnit v="KW1"/></Period></Category></ConnectionPoint><ConnectionPoint><Identification v="21Z000000000342R" codingScheme="305"/><Type v="Z28"/><Category><CapacityCode v="Z12"/><Period><TimeInterval v="2016-12-31T05:00Z/2016-12-31T06:00Z"/><Direction v="Z02"/><Quantity v="6000"/><MeasureUnit v="KW1"/></Period><Period><TimeInterval v="2016-12-31T06:00Z/2016-12-31T07:00Z"/><Direction v="Z02"/><Quantity v="6000"/><MeasureUnit v="KW1"/></Period><Period><TimeInterval v="2016-12-31T07:00Z/2016-12-31T08:00Z"/><Direction v="Z02"/><Quantity v="6000"/><MeasureUnit v="KW1"/></Period><Period><TimeInterval v="2016-12-31T08:00Z/2016-12-31T09:00Z"/><Direction v="Z02"/><Quantity v="6000"/><MeasureUnit v="KW1"/></Period><Period><TimeInterval v="2016-12-31T09:00Z/2016-12-31T10:00Z"/><Direction v="Z02"/><Quantity v="6000"/><MeasureUnit v="KW1"/></Period><Period><TimeInterval v="2016-12-31T10:00Z/2016-12-31T11:00Z"/><Direction v="Z02"/><Quantity v="6000"/><MeasureUnit v="KW1"/></Period><Period><TimeInterval v="2016-12-31T11:00Z/2016-12-31T12:00Z"/><Direction v="Z02"/><Quantity v="6000"/><MeasureUnit v="KW1"/></Period><Period><TimeInterval v="2016-12-31T12:00Z/2016-12-31T13:00Z"/><Direction v="Z02"/><Quantity v="6000"/><MeasureUnit v="KW1"/></Period><Period><TimeInterval v="2016-12-31T13:00Z/2016-12-31T14:00Z"/><Direction v="Z02"/><Quantity v="6000"/><MeasureUnit v="KW1"/></Period><Period><TimeInterval v="2016-12-31T14:00Z/2016-12-31T15:00Z"/><Direction v="Z02"/><Quantity v="6000"/><MeasureUnit v="KW1"/></Period><Period><TimeInterval v="2016-12-31T15:00Z/2016-12-31T16:00Z"/><Direction v="Z02"/><Quantity v="6000"/><MeasureUnit v="KW1"/></Period><Period><TimeInterval v="2016-12-31T16:00Z/2016-12-31T17:00Z"/><Direction v="Z02"/><Quantity v="6000"/><MeasureUnit v="KW1"/></Period><Period><TimeInterval v="2016-12-31T17:00Z/2016-12-31T18:00Z"/><Direction v="Z02"/><Quantity v="6000"/><MeasureUnit v="KW1"/></Period><Period><TimeInterval v="2016-12-31T18:00Z/2016-12-31T19:00Z"/><Direction v="Z02"/><Quantity v="6000"/><MeasureUnit v="KW1"/></Period><Period><TimeInterval v="2016-12-31T19:00Z/2016-12-31T20:00Z"/><Direction v="Z02"/><Quantity v="6000"/><MeasureUnit v="KW1"/></Period><Period><TimeInterval v="2016-12-31T20:00Z/2016-12-31T21:00Z"/><Direction v="Z02"/><Quantity v="6000"/><MeasureUnit v="KW1"/></Period><Period><TimeInterval v="2016-12-31T21:00Z/2016-12-31T22:00Z"/><Direction v="Z02"/><Quantity v="6000"/><MeasureUnit v="KW1"/></Period><Period><TimeInterval v="2016-12-31T22:00Z/2016-12-31T23:00Z"/><Direction v="Z02"/><Quantity v="6000"/><MeasureUnit v="KW1"/></Period><Period><TimeInterval v="2016-12-31T23:00Z/2017-01-01T00:00Z"/><Direction v="Z02"/><Quantity v="6000"/><MeasureUnit v="KW1"/></Period><Period><TimeInterval v="2017-01-01T00:00Z/2017-01-01T01:00Z"/><Direction v="Z02"/><Quantity v="6000"/><MeasureUnit v="KW1"/></Period><Period><TimeInterval v="2017-01-01T01:00Z/2017-01-01T02:00Z"/><Direction v="Z02"/><Quantity v="6000"/><MeasureUnit v="KW1"/></Period><Period><TimeInterval v="2017-01-01T02:00Z/2017-01-01T03:00Z"/><Direction v="Z02"/><Quantity v="6000"/><MeasureUnit v="KW1"/></Period><Period><TimeInterval v="2017-01-01T03:00Z/2017-01-01T04:00Z"/><Direction v="Z02"/><Quantity v="6000"/><MeasureUnit v="KW1"/></Period><Period><TimeInterval v="2017-01-01T04:00Z/2017-01-01T05:00Z"/><Direction v="Z02"/><Quantity v="6000"/><MeasureUnit v="KW1"/></Period></Category><Category><CapacityCode v="Z14"/><Period><TimeInterval v="2016-12-31T05:00Z/2016-12-31T06:00Z"/><Direction v="Z02"/><Quantity v="6000"/><MeasureUnit v="KW1"/></Period><Period><TimeInterval v="2016-12-31T06:00Z/2016-12-31T07:00Z"/><Direction v="Z02"/><Quantity v="6000"/><MeasureUnit v="KW1"/></Period><Period><TimeInterval v="2016-12-31T07:00Z/2016-12-31T08:00Z"/><Direction v="Z02"/><Quantity v="6000"/><MeasureUnit v="KW1"/></Period><Period><TimeInterval v="2016-12-31T08:00Z/2016-12-31T09:00Z"/><Direction v="Z02"/><Quantity v="6000"/><MeasureUnit v="KW1"/></Period><Period><TimeInterval v="2016-12-31T09:00Z/2016-12-31T10:00Z"/><Direction v="Z02"/><Quantity v="6000"/><MeasureUnit v="KW1"/></Period><Period><TimeInterval v="2016-12-31T10:00Z/2016-12-31T11:00Z"/><Direction v="Z02"/><Quantity v="6000"/><MeasureUnit v="KW1"/></Period><Period><TimeInterval v="2016-12-31T11:00Z/2016-12-31T12:00Z"/><Direction v="Z02"/><Quantity v="6000"/><MeasureUnit v="KW1"/></Period><Period><TimeInterval v="2016-12-31T12:00Z/2016-12-31T13:00Z"/><Direction v="Z02"/><Quantity v="6000"/><MeasureUnit v="KW1"/></Period><Period><TimeInterval v="2016-12-31T13:00Z/2016-12-31T14:00Z"/><Direction v="Z02"/><Quantity v="6000"/><MeasureUnit v="KW1"/></Period><Period><TimeInterval v="2016-12-31T14:00Z/2016-12-31T15:00Z"/><Direction v="Z02"/><Quantity v="6000"/><MeasureUnit v="KW1"/></Period><Period><TimeInterval v="2016-12-31T15:00Z/2016-12-31T16:00Z"/><Direction v="Z02"/><Quantity v="6000"/><MeasureUnit v="KW1"/></Period><Period><TimeInterval v="2016-12-31T16:00Z/2016-12-31T17:00Z"/><Direction v="Z02"/><Quantity v="6000"/><MeasureUnit v="KW1"/></Period><Period><TimeInterval v="2016-12-31T17:00Z/2016-12-31T18:00Z"/><Direction v="Z02"/><Quantity v="6000"/><MeasureUnit v="KW1"/></Period><Period><TimeInterval v="2016-12-31T18:00Z/2016-12-31T19:00Z"/><Direction v="Z02"/><Quantity v="6000"/><MeasureUnit v="KW1"/></Period><Period><TimeInterval v="2016-12-31T19:00Z/2016-12-31T20:00Z"/><Direction v="Z02"/><Quantity v="6000"/><MeasureUnit v="KW1"/></Period><Period><TimeInterval v="2016-12-31T20:00Z/2016-12-31T21:00Z"/><Direction v="Z02"/><Quantity v="6000"/><MeasureUnit v="KW1"/></Period><Period><TimeInterval v="2016-12-31T21:00Z/2016-12-31T22:00Z"/><Direction v="Z02"/><Quantity v="6000"/><MeasureUnit v="KW1"/></Period><Period><TimeInterval v="2016-12-31T22:00Z/2016-12-31T23:00Z"/><Direction v="Z02"/><Quantity v="6000"/><MeasureUnit v="KW1"/></Period><Period><TimeInterval v="2016-12-31T23:00Z/2017-01-01T00:00Z"/><Direction v="Z02"/><Quantity v="6000"/><MeasureUnit v="KW1"/></Period><Period><TimeInterval v="2017-01-01T00:00Z/2017-01-01T01:00Z"/><Direction v="Z02"/><Quantity v="6000"/><MeasureUnit v="KW1"/></Period><Period><TimeInterval v="2017-01-01T01:00Z/2017-01-01T02:00Z"/><Direction v="Z02"/><Quantity v="6000"/><MeasureUnit v="KW1"/></Period><Period><TimeInterval v="2017-01-01T02:00Z/2017-01-01T03:00Z"/><Direction v="Z02"/><Quantity v="6000"/><MeasureUnit v="KW1"/></Period><Period><TimeInterval v="2017-01-01T03:00Z/2017-01-01T04:00Z"/><Direction v="Z02"/><Quantity v="6000"/><MeasureUnit v="KW1"/></Period><Period><TimeInterval v="2017-01-01T04:00Z/2017-01-01T05:00Z"/><Direction v="Z02"/><Quantity v="6000"/><MeasureUnit v="KW1"/></Period></Category><Category><CapacityCode v="Z15"/><Period><TimeInterval v="2016-12-31T05:00Z/2016-12-31T06:00Z"/><Direction v="Z02"/><Quantity v="0"/><MeasureUnit v="KW1"/></Period><Period><TimeInterval v="2016-12-31T06:00Z/2016-12-31T07:00Z"/><Direction v="Z02"/><Quantity v="0"/><MeasureUnit v="KW1"/></Period><Period><TimeInterval v="2016-12-31T07:00Z/2016-12-31T08:00Z"/><Direction v="Z02"/><Quantity v="0"/><MeasureUnit v="KW1"/></Period><Period><TimeInterval v="2016-12-31T08:00Z/2016-12-31T09:00Z"/><Direction v="Z02"/><Quantity v="0"/><MeasureUnit v="KW1"/></Period><Period><TimeInterval v="2016-12-31T09:00Z/2016-12-31T10:00Z"/><Direction v="Z02"/><Quantity v="0"/><MeasureUnit v="KW1"/></Period><Period><TimeInterval v="2016-12-31T10:00Z/2016-12-31T11:00Z"/><Direction v="Z02"/><Quantity v="0"/><MeasureUnit v="KW1"/></Period><Period><TimeInterval v="2016-12-31T11:00Z/2016-12-31T12:00Z"/><Direction v="Z02"/><Quantity v="0"/><MeasureUnit v="KW1"/></Period><Period><TimeInterval v="2016-12-31T12:00Z/2016-12-31T13:00Z"/><Direction v="Z02"/><Quantity v="0"/><MeasureUnit v="KW1"/></Period><Period><TimeInterval v="2016-12-31T13:00Z/2016-12-31T14:00Z"/><Direction v="Z02"/><Quantity v="0"/><MeasureUnit v="KW1"/></Period><Period><TimeInterval v="2016-12-31T14:00Z/2016-12-31T15:00Z"/><Direction v="Z02"/><Quantity v="0"/><MeasureUnit v="KW1"/></Period><Period><TimeInterval v="2016-12-31T15:00Z/2016-12-31T16:00Z"/><Direction v="Z02"/><Quantity v="0"/><MeasureUnit v="KW1"/></Period><Period><TimeInterval v="2016-12-31T16:00Z/2016-12-31T17:00Z"/><Direction v="Z02"/><Quantity v="0"/><MeasureUnit v="KW1"/></Period><Period><TimeInterval v="2016-12-31T17:00Z/2016-12-31T18:00Z"/><Direction v="Z02"/><Quantity v="0"/><MeasureUnit v="KW1"/></Period><Period><TimeInterval v="2016-12-31T18:00Z/2016-12-31T19:00Z"/><Direction v="Z02"/><Quantity v="0"/><MeasureUnit v="KW1"/></Period><Period><TimeInterval v="2016-12-31T19:00Z/2016-12-31T20:00Z"/><Direction v="Z02"/><Quantity v="0"/><MeasureUnit v="KW1"/></Period><Period><TimeInterval v="2016-12-31T20:00Z/2016-12-31T21:00Z"/><Direction v="Z02"/><Quantity v="0"/><MeasureUnit v="KW1"/></Period><Period><TimeInterval v="2016-12-31T21:00Z/2016-12-31T22:00Z"/><Direction v="Z02"/><Quantity v="0"/><MeasureUnit v="KW1"/></Period><Period><TimeInterval v="2016-12-31T22:00Z/2016-12-31T23:00Z"/><Direction v="Z02"/><Quantity v="0"/><MeasureUnit v="KW1"/></Period><Period><TimeInterval v="2016-12-31T23:00Z/2017-01-01T00:00Z"/><Direction v="Z02"/><Quantity v="0"/><MeasureUnit v="KW1"/></Period><Period><TimeInterval v="2017-01-01T00:00Z/2017-01-01T01:00Z"/><Direction v="Z02"/><Quantity v="0"/><MeasureUnit v="KW1"/></Period><Period><TimeInterval v="2017-01-01T01:00Z/2017-01-01T02:00Z"/><Direction v="Z02"/><Quantity v="0"/><MeasureUnit v="KW1"/></Period><Period><TimeInterval v="2017-01-01T02:00Z/2017-01-01T03:00Z"/><Direction v="Z02"/><Quantity v="0"/><MeasureUnit v="KW1"/></Period><Period><TimeInterval v="2017-01-01T03:00Z/2017-01-01T04:00Z"/><Direction v="Z02"/><Quantity v="0"/><MeasureUnit v="KW1"/></Period><Period><TimeInterval v="2017-01-01T04:00Z/2017-01-01T05:00Z"/><Direction v="Z02"/><Quantity v="0"/><MeasureUnit v="KW1"/></Period></Category></ConnectionPoint><ConnectionPoint><Identification v="21Z000000000343P" codingScheme="305"/><Type v="Z31"/><Category><CapacityCode v="Z12"/><Period><TimeInterval v="2016-12-31T05:00Z/2016-12-31T06:00Z"/><Direction v="Z03"/><Quantity v="5727099"/><MeasureUnit v="KW1"/></Period><Period><TimeInterval v="2016-12-31T06:00Z/2016-12-31T07:00Z"/><Direction v="Z03"/><Quantity v="5710155"/><MeasureUnit v="KW1"/></Period><Period><TimeInterval v="2016-12-31T07:00Z/2016-12-31T08:00Z"/><Direction v="Z03"/><Quantity v="6099267"/><MeasureUnit v="KW1"/></Period><Period><TimeInterval v="2016-12-31T08:00Z/2016-12-31T09:00Z"/><Direction v="Z03"/><Quantity v="6072040"/><MeasureUnit v="KW1"/></Period><Period><TimeInterval v="2016-12-31T09:00Z/2016-12-31T10:00Z"/><Direction v="Z03"/><Quantity v="6143357"/><MeasureUnit v="KW1"/></Period><Period><TimeInterval v="2016-12-31T10:00Z/2016-12-31T11:00Z"/><Direction v="Z03"/><Quantity v="6071271"/><MeasureUnit v="KW1"/></Period><Period><TimeInterval v="2016-12-31T11:00Z/2016-12-31T12:00Z"/><Direction v="Z03"/><Quantity v="6024091"/><MeasureUnit v="KW1"/></Period><Period><TimeInterval v="2016-12-31T12:00Z/2016-12-31T13:00Z"/><Direction v="Z03"/><Quantity v="5884861"/><MeasureUnit v="KW1"/></Period><Period><TimeInterval v="2016-12-31T13:00Z/2016-12-31T14:00Z"/><Direction v="Z03"/><Quantity v="5987114"/><MeasureUnit v="KW1"/></Period><Period><TimeInterval v="2016-12-31T14:00Z/2016-12-31T15:00Z"/><Direction v="Z03"/><Quantity v="5994269"/><MeasureUnit v="KW1"/></Period><Period><TimeInterval v="2016-12-31T15:00Z/2016-12-31T16:00Z"/><Direction v="Z03"/><Quantity v="5921166"/><MeasureUnit v="KW1"/></Period><Period><TimeInterval v="2016-12-31T16:00Z/2016-12-31T17:00Z"/><Direction v="Z03"/><Quantity v="5926499"/><MeasureUnit v="KW1"/></Period><Period><TimeInterval v="2016-12-31T17:00Z/2016-12-31T18:00Z"/><Direction v="Z03"/><Quantity v="5953904"/><MeasureUnit v="KW1"/></Period><Period><TimeInterval v="2016-12-31T18:00Z/2016-12-31T19:00Z"/><Direction v="Z03"/><Quantity v="5947486"/><MeasureUnit v="KW1"/></Period><Period><TimeInterval v="2016-12-31T19:00Z/2016-12-31T20:00Z"/><Direction v="Z03"/><Quantity v="5854758"/><MeasureUnit v="KW1"/></Period><Period><TimeInterval v="2016-12-31T20:00Z/2016-12-31T21:00Z"/><Direction v="Z03"/><Quantity v="5789848"/><MeasureUnit v="KW1"/></Period><Period><TimeInterval v="2016-12-31T21:00Z/2016-12-31T22:00Z"/><Direction v="Z03"/><Quantity v="5645925"/><MeasureUnit v="KW1"/></Period><Period><TimeInterval v="2016-12-31T22:00Z/2016-12-31T23:00Z"/><Direction v="Z03"/><Quantity v="5296583"/><MeasureUnit v="KW1"/></Period><Period><TimeInterval v="2016-12-31T23:00Z/2017-01-01T00:00Z"/><Direction v="Z03"/><Quantity v="5286558"/><MeasureUnit v="KW1"/></Period><Period><TimeInterval v="2017-01-01T00:00Z/2017-01-01T01:00Z"/><Direction v="Z03"/><Quantity v="5259515"/><MeasureUnit v="KW1"/></Period><Period><TimeInterval v="2017-01-01T01:00Z/2017-01-01T02:00Z"/><Direction v="Z03"/><Quantity v="5144540"/><MeasureUnit v="KW1"/></Period><Period><TimeInterval v="2017-01-01T02:00Z/2017-01-01T03:00Z"/><Direction v="Z03"/><Quantity v="4998417"/><MeasureUnit v="KW1"/></Period><Period><TimeInterval v="2017-01-01T03:00Z/2017-01-01T04:00Z"/><Direction v="Z03"/><Quantity v="5056189"/><MeasureUnit v="KW1"/></Period><Period><TimeInterval v="2017-01-01T04:00Z/2017-01-01T05:00Z"/><Direction v="Z03"/><Quantity v="5170723"/><MeasureUnit v="KW1"/></Period></Category><Category><CapacityCode v="Z15"/><Period><TimeInterval v="2016-12-31T05:00Z/2016-12-31T06:00Z"/><Direction v="Z03"/><Quantity v="0"/><MeasureUnit v="KW1"/></Period><Period><TimeInterval v="2016-12-31T06:00Z/2016-12-31T07:00Z"/><Direction v="Z03"/><Quantity v="0"/><MeasureUnit v="KW1"/></Period><Period><TimeInterval v="2016-12-31T07:00Z/2016-12-31T08:00Z"/><Direction v="Z03"/><Quantity v="0"/><MeasureUnit v="KW1"/></Period><Period><TimeInterval v="2016-12-31T08:00Z/2016-12-31T09:00Z"/><Direction v="Z03"/><Quantity v="0"/><MeasureUnit v="KW1"/></Period><Period><TimeInterval v="2016-12-31T09:00Z/2016-12-31T10:00Z"/><Direction v="Z03"/><Quantity v="0"/><MeasureUnit v="KW1"/></Period><Period><TimeInterval v="2016-12-31T10:00Z/2016-12-31T11:00Z"/><Direction v="Z03"/><Quantity v="0"/><MeasureUnit v="KW1"/></Period><Period><TimeInterval v="2016-12-31T11:00Z/2016-12-31T12:00Z"/><Direction v="Z03"/><Quantity v="0"/><MeasureUnit v="KW1"/></Period><Period><TimeInterval v="2016-12-31T12:00Z/2016-12-31T13:00Z"/><Direction v="Z03"/><Quantity v="0"/><MeasureUnit v="KW1"/></Period><Period><TimeInterval v="2016-12-31T13:00Z/2016-12-31T14:00Z"/><Direction v="Z03"/><Quantity v="0"/><MeasureUnit v="KW1"/></Period><Period><TimeInterval v="2016-12-31T14:00Z/2016-12-31T15:00Z"/><Direction v="Z03"/><Quantity v="0"/><MeasureUnit v="KW1"/></Period><Period><TimeInterval v="2016-12-31T15:00Z/2016-12-31T16:00Z"/><Direction v="Z03"/><Quantity v="0"/><MeasureUnit v="KW1"/></Period><Period><TimeInterval v="2016-12-31T16:00Z/2016-12-31T17:00Z"/><Direction v="Z03"/><Quantity v="0"/><MeasureUnit v="KW1"/></Period><Period><TimeInterval v="2016-12-31T17:00Z/2016-12-31T18:00Z"/><Direction v="Z03"/><Quantity v="0"/><MeasureUnit v="KW1"/></Period><Period><TimeInterval v="2016-12-31T18:00Z/2016-12-31T19:00Z"/><Direction v="Z03"/><Quantity v="0"/><MeasureUnit v="KW1"/></Period><Period><TimeInterval v="2016-12-31T19:00Z/2016-12-31T20:00Z"/><Direction v="Z03"/><Quantity v="0"/><MeasureUnit v="KW1"/></Period><Period><TimeInterval v="2016-12-31T20:00Z/2016-12-31T21:00Z"/><Direction v="Z03"/><Quantity v="0"/><MeasureUnit v="KW1"/></Period><Period><TimeInterval v="2016-12-31T21:00Z/2016-12-31T22:00Z"/><Direction v="Z03"/><Quantity v="0"/><MeasureUnit v="KW1"/></Period><Period><TimeInterval v="2016-12-31T22:00Z/2016-12-31T23:00Z"/><Direction v="Z03"/><Quantity v="0"/><MeasureUnit v="KW1"/></Period><Period><TimeInterval v="2016-12-31T23:00Z/2017-01-01T00:00Z"/><Direction v="Z03"/><Quantity v="0"/><MeasureUnit v="KW1"/></Period><Period><TimeInterval v="2017-01-01T00:00Z/2017-01-01T01:00Z"/><Direction v="Z03"/><Quantity v="0"/><MeasureUnit v="KW1"/></Period><Period><TimeInterval v="2017-01-01T01:00Z/2017-01-01T02:00Z"/><Direction v="Z03"/><Quantity v="0"/><MeasureUnit v="KW1"/></Period><Period><TimeInterval v="2017-01-01T02:00Z/2017-01-01T03:00Z"/><Direction v="Z03"/><Quantity v="0"/><MeasureUnit v="KW1"/></Period><Period><TimeInterval v="2017-01-01T03:00Z/2017-01-01T04:00Z"/><Direction v="Z03"/><Quantity v="0"/><MeasureUnit v="KW1"/></Period><Period><TimeInterval v="2017-01-01T04:00Z/2017-01-01T05:00Z"/><Direction v="Z03"/><Quantity v="0"/><MeasureUnit v="KW1"/></Period></Category></ConnectionPoint></TransparencyPublication>