<?xml version="1.0" encoding="UTF-8"?><TransparencyPublication Version="EGAS50" Release="A"><Identification v="TRANPB20170104A104304"/><Version v="1"/><Type v="AL6"/><CreationDateTime v="2017-01-04T07:10:04.787Z"/><ValidityPeriod v="2016-12-26T05:00Z/2016-12-27T05:00Z"/><IssuerIdentification v="21X-DE-C-A0A0A-T" codingScheme="305"/><IssuerRole v="ZSO"/><RecipientIdentification v="10X1001A1001A353" codingScheme="305"/><RecipientRole v="ZUA"/><ConnectionPoint><Identification v="21Z000000000038U" codingScheme="305"/><Type v="Z25"/><Category><CapacityCode v="Z08"/><Period><TimeInterval v="2016-12-26T05:00Z/2016-12-26T06:00Z"/><Direction v="Z03"/><Quantity v="495607"/><MeasureUnit v="KW1"/></Period><Period><TimeInterval v="2016-12-26T06:00Z/2016-12-26T07:00Z"/><Direction v="Z03"/><Quantity v="493799"/><MeasureUnit v="KW1"/></Period><Period><TimeInterval v="2016-12-26T07:00Z/2016-12-26T08:00Z"/><Direction v="Z03"/><Quantity v="503551"/><MeasureUnit v="KW1"/></Period><Period><TimeInterval v="2016-12-26T08:00Z/2016-12-26T09:00Z"/><Direction v="Z03"/><Quantity v="552796"/><MeasureUnit v="KW1"/></Period><Period><TimeInterval v="2016-12-26T09:00Z/2016-12-26T10:00Z"/><Direction v="Z03"/><Quantity v="562220"/><MeasureUnit v="KW1"/></Period><Period><TimeInterval v="2016-12-26T10:00Z/2016-12-26T11:00Z"/><Direction v="Z03"/><Quantity v="562921"/><MeasureUnit v="KW1"/></Period><Period><TimeInterval v="2016-12-26T11:00Z/2016-12-26T12:00Z"/><Direction v="Z03"/><Quantity v="510511"/><MeasureUnit v="KW1"/></Period><Period><TimeInterval v="2016-12-26T12:00Z/2016-12-26T13:00Z"/><Direction v="Z03"/><Quantity v="527552"/><MeasureUnit v="KW1"/></Period><Period><TimeInterval v="2016-12-26T13:00Z/2016-12-26T14:00Z"/><Direction v="Z03"/><Quantity v="527721"/><MeasureUnit v="KW1"/></Period><Period><TimeInterval v="2016-12-26T14:00Z/2016-12-26T15:00Z"/><Direction v="Z03"/><Quantity v="524275"/><MeasureUnit v="KW1"/></Period><Period><TimeInterval v="2016-12-26T15:00Z/2016-12-26T16:00Z"/><Direction v="Z03"/><Quantity v="517936"/><MeasureUnit v="KW1"/></Period><Period><TimeInterval v="2016-12-26T16:00Z/2016-12-26T17:00Z"/><Direction v="Z03"/><Quantity v="523676"/><MeasureUnit v="KW1"/></Period><Period><TimeInterval v="2016-12-26T17:00Z/2016-12-26T18:00Z"/><Direction v="Z03"/><Quantity v="576718"/><MeasureUnit v="KW1"/></Period><Period><TimeInterval v="2016-12-26T18:00Z/2016-12-26T19:00Z"/><Direction v="Z03"/><Quantity v="555011"/><MeasureUnit v="KW1"/></Period><Period><TimeInterval v="2016-12-26T19:00Z/2016-12-26T20:00Z"/><Direction v="Z03"/><Quantity v="547688"/><MeasureUnit v="KW1"/></Period><Period><TimeInterval v="2016-12-26T20:00Z/2016-12-26T21:00Z"/><Direction v="Z03"/><Quantity v="553881"/><MeasureUnit v="KW1"/></Period><Period><TimeInterval v="2016-12-26T21:00Z/2016-12-26T22:00Z"/><Direction v="Z03"/><Quantity v="555565"/><MeasureUnit v="KW1"/></Period><Period><TimeInterval v="2016-12-26T22:00Z/2016-12-26T23:00Z"/><Direction v="Z03"/><Quantity v="606663"/><MeasureUnit v="KW1"/></Period><Period><TimeInterval v="2016-12-26T23:00Z/2016-12-27T00:00Z"/><Direction v="Z03"/><Quantity v="608855"/><MeasureUnit v="KW1"/></Period><Period><TimeInterval v="2016-12-27T00:00Z/2016-12-27T01:00Z"/><Direction v="Z03"/><Quantity v="568334"/><MeasureUnit v="KW1"/></Period><Period><TimeInterval v="2016-12-27T01:00Z/2016-12-27T02:00Z"/><Direction v="Z03"/><Quantity v="629094"/><MeasureUnit v="KW1"/></Period><Period><TimeInterval v="2016-12-27T02:00Z/2016-12-27T03:00Z"/><Direction v="Z03"/><Quantity v="476193"/><MeasureUnit v="KW1"/></Period><Period><TimeInterval v="2016-12-27T03:00Z/2016-12-27T04:00Z"/><Direction v="Z03"/><Quantity v="457786"/><MeasureUnit v="KW1"/></Period><Period><TimeInterval v="2016-12-27T04:00Z/2016-12-27T05:00Z"/><Direction v="Z03"/><Quantity v="465391"/><MeasureUnit v="KW1"/></Period></Category></ConnectionPoint><ConnectionPoint><Identification v="37Z000000001078I" codingScheme="305"/><Type v="Z26"/><Category><CapacityCode v="Z08"/><Period><TimeInterval v="2016-12-26T05:00Z/2016-12-26T06:00Z"/><Direction v="Z02"/><Quantity v="2775000"/><MeasureUnit v="KW1"/></Period><Period><TimeInterval v="2016-12-26T06:00Z/2016-12-26T07:00Z"/><Direction v="Z02"/><Quantity v="2775000"/><MeasureUnit v="KW1"/></Period><Period><TimeInterval v="2016-12-26T07:00Z/2016-12-26T08:00Z"/><Direction v="Z02"/><Quantity v="2775000"/><MeasureUnit v="KW1"/></Period><Period><TimeInterval v="2016-12-26T08:00Z/2016-12-26T09:00Z"/><Direction v="Z02"/><Quantity v="2775000"/><MeasureUnit v="KW1"/></Period><Period><TimeInterval v="2016-12-26T09:00Z/2016-12-26T10:00Z"/><Direction v="Z02"/><Quantity v="2775000"/><MeasureUnit v="KW1"/></Period><Period><TimeInterval v="2016-12-26T10:00Z/2016-12-26T11:00Z"/><Direction v="Z02"/><Quantity v="2775000"/><MeasureUnit v="KW1"/></Period><Period><TimeInterval v="2016-12-26T11:00Z/2016-12-26T12:00Z"/><Direction v="Z02"/><Quantity v="2775000"/><MeasureUnit v="KW1"/></Period><Period><TimeInterval v="2016-12-26T12:00Z/2016-12-26T13:00Z"/><Direction v="Z02"/><Quantity v="2775000"/><MeasureUnit v="KW1"/></Period><Period><TimeInterval v="2016-12-26T13:00Z/2016-12-26T14:00Z"/><Direction v="Z02"/><Quantity v="2775000"/><MeasureUnit v="KW1"/></Period><Period><TimeInterval v="2016-12-26T14:00Z/2016-12-26T15:00Z"/><Direction v="Z02"/><Quantity v="2775000"/><MeasureUnit v="KW1"/></Period><Period><TimeInterval v="2016-12-26T15:00Z/2016-12-26T16:00Z"/><Direction v="Z02"/><Quantity v="2775000"/><MeasureUnit v="KW1"/></Period><Period><TimeInterval v="2016-12-26T16:00Z/2016-12-26T17:00Z"/><Direction v="Z02"/><Quantity v="2775000"/><MeasureUnit v="KW1"/></Period><Period><TimeInterval v="2016-12-26T17:00Z/2016-12-26T18:00Z"/><Direction v="Z02"/><Quantity v="2775000"/><MeasureUnit v="KW1"/></Period><Period><TimeInterval v="2016-12-26T18:00Z/2016-12-26T19:00Z"/><Direction v="Z02"/><Quantity v="2775000"/><MeasureUnit v="KW1"/></Period><Period><TimeInterval v="2016-12-26T19:00Z/2016-12-26T20:00Z"/><Direction v="Z02"/><Quantity v="2775000"/><MeasureUnit v="KW1"/></Period><Period><TimeInterval v="2016-12-26T20:00Z/2016-12-26T21:00Z"/><Direction v="Z02"/><Quantity v="2775000"/><MeasureUnit v="KW1"/></Period><Period><TimeInterval v="2016-12-26T21:00Z/2016-12-26T22:00Z"/><Direction v="Z02"/><Quantity v="2775000"/><MeasureUnit v="KW1"/></Period><Period><TimeInterval v="2016-12-26T22:00Z/2016-12-26T23:00Z"/><Direction v="Z02"/><Quantity v="2775000"/><MeasureUnit v="KW1"/></Period><Period><TimeInterval v="2016-12-26T23:00Z/2016-12-27T00:00Z"/><Direction v="Z02"/><Quantity v="2775000"/><MeasureUnit v="KW1"/></Period><Period><TimeInterval v="2016-12-27T00:00Z/2016-12-27T01:00Z"/><Direction v="Z02"/><Quantity v="2775000"/><MeasureUnit v="KW1"/></Period><Period><TimeInterval v="2016-12-27T01:00Z/2016-12-27T02:00Z"/><Direction v="Z02"/><Quantity v="2775000"/><MeasureUnit v="KW1"/></Period><Period><TimeInterval v="2016-12-27T02:00Z/2016-12-27T03:00Z"/><Direction v="Z02"/><Quantity v="2775000"/><MeasureUnit v="KW1"/></Period><Period><TimeInterval v="2016-12-27T03:00Z/2016-12-27T04:00Z"/><Direction v="Z02"/><Quantity v="2775000"/><MeasureUnit v="KW1"/></Period><Period><TimeInterval v="2016-12-27T04:00Z/2016-12-27T05:00Z"/><Direction v="Z02"/><Quantity v="2775000"/><MeasureUnit v="KW1"/></Period></Category></ConnectionPoint><ConnectionPoint><Identification v="37Y000000000288Q" codingScheme="305"/><Type v="Z26"/><Category><CapacityCode v="Z08"/><Period><TimeInterval v="2016-12-26T05:00Z/2016-12-26T06:00Z"/><Direction v="Z02"/><Quantity v="1148252"/><MeasureUnit v="KW1"/></Period><Period><TimeInterval v="2016-12-26T06:00Z/2016-12-26T07:00Z"/><Direction v="Z02"/><Quantity v="1127626"/><MeasureUnit v="KW1"/></Period><Period><TimeInterval v="2016-12-26T07:00Z/2016-12-26T08:00Z"/><Direction v="Z02"/><Quantity v="1131436"/><MeasureUnit v="KW1"/></Period><Period><TimeInterval v="2016-12-26T08:00Z/2016-12-26T09:00Z"/><Direction v="Z02"/><Quantity v="1172454"/><MeasureUnit v="KW1"/></Period><Period><TimeInterval v="2016-12-26T09:00Z/2016-12-26T10:00Z"/><Direction v="Z02"/><Quantity v="1120007"/><MeasureUnit v="KW1"/></Period><Period><TimeInterval v="2016-12-26T10:00Z/2016-12-26T11:00Z"/><Direction v="Z02"/><Quantity v="1142601"/><MeasureUnit v="KW1"/></Period><Period><TimeInterval v="2016-12-26T11:00Z/2016-12-26T12:00Z"/><Direction v="Z02"/><Quantity v="1106836"/><MeasureUnit v="KW1"/></Period><Period><TimeInterval v="2016-12-26T12:00Z/2016-12-26T13:00Z"/><Direction v="Z02"/><Quantity v="1099070"/><MeasureUnit v="KW1"/></Period><Period><TimeInterval v="2016-12-26T13:00Z/2016-12-26T14:00Z"/><Direction v="Z02"/><Quantity v="1106680"/><MeasureUnit v="KW1"/></Period><Period><TimeInterval v="2016-12-26T14:00Z/2016-12-26T15:00Z"/><Direction v="Z02"/><Quantity v="1081691"/><MeasureUnit v="KW1"/></Period><Period><TimeInterval v="2016-12-26T15:00Z/2016-12-26T16:00Z"/><Direction v="Z02"/><Quantity v="1133114"/><MeasureUnit v="KW1"/></Period><Period><TimeInterval v="2016-12-26T16:00Z/2016-12-26T17:00Z"/><Direction v="Z02"/><Quantity v="1133163"/><MeasureUnit v="KW1"/></Period><Period><TimeInterval v="2016-12-26T17:00Z/2016-12-26T18:00Z"/><Direction v="Z02"/><Quantity v="1127409"/><MeasureUnit v="KW1"/></Period><Period><TimeInterval v="2016-12-26T18:00Z/2016-12-26T19:00Z"/><Direction v="Z02"/><Quantity v="1130183"/><MeasureUnit v="KW1"/></Period><Period><TimeInterval v="2016-12-26T19:00Z/2016-12-26T20:00Z"/><Direction v="Z02"/><Quantity v="1124141"/><MeasureUnit v="KW1"/></Period><Period><TimeInterval v="2016-12-26T20:00Z/2016-12-26T21:00Z"/><Direction v="Z02"/><Quantity v="1157004"/><MeasureUnit v="KW1"/></Period><Period><TimeInterval v="2016-12-26T21:00Z/2016-12-26T22:00Z"/><Direction v="Z02"/><Quantity v="910201"/><MeasureUnit v="KW1"/></Period><Period><TimeInterval v="2016-12-26T22:00Z/2016-12-26T23:00Z"/><Direction v="Z02"/><Quantity v="787415"/><MeasureUnit v="KW1"/></Period><Period><TimeInterval v="2016-12-26T23:00Z/2016-12-27T00:00Z"/><Direction v="Z02"/><Quantity v="759145"/><MeasureUnit v="KW1"/></Period><Period><TimeInterval v="2016-12-27T00:00Z/2016-12-27T01:00Z"/><Direction v="Z02"/><Quantity v="764826"/><MeasureUnit v="KW1"/></Period><Period><TimeInterval v="2016-12-27T01:00Z/2016-12-27T02:00Z"/><Direction v="Z02"/><Quantity v="767628"/><MeasureUnit v="KW1"/></Period><Period><TimeInterval v="2016-12-27T02:00Z/2016-12-27T03:00Z"/><Direction v="Z02"/><Quantity v="820748"/><MeasureUnit v="KW1"/></Period><Period><TimeInterval v="2016-12-27T03:00Z/2016-12-27T04:00Z"/><Direction v="Z02"/><Quantity v="913578"/><MeasureUnit v="KW1"/></Period><Period><TimeInterval v="2016-12-27T04:00Z/2016-12-27T05:00Z"/><Direction v="Z02"/><Quantity v="1215381"/><MeasureUnit v="KW1"/></Period></Category></ConnectionPoint></TransparencyPublication>