<?xml version="1.0" encoding="UTF-8"?><TransparencyPublication Version="EGAS50" Release="A"><Identification v="TRANPB20170104A104299"/><Version v="1"/><Type v="AL6"/><CreationDateTime v="2017-01-04T07:09:56.415Z"/><ValidityPeriod v="2016-12-21T05:00Z/2016-12-22T05:00Z"/><IssuerIdentification v="21X-DE-C-A0A0A-T" codingScheme="305"/><IssuerRole v="ZSO"/><RecipientIdentification v="10X1001A1001A353" codingScheme="305"/><RecipientRole v="ZUA"/><ConnectionPoint><Identification v="21Z000000000001G" codingScheme="305"/><Type v="Z25"/><Category><CapacityCode v="Z08"/><Period><TimeInterval v="2016-12-21T05:00Z/2016-12-21T06:00Z"/><Direction v="Z03"/><Quantity v="5910467"/><MeasureUnit v="KW1"/></Period><Period><TimeInterval v="2016-12-21T06:00Z/2016-12-21T07:00Z"/><Direction v="Z03"/><Quantity v="4744031"/><MeasureUnit v="KW1"/></Period><Period><TimeInterval v="2016-12-21T07:00Z/2016-12-21T08:00Z"/><Direction v="Z03"/><Quantity v="4980228"/><MeasureUnit v="KW1"/></Period><Period><TimeInterval v="2016-12-21T08:00Z/2016-12-21T09:00Z"/><Direction v="Z03"/><Quantity v="5117683"/><MeasureUnit v="KW1"/></Period><Period><TimeInterval v="2016-12-21T09:00Z/2016-12-21T10:00Z"/><Direction v="Z03"/><Quantity v="5207609"/><MeasureUnit v="KW1"/></Period><Period><TimeInterval v="2016-12-21T10:00Z/2016-12-21T11:00Z"/><Direction v="Z03"/><Quantity v="5256191"/><MeasureUnit v="KW1"/></Period><Period><TimeInterval v="2016-12-21T11:00Z/2016-12-21T12:00Z"/><Direction v="Z03"/><Quantity v="5498882"/><MeasureUnit v="KW1"/></Period><Period><TimeInterval v="2016-12-21T12:00Z/2016-12-21T13:00Z"/><Direction v="Z03"/><Quantity v="5614210"/><MeasureUnit v="KW1"/></Period><Period><TimeInterval v="2016-12-21T13:00Z/2016-12-21T14:00Z"/><Direction v="Z03"/><Quantity v="5677411"/><MeasureUnit v="KW1"/></Period><Period><TimeInterval v="2016-12-21T14:00Z/2016-12-21T15:00Z"/><Direction v="Z03"/><Quantity v="5725590"/><MeasureUnit v="KW1"/></Period><Period><TimeInterval v="2016-12-21T15:00Z/2016-12-21T16:00Z"/><Direction v="Z03"/><Quantity v="5736550"/><MeasureUnit v="KW1"/></Period><Period><TimeInterval v="2016-12-21T16:00Z/2016-12-21T17:00Z"/><Direction v="Z03"/><Quantity v="5763054"/><MeasureUnit v="KW1"/></Period><Period><TimeInterval v="2016-12-21T17:00Z/2016-12-21T18:00Z"/><Direction v="Z03"/><Quantity v="5881994"/><MeasureUnit v="KW1"/></Period><Period><TimeInterval v="2016-12-21T18:00Z/2016-12-21T19:00Z"/><Direction v="Z03"/><Quantity v="5925547"/><MeasureUnit v="KW1"/></Period><Period><TimeInterval v="2016-12-21T19:00Z/2016-12-21T20:00Z"/><Direction v="Z03"/><Quantity v="5730835"/><MeasureUnit v="KW1"/></Period><Period><TimeInterval v="2016-12-21T20:00Z/2016-12-21T21:00Z"/><Direction v="Z03"/><Quantity v="5647585"/><MeasureUnit v="KW1"/></Period><Period><TimeInterval v="2016-12-21T21:00Z/2016-12-21T22:00Z"/><Direction v="Z03"/><Quantity v="5698039"/><MeasureUnit v="KW1"/></Period><Period><TimeInterval v="2016-12-21T22:00Z/2016-12-21T23:00Z"/><Direction v="Z03"/><Quantity v="5781392"/><MeasureUnit v="KW1"/></Period><Period><TimeInterval v="2016-12-21T23:00Z/2016-12-22T00:00Z"/><Direction v="Z03"/><Quantity v="5681214"/><MeasureUnit v="KW1"/></Period><Period><TimeInterval v="2016-12-22T00:00Z/2016-12-22T01:00Z"/><Direction v="Z03"/><Quantity v="5668455"/><MeasureUnit v="KW1"/></Period><Period><TimeInterval v="2016-12-22T01:00Z/2016-12-22T02:00Z"/><Direction v="Z03"/><Quantity v="5624192"/><MeasureUnit v="KW1"/></Period><Period><TimeInterval v="2016-12-22T02:00Z/2016-12-22T03:00Z"/><Direction v="Z03"/><Quantity v="5615793"/><MeasureUnit v="KW1"/></Period><Period><TimeInterval v="2016-12-22T03:00Z/2016-12-22T04:00Z"/><Direction v="Z03"/><Quantity v="5791310"/><MeasureUnit v="KW1"/></Period><Period><TimeInterval v="2016-12-22T04:00Z/2016-12-22T05:00Z"/><Direction v="Z03"/><Quantity v="6020523"/><MeasureUnit v="KW1"/></Period></Category></ConnectionPoint><ConnectionPoint><Identification v="37Z000000001078I" codingScheme="305"/><Type v="Z26"/><Category><CapacityCode v="Z08"/><Period><TimeInterval v="2016-12-21T05:00Z/2016-12-21T06:00Z"/><Direction v="Z02"/><Quantity v="2775000"/><MeasureUnit v="KW1"/></Period><Period><TimeInterval v="2016-12-21T06:00Z/2016-12-21T07:00Z"/><Direction v="Z02"/><Quantity v="2775000"/><MeasureUnit v="KW1"/></Period><Period><TimeInterval v="2016-12-21T07:00Z/2016-12-21T08:00Z"/><Direction v="Z02"/><Quantity v="2775000"/><MeasureUnit v="KW1"/></Period><Period><TimeInterval v="2016-12-21T08:00Z/2016-12-21T09:00Z"/><Direction v="Z02"/><Quantity v="2775000"/><MeasureUnit v="KW1"/></Period><Period><TimeInterval v="2016-12-21T09:00Z/2016-12-21T10:00Z"/><Direction v="Z02"/><Quantity v="2775000"/><MeasureUnit v="KW1"/></Period><Period><TimeInterval v="2016-12-21T10:00Z/2016-12-21T11:00Z"/><Direction v="Z02"/><Quantity v="2775000"/><MeasureUnit v="KW1"/></Period><Period><TimeInterval v="2016-12-21T11:00Z/2016-12-21T12:00Z"/><Direction v="Z02"/><Quantity v="2775000"/><MeasureUnit v="KW1"/></Period><Period><TimeInterval v="2016-12-21T12:00Z/2016-12-21T13:00Z"/><Direction v="Z02"/><Quantity v="2775000"/><MeasureUnit v="KW1"/></Period><Period><TimeInterval v="2016-12-21T13:00Z/2016-12-21T14:00Z"/><Direction v="Z02"/><Quantity v="2775000"/><MeasureUnit v="KW1"/></Period><Period><TimeInterval v="2016-12-21T14:00Z/2016-12-21T15:00Z"/><Direction v="Z02"/><Quantity v="2775000"/><MeasureUnit v="KW1"/></Period><Period><TimeInterval v="2016-12-21T15:00Z/2016-12-21T16:00Z"/><Direction v="Z02"/><Quantity v="2775000"/><MeasureUnit v="KW1"/></Period><Period><TimeInterval v="2016-12-21T16:00Z/2016-12-21T17:00Z"/><Direction v="Z02"/><Quantity v="2775000"/><MeasureUnit v="KW1"/></Period><Period><TimeInterval v="2016-12-21T17:00Z/2016-12-21T18:00Z"/><Direction v="Z02"/><Quantity v="2775000"/><MeasureUnit v="KW1"/></Period><Period><TimeInterval v="2016-12-21T18:00Z/2016-12-21T19:00Z"/><Direction v="Z02"/><Quantity v="2775000"/><MeasureUnit v="KW1"/></Period><Period><TimeInterval v="2016-12-21T19:00Z/2016-12-21T20:00Z"/><Direction v="Z02"/><Quantity v="2775000"/><MeasureUnit v="KW1"/></Period><Period><TimeInterval v="2016-12-21T20:00Z/2016-12-21T21:00Z"/><Direction v="Z02"/><Quantity v="2775000"/><MeasureUnit v="KW1"/></Period><Period><TimeInterval v="2016-12-21T21:00Z/2016-12-21T22:00Z"/><Direction v="Z02"/><Quantity v="2775000"/><MeasureUnit v="KW1"/></Period><Period><TimeInterval v="2016-12-21T22:00Z/2016-12-21T23:00Z"/><Direction v="Z02"/><Quantity v="2775000"/><MeasureUnit v="KW1"/></Period><Period><TimeInterval v="2016-12-21T23:00Z/2016-12-22T00:00Z"/><Direction v="Z02"/><Quantity v="2775000"/><MeasureUnit v="KW1"/></Period><Period><TimeInterval v="2016-12-22T00:00Z/2016-12-22T01:00Z"/><Direction v="Z02"/><Quantity v="2775000"/><MeasureUnit v="KW1"/></Period><Period><TimeInterval v="2016-12-22T01:00Z/2016-12-22T02:00Z"/><Direction v="Z02"/><Quantity v="2775000"/><MeasureUnit v="KW1"/></Period><Period><TimeInterval v="2016-12-22T02:00Z/2016-12-22T03:00Z"/><Direction v="Z02"/><Quantity v="2775000"/><MeasureUnit v="KW1"/></Period><Period><TimeInterval v="2016-12-22T03:00Z/2016-12-22T04:00Z"/><Direction v="Z02"/><Quantity v="2775000"/><MeasureUnit v="KW1"/></Period><Period><TimeInterval v="2016-12-22T04:00Z/2016-12-22T05:00Z"/><Direction v="Z02"/><Quantity v="2775000"/><MeasureUnit v="KW1"/></Period></Category></ConnectionPoint><ConnectionPoint><Identification v="37Y000000000288Q" codingScheme="305"/><Type v="Z26"/><Category><CapacityCode v="Z08"/><Period><TimeInterval v="2016-12-21T05:00Z/2016-12-21T06:00Z"/><Direction v="Z02"/><Quantity v="2102878"/><MeasureUnit v="KW1"/></Period><Period><TimeInterval v="2016-12-21T06:00Z/2016-12-21T07:00Z"/><Direction v="Z02"/><Quantity v="2166356"/><MeasureUnit v="KW1"/></Period><Period><TimeInterval v="2016-12-21T07:00Z/2016-12-21T08:00Z"/><Direction v="Z02"/><Quantity v="2184134"/><MeasureUnit v="KW1"/></Period><Period><TimeInterval v="2016-12-21T08:00Z/2016-12-21T09:00Z"/><Direction v="Z02"/><Quantity v="1985488"/><MeasureUnit v="KW1"/></Period><Period><TimeInterval v="2016-12-21T09:00Z/2016-12-21T10:00Z"/><Direction v="Z02"/><Quantity v="1800357"/><MeasureUnit v="KW1"/></Period><Period><TimeInterval v="2016-12-21T10:00Z/2016-12-21T11:00Z"/><Direction v="Z02"/><Quantity v="1772692"/><MeasureUnit v="KW1"/></Period><Period><TimeInterval v="2016-12-21T11:00Z/2016-12-21T12:00Z"/><Direction v="Z02"/><Quantity v="1611548"/><MeasureUnit v="KW1"/></Period><Period><TimeInterval v="2016-12-21T12:00Z/2016-12-21T13:00Z"/><Direction v="Z02"/><Quantity v="1398372"/><MeasureUnit v="KW1"/></Period><Period><TimeInterval v="2016-12-21T13:00Z/2016-12-21T14:00Z"/><Direction v="Z02"/><Quantity v="1268901"/><MeasureUnit v="KW1"/></Period><Period><TimeInterval v="2016-12-21T14:00Z/2016-12-21T15:00Z"/><Direction v="Z02"/><Quantity v="1446854"/><MeasureUnit v="KW1"/></Period><Period><TimeInterval v="2016-12-21T15:00Z/2016-12-21T16:00Z"/><Direction v="Z02"/><Quantity v="1511599"/><MeasureUnit v="KW1"/></Period><Period><TimeInterval v="2016-12-21T16:00Z/2016-12-21T17:00Z"/><Direction v="Z02"/><Quantity v="1543407"/><MeasureUnit v="KW1"/></Period><Period><TimeInterval v="2016-12-21T17:00Z/2016-12-21T18:00Z"/><Direction v="Z02"/><Quantity v="1552944"/><MeasureUnit v="KW1"/></Period><Period><TimeInterval v="2016-12-21T18:00Z/2016-12-21T19:00Z"/><Direction v="Z02"/><Quantity v="1538998"/><MeasureUnit v="KW1"/></Period><Period><TimeInterval v="2016-12-21T19:00Z/2016-12-21T20:00Z"/><Direction v="Z02"/><Quantity v="1533049"/><MeasureUnit v="KW1"/></Period><Period><TimeInterval v="2016-12-21T20:00Z/2016-12-21T21:00Z"/><Direction v="Z02"/><Quantity v="1482822"/><MeasureUnit v="KW1"/></Period><Period><TimeInterval v="2016-12-21T21:00Z/2016-12-21T22:00Z"/><Direction v="Z02"/><Quantity v="1153448"/><MeasureUnit v="KW1"/></Period><Period><TimeInterval v="2016-12-21T22:00Z/2016-12-21T23:00Z"/><Direction v="Z02"/><Quantity v="1023071"/><MeasureUnit v="KW1"/></Period><Period><TimeInterval v="2016-12-21T23:00Z/2016-12-22T00:00Z"/><Direction v="Z02"/><Quantity v="1029343"/><MeasureUnit v="KW1"/></Period><Period><TimeInterval v="2016-12-22T00:00Z/2016-12-22T01:00Z"/><Direction v="Z02"/><Quantity v="1083507"/><MeasureUnit v="KW1"/></Period><Period><TimeInterval v="2016-12-22T01:00Z/2016-12-22T02:00Z"/><Direction v="Z02"/><Quantity v="1050879"/><MeasureUnit v="KW1"/></Period><Period><TimeInterval v="2016-12-22T02:00Z/2016-12-22T03:00Z"/><Direction v="Z02"/><Quantity v="1111998"/><MeasureUnit v="KW1"/></Period><Period><TimeInterval v="2016-12-22T03:00Z/2016-12-22T04:00Z"/><Direction v="Z02"/><Quantity v="1186825"/><MeasureUnit v="KW1"/></Period><Period><TimeInterval v="2016-12-22T04:00Z/2016-12-22T05:00Z"/><Direction v="Z02"/><Quantity v="1596954"/><MeasureUnit v="KW1"/></Period></Category></ConnectionPoint></TransparencyPublication>