<?xml version="1.0" encoding="UTF-8"?><TransparencyPublication Version="EGAS50" Release="A"><Identification v="TRANPB20170104A104235"/><Version v="1"/><Type v="AL4"/><CreationDateTime v="2017-01-04T07:07:14.564Z"/><ValidityPeriod v="2016-12-27T05:00Z/2016-12-28T05:00Z"/><IssuerIdentification v="21X-DE-C-A0A0A-T" codingScheme="305"/><IssuerRole v="ZSO"/><RecipientIdentification v="10X1001A1001A353" codingScheme="305"/><RecipientRole v="ZUA"/><ConnectionPoint><Identification v="21Z000000000038U" codingScheme="305"/><Type v="Z25"/><Category><CapacityCode v="Z12"/><Period><TimeInterval v="2016-12-27T05:00Z/2016-12-27T06:00Z"/><Direction v="Z03"/><Quantity v="0"/><MeasureUnit v="KW1"/></Period><Period><TimeInterval v="2016-12-27T06:00Z/2016-12-27T07:00Z"/><Direction v="Z03"/><Quantity v="0"/><MeasureUnit v="KW1"/></Period><Period><TimeInterval v="2016-12-27T07:00Z/2016-12-27T08:00Z"/><Direction v="Z03"/><Quantity v="0"/><MeasureUnit v="KW1"/></Period><Period><TimeInterval v="2016-12-27T08:00Z/2016-12-27T09:00Z"/><Direction v="Z03"/><Quantity v="0"/><MeasureUnit v="KW1"/></Period><Period><TimeInterval v="2016-12-27T09:00Z/2016-12-27T10:00Z"/><Direction v="Z03"/><Quantity v="0"/><MeasureUnit v="KW1"/></Period><Period><TimeInterval v="2016-12-27T10:00Z/2016-12-27T11:00Z"/><Direction v="Z03"/><Quantity v="0"/><MeasureUnit v="KW1"/></Period><Period><TimeInterval v="2016-12-27T11:00Z/2016-12-27T12:00Z"/><Direction v="Z03"/><Quantity v="0"/><MeasureUnit v="KW1"/></Period><Period><TimeInterval v="2016-12-27T12:00Z/2016-12-27T13:00Z"/><Direction v="Z03"/><Quantity v="0"/><MeasureUnit v="KW1"/></Period><Period><TimeInterval v="2016-12-27T13:00Z/2016-12-27T14:00Z"/><Direction v="Z03"/><Quantity v="0"/><MeasureUnit v="KW1"/></Period><Period><TimeInterval v="2016-12-27T14:00Z/2016-12-27T15:00Z"/><Direction v="Z03"/><Quantity v="0"/><MeasureUnit v="KW1"/></Period><Period><TimeInterval v="2016-12-27T15:00Z/2016-12-27T16:00Z"/><Direction v="Z03"/><Quantity v="0"/><MeasureUnit v="KW1"/></Period><Period><TimeInterval v="2016-12-27T16:00Z/2016-12-27T17:00Z"/><Direction v="Z03"/><Quantity v="0"/><MeasureUnit v="KW1"/></Period><Period><TimeInterval v="2016-12-27T17:00Z/2016-12-27T18:00Z"/><Direction v="Z03"/><Quantity v="0"/><MeasureUnit v="KW1"/></Period><Period><TimeInterval v="2016-12-27T18:00Z/2016-12-27T19:00Z"/><Direction v="Z03"/><Quantity v="0"/><MeasureUnit v="KW1"/></Period><Period><TimeInterval v="2016-12-27T19:00Z/2016-12-27T20:00Z"/><Direction v="Z03"/><Quantity v="0"/><MeasureUnit v="KW1"/></Period><Period><TimeInterval v="2016-12-27T20:00Z/2016-12-27T21:00Z"/><Direction v="Z03"/><Quantity v="0"/><MeasureUnit v="KW1"/></Period><Period><TimeInterval v="2016-12-27T21:00Z/2016-12-27T22:00Z"/><Direction v="Z03"/><Quantity v="0"/><MeasureUnit v="KW1"/></Period><Period><TimeInterval v="2016-12-27T22:00Z/2016-12-27T23:00Z"/><Direction v="Z03"/><Quantity v="0"/><MeasureUnit v="KW1"/></Period><Period><TimeInterval v="2016-12-27T23:00Z/2016-12-28T00:00Z"/><Direction v="Z03"/><Quantity v="0"/><MeasureUnit v="KW1"/></Period><Period><TimeInterval v="2016-12-28T00:00Z/2016-12-28T01:00Z"/><Direction v="Z03"/><Quantity v="0"/><MeasureUnit v="KW1"/></Period><Period><TimeInterval v="2016-12-28T01:00Z/2016-12-28T02:00Z"/><Direction v="Z03"/><Quantity v="0"/><MeasureUnit v="KW1"/></Period><Period><TimeInterval v="2016-12-28T02:00Z/2016-12-28T03:00Z"/><Direction v="Z03"/><Quantity v="0"/><MeasureUnit v="KW1"/></Period><Period><TimeInterval v="2016-12-28T03:00Z/2016-12-28T04:00Z"/><Direction v="Z03"/><Quantity v="0"/><MeasureUnit v="KW1"/></Period><Period><TimeInterval v="2016-12-28T04:00Z/2016-12-28T05:00Z"/><Direction v="Z03"/><Quantity v="0"/><MeasureUnit v="KW1"/></Period></Category><Category><CapacityCode v="Z14"/><Period><TimeInterval v="2016-12-27T05:00Z/2016-12-27T06:00Z"/><Direction v="Z03"/><Quantity v="0"/><MeasureUnit v="KW1"/></Period><Period><TimeInterval v="2016-12-27T06:00Z/2016-12-27T07:00Z"/><Direction v="Z03"/><Quantity v="0"/><MeasureUnit v="KW1"/></Period><Period><TimeInterval v="2016-12-27T07:00Z/2016-12-27T08:00Z"/><Direction v="Z03"/><Quantity v="0"/><MeasureUnit v="KW1"/></Period><Period><TimeInterval v="2016-12-27T08:00Z/2016-12-27T09:00Z"/><Direction v="Z03"/><Quantity v="0"/><MeasureUnit v="KW1"/></Period><Period><TimeInterval v="2016-12-27T09:00Z/2016-12-27T10:00Z"/><Direction v="Z03"/><Quantity v="0"/><MeasureUnit v="KW1"/></Period><Period><TimeInterval v="2016-12-27T10:00Z/2016-12-27T11:00Z"/><Direction v="Z03"/><Quantity v="0"/><MeasureUnit v="KW1"/></Period><Period><TimeInterval v="2016-12-27T11:00Z/2016-12-27T12:00Z"/><Direction v="Z03"/><Quantity v="0"/><MeasureUnit v="KW1"/></Period><Period><TimeInterval v="2016-12-27T12:00Z/2016-12-27T13:00Z"/><Direction v="Z03"/><Quantity v="0"/><MeasureUnit v="KW1"/></Period><Period><TimeInterval v="2016-12-27T13:00Z/2016-12-27T14:00Z"/><Direction v="Z03"/><Quantity v="0"/><MeasureUnit v="KW1"/></Period><Period><TimeInterval v="2016-12-27T14:00Z/2016-12-27T15:00Z"/><Direction v="Z03"/><Quantity v="0"/><MeasureUnit v="KW1"/></Period><Period><TimeInterval v="2016-12-27T15:00Z/2016-12-27T16:00Z"/><Direction v="Z03"/><Quantity v="0"/><MeasureUnit v="KW1"/></Period><Period><TimeInterval v="2016-12-27T16:00Z/2016-12-27T17:00Z"/><Direction v="Z03"/><Quantity v="0"/><MeasureUnit v="KW1"/></Period><Period><TimeInterval v="2016-12-27T17:00Z/2016-12-27T18:00Z"/><Direction v="Z03"/><Quantity v="0"/><MeasureUnit v="KW1"/></Period><Period><TimeInterval v="2016-12-27T18:00Z/2016-12-27T19:00Z"/><Direction v="Z03"/><Quantity v="0"/><MeasureUnit v="KW1"/></Period><Period><TimeInterval v="2016-12-27T19:00Z/2016-12-27T20:00Z"/><Direction v="Z03"/><Quantity v="0"/><MeasureUnit v="KW1"/></Period><Period><TimeInterval v="2016-12-27T20:00Z/2016-12-27T21:00Z"/><Direction v="Z03"/><Quantity v="0"/><MeasureUnit v="KW1"/></Period><Period><TimeInterval v="2016-12-27T21:00Z/2016-12-27T22:00Z"/><Direction v="Z03"/><Quantity v="0"/><MeasureUnit v="KW1"/></Period><Period><TimeInterval v="2016-12-27T22:00Z/2016-12-27T23:00Z"/><Direction v="Z03"/><Quantity v="0"/><MeasureUnit v="KW1"/></Period><Period><TimeInterval v="2016-12-27T23:00Z/2016-12-28T00:00Z"/><Direction v="Z03"/><Quantity v="0"/><MeasureUnit v="KW1"/></Period><Period><TimeInterval v="2016-12-28T00:00Z/2016-12-28T01:00Z"/><Direction v="Z03"/><Quantity v="0"/><MeasureUnit v="KW1"/></Period><Period><TimeInterval v="2016-12-28T01:00Z/2016-12-28T02:00Z"/><Direction v="Z03"/><Quantity v="0"/><MeasureUnit v="KW1"/></Period><Period><TimeInterval v="2016-12-28T02:00Z/2016-12-28T03:00Z"/><Direction v="Z03"/><Quantity v="0"/><MeasureUnit v="KW1"/></Period><Period><TimeInterval v="2016-12-28T03:00Z/2016-12-28T04:00Z"/><Direction v="Z03"/><Quantity v="0"/><MeasureUnit v="KW1"/></Period><Period><TimeInterval v="2016-12-28T04:00Z/2016-12-28T05:00Z"/><Direction v="Z03"/><Quantity v="0"/><MeasureUnit v="KW1"/></Period></Category><Category><CapacityCode v="Z15"/><Period><TimeInterval v="2016-12-27T05:00Z/2016-12-27T06:00Z"/><Direction v="Z03"/><Quantity v="0"/><MeasureUnit v="KW1"/></Period><Period><TimeInterval v="2016-12-27T06:00Z/2016-12-27T07:00Z"/><Direction v="Z03"/><Quantity v="0"/><MeasureUnit v="KW1"/></Period><Period><TimeInterval v="2016-12-27T07:00Z/2016-12-27T08:00Z"/><Direction v="Z03"/><Quantity v="0"/><MeasureUnit v="KW1"/></Period><Period><TimeInterval v="2016-12-27T08:00Z/2016-12-27T09:00Z"/><Direction v="Z03"/><Quantity v="0"/><MeasureUnit v="KW1"/></Period><Period><TimeInterval v="2016-12-27T09:00Z/2016-12-27T10:00Z"/><Direction v="Z03"/><Quantity v="0"/><MeasureUnit v="KW1"/></Period><Period><TimeInterval v="2016-12-27T10:00Z/2016-12-27T11:00Z"/><Direction v="Z03"/><Quantity v="0"/><MeasureUnit v="KW1"/></Period><Period><TimeInterval v="2016-12-27T11:00Z/2016-12-27T12:00Z"/><Direction v="Z03"/><Quantity v="0"/><MeasureUnit v="KW1"/></Period><Period><TimeInterval v="2016-12-27T12:00Z/2016-12-27T13:00Z"/><Direction v="Z03"/><Quantity v="0"/><MeasureUnit v="KW1"/></Period><Period><TimeInterval v="2016-12-27T13:00Z/2016-12-27T14:00Z"/><Direction v="Z03"/><Quantity v="0"/><MeasureUnit v="KW1"/></Period><Period><TimeInterval v="2016-12-27T14:00Z/2016-12-27T15:00Z"/><Direction v="Z03"/><Quantity v="0"/><MeasureUnit v="KW1"/></Period><Period><TimeInterval v="2016-12-27T15:00Z/2016-12-27T16:00Z"/><Direction v="Z03"/><Quantity v="0"/><MeasureUnit v="KW1"/></Period><Period><TimeInterval v="2016-12-27T16:00Z/2016-12-27T17:00Z"/><Direction v="Z03"/><Quantity v="0"/><MeasureUnit v="KW1"/></Period><Period><TimeInterval v="2016-12-27T17:00Z/2016-12-27T18:00Z"/><Direction v="Z03"/><Quantity v="0"/><MeasureUnit v="KW1"/></Period><Period><TimeInterval v="2016-12-27T18:00Z/2016-12-27T19:00Z"/><Direction v="Z03"/><Quantity v="0"/><MeasureUnit v="KW1"/></Period><Period><TimeInterval v="2016-12-27T19:00Z/2016-12-27T20:00Z"/><Direction v="Z03"/><Quantity v="0"/><MeasureUnit v="KW1"/></Period><Period><TimeInterval v="2016-12-27T20:00Z/2016-12-27T21:00Z"/><Direction v="Z03"/><Quantity v="0"/><MeasureUnit v="KW1"/></Period><Period><TimeInterval v="2016-12-27T21:00Z/2016-12-27T22:00Z"/><Direction v="Z03"/><Quantity v="0"/><MeasureUnit v="KW1"/></Period><Period><TimeInterval v="2016-12-27T22:00Z/2016-12-27T23:00Z"/><Direction v="Z03"/><Quantity v="0"/><MeasureUnit v="KW1"/></Period><Period><TimeInterval v="2016-12-27T23:00Z/2016-12-28T00:00Z"/><Direction v="Z03"/><Quantity v="0"/><MeasureUnit v="KW1"/></Period><Period><TimeInterval v="2016-12-28T00:00Z/2016-12-28T01:00Z"/><Direction v="Z03"/><Quantity v="0"/><MeasureUnit v="KW1"/></Period><Period><TimeInterval v="2016-12-28T01:00Z/2016-12-28T02:00Z"/><Direction v="Z03"/><Quantity v="0"/><MeasureUnit v="KW1"/></Period><Period><TimeInterval v="2016-12-28T02:00Z/2016-12-28T03:00Z"/><Direction v="Z03"/><Quantity v="0"/><MeasureUnit v="KW1"/></Period><Period><TimeInterval v="2016-12-28T03:00Z/2016-12-28T04:00Z"/><Direction v="Z03"/><Quantity v="0"/><MeasureUnit v="KW1"/></Period><Period><TimeInterval v="2016-12-28T04:00Z/2016-12-28T05:00Z"/><Direction v="Z03"/><Quantity v="0"/><MeasureUnit v="KW1"/></Period></Category></ConnectionPoint><ConnectionPoint><Identification v="21Z000000000237O" codingScheme="305"/><Type v="Z26"/><Category><CapacityCode v="Z12"/><Period><TimeInterval v="2016-12-27T05:00Z/2016-12-27T06:00Z"/><Direction v="Z02"/><Quantity v="2284729"/><MeasureUnit v="KW1"/></Period><Period><TimeInterval v="2016-12-27T06:00Z/2016-12-27T07:00Z"/><Direction v="Z02"/><Quantity v="2284729"/><MeasureUnit v="KW1"/></Period><Period><TimeInterval v="2016-12-27T07:00Z/2016-12-27T08:00Z"/><Direction v="Z02"/><Quantity v="2284729"/><MeasureUnit v="KW1"/></Period><Period><TimeInterval v="2016-12-27T08:00Z/2016-12-27T09:00Z"/><Direction v="Z02"/><Quantity v="2284729"/><MeasureUnit v="KW1"/></Period><Period><TimeInterval v="2016-12-27T09:00Z/2016-12-27T10:00Z"/><Direction v="Z02"/><Quantity v="2284729"/><MeasureUnit v="KW1"/></Period><Period><TimeInterval v="2016-12-27T10:00Z/2016-12-27T11:00Z"/><Direction v="Z02"/><Quantity v="2284729"/><MeasureUnit v="KW1"/></Period><Period><TimeInterval v="2016-12-27T11:00Z/2016-12-27T12:00Z"/><Direction v="Z02"/><Quantity v="2284729"/><MeasureUnit v="KW1"/></Period><Period><TimeInterval v="2016-12-27T12:00Z/2016-12-27T13:00Z"/><Direction v="Z02"/><Quantity v="2284729"/><MeasureUnit v="KW1"/></Period><Period><TimeInterval v="2016-12-27T13:00Z/2016-12-27T14:00Z"/><Direction v="Z02"/><Quantity v="2284729"/><MeasureUnit v="KW1"/></Period><Period><TimeInterval v="2016-12-27T14:00Z/2016-12-27T15:00Z"/><Direction v="Z02"/><Quantity v="2284729"/><MeasureUnit v="KW1"/></Period><Period><TimeInterval v="2016-12-27T15:00Z/2016-12-27T16:00Z"/><Direction v="Z02"/><Quantity v="2284729"/><MeasureUnit v="KW1"/></Period><Period><TimeInterval v="2016-12-27T16:00Z/2016-12-27T17:00Z"/><Direction v="Z02"/><Quantity v="2284729"/><MeasureUnit v="KW1"/></Period><Period><TimeInterval v="2016-12-27T17:00Z/2016-12-27T18:00Z"/><Direction v="Z02"/><Quantity v="2284729"/><MeasureUnit v="KW1"/></Period><Period><TimeInterval v="2016-12-27T18:00Z/2016-12-27T19:00Z"/><Direction v="Z02"/><Quantity v="2284554"/><MeasureUnit v="KW1"/></Period><Period><TimeInterval v="2016-12-27T19:00Z/2016-12-27T20:00Z"/><Direction v="Z02"/><Quantity v="2284554"/><MeasureUnit v="KW1"/></Period><Period><TimeInterval v="2016-12-27T20:00Z/2016-12-27T21:00Z"/><Direction v="Z02"/><Quantity v="2284554"/><MeasureUnit v="KW1"/></Period><Period><TimeInterval v="2016-12-27T21:00Z/2016-12-27T22:00Z"/><Direction v="Z02"/><Quantity v="2284554"/><MeasureUnit v="KW1"/></Period><Period><TimeInterval v="2016-12-27T22:00Z/2016-12-27T23:00Z"/><Direction v="Z02"/><Quantity v="2284554"/><MeasureUnit v="KW1"/></Period><Period><TimeInterval v="2016-12-27T23:00Z/2016-12-28T00:00Z"/><Direction v="Z02"/><Quantity v="2284554"/><MeasureUnit v="KW1"/></Period><Period><TimeInterval v="2016-12-28T00:00Z/2016-12-28T01:00Z"/><Direction v="Z02"/><Quantity v="2284554"/><MeasureUnit v="KW1"/></Period><Period><TimeInterval v="2016-12-28T01:00Z/2016-12-28T02:00Z"/><Direction v="Z02"/><Quantity v="2284554"/><MeasureUnit v="KW1"/></Period><Period><TimeInterval v="2016-12-28T02:00Z/2016-12-28T03:00Z"/><Direction v="Z02"/><Quantity v="2284554"/><MeasureUnit v="KW1"/></Period><Period><TimeInterval v="2016-12-28T03:00Z/2016-12-28T04:00Z"/><Direction v="Z02"/><Quantity v="2284554"/><MeasureUnit v="KW1"/></Period><Period><TimeInterval v="2016-12-28T04:00Z/2016-12-28T05:00Z"/><Direction v="Z02"/><Quantity v="2284559"/><MeasureUnit v="KW1"/></Period><Period><TimeInterval v="2016-12-27T05:00Z/2016-12-27T06:00Z"/><Direction v="Z03"/><Quantity v="87"/><MeasureUnit v="KW1"/></Period><Period><TimeInterval v="2016-12-27T06:00Z/2016-12-27T07:00Z"/><Direction v="Z03"/><Quantity v="87"/><MeasureUnit v="KW1"/></Period><Period><TimeInterval v="2016-12-27T07:00Z/2016-12-27T08:00Z"/><Direction v="Z03"/><Quantity v="87"/><MeasureUnit v="KW1"/></Period><Period><TimeInterval v="2016-12-27T08:00Z/2016-12-27T09:00Z"/><Direction v="Z03"/><Quantity v="87"/><MeasureUnit v="KW1"/></Period><Period><TimeInterval v="2016-12-27T09:00Z/2016-12-27T10:00Z"/><Direction v="Z03"/><Quantity v="87"/><MeasureUnit v="KW1"/></Period><Period><TimeInterval v="2016-12-27T10:00Z/2016-12-27T11:00Z"/><Direction v="Z03"/><Quantity v="87"/><MeasureUnit v="KW1"/></Period><Period><TimeInterval v="2016-12-27T11:00Z/2016-12-27T12:00Z"/><Direction v="Z03"/><Quantity v="87"/><MeasureUnit v="KW1"/></Period><Period><TimeInterval v="2016-12-27T12:00Z/2016-12-27T13:00Z"/><Direction v="Z03"/><Quantity v="87"/><MeasureUnit v="KW1"/></Period><Period><TimeInterval v="2016-12-27T13:00Z/2016-12-27T14:00Z"/><Direction v="Z03"/><Quantity v="87"/><MeasureUnit v="KW1"/></Period><Period><TimeInterval v="2016-12-27T14:00Z/2016-12-27T15:00Z"/><Direction v="Z03"/><Quantity v="87"/><MeasureUnit v="KW1"/></Period><Period><TimeInterval v="2016-12-27T15:00Z/2016-12-27T16:00Z"/><Direction v="Z03"/><Quantity v="87"/><MeasureUnit v="KW1"/></Period><Period><TimeInterval v="2016-12-27T16:00Z/2016-12-27T17:00Z"/><Direction v="Z03"/><Quantity v="87"/><MeasureUnit v="KW1"/></Period><Period><TimeInterval v="2016-12-27T17:00Z/2016-12-27T18:00Z"/><Direction v="Z03"/><Quantity v="87"/><MeasureUnit v="KW1"/></Period><Period><TimeInterval v="2016-12-27T18:00Z/2016-12-27T19:00Z"/><Direction v="Z03"/><Quantity v="87"/><MeasureUnit v="KW1"/></Period><Period><TimeInterval v="2016-12-27T19:00Z/2016-12-27T20:00Z"/><Direction v="Z03"/><Quantity v="87"/><MeasureUnit v="KW1"/></Period><Period><TimeInterval v="2016-12-27T20:00Z/2016-12-27T21:00Z"/><Direction v="Z03"/><Quantity v="87"/><MeasureUnit v="KW1"/></Period><Period><TimeInterval v="2016-12-27T21:00Z/2016-12-27T22:00Z"/><Direction v="Z03"/><Quantity v="87"/><MeasureUnit v="KW1"/></Period><Period><TimeInterval v="2016-12-27T22:00Z/2016-12-27T23:00Z"/><Direction v="Z03"/><Quantity v="87"/><MeasureUnit v="KW1"/></Period><Period><TimeInterval v="2016-12-27T23:00Z/2016-12-28T00:00Z"/><Direction v="Z03"/><Quantity v="87"/><MeasureUnit v="KW1"/></Period><Period><TimeInterval v="2016-12-28T00:00Z/2016-12-28T01:00Z"/><Direction v="Z03"/><Quantity v="87"/><MeasureUnit v="KW1"/></Period><Period><TimeInterval v="2016-12-28T01:00Z/2016-12-28T02:00Z"/><Direction v="Z03"/><Quantity v="87"/><MeasureUnit v="KW1"/></Period><Period><TimeInterval v="2016-12-28T02:00Z/2016-12-28T03:00Z"/><Direction v="Z03"/><Quantity v="87"/><MeasureUnit v="KW1"/></Period><Period><TimeInterval v="2016-12-28T03:00Z/2016-12-28T04:00Z"/><Direction v="Z03"/><Quantity v="87"/><MeasureUnit v="KW1"/></Period><Period><TimeInterval v="2016-12-28T04:00Z/2016-12-28T05:00Z"/><Direction v="Z03"/><Quantity v="87"/><MeasureUnit v="KW1"/></Period></Category><Category><CapacityCode v="Z14"/><Period><TimeInterval v="2016-12-27T05:00Z/2016-12-27T06:00Z"/><Direction v="Z02"/><Quantity v="2789069"/><MeasureUnit v="KW1"/></Period><Period><TimeInterval v="2016-12-27T06:00Z/2016-12-27T07:00Z"/><Direction v="Z02"/><Quantity v="2789069"/><MeasureUnit v="KW1"/></Period><Period><TimeInterval v="2016-12-27T07:00Z/2016-12-27T08:00Z"/><Direction v="Z02"/><Quantity v="2789069"/><MeasureUnit v="KW1"/></Period><Period><TimeInterval v="2016-12-27T08:00Z/2016-12-27T09:00Z"/><Direction v="Z02"/><Quantity v="2789069"/><MeasureUnit v="KW1"/></Period><Period><TimeInterval v="2016-12-27T09:00Z/2016-12-27T10:00Z"/><Direction v="Z02"/><Quantity v="2789069"/><MeasureUnit v="KW1"/></Period><Period><TimeInterval v="2016-12-27T10:00Z/2016-12-27T11:00Z"/><Direction v="Z02"/><Quantity v="2789069"/><MeasureUnit v="KW1"/></Period><Period><TimeInterval v="2016-12-27T11:00Z/2016-12-27T12:00Z"/><Direction v="Z02"/><Quantity v="2789069"/><MeasureUnit v="KW1"/></Period><Period><TimeInterval v="2016-12-27T12:00Z/2016-12-27T13:00Z"/><Direction v="Z02"/><Quantity v="2789069"/><MeasureUnit v="KW1"/></Period><Period><TimeInterval v="2016-12-27T13:00Z/2016-12-27T14:00Z"/><Direction v="Z02"/><Quantity v="2789069"/><MeasureUnit v="KW1"/></Period><Period><TimeInterval v="2016-12-27T14:00Z/2016-12-27T15:00Z"/><Direction v="Z02"/><Quantity v="2789069"/><MeasureUnit v="KW1"/></Period><Period><TimeInterval v="2016-12-27T15:00Z/2016-12-27T16:00Z"/><Direction v="Z02"/><Quantity v="2789069"/><MeasureUnit v="KW1"/></Period><Period><TimeInterval v="2016-12-27T16:00Z/2016-12-27T17:00Z"/><Direction v="Z02"/><Quantity v="2789069"/><MeasureUnit v="KW1"/></Period><Period><TimeInterval v="2016-12-27T17:00Z/2016-12-27T18:00Z"/><Direction v="Z02"/><Quantity v="2789069"/><MeasureUnit v="KW1"/></Period><Period><TimeInterval v="2016-12-27T18:00Z/2016-12-27T19:00Z"/><Direction v="Z02"/><Quantity v="2789069"/><MeasureUnit v="KW1"/></Period><Period><TimeInterval v="2016-12-27T19:00Z/2016-12-27T20:00Z"/><Direction v="Z02"/><Quantity v="2789069"/><MeasureUnit v="KW1"/></Period><Period><TimeInterval v="2016-12-27T20:00Z/2016-12-27T21:00Z"/><Direction v="Z02"/><Quantity v="2789069"/><MeasureUnit v="KW1"/></Period><Period><TimeInterval v="2016-12-27T21:00Z/2016-12-27T22:00Z"/><Direction v="Z02"/><Quantity v="2789069"/><MeasureUnit v="KW1"/></Period><Period><TimeInterval v="2016-12-27T22:00Z/2016-12-27T23:00Z"/><Direction v="Z02"/><Quantity v="2789069"/><MeasureUnit v="KW1"/></Period><Period><TimeInterval v="2016-12-27T23:00Z/2016-12-28T00:00Z"/><Direction v="Z02"/><Quantity v="2789069"/><MeasureUnit v="KW1"/></Period><Period><TimeInterval v="2016-12-28T00:00Z/2016-12-28T01:00Z"/><Direction v="Z02"/><Quantity v="2789069"/><MeasureUnit v="KW1"/></Period><Period><TimeInterval v="2016-12-28T01:00Z/2016-12-28T02:00Z"/><Direction v="Z02"/><Quantity v="2789069"/><MeasureUnit v="KW1"/></Period><Period><TimeInterval v="2016-12-28T02:00Z/2016-12-28T03:00Z"/><Direction v="Z02"/><Quantity v="2789069"/><MeasureUnit v="KW1"/></Period><Period><TimeInterval v="2016-12-28T03:00Z/2016-12-28T04:00Z"/><Direction v="Z02"/><Quantity v="2789069"/><MeasureUnit v="KW1"/></Period><Period><TimeInterval v="2016-12-28T04:00Z/2016-12-28T05:00Z"/><Direction v="Z02"/><Quantity v="2789069"/><MeasureUnit v="KW1"/></Period><Period><TimeInterval v="2016-12-27T05:00Z/2016-12-27T06:00Z"/><Direction v="Z03"/><Quantity v="87"/><MeasureUnit v="KW1"/></Period><Period><TimeInterval v="2016-12-27T06:00Z/2016-12-27T07:00Z"/><Direction v="Z03"/><Quantity v="87"/><MeasureUnit v="KW1"/></Period><Period><TimeInterval v="2016-12-27T07:00Z/2016-12-27T08:00Z"/><Direction v="Z03"/><Quantity v="87"/><MeasureUnit v="KW1"/></Period><Period><TimeInterval v="2016-12-27T08:00Z/2016-12-27T09:00Z"/><Direction v="Z03"/><Quantity v="87"/><MeasureUnit v="KW1"/></Period><Period><TimeInterval v="2016-12-27T09:00Z/2016-12-27T10:00Z"/><Direction v="Z03"/><Quantity v="87"/><MeasureUnit v="KW1"/></Period><Period><TimeInterval v="2016-12-27T10:00Z/2016-12-27T11:00Z"/><Direction v="Z03"/><Quantity v="87"/><MeasureUnit v="KW1"/></Period><Period><TimeInterval v="2016-12-27T11:00Z/2016-12-27T12:00Z"/><Direction v="Z03"/><Quantity v="87"/><MeasureUnit v="KW1"/></Period><Period><TimeInterval v="2016-12-27T12:00Z/2016-12-27T13:00Z"/><Direction v="Z03"/><Quantity v="87"/><MeasureUnit v="KW1"/></Period><Period><TimeInterval v="2016-12-27T13:00Z/2016-12-27T14:00Z"/><Direction v="Z03"/><Quantity v="87"/><MeasureUnit v="KW1"/></Period><Period><TimeInterval v="2016-12-27T14:00Z/2016-12-27T15:00Z"/><Direction v="Z03"/><Quantity v="87"/><MeasureUnit v="KW1"/></Period><Period><TimeInterval v="2016-12-27T15:00Z/2016-12-27T16:00Z"/><Direction v="Z03"/><Quantity v="87"/><MeasureUnit v="KW1"/></Period><Period><TimeInterval v="2016-12-27T16:00Z/2016-12-27T17:00Z"/><Direction v="Z03"/><Quantity v="87"/><MeasureUnit v="KW1"/></Period><Period><TimeInterval v="2016-12-27T17:00Z/2016-12-27T18:00Z"/><Direction v="Z03"/><Quantity v="87"/><MeasureUnit v="KW1"/></Period><Period><TimeInterval v="2016-12-27T18:00Z/2016-12-27T19:00Z"/><Direction v="Z03"/><Quantity v="87"/><MeasureUnit v="KW1"/></Period><Period><TimeInterval v="2016-12-27T19:00Z/2016-12-27T20:00Z"/><Direction v="Z03"/><Quantity v="87"/><MeasureUnit v="KW1"/></Period><Period><TimeInterval v="2016-12-27T20:00Z/2016-12-27T21:00Z"/><Direction v="Z03"/><Quantity v="87"/><MeasureUnit v="KW1"/></Period><Period><TimeInterval v="2016-12-27T21:00Z/2016-12-27T22:00Z"/><Direction v="Z03"/><Quantity v="87"/><MeasureUnit v="KW1"/></Period><Period><TimeInterval v="2016-12-27T22:00Z/2016-12-27T23:00Z"/><Direction v="Z03"/><Quantity v="87"/><MeasureUnit v="KW1"/></Period><Period><TimeInterval v="2016-12-27T23:00Z/2016-12-28T00:00Z"/><Direction v="Z03"/><Quantity v="87"/><MeasureUnit v="KW1"/></Period><Period><TimeInterval v="2016-12-28T00:00Z/2016-12-28T01:00Z"/><Direction v="Z03"/><Quantity v="87"/><MeasureUnit v="KW1"/></Period><Period><TimeInterval v="2016-12-28T01:00Z/2016-12-28T02:00Z"/><Direction v="Z03"/><Quantity v="87"/><MeasureUnit v="KW1"/></Period><Period><TimeInterval v="2016-12-28T02:00Z/2016-12-28T03:00Z"/><Direction v="Z03"/><Quantity v="87"/><MeasureUnit v="KW1"/></Period><Period><TimeInterval v="2016-12-28T03:00Z/2016-12-28T04:00Z"/><Direction v="Z03"/><Quantity v="87"/><MeasureUnit v="KW1"/></Period><Period><TimeInterval v="2016-12-28T04:00Z/2016-12-28T05:00Z"/><Direction v="Z03"/><Quantity v="87"/><MeasureUnit v="KW1"/></Period></Category><Category><CapacityCode v="Z15"/><Period><TimeInterval v="2016-12-27T05:00Z/2016-12-27T06:00Z"/><Direction v="Z02"/><Quantity v="0"/><MeasureUnit v="KW1"/></Period><Period><TimeInterval v="2016-12-27T06:00Z/2016-12-27T07:00Z"/><Direction v="Z02"/><Quantity v="0"/><MeasureUnit v="KW1"/></Period><Period><TimeInterval v="2016-12-27T07:00Z/2016-12-27T08:00Z"/><Direction v="Z02"/><Quantity v="0"/><MeasureUnit v="KW1"/></Period><Period><TimeInterval v="2016-12-27T08:00Z/2016-12-27T09:00Z"/><Direction v="Z02"/><Quantity v="0"/><MeasureUnit v="KW1"/></Period><Period><TimeInterval v="2016-12-27T09:00Z/2016-12-27T10:00Z"/><Direction v="Z02"/><Quantity v="0"/><MeasureUnit v="KW1"/></Period><Period><TimeInterval v="2016-12-27T10:00Z/2016-12-27T11:00Z"/><Direction v="Z02"/><Quantity v="0"/><MeasureUnit v="KW1"/></Period><Period><TimeInterval v="2016-12-27T11:00Z/2016-12-27T12:00Z"/><Direction v="Z02"/><Quantity v="0"/><MeasureUnit v="KW1"/></Period><Period><TimeInterval v="2016-12-27T12:00Z/2016-12-27T13:00Z"/><Direction v="Z02"/><Quantity v="0"/><MeasureUnit v="KW1"/></Period><Period><TimeInterval v="2016-12-27T13:00Z/2016-12-27T14:00Z"/><Direction v="Z02"/><Quantity v="0"/><MeasureUnit v="KW1"/></Period><Period><TimeInterval v="2016-12-27T14:00Z/2016-12-27T15:00Z"/><Direction v="Z02"/><Quantity v="0"/><MeasureUnit v="KW1"/></Period><Period><TimeInterval v="2016-12-27T15:00Z/2016-12-27T16:00Z"/><Direction v="Z02"/><Quantity v="0"/><MeasureUnit v="KW1"/></Period><Period><TimeInterval v="2016-12-27T16:00Z/2016-12-27T17:00Z"/><Direction v="Z02"/><Quantity v="0"/><MeasureUnit v="KW1"/></Period><Period><TimeInterval v="2016-12-27T17:00Z/2016-12-27T18:00Z"/><Direction v="Z02"/><Quantity v="0"/><MeasureUnit v="KW1"/></Period><Period><TimeInterval v="2016-12-27T18:00Z/2016-12-27T19:00Z"/><Direction v="Z02"/><Quantity v="0"/><MeasureUnit v="KW1"/></Period><Period><TimeInterval v="2016-12-27T19:00Z/2016-12-27T20:00Z"/><Direction v="Z02"/><Quantity v="0"/><MeasureUnit v="KW1"/></Period><Period><TimeInterval v="2016-12-27T20:00Z/2016-12-27T21:00Z"/><Direction v="Z02"/><Quantity v="0"/><MeasureUnit v="KW1"/></Period><Period><TimeInterval v="2016-12-27T21:00Z/2016-12-27T22:00Z"/><Direction v="Z02"/><Quantity v="0"/><MeasureUnit v="KW1"/></Period><Period><TimeInterval v="2016-12-27T22:00Z/2016-12-27T23:00Z"/><Direction v="Z02"/><Quantity v="0"/><MeasureUnit v="KW1"/></Period><Period><TimeInterval v="2016-12-27T23:00Z/2016-12-28T00:00Z"/><Direction v="Z02"/><Quantity v="0"/><MeasureUnit v="KW1"/></Period><Period><TimeInterval v="2016-12-28T00:00Z/2016-12-28T01:00Z"/><Direction v="Z02"/><Quantity v="0"/><MeasureUnit v="KW1"/></Period><Period><TimeInterval v="2016-12-28T01:00Z/2016-12-28T02:00Z"/><Direction v="Z02"/><Quantity v="0"/><MeasureUnit v="KW1"/></Period><Period><TimeInterval v="2016-12-28T02:00Z/2016-12-28T03:00Z"/><Direction v="Z02"/><Quantity v="0"/><MeasureUnit v="KW1"/></Period><Period><TimeInterval v="2016-12-28T03:00Z/2016-12-28T04:00Z"/><Direction v="Z02"/><Quantity v="0"/><MeasureUnit v="KW1"/></Period><Period><TimeInterval v="2016-12-28T04:00Z/2016-12-28T05:00Z"/><Direction v="Z02"/><Quantity v="0"/><MeasureUnit v="KW1"/></Period><Period><TimeInterval v="2016-12-27T05:00Z/2016-12-27T06:00Z"/><Direction v="Z03"/><Quantity v="0"/><MeasureUnit v="KW1"/></Period><Period><TimeInterval v="2016-12-27T06:00Z/2016-12-27T07:00Z"/><Direction v="Z03"/><Quantity v="0"/><MeasureUnit v="KW1"/></Period><Period><TimeInterval v="2016-12-27T07:00Z/2016-12-27T08:00Z"/><Direction v="Z03"/><Quantity v="0"/><MeasureUnit v="KW1"/></Period><Period><TimeInterval v="2016-12-27T08:00Z/2016-12-27T09:00Z"/><Direction v="Z03"/><Quantity v="0"/><MeasureUnit v="KW1"/></Period><Period><TimeInterval v="2016-12-27T09:00Z/2016-12-27T10:00Z"/><Direction v="Z03"/><Quantity v="0"/><MeasureUnit v="KW1"/></Period><Period><TimeInterval v="2016-12-27T10:00Z/2016-12-27T11:00Z"/><Direction v="Z03"/><Quantity v="0"/><MeasureUnit v="KW1"/></Period><Period><TimeInterval v="2016-12-27T11:00Z/2016-12-27T12:00Z"/><Direction v="Z03"/><Quantity v="0"/><MeasureUnit v="KW1"/></Period><Period><TimeInterval v="2016-12-27T12:00Z/2016-12-27T13:00Z"/><Direction v="Z03"/><Quantity v="0"/><MeasureUnit v="KW1"/></Period><Period><TimeInterval v="2016-12-27T13:00Z/2016-12-27T14:00Z"/><Direction v="Z03"/><Quantity v="0"/><MeasureUnit v="KW1"/></Period><Period><TimeInterval v="2016-12-27T14:00Z/2016-12-27T15:00Z"/><Direction v="Z03"/><Quantity v="0"/><MeasureUnit v="KW1"/></Period><Period><TimeInterval v="2016-12-27T15:00Z/2016-12-27T16:00Z"/><Direction v="Z03"/><Quantity v="0"/><MeasureUnit v="KW1"/></Period><Period><TimeInterval v="2016-12-27T16:00Z/2016-12-27T17:00Z"/><Direction v="Z03"/><Quantity v="0"/><MeasureUnit v="KW1"/></Period><Period><TimeInterval v="2016-12-27T17:00Z/2016-12-27T18:00Z"/><Direction v="Z03"/><Quantity v="0"/><MeasureUnit v="KW1"/></Period><Period><TimeInterval v="2016-12-27T18:00Z/2016-12-27T19:00Z"/><Direction v="Z03"/><Quantity v="0"/><MeasureUnit v="KW1"/></Period><Period><TimeInterval v="2016-12-27T19:00Z/2016-12-27T20:00Z"/><Direction v="Z03"/><Quantity v="0"/><MeasureUnit v="KW1"/></Period><Period><TimeInterval v="2016-12-27T20:00Z/2016-12-27T21:00Z"/><Direction v="Z03"/><Quantity v="0"/><MeasureUnit v="KW1"/></Period><Period><TimeInterval v="2016-12-27T21:00Z/2016-12-27T22:00Z"/><Direction v="Z03"/><Quantity v="0"/><MeasureUnit v="KW1"/></Period><Period><TimeInterval v="2016-12-27T22:00Z/2016-12-27T23:00Z"/><Direction v="Z03"/><Quantity v="0"/><MeasureUnit v="KW1"/></Period><Period><TimeInterval v="2016-12-27T23:00Z/2016-12-28T00:00Z"/><Direction v="Z03"/><Quantity v="0"/><MeasureUnit v="KW1"/></Period><Period><TimeInterval v="2016-12-28T00:00Z/2016-12-28T01:00Z"/><Direction v="Z03"/><Quantity v="0"/><MeasureUnit v="KW1"/></Period><Period><TimeInterval v="2016-12-28T01:00Z/2016-12-28T02:00Z"/><Direction v="Z03"/><Quantity v="0"/><MeasureUnit v="KW1"/></Period><Period><TimeInterval v="2016-12-28T02:00Z/2016-12-28T03:00Z"/><Direction v="Z03"/><Quantity v="0"/><MeasureUnit v="KW1"/></Period><Period><TimeInterval v="2016-12-28T03:00Z/2016-12-28T04:00Z"/><Direction v="Z03"/><Quantity v="0"/><MeasureUnit v="KW1"/></Period><Period><TimeInterval v="2016-12-28T04:00Z/2016-12-28T05:00Z"/><Direction v="Z03"/><Quantity v="0"/><MeasureUnit v="KW1"/></Period></Category></ConnectionPoint><ConnectionPoint><Identification v="37Z000000001078I" codingScheme="305"/><Type v="Z26"/><Category><CapacityCode v="Z12"/><Period><TimeInterval v="2016-12-27T05:00Z/2016-12-27T06:00Z"/><Direction v="Z02"/><Quantity v="2775000"/><MeasureUnit v="KW1"/></Period><Period><TimeInterval v="2016-12-27T06:00Z/2016-12-27T07:00Z"/><Direction v="Z02"/><Quantity v="2775000"/><MeasureUnit v="KW1"/></Period><Period><TimeInterval v="2016-12-27T07:00Z/2016-12-27T08:00Z"/><Direction v="Z02"/><Quantity v="2775000"/><MeasureUnit v="KW1"/></Period><Period><TimeInterval v="2016-12-27T08:00Z/2016-12-27T09:00Z"/><Direction v="Z02"/><Quantity v="2775000"/><MeasureUnit v="KW1"/></Period><Period><TimeInterval v="2016-12-27T09:00Z/2016-12-27T10:00Z"/><Direction v="Z02"/><Quantity v="2775000"/><MeasureUnit v="KW1"/></Period><Period><TimeInterval v="2016-12-27T10:00Z/2016-12-27T11:00Z"/><Direction v="Z02"/><Quantity v="2775000"/><MeasureUnit v="KW1"/></Period><Period><TimeInterval v="2016-12-27T11:00Z/2016-12-27T12:00Z"/><Direction v="Z02"/><Quantity v="2775000"/><MeasureUnit v="KW1"/></Period><Period><TimeInterval v="2016-12-27T12:00Z/2016-12-27T13:00Z"/><Direction v="Z02"/><Quantity v="2775000"/><MeasureUnit v="KW1"/></Period><Period><TimeInterval v="2016-12-27T13:00Z/2016-12-27T14:00Z"/><Direction v="Z02"/><Quantity v="2775000"/><MeasureUnit v="KW1"/></Period><Period><TimeInterval v="2016-12-27T14:00Z/2016-12-27T15:00Z"/><Direction v="Z02"/><Quantity v="2775000"/><MeasureUnit v="KW1"/></Period><Period><TimeInterval v="2016-12-27T15:00Z/2016-12-27T16:00Z"/><Direction v="Z02"/><Quantity v="2775000"/><MeasureUnit v="KW1"/></Period><Period><TimeInterval v="2016-12-27T16:00Z/2016-12-27T17:00Z"/><Direction v="Z02"/><Quantity v="2775000"/><MeasureUnit v="KW1"/></Period><Period><TimeInterval v="2016-12-27T17:00Z/2016-12-27T18:00Z"/><Direction v="Z02"/><Quantity v="2775000"/><MeasureUnit v="KW1"/></Period><Period><TimeInterval v="2016-12-27T18:00Z/2016-12-27T19:00Z"/><Direction v="Z02"/><Quantity v="2775000"/><MeasureUnit v="KW1"/></Period><Period><TimeInterval v="2016-12-27T19:00Z/2016-12-27T20:00Z"/><Direction v="Z02"/><Quantity v="2775000"/><MeasureUnit v="KW1"/></Period><Period><TimeInterval v="2016-12-27T20:00Z/2016-12-27T21:00Z"/><Direction v="Z02"/><Quantity v="2775000"/><MeasureUnit v="KW1"/></Period><Period><TimeInterval v="2016-12-27T21:00Z/2016-12-27T22:00Z"/><Direction v="Z02"/><Quantity v="2775000"/><MeasureUnit v="KW1"/></Period><Period><TimeInterval v="2016-12-27T22:00Z/2016-12-27T23:00Z"/><Direction v="Z02"/><Quantity v="2775000"/><MeasureUnit v="KW1"/></Period><Period><TimeInterval v="2016-12-27T23:00Z/2016-12-28T00:00Z"/><Direction v="Z02"/><Quantity v="2775000"/><MeasureUnit v="KW1"/></Period><Period><TimeInterval v="2016-12-28T00:00Z/2016-12-28T01:00Z"/><Direction v="Z02"/><Quantity v="2775000"/><MeasureUnit v="KW1"/></Period><Period><TimeInterval v="2016-12-28T01:00Z/2016-12-28T02:00Z"/><Direction v="Z02"/><Quantity v="2775000"/><MeasureUnit v="KW1"/></Period><Period><TimeInterval v="2016-12-28T02:00Z/2016-12-28T03:00Z"/><Direction v="Z02"/><Quantity v="2775000"/><MeasureUnit v="KW1"/></Period><Period><TimeInterval v="2016-12-28T03:00Z/2016-12-28T04:00Z"/><Direction v="Z02"/><Quantity v="2775000"/><MeasureUnit v="KW1"/></Period><Period><TimeInterval v="2016-12-28T04:00Z/2016-12-28T05:00Z"/><Direction v="Z02"/><Quantity v="2775000"/><MeasureUnit v="KW1"/></Period></Category><Category><CapacityCode v="Z14"/><Period><TimeInterval v="2016-12-27T05:00Z/2016-12-27T06:00Z"/><Direction v="Z02"/><Quantity v="2775000"/><MeasureUnit v="KW1"/></Period><Period><TimeInterval v="2016-12-27T06:00Z/2016-12-27T07:00Z"/><Direction v="Z02"/><Quantity v="2775000"/><MeasureUnit v="KW1"/></Period><Period><TimeInterval v="2016-12-27T07:00Z/2016-12-27T08:00Z"/><Direction v="Z02"/><Quantity v="2775000"/><MeasureUnit v="KW1"/></Period><Period><TimeInterval v="2016-12-27T08:00Z/2016-12-27T09:00Z"/><Direction v="Z02"/><Quantity v="2775000"/><MeasureUnit v="KW1"/></Period><Period><TimeInterval v="2016-12-27T09:00Z/2016-12-27T10:00Z"/><Direction v="Z02"/><Quantity v="2775000"/><MeasureUnit v="KW1"/></Period><Period><TimeInterval v="2016-12-27T10:00Z/2016-12-27T11:00Z"/><Direction v="Z02"/><Quantity v="2775000"/><MeasureUnit v="KW1"/></Period><Period><TimeInterval v="2016-12-27T11:00Z/2016-12-27T12:00Z"/><Direction v="Z02"/><Quantity v="2775000"/><MeasureUnit v="KW1"/></Period><Period><TimeInterval v="2016-12-27T12:00Z/2016-12-27T13:00Z"/><Direction v="Z02"/><Quantity v="2775000"/><MeasureUnit v="KW1"/></Period><Period><TimeInterval v="2016-12-27T13:00Z/2016-12-27T14:00Z"/><Direction v="Z02"/><Quantity v="2775000"/><MeasureUnit v="KW1"/></Period><Period><TimeInterval v="2016-12-27T14:00Z/2016-12-27T15:00Z"/><Direction v="Z02"/><Quantity v="2775000"/><MeasureUnit v="KW1"/></Period><Period><TimeInterval v="2016-12-27T15:00Z/2016-12-27T16:00Z"/><Direction v="Z02"/><Quantity v="2775000"/><MeasureUnit v="KW1"/></Period><Period><TimeInterval v="2016-12-27T16:00Z/2016-12-27T17:00Z"/><Direction v="Z02"/><Quantity v="2775000"/><MeasureUnit v="KW1"/></Period><Period><TimeInterval v="2016-12-27T17:00Z/2016-12-27T18:00Z"/><Direction v="Z02"/><Quantity v="2775000"/><MeasureUnit v="KW1"/></Period><Period><TimeInterval v="2016-12-27T18:00Z/2016-12-27T19:00Z"/><Direction v="Z02"/><Quantity v="2775000"/><MeasureUnit v="KW1"/></Period><Period><TimeInterval v="2016-12-27T19:00Z/2016-12-27T20:00Z"/><Direction v="Z02"/><Quantity v="2775000"/><MeasureUnit v="KW1"/></Period><Period><TimeInterval v="2016-12-27T20:00Z/2016-12-27T21:00Z"/><Direction v="Z02"/><Quantity v="2775000"/><MeasureUnit v="KW1"/></Period><Period><TimeInterval v="2016-12-27T21:00Z/2016-12-27T22:00Z"/><Direction v="Z02"/><Quantity v="2775000"/><MeasureUnit v="KW1"/></Period><Period><TimeInterval v="2016-12-27T22:00Z/2016-12-27T23:00Z"/><Direction v="Z02"/><Quantity v="2775000"/><MeasureUnit v="KW1"/></Period><Period><TimeInterval v="2016-12-27T23:00Z/2016-12-28T00:00Z"/><Direction v="Z02"/><Quantity v="2775000"/><MeasureUnit v="KW1"/></Period><Period><TimeInterval v="2016-12-28T00:00Z/2016-12-28T01:00Z"/><Direction v="Z02"/><Quantity v="2775000"/><MeasureUnit v="KW1"/></Period><Period><TimeInterval v="2016-12-28T01:00Z/2016-12-28T02:00Z"/><Direction v="Z02"/><Quantity v="2775000"/><MeasureUnit v="KW1"/></Period><Period><TimeInterval v="2016-12-28T02:00Z/2016-12-28T03:00Z"/><Direction v="Z02"/><Quantity v="2775000"/><MeasureUnit v="KW1"/></Period><Period><TimeInterval v="2016-12-28T03:00Z/2016-12-28T04:00Z"/><Direction v="Z02"/><Quantity v="2775000"/><MeasureUnit v="KW1"/></Period><Period><TimeInterval v="2016-12-28T04:00Z/2016-12-28T05:00Z"/><Direction v="Z02"/><Quantity v="2775000"/><MeasureUnit v="KW1"/></Period></Category><Category><CapacityCode v="Z15"/><Period><TimeInterval v="2016-12-27T05:00Z/2016-12-27T06:00Z"/><Direction v="Z02"/><Quantity v="0"/><MeasureUnit v="KW1"/></Period><Period><TimeInterval v="2016-12-27T06:00Z/2016-12-27T07:00Z"/><Direction v="Z02"/><Quantity v="0"/><MeasureUnit v="KW1"/></Period><Period><TimeInterval v="2016-12-27T07:00Z/2016-12-27T08:00Z"/><Direction v="Z02"/><Quantity v="0"/><MeasureUnit v="KW1"/></Period><Period><TimeInterval v="2016-12-27T08:00Z/2016-12-27T09:00Z"/><Direction v="Z02"/><Quantity v="0"/><MeasureUnit v="KW1"/></Period><Period><TimeInterval v="2016-12-27T09:00Z/2016-12-27T10:00Z"/><Direction v="Z02"/><Quantity v="0"/><MeasureUnit v="KW1"/></Period><Period><TimeInterval v="2016-12-27T10:00Z/2016-12-27T11:00Z"/><Direction v="Z02"/><Quantity v="0"/><MeasureUnit v="KW1"/></Period><Period><TimeInterval v="2016-12-27T11:00Z/2016-12-27T12:00Z"/><Direction v="Z02"/><Quantity v="0"/><MeasureUnit v="KW1"/></Period><Period><TimeInterval v="2016-12-27T12:00Z/2016-12-27T13:00Z"/><Direction v="Z02"/><Quantity v="0"/><MeasureUnit v="KW1"/></Period><Period><TimeInterval v="2016-12-27T13:00Z/2016-12-27T14:00Z"/><Direction v="Z02"/><Quantity v="0"/><MeasureUnit v="KW1"/></Period><Period><TimeInterval v="2016-12-27T14:00Z/2016-12-27T15:00Z"/><Direction v="Z02"/><Quantity v="0"/><MeasureUnit v="KW1"/></Period><Period><TimeInterval v="2016-12-27T15:00Z/2016-12-27T16:00Z"/><Direction v="Z02"/><Quantity v="0"/><MeasureUnit v="KW1"/></Period><Period><TimeInterval v="2016-12-27T16:00Z/2016-12-27T17:00Z"/><Direction v="Z02"/><Quantity v="0"/><MeasureUnit v="KW1"/></Period><Period><TimeInterval v="2016-12-27T17:00Z/2016-12-27T18:00Z"/><Direction v="Z02"/><Quantity v="0"/><MeasureUnit v="KW1"/></Period><Period><TimeInterval v="2016-12-27T18:00Z/2016-12-27T19:00Z"/><Direction v="Z02"/><Quantity v="0"/><MeasureUnit v="KW1"/></Period><Period><TimeInterval v="2016-12-27T19:00Z/2016-12-27T20:00Z"/><Direction v="Z02"/><Quantity v="0"/><MeasureUnit v="KW1"/></Period><Period><TimeInterval v="2016-12-27T20:00Z/2016-12-27T21:00Z"/><Direction v="Z02"/><Quantity v="0"/><MeasureUnit v="KW1"/></Period><Period><TimeInterval v="2016-12-27T21:00Z/2016-12-27T22:00Z"/><Direction v="Z02"/><Quantity v="0"/><MeasureUnit v="KW1"/></Period><Period><TimeInterval v="2016-12-27T22:00Z/2016-12-27T23:00Z"/><Direction v="Z02"/><Quantity v="0"/><MeasureUnit v="KW1"/></Period><Period><TimeInterval v="2016-12-27T23:00Z/2016-12-28T00:00Z"/><Direction v="Z02"/><Quantity v="0"/><MeasureUnit v="KW1"/></Period><Period><TimeInterval v="2016-12-28T00:00Z/2016-12-28T01:00Z"/><Direction v="Z02"/><Quantity v="0"/><MeasureUnit v="KW1"/></Period><Period><TimeInterval v="2016-12-28T01:00Z/2016-12-28T02:00Z"/><Direction v="Z02"/><Quantity v="0"/><MeasureUnit v="KW1"/></Period><Period><TimeInterval v="2016-12-28T02:00Z/2016-12-28T03:00Z"/><Direction v="Z02"/><Quantity v="0"/><MeasureUnit v="KW1"/></Period><Period><TimeInterval v="2016-12-28T03:00Z/2016-12-28T04:00Z"/><Direction v="Z02"/><Quantity v="0"/><MeasureUnit v="KW1"/></Period><Period><TimeInterval v="2016-12-28T04:00Z/2016-12-28T05:00Z"/><Direction v="Z02"/><Quantity v="0"/><MeasureUnit v="KW1"/></Period></Category></ConnectionPoint><ConnectionPoint><Identification v="37Y000000000288Q" codingScheme="305"/><Type v="Z26"/><Category><CapacityCode v="Z12"/><Period><TimeInterval v="2016-12-27T05:00Z/2016-12-27T06:00Z"/><Direction v="Z02"/><Quantity v="10844"/><MeasureUnit v="KW1"/></Period><Period><TimeInterval v="2016-12-27T06:00Z/2016-12-27T07:00Z"/><Direction v="Z02"/><Quantity v="10844"/><MeasureUnit v="KW1"/></Period><Period><TimeInterval v="2016-12-27T07:00Z/2016-12-27T08:00Z"/><Direction v="Z02"/><Quantity v="10844"/><MeasureUnit v="KW1"/></Period><Period><TimeInterval v="2016-12-27T08:00Z/2016-12-27T09:00Z"/><Direction v="Z02"/><Quantity v="10844"/><MeasureUnit v="KW1"/></Period><Period><TimeInterval v="2016-12-27T09:00Z/2016-12-27T10:00Z"/><Direction v="Z02"/><Quantity v="10844"/><MeasureUnit v="KW1"/></Period><Period><TimeInterval v="2016-12-27T10:00Z/2016-12-27T11:00Z"/><Direction v="Z02"/><Quantity v="10844"/><MeasureUnit v="KW1"/></Period><Period><TimeInterval v="2016-12-27T11:00Z/2016-12-27T12:00Z"/><Direction v="Z02"/><Quantity v="10844"/><MeasureUnit v="KW1"/></Period><Period><TimeInterval v="2016-12-27T12:00Z/2016-12-27T13:00Z"/><Direction v="Z02"/><Quantity v="10844"/><MeasureUnit v="KW1"/></Period><Period><TimeInterval v="2016-12-27T13:00Z/2016-12-27T14:00Z"/><Direction v="Z02"/><Quantity v="10844"/><MeasureUnit v="KW1"/></Period><Period><TimeInterval v="2016-12-27T14:00Z/2016-12-27T15:00Z"/><Direction v="Z02"/><Quantity v="10844"/><MeasureUnit v="KW1"/></Period><Period><TimeInterval v="2016-12-27T15:00Z/2016-12-27T16:00Z"/><Direction v="Z02"/><Quantity v="10844"/><MeasureUnit v="KW1"/></Period><Period><TimeInterval v="2016-12-27T16:00Z/2016-12-27T17:00Z"/><Direction v="Z02"/><Quantity v="10844"/><MeasureUnit v="KW1"/></Period><Period><TimeInterval v="2016-12-27T17:00Z/2016-12-27T18:00Z"/><Direction v="Z02"/><Quantity v="10844"/><MeasureUnit v="KW1"/></Period><Period><TimeInterval v="2016-12-27T18:00Z/2016-12-27T19:00Z"/><Direction v="Z02"/><Quantity v="10844"/><MeasureUnit v="KW1"/></Period><Period><TimeInterval v="2016-12-27T19:00Z/2016-12-27T20:00Z"/><Direction v="Z02"/><Quantity v="10844"/><MeasureUnit v="KW1"/></Period><Period><TimeInterval v="2016-12-27T20:00Z/2016-12-27T21:00Z"/><Direction v="Z02"/><Quantity v="10844"/><MeasureUnit v="KW1"/></Period><Period><TimeInterval v="2016-12-27T21:00Z/2016-12-27T22:00Z"/><Direction v="Z02"/><Quantity v="10844"/><MeasureUnit v="KW1"/></Period><Period><TimeInterval v="2016-12-27T22:00Z/2016-12-27T23:00Z"/><Direction v="Z02"/><Quantity v="10844"/><MeasureUnit v="KW1"/></Period><Period><TimeInterval v="2016-12-27T23:00Z/2016-12-28T00:00Z"/><Direction v="Z02"/><Quantity v="10844"/><MeasureUnit v="KW1"/></Period><Period><TimeInterval v="2016-12-28T00:00Z/2016-12-28T01:00Z"/><Direction v="Z02"/><Quantity v="10844"/><MeasureUnit v="KW1"/></Period><Period><TimeInterval v="2016-12-28T01:00Z/2016-12-28T02:00Z"/><Direction v="Z02"/><Quantity v="10844"/><MeasureUnit v="KW1"/></Period><Period><TimeInterval v="2016-12-28T02:00Z/2016-12-28T03:00Z"/><Direction v="Z02"/><Quantity v="10844"/><MeasureUnit v="KW1"/></Period><Period><TimeInterval v="2016-12-28T03:00Z/2016-12-28T04:00Z"/><Direction v="Z02"/><Quantity v="10844"/><MeasureUnit v="KW1"/></Period><Period><TimeInterval v="2016-12-28T04:00Z/2016-12-28T05:00Z"/><Direction v="Z02"/><Quantity v="10844"/><MeasureUnit v="KW1"/></Period></Category><Category><CapacityCode v="Z14"/><Period><TimeInterval v="2016-12-27T05:00Z/2016-12-27T06:00Z"/><Direction v="Z02"/><Quantity v="9244"/><MeasureUnit v="KW1"/></Period><Period><TimeInterval v="2016-12-27T06:00Z/2016-12-27T07:00Z"/><Direction v="Z02"/><Quantity v="9244"/><MeasureUnit v="KW1"/></Period><Period><TimeInterval v="2016-12-27T07:00Z/2016-12-27T08:00Z"/><Direction v="Z02"/><Quantity v="9244"/><MeasureUnit v="KW1"/></Period><Period><TimeInterval v="2016-12-27T08:00Z/2016-12-27T09:00Z"/><Direction v="Z02"/><Quantity v="9244"/><MeasureUnit v="KW1"/></Period><Period><TimeInterval v="2016-12-27T09:00Z/2016-12-27T10:00Z"/><Direction v="Z02"/><Quantity v="9244"/><MeasureUnit v="KW1"/></Period><Period><TimeInterval v="2016-12-27T10:00Z/2016-12-27T11:00Z"/><Direction v="Z02"/><Quantity v="9244"/><MeasureUnit v="KW1"/></Period><Period><TimeInterval v="2016-12-27T11:00Z/2016-12-27T12:00Z"/><Direction v="Z02"/><Quantity v="9244"/><MeasureUnit v="KW1"/></Period><Period><TimeInterval v="2016-12-27T12:00Z/2016-12-27T13:00Z"/><Direction v="Z02"/><Quantity v="9244"/><MeasureUnit v="KW1"/></Period><Period><TimeInterval v="2016-12-27T13:00Z/2016-12-27T14:00Z"/><Direction v="Z02"/><Quantity v="9244"/><MeasureUnit v="KW1"/></Period><Period><TimeInterval v="2016-12-27T14:00Z/2016-12-27T15:00Z"/><Direction v="Z02"/><Quantity v="9244"/><MeasureUnit v="KW1"/></Period><Period><TimeInterval v="2016-12-27T15:00Z/2016-12-27T16:00Z"/><Direction v="Z02"/><Quantity v="9244"/><MeasureUnit v="KW1"/></Period><Period><TimeInterval v="2016-12-27T16:00Z/2016-12-27T17:00Z"/><Direction v="Z02"/><Quantity v="9244"/><MeasureUnit v="KW1"/></Period><Period><TimeInterval v="2016-12-27T17:00Z/2016-12-27T18:00Z"/><Direction v="Z02"/><Quantity v="9244"/><MeasureUnit v="KW1"/></Period><Period><TimeInterval v="2016-12-27T18:00Z/2016-12-27T19:00Z"/><Direction v="Z02"/><Quantity v="9244"/><MeasureUnit v="KW1"/></Period><Period><TimeInterval v="2016-12-27T19:00Z/2016-12-27T20:00Z"/><Direction v="Z02"/><Quantity v="9244"/><MeasureUnit v="KW1"/></Period><Period><TimeInterval v="2016-12-27T20:00Z/2016-12-27T21:00Z"/><Direction v="Z02"/><Quantity v="9244"/><MeasureUnit v="KW1"/></Period><Period><TimeInterval v="2016-12-27T21:00Z/2016-12-27T22:00Z"/><Direction v="Z02"/><Quantity v="9244"/><MeasureUnit v="KW1"/></Period><Period><TimeInterval v="2016-12-27T22:00Z/2016-12-27T23:00Z"/><Direction v="Z02"/><Quantity v="9244"/><MeasureUnit v="KW1"/></Period><Period><TimeInterval v="2016-12-27T23:00Z/2016-12-28T00:00Z"/><Direction v="Z02"/><Quantity v="9244"/><MeasureUnit v="KW1"/></Period><Period><TimeInterval v="2016-12-28T00:00Z/2016-12-28T01:00Z"/><Direction v="Z02"/><Quantity v="9244"/><MeasureUnit v="KW1"/></Period><Period><TimeInterval v="2016-12-28T01:00Z/2016-12-28T02:00Z"/><Direction v="Z02"/><Quantity v="9244"/><MeasureUnit v="KW1"/></Period><Period><TimeInterval v="2016-12-28T02:00Z/2016-12-28T03:00Z"/><Direction v="Z02"/><Quantity v="9244"/><MeasureUnit v="KW1"/></Period><Period><TimeInterval v="2016-12-28T03:00Z/2016-12-28T04:00Z"/><Direction v="Z02"/><Quantity v="9244"/><MeasureUnit v="KW1"/></Period><Period><TimeInterval v="2016-12-28T04:00Z/2016-12-28T05:00Z"/><Direction v="Z02"/><Quantity v="9244"/><MeasureUnit v="KW1"/></Period></Category><Category><CapacityCode v="Z15"/><Period><TimeInterval v="2016-12-27T05:00Z/2016-12-27T06:00Z"/><Direction v="Z02"/><Quantity v="0"/><MeasureUnit v="KW1"/></Period><Period><TimeInterval v="2016-12-27T06:00Z/2016-12-27T07:00Z"/><Direction v="Z02"/><Quantity v="0"/><MeasureUnit v="KW1"/></Period><Period><TimeInterval v="2016-12-27T07:00Z/2016-12-27T08:00Z"/><Direction v="Z02"/><Quantity v="0"/><MeasureUnit v="KW1"/></Period><Period><TimeInterval v="2016-12-27T08:00Z/2016-12-27T09:00Z"/><Direction v="Z02"/><Quantity v="0"/><MeasureUnit v="KW1"/></Period><Period><TimeInterval v="2016-12-27T09:00Z/2016-12-27T10:00Z"/><Direction v="Z02"/><Quantity v="0"/><MeasureUnit v="KW1"/></Period><Period><TimeInterval v="2016-12-27T10:00Z/2016-12-27T11:00Z"/><Direction v="Z02"/><Quantity v="0"/><MeasureUnit v="KW1"/></Period><Period><TimeInterval v="2016-12-27T11:00Z/2016-12-27T12:00Z"/><Direction v="Z02"/><Quantity v="0"/><MeasureUnit v="KW1"/></Period><Period><TimeInterval v="2016-12-27T12:00Z/2016-12-27T13:00Z"/><Direction v="Z02"/><Quantity v="0"/><MeasureUnit v="KW1"/></Period><Period><TimeInterval v="2016-12-27T13:00Z/2016-12-27T14:00Z"/><Direction v="Z02"/><Quantity v="0"/><MeasureUnit v="KW1"/></Period><Period><TimeInterval v="2016-12-27T14:00Z/2016-12-27T15:00Z"/><Direction v="Z02"/><Quantity v="0"/><MeasureUnit v="KW1"/></Period><Period><TimeInterval v="2016-12-27T15:00Z/2016-12-27T16:00Z"/><Direction v="Z02"/><Quantity v="0"/><MeasureUnit v="KW1"/></Period><Period><TimeInterval v="2016-12-27T16:00Z/2016-12-27T17:00Z"/><Direction v="Z02"/><Quantity v="0"/><MeasureUnit v="KW1"/></Period><Period><TimeInterval v="2016-12-27T17:00Z/2016-12-27T18:00Z"/><Direction v="Z02"/><Quantity v="0"/><MeasureUnit v="KW1"/></Period><Period><TimeInterval v="2016-12-27T18:00Z/2016-12-27T19:00Z"/><Direction v="Z02"/><Quantity v="0"/><MeasureUnit v="KW1"/></Period><Period><TimeInterval v="2016-12-27T19:00Z/2016-12-27T20:00Z"/><Direction v="Z02"/><Quantity v="0"/><MeasureUnit v="KW1"/></Period><Period><TimeInterval v="2016-12-27T20:00Z/2016-12-27T21:00Z"/><Direction v="Z02"/><Quantity v="0"/><MeasureUnit v="KW1"/></Period><Period><TimeInterval v="2016-12-27T21:00Z/2016-12-27T22:00Z"/><Direction v="Z02"/><Quantity v="0"/><MeasureUnit v="KW1"/></Period><Period><TimeInterval v="2016-12-27T22:00Z/2016-12-27T23:00Z"/><Direction v="Z02"/><Quantity v="0"/><MeasureUnit v="KW1"/></Period><Period><TimeInterval v="2016-12-27T23:00Z/2016-12-28T00:00Z"/><Direction v="Z02"/><Quantity v="0"/><MeasureUnit v="KW1"/></Period><Period><TimeInterval v="2016-12-28T00:00Z/2016-12-28T01:00Z"/><Direction v="Z02"/><Quantity v="0"/><MeasureUnit v="KW1"/></Period><Period><TimeInterval v="2016-12-28T01:00Z/2016-12-28T02:00Z"/><Direction v="Z02"/><Quantity v="0"/><MeasureUnit v="KW1"/></Period><Period><TimeInterval v="2016-12-28T02:00Z/2016-12-28T03:00Z"/><Direction v="Z02"/><Quantity v="0"/><MeasureUnit v="KW1"/></Period><Period><TimeInterval v="2016-12-28T03:00Z/2016-12-28T04:00Z"/><Direction v="Z02"/><Quantity v="0"/><MeasureUnit v="KW1"/></Period><Period><TimeInterval v="2016-12-28T04:00Z/2016-12-28T05:00Z"/><Direction v="Z02"/><Quantity v="0"/><MeasureUnit v="KW1"/></Period></Category></ConnectionPoint></TransparencyPublication>