<?xml version="1.0" encoding="UTF-8"?><TransparencyPublication Version="EGAS50" Release="A"><Identification v="TRANPB20170104A104293"/><Version v="1"/><Type v="AL6"/><CreationDateTime v="2017-01-04T07:09:47.136Z"/><ValidityPeriod v="2016-12-15T05:00Z/2016-12-16T05:00Z"/><IssuerIdentification v="21X-DE-C-A0A0A-T" codingScheme="305"/><IssuerRole v="ZSO"/><RecipientIdentification v="10X1001A1001A353" codingScheme="305"/><RecipientRole v="ZUA"/><ConnectionPoint><Identification v="37Z000000001078I" codingScheme="305"/><Type v="Z26"/><Category><CapacityCode v="Z08"/><Period><TimeInterval v="2016-12-15T05:00Z/2016-12-15T06:00Z"/><Direction v="Z02"/><Quantity v="3775000"/><MeasureUnit v="KW1"/></Period><Period><TimeInterval v="2016-12-15T06:00Z/2016-12-15T07:00Z"/><Direction v="Z02"/><Quantity v="3775000"/><MeasureUnit v="KW1"/></Period><Period><TimeInterval v="2016-12-15T07:00Z/2016-12-15T08:00Z"/><Direction v="Z02"/><Quantity v="3775000"/><MeasureUnit v="KW1"/></Period><Period><TimeInterval v="2016-12-15T08:00Z/2016-12-15T09:00Z"/><Direction v="Z02"/><Quantity v="3775000"/><MeasureUnit v="KW1"/></Period><Period><TimeInterval v="2016-12-15T09:00Z/2016-12-15T10:00Z"/><Direction v="Z02"/><Quantity v="3775000"/><MeasureUnit v="KW1"/></Period><Period><TimeInterval v="2016-12-15T10:00Z/2016-12-15T11:00Z"/><Direction v="Z02"/><Quantity v="3775000"/><MeasureUnit v="KW1"/></Period><Period><TimeInterval v="2016-12-15T11:00Z/2016-12-15T12:00Z"/><Direction v="Z02"/><Quantity v="3775000"/><MeasureUnit v="KW1"/></Period><Period><TimeInterval v="2016-12-15T12:00Z/2016-12-15T13:00Z"/><Direction v="Z02"/><Quantity v="3775000"/><MeasureUnit v="KW1"/></Period><Period><TimeInterval v="2016-12-15T13:00Z/2016-12-15T14:00Z"/><Direction v="Z02"/><Quantity v="3775000"/><MeasureUnit v="KW1"/></Period><Period><TimeInterval v="2016-12-15T14:00Z/2016-12-15T15:00Z"/><Direction v="Z02"/><Quantity v="3775000"/><MeasureUnit v="KW1"/></Period><Period><TimeInterval v="2016-12-15T15:00Z/2016-12-15T16:00Z"/><Direction v="Z02"/><Quantity v="3775000"/><MeasureUnit v="KW1"/></Period><Period><TimeInterval v="2016-12-15T16:00Z/2016-12-15T17:00Z"/><Direction v="Z02"/><Quantity v="3775000"/><MeasureUnit v="KW1"/></Period><Period><TimeInterval v="2016-12-15T17:00Z/2016-12-15T18:00Z"/><Direction v="Z02"/><Quantity v="3775000"/><MeasureUnit v="KW1"/></Period><Period><TimeInterval v="2016-12-15T18:00Z/2016-12-15T19:00Z"/><Direction v="Z02"/><Quantity v="3775000"/><MeasureUnit v="KW1"/></Period><Period><TimeInterval v="2016-12-15T19:00Z/2016-12-15T20:00Z"/><Direction v="Z02"/><Quantity v="3775000"/><MeasureUnit v="KW1"/></Period><Period><TimeInterval v="2016-12-15T20:00Z/2016-12-15T21:00Z"/><Direction v="Z02"/><Quantity v="3775000"/><MeasureUnit v="KW1"/></Period><Period><TimeInterval v="2016-12-15T21:00Z/2016-12-15T22:00Z"/><Direction v="Z02"/><Quantity v="3775000"/><MeasureUnit v="KW1"/></Period><Period><TimeInterval v="2016-12-15T22:00Z/2016-12-15T23:00Z"/><Direction v="Z02"/><Quantity v="3775000"/><MeasureUnit v="KW1"/></Period><Period><TimeInterval v="2016-12-15T23:00Z/2016-12-16T00:00Z"/><Direction v="Z02"/><Quantity v="3775000"/><MeasureUnit v="KW1"/></Period><Period><TimeInterval v="2016-12-16T00:00Z/2016-12-16T01:00Z"/><Direction v="Z02"/><Quantity v="3775000"/><MeasureUnit v="KW1"/></Period><Period><TimeInterval v="2016-12-16T01:00Z/2016-12-16T02:00Z"/><Direction v="Z02"/><Quantity v="3775000"/><MeasureUnit v="KW1"/></Period><Period><TimeInterval v="2016-12-16T02:00Z/2016-12-16T03:00Z"/><Direction v="Z02"/><Quantity v="3775000"/><MeasureUnit v="KW1"/></Period><Period><TimeInterval v="2016-12-16T03:00Z/2016-12-16T04:00Z"/><Direction v="Z02"/><Quantity v="3775000"/><MeasureUnit v="KW1"/></Period><Period><TimeInterval v="2016-12-16T04:00Z/2016-12-16T05:00Z"/><Direction v="Z02"/><Quantity v="3775000"/><MeasureUnit v="KW1"/></Period></Category></ConnectionPoint><ConnectionPoint><Identification v="37Y000000000288Q" codingScheme="305"/><Type v="Z26"/><Category><CapacityCode v="Z08"/><Period><TimeInterval v="2016-12-15T05:00Z/2016-12-15T06:00Z"/><Direction v="Z02"/><Quantity v="1496985"/><MeasureUnit v="KW1"/></Period><Period><TimeInterval v="2016-12-15T06:00Z/2016-12-15T07:00Z"/><Direction v="Z02"/><Quantity v="1533408"/><MeasureUnit v="KW1"/></Period><Period><TimeInterval v="2016-12-15T07:00Z/2016-12-15T08:00Z"/><Direction v="Z02"/><Quantity v="1494887"/><MeasureUnit v="KW1"/></Period><Period><TimeInterval v="2016-12-15T08:00Z/2016-12-15T09:00Z"/><Direction v="Z02"/><Quantity v="1489607"/><MeasureUnit v="KW1"/></Period><Period><TimeInterval v="2016-12-15T09:00Z/2016-12-15T10:00Z"/><Direction v="Z02"/><Quantity v="1311801"/><MeasureUnit v="KW1"/></Period><Period><TimeInterval v="2016-12-15T10:00Z/2016-12-15T11:00Z"/><Direction v="Z02"/><Quantity v="1263649"/><MeasureUnit v="KW1"/></Period><Period><TimeInterval v="2016-12-15T11:00Z/2016-12-15T12:00Z"/><Direction v="Z02"/><Quantity v="1300412"/><MeasureUnit v="KW1"/></Period><Period><TimeInterval v="2016-12-15T12:00Z/2016-12-15T13:00Z"/><Direction v="Z02"/><Quantity v="1295742"/><MeasureUnit v="KW1"/></Period><Period><TimeInterval v="2016-12-15T13:00Z/2016-12-15T14:00Z"/><Direction v="Z02"/><Quantity v="1300604"/><MeasureUnit v="KW1"/></Period><Period><TimeInterval v="2016-12-15T14:00Z/2016-12-15T15:00Z"/><Direction v="Z02"/><Quantity v="1291488"/><MeasureUnit v="KW1"/></Period><Period><TimeInterval v="2016-12-15T15:00Z/2016-12-15T16:00Z"/><Direction v="Z02"/><Quantity v="1286088"/><MeasureUnit v="KW1"/></Period><Period><TimeInterval v="2016-12-15T16:00Z/2016-12-15T17:00Z"/><Direction v="Z02"/><Quantity v="1316523"/><MeasureUnit v="KW1"/></Period><Period><TimeInterval v="2016-12-15T17:00Z/2016-12-15T18:00Z"/><Direction v="Z02"/><Quantity v="1277386"/><MeasureUnit v="KW1"/></Period><Period><TimeInterval v="2016-12-15T18:00Z/2016-12-15T19:00Z"/><Direction v="Z02"/><Quantity v="1217434"/><MeasureUnit v="KW1"/></Period><Period><TimeInterval v="2016-12-15T19:00Z/2016-12-15T20:00Z"/><Direction v="Z02"/><Quantity v="1188289"/><MeasureUnit v="KW1"/></Period><Period><TimeInterval v="2016-12-15T20:00Z/2016-12-15T21:00Z"/><Direction v="Z02"/><Quantity v="1182957"/><MeasureUnit v="KW1"/></Period><Period><TimeInterval v="2016-12-15T21:00Z/2016-12-15T22:00Z"/><Direction v="Z02"/><Quantity v="994144"/><MeasureUnit v="KW1"/></Period><Period><TimeInterval v="2016-12-15T22:00Z/2016-12-15T23:00Z"/><Direction v="Z02"/><Quantity v="881224"/><MeasureUnit v="KW1"/></Period><Period><TimeInterval v="2016-12-15T23:00Z/2016-12-16T00:00Z"/><Direction v="Z02"/><Quantity v="884430"/><MeasureUnit v="KW1"/></Period><Period><TimeInterval v="2016-12-16T00:00Z/2016-12-16T01:00Z"/><Direction v="Z02"/><Quantity v="917808"/><MeasureUnit v="KW1"/></Period><Period><TimeInterval v="2016-12-16T01:00Z/2016-12-16T02:00Z"/><Direction v="Z02"/><Quantity v="963490"/><MeasureUnit v="KW1"/></Period><Period><TimeInterval v="2016-12-16T02:00Z/2016-12-16T03:00Z"/><Direction v="Z02"/><Quantity v="988717"/><MeasureUnit v="KW1"/></Period><Period><TimeInterval v="2016-12-16T03:00Z/2016-12-16T04:00Z"/><Direction v="Z02"/><Quantity v="1086777"/><MeasureUnit v="KW1"/></Period><Period><TimeInterval v="2016-12-16T04:00Z/2016-12-16T05:00Z"/><Direction v="Z02"/><Quantity v="1464441"/><MeasureUnit v="KW1"/></Period></Category></ConnectionPoint></TransparencyPublication>