<?xml version="1.0" encoding="UTF-8"?><TransparencyPublication Version="EGAS50" Release="A"><Identification v="TRANPB20170104A104294"/><Version v="1"/><Type v="AL6"/><CreationDateTime v="2017-01-04T07:09:48.583Z"/><ValidityPeriod v="2016-12-16T05:00Z/2016-12-17T05:00Z"/><IssuerIdentification v="21X-DE-C-A0A0A-T" codingScheme="305"/><IssuerRole v="ZSO"/><RecipientIdentification v="10X1001A1001A353" codingScheme="305"/><RecipientRole v="ZUA"/><ConnectionPoint><Identification v="37Z000000001078I" codingScheme="305"/><Type v="Z26"/><Category><CapacityCode v="Z08"/><Period><TimeInterval v="2016-12-16T05:00Z/2016-12-16T06:00Z"/><Direction v="Z02"/><Quantity v="3875000"/><MeasureUnit v="KW1"/></Period><Period><TimeInterval v="2016-12-16T06:00Z/2016-12-16T07:00Z"/><Direction v="Z02"/><Quantity v="3875000"/><MeasureUnit v="KW1"/></Period><Period><TimeInterval v="2016-12-16T07:00Z/2016-12-16T08:00Z"/><Direction v="Z02"/><Quantity v="3875000"/><MeasureUnit v="KW1"/></Period><Period><TimeInterval v="2016-12-16T08:00Z/2016-12-16T09:00Z"/><Direction v="Z02"/><Quantity v="3875000"/><MeasureUnit v="KW1"/></Period><Period><TimeInterval v="2016-12-16T09:00Z/2016-12-16T10:00Z"/><Direction v="Z02"/><Quantity v="3875000"/><MeasureUnit v="KW1"/></Period><Period><TimeInterval v="2016-12-16T10:00Z/2016-12-16T11:00Z"/><Direction v="Z02"/><Quantity v="3875000"/><MeasureUnit v="KW1"/></Period><Period><TimeInterval v="2016-12-16T11:00Z/2016-12-16T12:00Z"/><Direction v="Z02"/><Quantity v="3875000"/><MeasureUnit v="KW1"/></Period><Period><TimeInterval v="2016-12-16T12:00Z/2016-12-16T13:00Z"/><Direction v="Z02"/><Quantity v="3875000"/><MeasureUnit v="KW1"/></Period><Period><TimeInterval v="2016-12-16T13:00Z/2016-12-16T14:00Z"/><Direction v="Z02"/><Quantity v="3875000"/><MeasureUnit v="KW1"/></Period><Period><TimeInterval v="2016-12-16T14:00Z/2016-12-16T15:00Z"/><Direction v="Z02"/><Quantity v="3875000"/><MeasureUnit v="KW1"/></Period><Period><TimeInterval v="2016-12-16T15:00Z/2016-12-16T16:00Z"/><Direction v="Z02"/><Quantity v="3875000"/><MeasureUnit v="KW1"/></Period><Period><TimeInterval v="2016-12-16T16:00Z/2016-12-16T17:00Z"/><Direction v="Z02"/><Quantity v="3875000"/><MeasureUnit v="KW1"/></Period><Period><TimeInterval v="2016-12-16T17:00Z/2016-12-16T18:00Z"/><Direction v="Z02"/><Quantity v="3875000"/><MeasureUnit v="KW1"/></Period><Period><TimeInterval v="2016-12-16T18:00Z/2016-12-16T19:00Z"/><Direction v="Z02"/><Quantity v="3875000"/><MeasureUnit v="KW1"/></Period><Period><TimeInterval v="2016-12-16T19:00Z/2016-12-16T20:00Z"/><Direction v="Z02"/><Quantity v="3875000"/><MeasureUnit v="KW1"/></Period><Period><TimeInterval v="2016-12-16T20:00Z/2016-12-16T21:00Z"/><Direction v="Z02"/><Quantity v="3875000"/><MeasureUnit v="KW1"/></Period><Period><TimeInterval v="2016-12-16T21:00Z/2016-12-16T22:00Z"/><Direction v="Z02"/><Quantity v="3875000"/><MeasureUnit v="KW1"/></Period><Period><TimeInterval v="2016-12-16T22:00Z/2016-12-16T23:00Z"/><Direction v="Z02"/><Quantity v="3875000"/><MeasureUnit v="KW1"/></Period><Period><TimeInterval v="2016-12-16T23:00Z/2016-12-17T00:00Z"/><Direction v="Z02"/><Quantity v="3875000"/><MeasureUnit v="KW1"/></Period><Period><TimeInterval v="2016-12-17T00:00Z/2016-12-17T01:00Z"/><Direction v="Z02"/><Quantity v="3875000"/><MeasureUnit v="KW1"/></Period><Period><TimeInterval v="2016-12-17T01:00Z/2016-12-17T02:00Z"/><Direction v="Z02"/><Quantity v="3875000"/><MeasureUnit v="KW1"/></Period><Period><TimeInterval v="2016-12-17T02:00Z/2016-12-17T03:00Z"/><Direction v="Z02"/><Quantity v="3875000"/><MeasureUnit v="KW1"/></Period><Period><TimeInterval v="2016-12-17T03:00Z/2016-12-17T04:00Z"/><Direction v="Z02"/><Quantity v="3875000"/><MeasureUnit v="KW1"/></Period><Period><TimeInterval v="2016-12-17T04:00Z/2016-12-17T05:00Z"/><Direction v="Z02"/><Quantity v="3875000"/><MeasureUnit v="KW1"/></Period></Category></ConnectionPoint><ConnectionPoint><Identification v="37Y000000000288Q" codingScheme="305"/><Type v="Z26"/><Category><CapacityCode v="Z08"/><Period><TimeInterval v="2016-12-16T05:00Z/2016-12-16T06:00Z"/><Direction v="Z02"/><Quantity v="1699970"/><MeasureUnit v="KW1"/></Period><Period><TimeInterval v="2016-12-16T06:00Z/2016-12-16T07:00Z"/><Direction v="Z02"/><Quantity v="1738576"/><MeasureUnit v="KW1"/></Period><Period><TimeInterval v="2016-12-16T07:00Z/2016-12-16T08:00Z"/><Direction v="Z02"/><Quantity v="1757804"/><MeasureUnit v="KW1"/></Period><Period><TimeInterval v="2016-12-16T08:00Z/2016-12-16T09:00Z"/><Direction v="Z02"/><Quantity v="1686864"/><MeasureUnit v="KW1"/></Period><Period><TimeInterval v="2016-12-16T09:00Z/2016-12-16T10:00Z"/><Direction v="Z02"/><Quantity v="1590400"/><MeasureUnit v="KW1"/></Period><Period><TimeInterval v="2016-12-16T10:00Z/2016-12-16T11:00Z"/><Direction v="Z02"/><Quantity v="1511896"/><MeasureUnit v="KW1"/></Period><Period><TimeInterval v="2016-12-16T11:00Z/2016-12-16T12:00Z"/><Direction v="Z02"/><Quantity v="1493056"/><MeasureUnit v="KW1"/></Period><Period><TimeInterval v="2016-12-16T12:00Z/2016-12-16T13:00Z"/><Direction v="Z02"/><Quantity v="1434288"/><MeasureUnit v="KW1"/></Period><Period><TimeInterval v="2016-12-16T13:00Z/2016-12-16T14:00Z"/><Direction v="Z02"/><Quantity v="1386369"/><MeasureUnit v="KW1"/></Period><Period><TimeInterval v="2016-12-16T14:00Z/2016-12-16T15:00Z"/><Direction v="Z02"/><Quantity v="1359311"/><MeasureUnit v="KW1"/></Period><Period><TimeInterval v="2016-12-16T15:00Z/2016-12-16T16:00Z"/><Direction v="Z02"/><Quantity v="1393143"/><MeasureUnit v="KW1"/></Period><Period><TimeInterval v="2016-12-16T16:00Z/2016-12-16T17:00Z"/><Direction v="Z02"/><Quantity v="1453687"/><MeasureUnit v="KW1"/></Period><Period><TimeInterval v="2016-12-16T17:00Z/2016-12-16T18:00Z"/><Direction v="Z02"/><Quantity v="1425211"/><MeasureUnit v="KW1"/></Period><Period><TimeInterval v="2016-12-16T18:00Z/2016-12-16T19:00Z"/><Direction v="Z02"/><Quantity v="1508648"/><MeasureUnit v="KW1"/></Period><Period><TimeInterval v="2016-12-16T19:00Z/2016-12-16T20:00Z"/><Direction v="Z02"/><Quantity v="1683601"/><MeasureUnit v="KW1"/></Period><Period><TimeInterval v="2016-12-16T20:00Z/2016-12-16T21:00Z"/><Direction v="Z02"/><Quantity v="1584278"/><MeasureUnit v="KW1"/></Period><Period><TimeInterval v="2016-12-16T21:00Z/2016-12-16T22:00Z"/><Direction v="Z02"/><Quantity v="1259634"/><MeasureUnit v="KW1"/></Period><Period><TimeInterval v="2016-12-16T22:00Z/2016-12-16T23:00Z"/><Direction v="Z02"/><Quantity v="1197113"/><MeasureUnit v="KW1"/></Period><Period><TimeInterval v="2016-12-16T23:00Z/2016-12-17T00:00Z"/><Direction v="Z02"/><Quantity v="1155945"/><MeasureUnit v="KW1"/></Period><Period><TimeInterval v="2016-12-17T00:00Z/2016-12-17T01:00Z"/><Direction v="Z02"/><Quantity v="1165164"/><MeasureUnit v="KW1"/></Period><Period><TimeInterval v="2016-12-17T01:00Z/2016-12-17T02:00Z"/><Direction v="Z02"/><Quantity v="1198388"/><MeasureUnit v="KW1"/></Period><Period><TimeInterval v="2016-12-17T02:00Z/2016-12-17T03:00Z"/><Direction v="Z02"/><Quantity v="1216872"/><MeasureUnit v="KW1"/></Period><Period><TimeInterval v="2016-12-17T03:00Z/2016-12-17T04:00Z"/><Direction v="Z02"/><Quantity v="1249392"/><MeasureUnit v="KW1"/></Period><Period><TimeInterval v="2016-12-17T04:00Z/2016-12-17T05:00Z"/><Direction v="Z02"/><Quantity v="1438879"/><MeasureUnit v="KW1"/></Period></Category></ConnectionPoint></TransparencyPublication>