<?xml version="1.0" encoding="UTF-8"?><TransparencyPublication Version="EGAS50" Release="A"><Identification v="TRANPB20170104A104286"/><Version v="1"/><Type v="AL6"/><CreationDateTime v="2017-01-04T07:09:36.344Z"/><ValidityPeriod v="2016-12-08T05:00Z/2016-12-09T05:00Z"/><IssuerIdentification v="21X-DE-C-A0A0A-T" codingScheme="305"/><IssuerRole v="ZSO"/><RecipientIdentification v="10X1001A1001A353" codingScheme="305"/><RecipientRole v="ZUA"/><ConnectionPoint><Identification v="37Y000000000288Q" codingScheme="305"/><Type v="Z26"/><Category><CapacityCode v="Z08"/><Period><TimeInterval v="2016-12-08T05:00Z/2016-12-08T06:00Z"/><Direction v="Z02"/><Quantity v="1672171"/><MeasureUnit v="KW1"/></Period><Period><TimeInterval v="2016-12-08T06:00Z/2016-12-08T07:00Z"/><Direction v="Z02"/><Quantity v="1662363"/><MeasureUnit v="KW1"/></Period><Period><TimeInterval v="2016-12-08T07:00Z/2016-12-08T08:00Z"/><Direction v="Z02"/><Quantity v="1544166"/><MeasureUnit v="KW1"/></Period><Period><TimeInterval v="2016-12-08T08:00Z/2016-12-08T09:00Z"/><Direction v="Z02"/><Quantity v="1428310"/><MeasureUnit v="KW1"/></Period><Period><TimeInterval v="2016-12-08T09:00Z/2016-12-08T10:00Z"/><Direction v="Z02"/><Quantity v="1297255"/><MeasureUnit v="KW1"/></Period><Period><TimeInterval v="2016-12-08T10:00Z/2016-12-08T11:00Z"/><Direction v="Z02"/><Quantity v="1309330"/><MeasureUnit v="KW1"/></Period><Period><TimeInterval v="2016-12-08T11:00Z/2016-12-08T12:00Z"/><Direction v="Z02"/><Quantity v="1256689"/><MeasureUnit v="KW1"/></Period><Period><TimeInterval v="2016-12-08T12:00Z/2016-12-08T13:00Z"/><Direction v="Z02"/><Quantity v="1233266"/><MeasureUnit v="KW1"/></Period><Period><TimeInterval v="2016-12-08T13:00Z/2016-12-08T14:00Z"/><Direction v="Z02"/><Quantity v="1272036"/><MeasureUnit v="KW1"/></Period><Period><TimeInterval v="2016-12-08T14:00Z/2016-12-08T15:00Z"/><Direction v="Z02"/><Quantity v="1255964"/><MeasureUnit v="KW1"/></Period><Period><TimeInterval v="2016-12-08T15:00Z/2016-12-08T16:00Z"/><Direction v="Z02"/><Quantity v="1254975"/><MeasureUnit v="KW1"/></Period><Period><TimeInterval v="2016-12-08T16:00Z/2016-12-08T17:00Z"/><Direction v="Z02"/><Quantity v="1278797"/><MeasureUnit v="KW1"/></Period><Period><TimeInterval v="2016-12-08T17:00Z/2016-12-08T18:00Z"/><Direction v="Z02"/><Quantity v="1276203"/><MeasureUnit v="KW1"/></Period><Period><TimeInterval v="2016-12-08T18:00Z/2016-12-08T19:00Z"/><Direction v="Z02"/><Quantity v="1626508"/><MeasureUnit v="KW1"/></Period><Period><TimeInterval v="2016-12-08T19:00Z/2016-12-08T20:00Z"/><Direction v="Z02"/><Quantity v="1617968"/><MeasureUnit v="KW1"/></Period><Period><TimeInterval v="2016-12-08T20:00Z/2016-12-08T21:00Z"/><Direction v="Z02"/><Quantity v="1498645"/><MeasureUnit v="KW1"/></Period><Period><TimeInterval v="2016-12-08T21:00Z/2016-12-08T22:00Z"/><Direction v="Z02"/><Quantity v="1309694"/><MeasureUnit v="KW1"/></Period><Period><TimeInterval v="2016-12-08T22:00Z/2016-12-08T23:00Z"/><Direction v="Z02"/><Quantity v="1261263"/><MeasureUnit v="KW1"/></Period><Period><TimeInterval v="2016-12-08T23:00Z/2016-12-09T00:00Z"/><Direction v="Z02"/><Quantity v="1268503"/><MeasureUnit v="KW1"/></Period><Period><TimeInterval v="2016-12-09T00:00Z/2016-12-09T01:00Z"/><Direction v="Z02"/><Quantity v="1293934"/><MeasureUnit v="KW1"/></Period><Period><TimeInterval v="2016-12-09T01:00Z/2016-12-09T02:00Z"/><Direction v="Z02"/><Quantity v="1286624"/><MeasureUnit v="KW1"/></Period><Period><TimeInterval v="2016-12-09T02:00Z/2016-12-09T03:00Z"/><Direction v="Z02"/><Quantity v="1291596"/><MeasureUnit v="KW1"/></Period><Period><TimeInterval v="2016-12-09T03:00Z/2016-12-09T04:00Z"/><Direction v="Z02"/><Quantity v="1300806"/><MeasureUnit v="KW1"/></Period><Period><TimeInterval v="2016-12-09T04:00Z/2016-12-09T05:00Z"/><Direction v="Z02"/><Quantity v="1668057"/><MeasureUnit v="KW1"/></Period></Category></ConnectionPoint></TransparencyPublication>