<?xml version="1.0" encoding="UTF-8"?><TransparencyPublication Version="EGAS50" Release="A"><Identification v="TRANPB20170104A104287"/><Version v="1"/><Type v="AL6"/><CreationDateTime v="2017-01-04T07:09:37.971Z"/><ValidityPeriod v="2016-12-09T05:00Z/2016-12-10T05:00Z"/><IssuerIdentification v="21X-DE-C-A0A0A-T" codingScheme="305"/><IssuerRole v="ZSO"/><RecipientIdentification v="10X1001A1001A353" codingScheme="305"/><RecipientRole v="ZUA"/><ConnectionPoint><Identification v="37Z000000001078I" codingScheme="305"/><Type v="Z26"/><Category><CapacityCode v="Z08"/><Period><TimeInterval v="2016-12-09T05:00Z/2016-12-09T06:00Z"/><Direction v="Z02"/><Quantity v="2775000"/><MeasureUnit v="KW1"/></Period><Period><TimeInterval v="2016-12-09T06:00Z/2016-12-09T07:00Z"/><Direction v="Z02"/><Quantity v="2775000"/><MeasureUnit v="KW1"/></Period><Period><TimeInterval v="2016-12-09T07:00Z/2016-12-09T08:00Z"/><Direction v="Z02"/><Quantity v="2775000"/><MeasureUnit v="KW1"/></Period><Period><TimeInterval v="2016-12-09T08:00Z/2016-12-09T09:00Z"/><Direction v="Z02"/><Quantity v="2775000"/><MeasureUnit v="KW1"/></Period><Period><TimeInterval v="2016-12-09T09:00Z/2016-12-09T10:00Z"/><Direction v="Z02"/><Quantity v="2775000"/><MeasureUnit v="KW1"/></Period><Period><TimeInterval v="2016-12-09T10:00Z/2016-12-09T11:00Z"/><Direction v="Z02"/><Quantity v="2775000"/><MeasureUnit v="KW1"/></Period><Period><TimeInterval v="2016-12-09T11:00Z/2016-12-09T12:00Z"/><Direction v="Z02"/><Quantity v="2775000"/><MeasureUnit v="KW1"/></Period><Period><TimeInterval v="2016-12-09T12:00Z/2016-12-09T13:00Z"/><Direction v="Z02"/><Quantity v="2775000"/><MeasureUnit v="KW1"/></Period><Period><TimeInterval v="2016-12-09T13:00Z/2016-12-09T14:00Z"/><Direction v="Z02"/><Quantity v="2775000"/><MeasureUnit v="KW1"/></Period><Period><TimeInterval v="2016-12-09T14:00Z/2016-12-09T15:00Z"/><Direction v="Z02"/><Quantity v="2775000"/><MeasureUnit v="KW1"/></Period><Period><TimeInterval v="2016-12-09T15:00Z/2016-12-09T16:00Z"/><Direction v="Z02"/><Quantity v="2775000"/><MeasureUnit v="KW1"/></Period><Period><TimeInterval v="2016-12-09T16:00Z/2016-12-09T17:00Z"/><Direction v="Z02"/><Quantity v="2775000"/><MeasureUnit v="KW1"/></Period><Period><TimeInterval v="2016-12-09T17:00Z/2016-12-09T18:00Z"/><Direction v="Z02"/><Quantity v="2775000"/><MeasureUnit v="KW1"/></Period><Period><TimeInterval v="2016-12-09T18:00Z/2016-12-09T19:00Z"/><Direction v="Z02"/><Quantity v="2775000"/><MeasureUnit v="KW1"/></Period><Period><TimeInterval v="2016-12-09T19:00Z/2016-12-09T20:00Z"/><Direction v="Z02"/><Quantity v="2775000"/><MeasureUnit v="KW1"/></Period><Period><TimeInterval v="2016-12-09T20:00Z/2016-12-09T21:00Z"/><Direction v="Z02"/><Quantity v="2775000"/><MeasureUnit v="KW1"/></Period><Period><TimeInterval v="2016-12-09T21:00Z/2016-12-09T22:00Z"/><Direction v="Z02"/><Quantity v="2775000"/><MeasureUnit v="KW1"/></Period><Period><TimeInterval v="2016-12-09T22:00Z/2016-12-09T23:00Z"/><Direction v="Z02"/><Quantity v="2775000"/><MeasureUnit v="KW1"/></Period><Period><TimeInterval v="2016-12-09T23:00Z/2016-12-10T00:00Z"/><Direction v="Z02"/><Quantity v="2775000"/><MeasureUnit v="KW1"/></Period><Period><TimeInterval v="2016-12-10T00:00Z/2016-12-10T01:00Z"/><Direction v="Z02"/><Quantity v="2775000"/><MeasureUnit v="KW1"/></Period><Period><TimeInterval v="2016-12-10T01:00Z/2016-12-10T02:00Z"/><Direction v="Z02"/><Quantity v="2775000"/><MeasureUnit v="KW1"/></Period><Period><TimeInterval v="2016-12-10T02:00Z/2016-12-10T03:00Z"/><Direction v="Z02"/><Quantity v="2775000"/><MeasureUnit v="KW1"/></Period><Period><TimeInterval v="2016-12-10T03:00Z/2016-12-10T04:00Z"/><Direction v="Z02"/><Quantity v="2775000"/><MeasureUnit v="KW1"/></Period><Period><TimeInterval v="2016-12-10T04:00Z/2016-12-10T05:00Z"/><Direction v="Z02"/><Quantity v="2775000"/><MeasureUnit v="KW1"/></Period></Category></ConnectionPoint><ConnectionPoint><Identification v="37Y000000000288Q" codingScheme="305"/><Type v="Z26"/><Category><CapacityCode v="Z08"/><Period><TimeInterval v="2016-12-09T05:00Z/2016-12-09T06:00Z"/><Direction v="Z02"/><Quantity v="1460581"/><MeasureUnit v="KW1"/></Period><Period><TimeInterval v="2016-12-09T06:00Z/2016-12-09T07:00Z"/><Direction v="Z02"/><Quantity v="1355451"/><MeasureUnit v="KW1"/></Period><Period><TimeInterval v="2016-12-09T07:00Z/2016-12-09T08:00Z"/><Direction v="Z02"/><Quantity v="1321849"/><MeasureUnit v="KW1"/></Period><Period><TimeInterval v="2016-12-09T08:00Z/2016-12-09T09:00Z"/><Direction v="Z02"/><Quantity v="1277897"/><MeasureUnit v="KW1"/></Period><Period><TimeInterval v="2016-12-09T09:00Z/2016-12-09T10:00Z"/><Direction v="Z02"/><Quantity v="1197358"/><MeasureUnit v="KW1"/></Period><Period><TimeInterval v="2016-12-09T10:00Z/2016-12-09T11:00Z"/><Direction v="Z02"/><Quantity v="1176484"/><MeasureUnit v="KW1"/></Period><Period><TimeInterval v="2016-12-09T11:00Z/2016-12-09T12:00Z"/><Direction v="Z02"/><Quantity v="1164678"/><MeasureUnit v="KW1"/></Period><Period><TimeInterval v="2016-12-09T12:00Z/2016-12-09T13:00Z"/><Direction v="Z02"/><Quantity v="1041125"/><MeasureUnit v="KW1"/></Period><Period><TimeInterval v="2016-12-09T13:00Z/2016-12-09T14:00Z"/><Direction v="Z02"/><Quantity v="975862"/><MeasureUnit v="KW1"/></Period><Period><TimeInterval v="2016-12-09T14:00Z/2016-12-09T15:00Z"/><Direction v="Z02"/><Quantity v="1006852"/><MeasureUnit v="KW1"/></Period><Period><TimeInterval v="2016-12-09T15:00Z/2016-12-09T16:00Z"/><Direction v="Z02"/><Quantity v="999133"/><MeasureUnit v="KW1"/></Period><Period><TimeInterval v="2016-12-09T16:00Z/2016-12-09T17:00Z"/><Direction v="Z02"/><Quantity v="992745"/><MeasureUnit v="KW1"/></Period><Period><TimeInterval v="2016-12-09T17:00Z/2016-12-09T18:00Z"/><Direction v="Z02"/><Quantity v="958226"/><MeasureUnit v="KW1"/></Period><Period><TimeInterval v="2016-12-09T18:00Z/2016-12-09T19:00Z"/><Direction v="Z02"/><Quantity v="930691"/><MeasureUnit v="KW1"/></Period><Period><TimeInterval v="2016-12-09T19:00Z/2016-12-09T20:00Z"/><Direction v="Z02"/><Quantity v="930066"/><MeasureUnit v="KW1"/></Period><Period><TimeInterval v="2016-12-09T20:00Z/2016-12-09T21:00Z"/><Direction v="Z02"/><Quantity v="819883"/><MeasureUnit v="KW1"/></Period><Period><TimeInterval v="2016-12-09T21:00Z/2016-12-09T22:00Z"/><Direction v="Z02"/><Quantity v="784361"/><MeasureUnit v="KW1"/></Period><Period><TimeInterval v="2016-12-09T22:00Z/2016-12-09T23:00Z"/><Direction v="Z02"/><Quantity v="731297"/><MeasureUnit v="KW1"/></Period><Period><TimeInterval v="2016-12-09T23:00Z/2016-12-10T00:00Z"/><Direction v="Z02"/><Quantity v="705281"/><MeasureUnit v="KW1"/></Period><Period><TimeInterval v="2016-12-10T00:00Z/2016-12-10T01:00Z"/><Direction v="Z02"/><Quantity v="690495"/><MeasureUnit v="KW1"/></Period><Period><TimeInterval v="2016-12-10T01:00Z/2016-12-10T02:00Z"/><Direction v="Z02"/><Quantity v="679003"/><MeasureUnit v="KW1"/></Period><Period><TimeInterval v="2016-12-10T02:00Z/2016-12-10T03:00Z"/><Direction v="Z02"/><Quantity v="735391"/><MeasureUnit v="KW1"/></Period><Period><TimeInterval v="2016-12-10T03:00Z/2016-12-10T04:00Z"/><Direction v="Z02"/><Quantity v="770886"/><MeasureUnit v="KW1"/></Period><Period><TimeInterval v="2016-12-10T04:00Z/2016-12-10T05:00Z"/><Direction v="Z02"/><Quantity v="981787"/><MeasureUnit v="KW1"/></Period></Category></ConnectionPoint><ConnectionPoint><Identification v="21Z000000000343P" codingScheme="305"/><Type v="Z31"/><Category><CapacityCode v="Z08"/><Period><TimeInterval v="2016-12-09T05:00Z/2016-12-09T06:00Z"/><Direction v="Z03"/><Quantity v="29068125"/><MeasureUnit v="KW1"/></Period><Period><TimeInterval v="2016-12-09T06:00Z/2016-12-09T07:00Z"/><Direction v="Z03"/><Quantity v="32826207"/><MeasureUnit v="KW1"/></Period><Period><TimeInterval v="2016-12-09T07:00Z/2016-12-09T08:00Z"/><Direction v="Z03"/><Quantity v="33989331"/><MeasureUnit v="KW1"/></Period><Period><TimeInterval v="2016-12-09T08:00Z/2016-12-09T09:00Z"/><Direction v="Z03"/><Quantity v="33727380"/><MeasureUnit v="KW1"/></Period><Period><TimeInterval v="2016-12-09T09:00Z/2016-12-09T10:00Z"/><Direction v="Z03"/><Quantity v="34038204"/><MeasureUnit v="KW1"/></Period><Period><TimeInterval v="2016-12-09T10:00Z/2016-12-09T11:00Z"/><Direction v="Z03"/><Quantity v="33389166"/><MeasureUnit v="KW1"/></Period><Period><TimeInterval v="2016-12-09T11:00Z/2016-12-09T12:00Z"/><Direction v="Z03"/><Quantity v="33966797"/><MeasureUnit v="KW1"/></Period><Period><TimeInterval v="2016-12-09T12:00Z/2016-12-09T13:00Z"/><Direction v="Z03"/><Quantity v="33808775"/><MeasureUnit v="KW1"/></Period><Period><TimeInterval v="2016-12-09T13:00Z/2016-12-09T14:00Z"/><Direction v="Z03"/><Quantity v="36062221"/><MeasureUnit v="KW1"/></Period><Period><TimeInterval v="2016-12-09T14:00Z/2016-12-09T15:00Z"/><Direction v="Z03"/><Quantity v="34564765"/><MeasureUnit v="KW1"/></Period><Period><TimeInterval v="2016-12-09T15:00Z/2016-12-09T16:00Z"/><Direction v="Z03"/><Quantity v="34612246"/><MeasureUnit v="KW1"/></Period><Period><TimeInterval v="2016-12-09T16:00Z/2016-12-09T17:00Z"/><Direction v="Z03"/><Quantity v="35118037"/><MeasureUnit v="KW1"/></Period><Period><TimeInterval v="2016-12-09T17:00Z/2016-12-09T18:00Z"/><Direction v="Z03"/><Quantity v="36408505"/><MeasureUnit v="KW1"/></Period><Period><TimeInterval v="2016-12-09T18:00Z/2016-12-09T19:00Z"/><Direction v="Z03"/><Quantity v="35522841"/><MeasureUnit v="KW1"/></Period><Period><TimeInterval v="2016-12-09T19:00Z/2016-12-09T20:00Z"/><Direction v="Z03"/><Quantity v="35234578"/><MeasureUnit v="KW1"/></Period><Period><TimeInterval v="2016-12-09T20:00Z/2016-12-09T21:00Z"/><Direction v="Z03"/><Quantity v="34399347"/><MeasureUnit v="KW1"/></Period><Period><TimeInterval v="2016-12-09T21:00Z/2016-12-09T22:00Z"/><Direction v="Z03"/><Quantity v="39709021"/><MeasureUnit v="KW1"/></Period><Period><TimeInterval v="2016-12-09T22:00Z/2016-12-09T23:00Z"/><Direction v="Z03"/><Quantity v="41269208"/><MeasureUnit v="KW1"/></Period><Period><TimeInterval v="2016-12-09T23:00Z/2016-12-10T00:00Z"/><Direction v="Z03"/><Quantity v="38553983"/><MeasureUnit v="KW1"/></Period><Period><TimeInterval v="2016-12-10T00:00Z/2016-12-10T01:00Z"/><Direction v="Z03"/><Quantity v="35552414"/><MeasureUnit v="KW1"/></Period><Period><TimeInterval v="2016-12-10T01:00Z/2016-12-10T02:00Z"/><Direction v="Z03"/><Quantity v="31778472"/><MeasureUnit v="KW1"/></Period><Period><TimeInterval v="2016-12-10T02:00Z/2016-12-10T03:00Z"/><Direction v="Z03"/><Quantity v="31971290"/><MeasureUnit v="KW1"/></Period><Period><TimeInterval v="2016-12-10T03:00Z/2016-12-10T04:00Z"/><Direction v="Z03"/><Quantity v="29388006"/><MeasureUnit v="KW1"/></Period><Period><TimeInterval v="2016-12-10T04:00Z/2016-12-10T05:00Z"/><Direction v="Z03"/><Quantity v="26476340"/><MeasureUnit v="KW1"/></Period></Category></ConnectionPoint></TransparencyPublication>