<?xml version="1.0" encoding="UTF-8"?><TransparencyPublication Version="EGAS50" Release="A"><Identification v="TRANPB20170104A104240"/><Version v="1"/><Type v="AL4"/><CreationDateTime v="2017-01-04T07:07:26.385Z"/><ValidityPeriod v="2017-01-01T05:00Z/2017-01-02T05:00Z"/><IssuerIdentification v="21X-DE-C-A0A0A-T" codingScheme="305"/><IssuerRole v="ZSO"/><RecipientIdentification v="10X1001A1001A353" codingScheme="305"/><RecipientRole v="ZUA"/><ConnectionPoint><Identification v="21Z000000000038U" codingScheme="305"/><Type v="Z25"/><Category><CapacityCode v="Z12"/><Period><TimeInterval v="2017-01-01T05:00Z/2017-01-01T06:00Z"/><Direction v="Z03"/><Quantity v="0"/><MeasureUnit v="KW1"/></Period><Period><TimeInterval v="2017-01-01T06:00Z/2017-01-01T07:00Z"/><Direction v="Z03"/><Quantity v="0"/><MeasureUnit v="KW1"/></Period><Period><TimeInterval v="2017-01-01T07:00Z/2017-01-01T08:00Z"/><Direction v="Z03"/><Quantity v="0"/><MeasureUnit v="KW1"/></Period><Period><TimeInterval v="2017-01-01T08:00Z/2017-01-01T09:00Z"/><Direction v="Z03"/><Quantity v="0"/><MeasureUnit v="KW1"/></Period><Period><TimeInterval v="2017-01-01T09:00Z/2017-01-01T10:00Z"/><Direction v="Z03"/><Quantity v="0"/><MeasureUnit v="KW1"/></Period><Period><TimeInterval v="2017-01-01T10:00Z/2017-01-01T11:00Z"/><Direction v="Z03"/><Quantity v="0"/><MeasureUnit v="KW1"/></Period><Period><TimeInterval v="2017-01-01T11:00Z/2017-01-01T12:00Z"/><Direction v="Z03"/><Quantity v="0"/><MeasureUnit v="KW1"/></Period><Period><TimeInterval v="2017-01-01T12:00Z/2017-01-01T13:00Z"/><Direction v="Z03"/><Quantity v="0"/><MeasureUnit v="KW1"/></Period><Period><TimeInterval v="2017-01-01T13:00Z/2017-01-01T14:00Z"/><Direction v="Z03"/><Quantity v="0"/><MeasureUnit v="KW1"/></Period><Period><TimeInterval v="2017-01-01T14:00Z/2017-01-01T15:00Z"/><Direction v="Z03"/><Quantity v="0"/><MeasureUnit v="KW1"/></Period><Period><TimeInterval v="2017-01-01T15:00Z/2017-01-01T16:00Z"/><Direction v="Z03"/><Quantity v="0"/><MeasureUnit v="KW1"/></Period><Period><TimeInterval v="2017-01-01T16:00Z/2017-01-01T17:00Z"/><Direction v="Z03"/><Quantity v="0"/><MeasureUnit v="KW1"/></Period><Period><TimeInterval v="2017-01-01T17:00Z/2017-01-01T18:00Z"/><Direction v="Z03"/><Quantity v="0"/><MeasureUnit v="KW1"/></Period><Period><TimeInterval v="2017-01-01T18:00Z/2017-01-01T19:00Z"/><Direction v="Z03"/><Quantity v="0"/><MeasureUnit v="KW1"/></Period><Period><TimeInterval v="2017-01-01T19:00Z/2017-01-01T20:00Z"/><Direction v="Z03"/><Quantity v="0"/><MeasureUnit v="KW1"/></Period><Period><TimeInterval v="2017-01-01T20:00Z/2017-01-01T21:00Z"/><Direction v="Z03"/><Quantity v="0"/><MeasureUnit v="KW1"/></Period><Period><TimeInterval v="2017-01-01T21:00Z/2017-01-01T22:00Z"/><Direction v="Z03"/><Quantity v="0"/><MeasureUnit v="KW1"/></Period><Period><TimeInterval v="2017-01-01T22:00Z/2017-01-01T23:00Z"/><Direction v="Z03"/><Quantity v="0"/><MeasureUnit v="KW1"/></Period><Period><TimeInterval v="2017-01-01T23:00Z/2017-01-02T00:00Z"/><Direction v="Z03"/><Quantity v="0"/><MeasureUnit v="KW1"/></Period><Period><TimeInterval v="2017-01-02T00:00Z/2017-01-02T01:00Z"/><Direction v="Z03"/><Quantity v="0"/><MeasureUnit v="KW1"/></Period><Period><TimeInterval v="2017-01-02T01:00Z/2017-01-02T02:00Z"/><Direction v="Z03"/><Quantity v="0"/><MeasureUnit v="KW1"/></Period><Period><TimeInterval v="2017-01-02T02:00Z/2017-01-02T03:00Z"/><Direction v="Z03"/><Quantity v="0"/><MeasureUnit v="KW1"/></Period><Period><TimeInterval v="2017-01-02T03:00Z/2017-01-02T04:00Z"/><Direction v="Z03"/><Quantity v="0"/><MeasureUnit v="KW1"/></Period><Period><TimeInterval v="2017-01-02T04:00Z/2017-01-02T05:00Z"/><Direction v="Z03"/><Quantity v="0"/><MeasureUnit v="KW1"/></Period></Category><Category><CapacityCode v="Z14"/><Period><TimeInterval v="2017-01-01T05:00Z/2017-01-01T06:00Z"/><Direction v="Z03"/><Quantity v="0"/><MeasureUnit v="KW1"/></Period><Period><TimeInterval v="2017-01-01T06:00Z/2017-01-01T07:00Z"/><Direction v="Z03"/><Quantity v="0"/><MeasureUnit v="KW1"/></Period><Period><TimeInterval v="2017-01-01T07:00Z/2017-01-01T08:00Z"/><Direction v="Z03"/><Quantity v="0"/><MeasureUnit v="KW1"/></Period><Period><TimeInterval v="2017-01-01T08:00Z/2017-01-01T09:00Z"/><Direction v="Z03"/><Quantity v="0"/><MeasureUnit v="KW1"/></Period><Period><TimeInterval v="2017-01-01T09:00Z/2017-01-01T10:00Z"/><Direction v="Z03"/><Quantity v="0"/><MeasureUnit v="KW1"/></Period><Period><TimeInterval v="2017-01-01T10:00Z/2017-01-01T11:00Z"/><Direction v="Z03"/><Quantity v="0"/><MeasureUnit v="KW1"/></Period><Period><TimeInterval v="2017-01-01T11:00Z/2017-01-01T12:00Z"/><Direction v="Z03"/><Quantity v="0"/><MeasureUnit v="KW1"/></Period><Period><TimeInterval v="2017-01-01T12:00Z/2017-01-01T13:00Z"/><Direction v="Z03"/><Quantity v="0"/><MeasureUnit v="KW1"/></Period><Period><TimeInterval v="2017-01-01T13:00Z/2017-01-01T14:00Z"/><Direction v="Z03"/><Quantity v="0"/><MeasureUnit v="KW1"/></Period><Period><TimeInterval v="2017-01-01T14:00Z/2017-01-01T15:00Z"/><Direction v="Z03"/><Quantity v="0"/><MeasureUnit v="KW1"/></Period><Period><TimeInterval v="2017-01-01T15:00Z/2017-01-01T16:00Z"/><Direction v="Z03"/><Quantity v="0"/><MeasureUnit v="KW1"/></Period><Period><TimeInterval v="2017-01-01T16:00Z/2017-01-01T17:00Z"/><Direction v="Z03"/><Quantity v="0"/><MeasureUnit v="KW1"/></Period><Period><TimeInterval v="2017-01-01T17:00Z/2017-01-01T18:00Z"/><Direction v="Z03"/><Quantity v="0"/><MeasureUnit v="KW1"/></Period><Period><TimeInterval v="2017-01-01T18:00Z/2017-01-01T19:00Z"/><Direction v="Z03"/><Quantity v="0"/><MeasureUnit v="KW1"/></Period><Period><TimeInterval v="2017-01-01T19:00Z/2017-01-01T20:00Z"/><Direction v="Z03"/><Quantity v="0"/><MeasureUnit v="KW1"/></Period><Period><TimeInterval v="2017-01-01T20:00Z/2017-01-01T21:00Z"/><Direction v="Z03"/><Quantity v="0"/><MeasureUnit v="KW1"/></Period><Period><TimeInterval v="2017-01-01T21:00Z/2017-01-01T22:00Z"/><Direction v="Z03"/><Quantity v="0"/><MeasureUnit v="KW1"/></Period><Period><TimeInterval v="2017-01-01T22:00Z/2017-01-01T23:00Z"/><Direction v="Z03"/><Quantity v="0"/><MeasureUnit v="KW1"/></Period><Period><TimeInterval v="2017-01-01T23:00Z/2017-01-02T00:00Z"/><Direction v="Z03"/><Quantity v="0"/><MeasureUnit v="KW1"/></Period><Period><TimeInterval v="2017-01-02T00:00Z/2017-01-02T01:00Z"/><Direction v="Z03"/><Quantity v="0"/><MeasureUnit v="KW1"/></Period><Period><TimeInterval v="2017-01-02T01:00Z/2017-01-02T02:00Z"/><Direction v="Z03"/><Quantity v="0"/><MeasureUnit v="KW1"/></Period><Period><TimeInterval v="2017-01-02T02:00Z/2017-01-02T03:00Z"/><Direction v="Z03"/><Quantity v="0"/><MeasureUnit v="KW1"/></Period><Period><TimeInterval v="2017-01-02T03:00Z/2017-01-02T04:00Z"/><Direction v="Z03"/><Quantity v="0"/><MeasureUnit v="KW1"/></Period><Period><TimeInterval v="2017-01-02T04:00Z/2017-01-02T05:00Z"/><Direction v="Z03"/><Quantity v="0"/><MeasureUnit v="KW1"/></Period></Category><Category><CapacityCode v="Z15"/><Period><TimeInterval v="2017-01-01T05:00Z/2017-01-01T06:00Z"/><Direction v="Z03"/><Quantity v="0"/><MeasureUnit v="KW1"/></Period><Period><TimeInterval v="2017-01-01T06:00Z/2017-01-01T07:00Z"/><Direction v="Z03"/><Quantity v="0"/><MeasureUnit v="KW1"/></Period><Period><TimeInterval v="2017-01-01T07:00Z/2017-01-01T08:00Z"/><Direction v="Z03"/><Quantity v="0"/><MeasureUnit v="KW1"/></Period><Period><TimeInterval v="2017-01-01T08:00Z/2017-01-01T09:00Z"/><Direction v="Z03"/><Quantity v="0"/><MeasureUnit v="KW1"/></Period><Period><TimeInterval v="2017-01-01T09:00Z/2017-01-01T10:00Z"/><Direction v="Z03"/><Quantity v="0"/><MeasureUnit v="KW1"/></Period><Period><TimeInterval v="2017-01-01T10:00Z/2017-01-01T11:00Z"/><Direction v="Z03"/><Quantity v="0"/><MeasureUnit v="KW1"/></Period><Period><TimeInterval v="2017-01-01T11:00Z/2017-01-01T12:00Z"/><Direction v="Z03"/><Quantity v="0"/><MeasureUnit v="KW1"/></Period><Period><TimeInterval v="2017-01-01T12:00Z/2017-01-01T13:00Z"/><Direction v="Z03"/><Quantity v="0"/><MeasureUnit v="KW1"/></Period><Period><TimeInterval v="2017-01-01T13:00Z/2017-01-01T14:00Z"/><Direction v="Z03"/><Quantity v="0"/><MeasureUnit v="KW1"/></Period><Period><TimeInterval v="2017-01-01T14:00Z/2017-01-01T15:00Z"/><Direction v="Z03"/><Quantity v="0"/><MeasureUnit v="KW1"/></Period><Period><TimeInterval v="2017-01-01T15:00Z/2017-01-01T16:00Z"/><Direction v="Z03"/><Quantity v="0"/><MeasureUnit v="KW1"/></Period><Period><TimeInterval v="2017-01-01T16:00Z/2017-01-01T17:00Z"/><Direction v="Z03"/><Quantity v="0"/><MeasureUnit v="KW1"/></Period><Period><TimeInterval v="2017-01-01T17:00Z/2017-01-01T18:00Z"/><Direction v="Z03"/><Quantity v="0"/><MeasureUnit v="KW1"/></Period><Period><TimeInterval v="2017-01-01T18:00Z/2017-01-01T19:00Z"/><Direction v="Z03"/><Quantity v="0"/><MeasureUnit v="KW1"/></Period><Period><TimeInterval v="2017-01-01T19:00Z/2017-01-01T20:00Z"/><Direction v="Z03"/><Quantity v="0"/><MeasureUnit v="KW1"/></Period><Period><TimeInterval v="2017-01-01T20:00Z/2017-01-01T21:00Z"/><Direction v="Z03"/><Quantity v="0"/><MeasureUnit v="KW1"/></Period><Period><TimeInterval v="2017-01-01T21:00Z/2017-01-01T22:00Z"/><Direction v="Z03"/><Quantity v="0"/><MeasureUnit v="KW1"/></Period><Period><TimeInterval v="2017-01-01T22:00Z/2017-01-01T23:00Z"/><Direction v="Z03"/><Quantity v="0"/><MeasureUnit v="KW1"/></Period><Period><TimeInterval v="2017-01-01T23:00Z/2017-01-02T00:00Z"/><Direction v="Z03"/><Quantity v="0"/><MeasureUnit v="KW1"/></Period><Period><TimeInterval v="2017-01-02T00:00Z/2017-01-02T01:00Z"/><Direction v="Z03"/><Quantity v="0"/><MeasureUnit v="KW1"/></Period><Period><TimeInterval v="2017-01-02T01:00Z/2017-01-02T02:00Z"/><Direction v="Z03"/><Quantity v="0"/><MeasureUnit v="KW1"/></Period><Period><TimeInterval v="2017-01-02T02:00Z/2017-01-02T03:00Z"/><Direction v="Z03"/><Quantity v="0"/><MeasureUnit v="KW1"/></Period><Period><TimeInterval v="2017-01-02T03:00Z/2017-01-02T04:00Z"/><Direction v="Z03"/><Quantity v="0"/><MeasureUnit v="KW1"/></Period><Period><TimeInterval v="2017-01-02T04:00Z/2017-01-02T05:00Z"/><Direction v="Z03"/><Quantity v="0"/><MeasureUnit v="KW1"/></Period></Category></ConnectionPoint><ConnectionPoint><Identification v="21Z000000000071W" codingScheme="305"/><Type v="Z25"/><Category><CapacityCode v="Z12"/><Period><TimeInterval v="2017-01-01T05:00Z/2017-01-01T06:00Z"/><Direction v="Z02"/><Quantity v="1954876"/><MeasureUnit v="KW1"/></Period><Period><TimeInterval v="2017-01-01T06:00Z/2017-01-01T07:00Z"/><Direction v="Z02"/><Quantity v="1954876"/><MeasureUnit v="KW1"/></Period><Period><TimeInterval v="2017-01-01T07:00Z/2017-01-01T08:00Z"/><Direction v="Z02"/><Quantity v="1954876"/><MeasureUnit v="KW1"/></Period><Period><TimeInterval v="2017-01-01T08:00Z/2017-01-01T09:00Z"/><Direction v="Z02"/><Quantity v="1954876"/><MeasureUnit v="KW1"/></Period><Period><TimeInterval v="2017-01-01T09:00Z/2017-01-01T10:00Z"/><Direction v="Z02"/><Quantity v="1954876"/><MeasureUnit v="KW1"/></Period><Period><TimeInterval v="2017-01-01T10:00Z/2017-01-01T11:00Z"/><Direction v="Z02"/><Quantity v="1954876"/><MeasureUnit v="KW1"/></Period><Period><TimeInterval v="2017-01-01T11:00Z/2017-01-01T12:00Z"/><Direction v="Z02"/><Quantity v="1954876"/><MeasureUnit v="KW1"/></Period><Period><TimeInterval v="2017-01-01T12:00Z/2017-01-01T13:00Z"/><Direction v="Z02"/><Quantity v="1954876"/><MeasureUnit v="KW1"/></Period><Period><TimeInterval v="2017-01-01T13:00Z/2017-01-01T14:00Z"/><Direction v="Z02"/><Quantity v="1954876"/><MeasureUnit v="KW1"/></Period><Period><TimeInterval v="2017-01-01T14:00Z/2017-01-01T15:00Z"/><Direction v="Z02"/><Quantity v="1954876"/><MeasureUnit v="KW1"/></Period><Period><TimeInterval v="2017-01-01T15:00Z/2017-01-01T16:00Z"/><Direction v="Z02"/><Quantity v="1954876"/><MeasureUnit v="KW1"/></Period><Period><TimeInterval v="2017-01-01T16:00Z/2017-01-01T17:00Z"/><Direction v="Z02"/><Quantity v="1954876"/><MeasureUnit v="KW1"/></Period><Period><TimeInterval v="2017-01-01T17:00Z/2017-01-01T18:00Z"/><Direction v="Z02"/><Quantity v="1954876"/><MeasureUnit v="KW1"/></Period><Period><TimeInterval v="2017-01-01T18:00Z/2017-01-01T19:00Z"/><Direction v="Z02"/><Quantity v="1954876"/><MeasureUnit v="KW1"/></Period><Period><TimeInterval v="2017-01-01T19:00Z/2017-01-01T20:00Z"/><Direction v="Z02"/><Quantity v="1954876"/><MeasureUnit v="KW1"/></Period><Period><TimeInterval v="2017-01-01T20:00Z/2017-01-01T21:00Z"/><Direction v="Z02"/><Quantity v="1954876"/><MeasureUnit v="KW1"/></Period><Period><TimeInterval v="2017-01-01T21:00Z/2017-01-01T22:00Z"/><Direction v="Z02"/><Quantity v="1954876"/><MeasureUnit v="KW1"/></Period><Period><TimeInterval v="2017-01-01T22:00Z/2017-01-01T23:00Z"/><Direction v="Z02"/><Quantity v="1954876"/><MeasureUnit v="KW1"/></Period><Period><TimeInterval v="2017-01-01T23:00Z/2017-01-02T00:00Z"/><Direction v="Z02"/><Quantity v="1954876"/><MeasureUnit v="KW1"/></Period><Period><TimeInterval v="2017-01-02T00:00Z/2017-01-02T01:00Z"/><Direction v="Z02"/><Quantity v="1954876"/><MeasureUnit v="KW1"/></Period><Period><TimeInterval v="2017-01-02T01:00Z/2017-01-02T02:00Z"/><Direction v="Z02"/><Quantity v="1954876"/><MeasureUnit v="KW1"/></Period><Period><TimeInterval v="2017-01-02T02:00Z/2017-01-02T03:00Z"/><Direction v="Z02"/><Quantity v="1954876"/><MeasureUnit v="KW1"/></Period><Period><TimeInterval v="2017-01-02T03:00Z/2017-01-02T04:00Z"/><Direction v="Z02"/><Quantity v="1954876"/><MeasureUnit v="KW1"/></Period><Period><TimeInterval v="2017-01-02T04:00Z/2017-01-02T05:00Z"/><Direction v="Z02"/><Quantity v="1954876"/><MeasureUnit v="KW1"/></Period></Category><Category><CapacityCode v="Z14"/><Period><TimeInterval v="2017-01-01T05:00Z/2017-01-01T06:00Z"/><Direction v="Z02"/><Quantity v="1954143"/><MeasureUnit v="KW1"/></Period><Period><TimeInterval v="2017-01-01T06:00Z/2017-01-01T07:00Z"/><Direction v="Z02"/><Quantity v="1954143"/><MeasureUnit v="KW1"/></Period><Period><TimeInterval v="2017-01-01T07:00Z/2017-01-01T08:00Z"/><Direction v="Z02"/><Quantity v="1954143"/><MeasureUnit v="KW1"/></Period><Period><TimeInterval v="2017-01-01T08:00Z/2017-01-01T09:00Z"/><Direction v="Z02"/><Quantity v="1954143"/><MeasureUnit v="KW1"/></Period><Period><TimeInterval v="2017-01-01T09:00Z/2017-01-01T10:00Z"/><Direction v="Z02"/><Quantity v="1954143"/><MeasureUnit v="KW1"/></Period><Period><TimeInterval v="2017-01-01T10:00Z/2017-01-01T11:00Z"/><Direction v="Z02"/><Quantity v="1954143"/><MeasureUnit v="KW1"/></Period><Period><TimeInterval v="2017-01-01T11:00Z/2017-01-01T12:00Z"/><Direction v="Z02"/><Quantity v="1954143"/><MeasureUnit v="KW1"/></Period><Period><TimeInterval v="2017-01-01T12:00Z/2017-01-01T13:00Z"/><Direction v="Z02"/><Quantity v="1954143"/><MeasureUnit v="KW1"/></Period><Period><TimeInterval v="2017-01-01T13:00Z/2017-01-01T14:00Z"/><Direction v="Z02"/><Quantity v="1954143"/><MeasureUnit v="KW1"/></Period><Period><TimeInterval v="2017-01-01T14:00Z/2017-01-01T15:00Z"/><Direction v="Z02"/><Quantity v="1954143"/><MeasureUnit v="KW1"/></Period><Period><TimeInterval v="2017-01-01T15:00Z/2017-01-01T16:00Z"/><Direction v="Z02"/><Quantity v="1954143"/><MeasureUnit v="KW1"/></Period><Period><TimeInterval v="2017-01-01T16:00Z/2017-01-01T17:00Z"/><Direction v="Z02"/><Quantity v="1954143"/><MeasureUnit v="KW1"/></Period><Period><TimeInterval v="2017-01-01T17:00Z/2017-01-01T18:00Z"/><Direction v="Z02"/><Quantity v="1954143"/><MeasureUnit v="KW1"/></Period><Period><TimeInterval v="2017-01-01T18:00Z/2017-01-01T19:00Z"/><Direction v="Z02"/><Quantity v="1954143"/><MeasureUnit v="KW1"/></Period><Period><TimeInterval v="2017-01-01T19:00Z/2017-01-01T20:00Z"/><Direction v="Z02"/><Quantity v="1954143"/><MeasureUnit v="KW1"/></Period><Period><TimeInterval v="2017-01-01T20:00Z/2017-01-01T21:00Z"/><Direction v="Z02"/><Quantity v="1954143"/><MeasureUnit v="KW1"/></Period><Period><TimeInterval v="2017-01-01T21:00Z/2017-01-01T22:00Z"/><Direction v="Z02"/><Quantity v="1954143"/><MeasureUnit v="KW1"/></Period><Period><TimeInterval v="2017-01-01T22:00Z/2017-01-01T23:00Z"/><Direction v="Z02"/><Quantity v="1954143"/><MeasureUnit v="KW1"/></Period><Period><TimeInterval v="2017-01-01T23:00Z/2017-01-02T00:00Z"/><Direction v="Z02"/><Quantity v="1954143"/><MeasureUnit v="KW1"/></Period><Period><TimeInterval v="2017-01-02T00:00Z/2017-01-02T01:00Z"/><Direction v="Z02"/><Quantity v="1954143"/><MeasureUnit v="KW1"/></Period><Period><TimeInterval v="2017-01-02T01:00Z/2017-01-02T02:00Z"/><Direction v="Z02"/><Quantity v="1954143"/><MeasureUnit v="KW1"/></Period><Period><TimeInterval v="2017-01-02T02:00Z/2017-01-02T03:00Z"/><Direction v="Z02"/><Quantity v="1954143"/><MeasureUnit v="KW1"/></Period><Period><TimeInterval v="2017-01-02T03:00Z/2017-01-02T04:00Z"/><Direction v="Z02"/><Quantity v="1954143"/><MeasureUnit v="KW1"/></Period><Period><TimeInterval v="2017-01-02T04:00Z/2017-01-02T05:00Z"/><Direction v="Z02"/><Quantity v="1954143"/><MeasureUnit v="KW1"/></Period></Category><Category><CapacityCode v="Z15"/><Period><TimeInterval v="2017-01-01T05:00Z/2017-01-01T06:00Z"/><Direction v="Z02"/><Quantity v="0"/><MeasureUnit v="KW1"/></Period><Period><TimeInterval v="2017-01-01T06:00Z/2017-01-01T07:00Z"/><Direction v="Z02"/><Quantity v="0"/><MeasureUnit v="KW1"/></Period><Period><TimeInterval v="2017-01-01T07:00Z/2017-01-01T08:00Z"/><Direction v="Z02"/><Quantity v="0"/><MeasureUnit v="KW1"/></Period><Period><TimeInterval v="2017-01-01T08:00Z/2017-01-01T09:00Z"/><Direction v="Z02"/><Quantity v="0"/><MeasureUnit v="KW1"/></Period><Period><TimeInterval v="2017-01-01T09:00Z/2017-01-01T10:00Z"/><Direction v="Z02"/><Quantity v="0"/><MeasureUnit v="KW1"/></Period><Period><TimeInterval v="2017-01-01T10:00Z/2017-01-01T11:00Z"/><Direction v="Z02"/><Quantity v="0"/><MeasureUnit v="KW1"/></Period><Period><TimeInterval v="2017-01-01T11:00Z/2017-01-01T12:00Z"/><Direction v="Z02"/><Quantity v="0"/><MeasureUnit v="KW1"/></Period><Period><TimeInterval v="2017-01-01T12:00Z/2017-01-01T13:00Z"/><Direction v="Z02"/><Quantity v="0"/><MeasureUnit v="KW1"/></Period><Period><TimeInterval v="2017-01-01T13:00Z/2017-01-01T14:00Z"/><Direction v="Z02"/><Quantity v="0"/><MeasureUnit v="KW1"/></Period><Period><TimeInterval v="2017-01-01T14:00Z/2017-01-01T15:00Z"/><Direction v="Z02"/><Quantity v="0"/><MeasureUnit v="KW1"/></Period><Period><TimeInterval v="2017-01-01T15:00Z/2017-01-01T16:00Z"/><Direction v="Z02"/><Quantity v="0"/><MeasureUnit v="KW1"/></Period><Period><TimeInterval v="2017-01-01T16:00Z/2017-01-01T17:00Z"/><Direction v="Z02"/><Quantity v="0"/><MeasureUnit v="KW1"/></Period><Period><TimeInterval v="2017-01-01T17:00Z/2017-01-01T18:00Z"/><Direction v="Z02"/><Quantity v="0"/><MeasureUnit v="KW1"/></Period><Period><TimeInterval v="2017-01-01T18:00Z/2017-01-01T19:00Z"/><Direction v="Z02"/><Quantity v="0"/><MeasureUnit v="KW1"/></Period><Period><TimeInterval v="2017-01-01T19:00Z/2017-01-01T20:00Z"/><Direction v="Z02"/><Quantity v="0"/><MeasureUnit v="KW1"/></Period><Period><TimeInterval v="2017-01-01T20:00Z/2017-01-01T21:00Z"/><Direction v="Z02"/><Quantity v="0"/><MeasureUnit v="KW1"/></Period><Period><TimeInterval v="2017-01-01T21:00Z/2017-01-01T22:00Z"/><Direction v="Z02"/><Quantity v="0"/><MeasureUnit v="KW1"/></Period><Period><TimeInterval v="2017-01-01T22:00Z/2017-01-01T23:00Z"/><Direction v="Z02"/><Quantity v="0"/><MeasureUnit v="KW1"/></Period><Period><TimeInterval v="2017-01-01T23:00Z/2017-01-02T00:00Z"/><Direction v="Z02"/><Quantity v="0"/><MeasureUnit v="KW1"/></Period><Period><TimeInterval v="2017-01-02T00:00Z/2017-01-02T01:00Z"/><Direction v="Z02"/><Quantity v="0"/><MeasureUnit v="KW1"/></Period><Period><TimeInterval v="2017-01-02T01:00Z/2017-01-02T02:00Z"/><Direction v="Z02"/><Quantity v="0"/><MeasureUnit v="KW1"/></Period><Period><TimeInterval v="2017-01-02T02:00Z/2017-01-02T03:00Z"/><Direction v="Z02"/><Quantity v="0"/><MeasureUnit v="KW1"/></Period><Period><TimeInterval v="2017-01-02T03:00Z/2017-01-02T04:00Z"/><Direction v="Z02"/><Quantity v="0"/><MeasureUnit v="KW1"/></Period><Period><TimeInterval v="2017-01-02T04:00Z/2017-01-02T05:00Z"/><Direction v="Z02"/><Quantity v="0"/><MeasureUnit v="KW1"/></Period></Category></ConnectionPoint><ConnectionPoint><Identification v="21Z0000000000503" codingScheme="305"/><Type v="Z25"/><Category><CapacityCode v="Z12"/><Period><TimeInterval v="2017-01-01T05:00Z/2017-01-01T06:00Z"/><Direction v="Z02"/><Quantity v="4289817"/><MeasureUnit v="KW1"/></Period><Period><TimeInterval v="2017-01-01T06:00Z/2017-01-01T07:00Z"/><Direction v="Z02"/><Quantity v="4289817"/><MeasureUnit v="KW1"/></Period><Period><TimeInterval v="2017-01-01T07:00Z/2017-01-01T08:00Z"/><Direction v="Z02"/><Quantity v="4289817"/><MeasureUnit v="KW1"/></Period><Period><TimeInterval v="2017-01-01T08:00Z/2017-01-01T09:00Z"/><Direction v="Z02"/><Quantity v="4289817"/><MeasureUnit v="KW1"/></Period><Period><TimeInterval v="2017-01-01T09:00Z/2017-01-01T10:00Z"/><Direction v="Z02"/><Quantity v="4289817"/><MeasureUnit v="KW1"/></Period><Period><TimeInterval v="2017-01-01T10:00Z/2017-01-01T11:00Z"/><Direction v="Z02"/><Quantity v="4289817"/><MeasureUnit v="KW1"/></Period><Period><TimeInterval v="2017-01-01T11:00Z/2017-01-01T12:00Z"/><Direction v="Z02"/><Quantity v="4289817"/><MeasureUnit v="KW1"/></Period><Period><TimeInterval v="2017-01-01T12:00Z/2017-01-01T13:00Z"/><Direction v="Z02"/><Quantity v="4390715"/><MeasureUnit v="KW1"/></Period><Period><TimeInterval v="2017-01-01T13:00Z/2017-01-01T14:00Z"/><Direction v="Z02"/><Quantity v="4390715"/><MeasureUnit v="KW1"/></Period><Period><TimeInterval v="2017-01-01T14:00Z/2017-01-01T15:00Z"/><Direction v="Z02"/><Quantity v="4390715"/><MeasureUnit v="KW1"/></Period><Period><TimeInterval v="2017-01-01T15:00Z/2017-01-01T16:00Z"/><Direction v="Z02"/><Quantity v="4390715"/><MeasureUnit v="KW1"/></Period><Period><TimeInterval v="2017-01-01T16:00Z/2017-01-01T17:00Z"/><Direction v="Z02"/><Quantity v="4390715"/><MeasureUnit v="KW1"/></Period><Period><TimeInterval v="2017-01-01T17:00Z/2017-01-01T18:00Z"/><Direction v="Z02"/><Quantity v="4433715"/><MeasureUnit v="KW1"/></Period><Period><TimeInterval v="2017-01-01T18:00Z/2017-01-01T19:00Z"/><Direction v="Z02"/><Quantity v="4445715"/><MeasureUnit v="KW1"/></Period><Period><TimeInterval v="2017-01-01T19:00Z/2017-01-01T20:00Z"/><Direction v="Z02"/><Quantity v="4925715"/><MeasureUnit v="KW1"/></Period><Period><TimeInterval v="2017-01-01T20:00Z/2017-01-01T21:00Z"/><Direction v="Z02"/><Quantity v="4925715"/><MeasureUnit v="KW1"/></Period><Period><TimeInterval v="2017-01-01T21:00Z/2017-01-01T22:00Z"/><Direction v="Z02"/><Quantity v="4925715"/><MeasureUnit v="KW1"/></Period><Period><TimeInterval v="2017-01-01T22:00Z/2017-01-01T23:00Z"/><Direction v="Z02"/><Quantity v="4925715"/><MeasureUnit v="KW1"/></Period><Period><TimeInterval v="2017-01-01T23:00Z/2017-01-02T00:00Z"/><Direction v="Z02"/><Quantity v="4925715"/><MeasureUnit v="KW1"/></Period><Period><TimeInterval v="2017-01-02T00:00Z/2017-01-02T01:00Z"/><Direction v="Z02"/><Quantity v="4925715"/><MeasureUnit v="KW1"/></Period><Period><TimeInterval v="2017-01-02T01:00Z/2017-01-02T02:00Z"/><Direction v="Z02"/><Quantity v="4925715"/><MeasureUnit v="KW1"/></Period><Period><TimeInterval v="2017-01-02T02:00Z/2017-01-02T03:00Z"/><Direction v="Z02"/><Quantity v="4925715"/><MeasureUnit v="KW1"/></Period><Period><TimeInterval v="2017-01-02T03:00Z/2017-01-02T04:00Z"/><Direction v="Z02"/><Quantity v="4925715"/><MeasureUnit v="KW1"/></Period><Period><TimeInterval v="2017-01-02T04:00Z/2017-01-02T05:00Z"/><Direction v="Z02"/><Quantity v="4925718"/><MeasureUnit v="KW1"/></Period></Category><Category><CapacityCode v="Z14"/><Period><TimeInterval v="2017-01-01T05:00Z/2017-01-01T06:00Z"/><Direction v="Z02"/><Quantity v="4286340"/><MeasureUnit v="KW1"/></Period><Period><TimeInterval v="2017-01-01T06:00Z/2017-01-01T07:00Z"/><Direction v="Z02"/><Quantity v="4286340"/><MeasureUnit v="KW1"/></Period><Period><TimeInterval v="2017-01-01T07:00Z/2017-01-01T08:00Z"/><Direction v="Z02"/><Quantity v="4286340"/><MeasureUnit v="KW1"/></Period><Period><TimeInterval v="2017-01-01T08:00Z/2017-01-01T09:00Z"/><Direction v="Z02"/><Quantity v="4286340"/><MeasureUnit v="KW1"/></Period><Period><TimeInterval v="2017-01-01T09:00Z/2017-01-01T10:00Z"/><Direction v="Z02"/><Quantity v="4286340"/><MeasureUnit v="KW1"/></Period><Period><TimeInterval v="2017-01-01T10:00Z/2017-01-01T11:00Z"/><Direction v="Z02"/><Quantity v="4286340"/><MeasureUnit v="KW1"/></Period><Period><TimeInterval v="2017-01-01T11:00Z/2017-01-01T12:00Z"/><Direction v="Z02"/><Quantity v="4286340"/><MeasureUnit v="KW1"/></Period><Period><TimeInterval v="2017-01-01T12:00Z/2017-01-01T13:00Z"/><Direction v="Z02"/><Quantity v="4286340"/><MeasureUnit v="KW1"/></Period><Period><TimeInterval v="2017-01-01T13:00Z/2017-01-01T14:00Z"/><Direction v="Z02"/><Quantity v="4286340"/><MeasureUnit v="KW1"/></Period><Period><TimeInterval v="2017-01-01T14:00Z/2017-01-01T15:00Z"/><Direction v="Z02"/><Quantity v="4286340"/><MeasureUnit v="KW1"/></Period><Period><TimeInterval v="2017-01-01T15:00Z/2017-01-01T16:00Z"/><Direction v="Z02"/><Quantity v="4286340"/><MeasureUnit v="KW1"/></Period><Period><TimeInterval v="2017-01-01T16:00Z/2017-01-01T17:00Z"/><Direction v="Z02"/><Quantity v="4286340"/><MeasureUnit v="KW1"/></Period><Period><TimeInterval v="2017-01-01T17:00Z/2017-01-01T18:00Z"/><Direction v="Z02"/><Quantity v="4286340"/><MeasureUnit v="KW1"/></Period><Period><TimeInterval v="2017-01-01T18:00Z/2017-01-01T19:00Z"/><Direction v="Z02"/><Quantity v="4286340"/><MeasureUnit v="KW1"/></Period><Period><TimeInterval v="2017-01-01T19:00Z/2017-01-01T20:00Z"/><Direction v="Z02"/><Quantity v="4286340"/><MeasureUnit v="KW1"/></Period><Period><TimeInterval v="2017-01-01T20:00Z/2017-01-01T21:00Z"/><Direction v="Z02"/><Quantity v="4286340"/><MeasureUnit v="KW1"/></Period><Period><TimeInterval v="2017-01-01T21:00Z/2017-01-01T22:00Z"/><Direction v="Z02"/><Quantity v="4286340"/><MeasureUnit v="KW1"/></Period><Period><TimeInterval v="2017-01-01T22:00Z/2017-01-01T23:00Z"/><Direction v="Z02"/><Quantity v="4286340"/><MeasureUnit v="KW1"/></Period><Period><TimeInterval v="2017-01-01T23:00Z/2017-01-02T00:00Z"/><Direction v="Z02"/><Quantity v="4286340"/><MeasureUnit v="KW1"/></Period><Period><TimeInterval v="2017-01-02T00:00Z/2017-01-02T01:00Z"/><Direction v="Z02"/><Quantity v="4286340"/><MeasureUnit v="KW1"/></Period><Period><TimeInterval v="2017-01-02T01:00Z/2017-01-02T02:00Z"/><Direction v="Z02"/><Quantity v="4286340"/><MeasureUnit v="KW1"/></Period><Period><TimeInterval v="2017-01-02T02:00Z/2017-01-02T03:00Z"/><Direction v="Z02"/><Quantity v="4286340"/><MeasureUnit v="KW1"/></Period><Period><TimeInterval v="2017-01-02T03:00Z/2017-01-02T04:00Z"/><Direction v="Z02"/><Quantity v="4286340"/><MeasureUnit v="KW1"/></Period><Period><TimeInterval v="2017-01-02T04:00Z/2017-01-02T05:00Z"/><Direction v="Z02"/><Quantity v="4286343"/><MeasureUnit v="KW1"/></Period></Category><Category><CapacityCode v="Z15"/><Period><TimeInterval v="2017-01-01T05:00Z/2017-01-01T06:00Z"/><Direction v="Z02"/><Quantity v="0"/><MeasureUnit v="KW1"/></Period><Period><TimeInterval v="2017-01-01T06:00Z/2017-01-01T07:00Z"/><Direction v="Z02"/><Quantity v="0"/><MeasureUnit v="KW1"/></Period><Period><TimeInterval v="2017-01-01T07:00Z/2017-01-01T08:00Z"/><Direction v="Z02"/><Quantity v="0"/><MeasureUnit v="KW1"/></Period><Period><TimeInterval v="2017-01-01T08:00Z/2017-01-01T09:00Z"/><Direction v="Z02"/><Quantity v="0"/><MeasureUnit v="KW1"/></Period><Period><TimeInterval v="2017-01-01T09:00Z/2017-01-01T10:00Z"/><Direction v="Z02"/><Quantity v="0"/><MeasureUnit v="KW1"/></Period><Period><TimeInterval v="2017-01-01T10:00Z/2017-01-01T11:00Z"/><Direction v="Z02"/><Quantity v="0"/><MeasureUnit v="KW1"/></Period><Period><TimeInterval v="2017-01-01T11:00Z/2017-01-01T12:00Z"/><Direction v="Z02"/><Quantity v="0"/><MeasureUnit v="KW1"/></Period><Period><TimeInterval v="2017-01-01T12:00Z/2017-01-01T13:00Z"/><Direction v="Z02"/><Quantity v="0"/><MeasureUnit v="KW1"/></Period><Period><TimeInterval v="2017-01-01T13:00Z/2017-01-01T14:00Z"/><Direction v="Z02"/><Quantity v="0"/><MeasureUnit v="KW1"/></Period><Period><TimeInterval v="2017-01-01T14:00Z/2017-01-01T15:00Z"/><Direction v="Z02"/><Quantity v="0"/><MeasureUnit v="KW1"/></Period><Period><TimeInterval v="2017-01-01T15:00Z/2017-01-01T16:00Z"/><Direction v="Z02"/><Quantity v="0"/><MeasureUnit v="KW1"/></Period><Period><TimeInterval v="2017-01-01T16:00Z/2017-01-01T17:00Z"/><Direction v="Z02"/><Quantity v="0"/><MeasureUnit v="KW1"/></Period><Period><TimeInterval v="2017-01-01T17:00Z/2017-01-01T18:00Z"/><Direction v="Z02"/><Quantity v="0"/><MeasureUnit v="KW1"/></Period><Period><TimeInterval v="2017-01-01T18:00Z/2017-01-01T19:00Z"/><Direction v="Z02"/><Quantity v="0"/><MeasureUnit v="KW1"/></Period><Period><TimeInterval v="2017-01-01T19:00Z/2017-01-01T20:00Z"/><Direction v="Z02"/><Quantity v="0"/><MeasureUnit v="KW1"/></Period><Period><TimeInterval v="2017-01-01T20:00Z/2017-01-01T21:00Z"/><Direction v="Z02"/><Quantity v="0"/><MeasureUnit v="KW1"/></Period><Period><TimeInterval v="2017-01-01T21:00Z/2017-01-01T22:00Z"/><Direction v="Z02"/><Quantity v="0"/><MeasureUnit v="KW1"/></Period><Period><TimeInterval v="2017-01-01T22:00Z/2017-01-01T23:00Z"/><Direction v="Z02"/><Quantity v="0"/><MeasureUnit v="KW1"/></Period><Period><TimeInterval v="2017-01-01T23:00Z/2017-01-02T00:00Z"/><Direction v="Z02"/><Quantity v="0"/><MeasureUnit v="KW1"/></Period><Period><TimeInterval v="2017-01-02T00:00Z/2017-01-02T01:00Z"/><Direction v="Z02"/><Quantity v="0"/><MeasureUnit v="KW1"/></Period><Period><TimeInterval v="2017-01-02T01:00Z/2017-01-02T02:00Z"/><Direction v="Z02"/><Quantity v="0"/><MeasureUnit v="KW1"/></Period><Period><TimeInterval v="2017-01-02T02:00Z/2017-01-02T03:00Z"/><Direction v="Z02"/><Quantity v="0"/><MeasureUnit v="KW1"/></Period><Period><TimeInterval v="2017-01-02T03:00Z/2017-01-02T04:00Z"/><Direction v="Z02"/><Quantity v="0"/><MeasureUnit v="KW1"/></Period><Period><TimeInterval v="2017-01-02T04:00Z/2017-01-02T05:00Z"/><Direction v="Z02"/><Quantity v="0"/><MeasureUnit v="KW1"/></Period></Category></ConnectionPoint></TransparencyPublication>