<?xml version="1.0" encoding="UTF-8"?><TransparencyPublication Version="EGAS50" Release="A"><Identification v="TRANPB20170104A104252"/><Version v="1"/><Type v="AL5"/><CreationDateTime v="2017-01-04T07:08:05.042Z"/><ValidityPeriod v="2016-12-09T05:00Z/2016-12-10T05:00Z"/><IssuerIdentification v="21X-DE-C-A0A0A-T" codingScheme="305"/><IssuerRole v="ZSO"/><RecipientIdentification v="10X1001A1001A353" codingScheme="305"/><RecipientRole v="ZUA"/><ConnectionPoint><Identification v="21Z000000000237O" codingScheme="305"/><Type v="Z26"/><Category><CapacityCode v="Z06"/><Period><TimeInterval v="2016-12-09T05:00Z/2016-12-09T06:00Z"/><Direction v="Z02"/><Quantity v="252169"/><MeasureUnit v="KW1"/></Period><Period><TimeInterval v="2016-12-09T06:00Z/2016-12-09T07:00Z"/><Direction v="Z02"/><Quantity v="252169"/><MeasureUnit v="KW1"/></Period><Period><TimeInterval v="2016-12-09T07:00Z/2016-12-09T08:00Z"/><Direction v="Z02"/><Quantity v="252169"/><MeasureUnit v="KW1"/></Period><Period><TimeInterval v="2016-12-09T08:00Z/2016-12-09T09:00Z"/><Direction v="Z02"/><Quantity v="252169"/><MeasureUnit v="KW1"/></Period><Period><TimeInterval v="2016-12-09T09:00Z/2016-12-09T10:00Z"/><Direction v="Z02"/><Quantity v="252169"/><MeasureUnit v="KW1"/></Period><Period><TimeInterval v="2016-12-09T10:00Z/2016-12-09T11:00Z"/><Direction v="Z02"/><Quantity v="252169"/><MeasureUnit v="KW1"/></Period><Period><TimeInterval v="2016-12-09T11:00Z/2016-12-09T12:00Z"/><Direction v="Z02"/><Quantity v="252169"/><MeasureUnit v="KW1"/></Period><Period><TimeInterval v="2016-12-09T12:00Z/2016-12-09T13:00Z"/><Direction v="Z02"/><Quantity v="252169"/><MeasureUnit v="KW1"/></Period><Period><TimeInterval v="2016-12-09T13:00Z/2016-12-09T14:00Z"/><Direction v="Z02"/><Quantity v="252169"/><MeasureUnit v="KW1"/></Period><Period><TimeInterval v="2016-12-09T14:00Z/2016-12-09T15:00Z"/><Direction v="Z02"/><Quantity v="252169"/><MeasureUnit v="KW1"/></Period><Period><TimeInterval v="2016-12-09T15:00Z/2016-12-09T16:00Z"/><Direction v="Z02"/><Quantity v="252169"/><MeasureUnit v="KW1"/></Period><Period><TimeInterval v="2016-12-09T16:00Z/2016-12-09T17:00Z"/><Direction v="Z02"/><Quantity v="252169"/><MeasureUnit v="KW1"/></Period><Period><TimeInterval v="2016-12-09T17:00Z/2016-12-09T18:00Z"/><Direction v="Z02"/><Quantity v="252169"/><MeasureUnit v="KW1"/></Period><Period><TimeInterval v="2016-12-09T18:00Z/2016-12-09T19:00Z"/><Direction v="Z02"/><Quantity v="252169"/><MeasureUnit v="KW1"/></Period><Period><TimeInterval v="2016-12-09T19:00Z/2016-12-09T20:00Z"/><Direction v="Z02"/><Quantity v="252169"/><MeasureUnit v="KW1"/></Period><Period><TimeInterval v="2016-12-09T20:00Z/2016-12-09T21:00Z"/><Direction v="Z02"/><Quantity v="252169"/><MeasureUnit v="KW1"/></Period><Period><TimeInterval v="2016-12-09T21:00Z/2016-12-09T22:00Z"/><Direction v="Z02"/><Quantity v="252169"/><MeasureUnit v="KW1"/></Period><Period><TimeInterval v="2016-12-09T22:00Z/2016-12-09T23:00Z"/><Direction v="Z02"/><Quantity v="252169"/><MeasureUnit v="KW1"/></Period><Period><TimeInterval v="2016-12-09T23:00Z/2016-12-10T00:00Z"/><Direction v="Z02"/><Quantity v="252169"/><MeasureUnit v="KW1"/></Period><Period><TimeInterval v="2016-12-10T00:00Z/2016-12-10T01:00Z"/><Direction v="Z02"/><Quantity v="252169"/><MeasureUnit v="KW1"/></Period><Period><TimeInterval v="2016-12-10T01:00Z/2016-12-10T02:00Z"/><Direction v="Z02"/><Quantity v="252169"/><MeasureUnit v="KW1"/></Period><Period><TimeInterval v="2016-12-10T02:00Z/2016-12-10T03:00Z"/><Direction v="Z02"/><Quantity v="252169"/><MeasureUnit v="KW1"/></Period><Period><TimeInterval v="2016-12-10T03:00Z/2016-12-10T04:00Z"/><Direction v="Z02"/><Quantity v="252169"/><MeasureUnit v="KW1"/></Period><Period><TimeInterval v="2016-12-10T04:00Z/2016-12-10T05:00Z"/><Direction v="Z02"/><Quantity v="252169"/><MeasureUnit v="KW1"/></Period><Period><TimeInterval v="2016-12-09T05:00Z/2016-12-09T06:00Z"/><Direction v="Z03"/><Quantity v="1710919"/><MeasureUnit v="KW1"/></Period><Period><TimeInterval v="2016-12-09T06:00Z/2016-12-09T07:00Z"/><Direction v="Z03"/><Quantity v="1710919"/><MeasureUnit v="KW1"/></Period><Period><TimeInterval v="2016-12-09T07:00Z/2016-12-09T08:00Z"/><Direction v="Z03"/><Quantity v="1710919"/><MeasureUnit v="KW1"/></Period><Period><TimeInterval v="2016-12-09T08:00Z/2016-12-09T09:00Z"/><Direction v="Z03"/><Quantity v="1710919"/><MeasureUnit v="KW1"/></Period><Period><TimeInterval v="2016-12-09T09:00Z/2016-12-09T10:00Z"/><Direction v="Z03"/><Quantity v="1710919"/><MeasureUnit v="KW1"/></Period><Period><TimeInterval v="2016-12-09T10:00Z/2016-12-09T11:00Z"/><Direction v="Z03"/><Quantity v="1710919"/><MeasureUnit v="KW1"/></Period><Period><TimeInterval v="2016-12-09T11:00Z/2016-12-09T12:00Z"/><Direction v="Z03"/><Quantity v="1710919"/><MeasureUnit v="KW1"/></Period><Period><TimeInterval v="2016-12-09T12:00Z/2016-12-09T13:00Z"/><Direction v="Z03"/><Quantity v="1710919"/><MeasureUnit v="KW1"/></Period><Period><TimeInterval v="2016-12-09T13:00Z/2016-12-09T14:00Z"/><Direction v="Z03"/><Quantity v="1710919"/><MeasureUnit v="KW1"/></Period><Period><TimeInterval v="2016-12-09T14:00Z/2016-12-09T15:00Z"/><Direction v="Z03"/><Quantity v="1710919"/><MeasureUnit v="KW1"/></Period><Period><TimeInterval v="2016-12-09T15:00Z/2016-12-09T16:00Z"/><Direction v="Z03"/><Quantity v="1710919"/><MeasureUnit v="KW1"/></Period><Period><TimeInterval v="2016-12-09T16:00Z/2016-12-09T17:00Z"/><Direction v="Z03"/><Quantity v="1710919"/><MeasureUnit v="KW1"/></Period><Period><TimeInterval v="2016-12-09T17:00Z/2016-12-09T18:00Z"/><Direction v="Z03"/><Quantity v="1710919"/><MeasureUnit v="KW1"/></Period><Period><TimeInterval v="2016-12-09T18:00Z/2016-12-09T19:00Z"/><Direction v="Z03"/><Quantity v="1710919"/><MeasureUnit v="KW1"/></Period><Period><TimeInterval v="2016-12-09T19:00Z/2016-12-09T20:00Z"/><Direction v="Z03"/><Quantity v="1710919"/><MeasureUnit v="KW1"/></Period><Period><TimeInterval v="2016-12-09T20:00Z/2016-12-09T21:00Z"/><Direction v="Z03"/><Quantity v="1710919"/><MeasureUnit v="KW1"/></Period><Period><TimeInterval v="2016-12-09T21:00Z/2016-12-09T22:00Z"/><Direction v="Z03"/><Quantity v="1710919"/><MeasureUnit v="KW1"/></Period><Period><TimeInterval v="2016-12-09T22:00Z/2016-12-09T23:00Z"/><Direction v="Z03"/><Quantity v="1710919"/><MeasureUnit v="KW1"/></Period><Period><TimeInterval v="2016-12-09T23:00Z/2016-12-10T00:00Z"/><Direction v="Z03"/><Quantity v="1710919"/><MeasureUnit v="KW1"/></Period><Period><TimeInterval v="2016-12-10T00:00Z/2016-12-10T01:00Z"/><Direction v="Z03"/><Quantity v="1710919"/><MeasureUnit v="KW1"/></Period><Period><TimeInterval v="2016-12-10T01:00Z/2016-12-10T02:00Z"/><Direction v="Z03"/><Quantity v="1710919"/><MeasureUnit v="KW1"/></Period><Period><TimeInterval v="2016-12-10T02:00Z/2016-12-10T03:00Z"/><Direction v="Z03"/><Quantity v="1710919"/><MeasureUnit v="KW1"/></Period><Period><TimeInterval v="2016-12-10T03:00Z/2016-12-10T04:00Z"/><Direction v="Z03"/><Quantity v="1710919"/><MeasureUnit v="KW1"/></Period><Period><TimeInterval v="2016-12-10T04:00Z/2016-12-10T05:00Z"/><Direction v="Z03"/><Quantity v="1710919"/><MeasureUnit v="KW1"/></Period></Category><Category><CapacityCode v="Z07"/><Period><TimeInterval v="2016-12-09T05:00Z/2016-12-09T06:00Z"/><Direction v="Z02"/><Quantity v="2775000"/><MeasureUnit v="KW1"/></Period><Period><TimeInterval v="2016-12-09T06:00Z/2016-12-09T07:00Z"/><Direction v="Z02"/><Quantity v="2775000"/><MeasureUnit v="KW1"/></Period><Period><TimeInterval v="2016-12-09T07:00Z/2016-12-09T08:00Z"/><Direction v="Z02"/><Quantity v="2775000"/><MeasureUnit v="KW1"/></Period><Period><TimeInterval v="2016-12-09T08:00Z/2016-12-09T09:00Z"/><Direction v="Z02"/><Quantity v="2775000"/><MeasureUnit v="KW1"/></Period><Period><TimeInterval v="2016-12-09T09:00Z/2016-12-09T10:00Z"/><Direction v="Z02"/><Quantity v="2775000"/><MeasureUnit v="KW1"/></Period><Period><TimeInterval v="2016-12-09T10:00Z/2016-12-09T11:00Z"/><Direction v="Z02"/><Quantity v="2775000"/><MeasureUnit v="KW1"/></Period><Period><TimeInterval v="2016-12-09T11:00Z/2016-12-09T12:00Z"/><Direction v="Z02"/><Quantity v="2775000"/><MeasureUnit v="KW1"/></Period><Period><TimeInterval v="2016-12-09T12:00Z/2016-12-09T13:00Z"/><Direction v="Z02"/><Quantity v="2775000"/><MeasureUnit v="KW1"/></Period><Period><TimeInterval v="2016-12-09T13:00Z/2016-12-09T14:00Z"/><Direction v="Z02"/><Quantity v="2775000"/><MeasureUnit v="KW1"/></Period><Period><TimeInterval v="2016-12-09T14:00Z/2016-12-09T15:00Z"/><Direction v="Z02"/><Quantity v="2775000"/><MeasureUnit v="KW1"/></Period><Period><TimeInterval v="2016-12-09T15:00Z/2016-12-09T16:00Z"/><Direction v="Z02"/><Quantity v="2775000"/><MeasureUnit v="KW1"/></Period><Period><TimeInterval v="2016-12-09T16:00Z/2016-12-09T17:00Z"/><Direction v="Z02"/><Quantity v="2775000"/><MeasureUnit v="KW1"/></Period><Period><TimeInterval v="2016-12-09T17:00Z/2016-12-09T18:00Z"/><Direction v="Z02"/><Quantity v="2775000"/><MeasureUnit v="KW1"/></Period><Period><TimeInterval v="2016-12-09T18:00Z/2016-12-09T19:00Z"/><Direction v="Z02"/><Quantity v="2775000"/><MeasureUnit v="KW1"/></Period><Period><TimeInterval v="2016-12-09T19:00Z/2016-12-09T20:00Z"/><Direction v="Z02"/><Quantity v="2775000"/><MeasureUnit v="KW1"/></Period><Period><TimeInterval v="2016-12-09T20:00Z/2016-12-09T21:00Z"/><Direction v="Z02"/><Quantity v="2775000"/><MeasureUnit v="KW1"/></Period><Period><TimeInterval v="2016-12-09T21:00Z/2016-12-09T22:00Z"/><Direction v="Z02"/><Quantity v="2775000"/><MeasureUnit v="KW1"/></Period><Period><TimeInterval v="2016-12-09T22:00Z/2016-12-09T23:00Z"/><Direction v="Z02"/><Quantity v="2775000"/><MeasureUnit v="KW1"/></Period><Period><TimeInterval v="2016-12-09T23:00Z/2016-12-10T00:00Z"/><Direction v="Z02"/><Quantity v="2775000"/><MeasureUnit v="KW1"/></Period><Period><TimeInterval v="2016-12-10T00:00Z/2016-12-10T01:00Z"/><Direction v="Z02"/><Quantity v="2775000"/><MeasureUnit v="KW1"/></Period><Period><TimeInterval v="2016-12-10T01:00Z/2016-12-10T02:00Z"/><Direction v="Z02"/><Quantity v="2775000"/><MeasureUnit v="KW1"/></Period><Period><TimeInterval v="2016-12-10T02:00Z/2016-12-10T03:00Z"/><Direction v="Z02"/><Quantity v="2775000"/><MeasureUnit v="KW1"/></Period><Period><TimeInterval v="2016-12-10T03:00Z/2016-12-10T04:00Z"/><Direction v="Z02"/><Quantity v="2775000"/><MeasureUnit v="KW1"/></Period><Period><TimeInterval v="2016-12-10T04:00Z/2016-12-10T05:00Z"/><Direction v="Z02"/><Quantity v="2775000"/><MeasureUnit v="KW1"/></Period><Period><TimeInterval v="2016-12-09T05:00Z/2016-12-09T06:00Z"/><Direction v="Z03"/><Quantity v="1433670"/><MeasureUnit v="KW1"/></Period><Period><TimeInterval v="2016-12-09T06:00Z/2016-12-09T07:00Z"/><Direction v="Z03"/><Quantity v="1433670"/><MeasureUnit v="KW1"/></Period><Period><TimeInterval v="2016-12-09T07:00Z/2016-12-09T08:00Z"/><Direction v="Z03"/><Quantity v="1433670"/><MeasureUnit v="KW1"/></Period><Period><TimeInterval v="2016-12-09T08:00Z/2016-12-09T09:00Z"/><Direction v="Z03"/><Quantity v="1433670"/><MeasureUnit v="KW1"/></Period><Period><TimeInterval v="2016-12-09T09:00Z/2016-12-09T10:00Z"/><Direction v="Z03"/><Quantity v="1433670"/><MeasureUnit v="KW1"/></Period><Period><TimeInterval v="2016-12-09T10:00Z/2016-12-09T11:00Z"/><Direction v="Z03"/><Quantity v="1433670"/><MeasureUnit v="KW1"/></Period><Period><TimeInterval v="2016-12-09T11:00Z/2016-12-09T12:00Z"/><Direction v="Z03"/><Quantity v="1433670"/><MeasureUnit v="KW1"/></Period><Period><TimeInterval v="2016-12-09T12:00Z/2016-12-09T13:00Z"/><Direction v="Z03"/><Quantity v="1433670"/><MeasureUnit v="KW1"/></Period><Period><TimeInterval v="2016-12-09T13:00Z/2016-12-09T14:00Z"/><Direction v="Z03"/><Quantity v="1433670"/><MeasureUnit v="KW1"/></Period><Period><TimeInterval v="2016-12-09T14:00Z/2016-12-09T15:00Z"/><Direction v="Z03"/><Quantity v="1433670"/><MeasureUnit v="KW1"/></Period><Period><TimeInterval v="2016-12-09T15:00Z/2016-12-09T16:00Z"/><Direction v="Z03"/><Quantity v="1433670"/><MeasureUnit v="KW1"/></Period><Period><TimeInterval v="2016-12-09T16:00Z/2016-12-09T17:00Z"/><Direction v="Z03"/><Quantity v="1433670"/><MeasureUnit v="KW1"/></Period><Period><TimeInterval v="2016-12-09T17:00Z/2016-12-09T18:00Z"/><Direction v="Z03"/><Quantity v="1433670"/><MeasureUnit v="KW1"/></Period><Period><TimeInterval v="2016-12-09T18:00Z/2016-12-09T19:00Z"/><Direction v="Z03"/><Quantity v="1433670"/><MeasureUnit v="KW1"/></Period><Period><TimeInterval v="2016-12-09T19:00Z/2016-12-09T20:00Z"/><Direction v="Z03"/><Quantity v="1433670"/><MeasureUnit v="KW1"/></Period><Period><TimeInterval v="2016-12-09T20:00Z/2016-12-09T21:00Z"/><Direction v="Z03"/><Quantity v="1433670"/><MeasureUnit v="KW1"/></Period><Period><TimeInterval v="2016-12-09T21:00Z/2016-12-09T22:00Z"/><Direction v="Z03"/><Quantity v="1433670"/><MeasureUnit v="KW1"/></Period><Period><TimeInterval v="2016-12-09T22:00Z/2016-12-09T23:00Z"/><Direction v="Z03"/><Quantity v="1433670"/><MeasureUnit v="KW1"/></Period><Period><TimeInterval v="2016-12-09T23:00Z/2016-12-10T00:00Z"/><Direction v="Z03"/><Quantity v="1433670"/><MeasureUnit v="KW1"/></Period><Period><TimeInterval v="2016-12-10T00:00Z/2016-12-10T01:00Z"/><Direction v="Z03"/><Quantity v="1433670"/><MeasureUnit v="KW1"/></Period><Period><TimeInterval v="2016-12-10T01:00Z/2016-12-10T02:00Z"/><Direction v="Z03"/><Quantity v="1433670"/><MeasureUnit v="KW1"/></Period><Period><TimeInterval v="2016-12-10T02:00Z/2016-12-10T03:00Z"/><Direction v="Z03"/><Quantity v="1433670"/><MeasureUnit v="KW1"/></Period><Period><TimeInterval v="2016-12-10T03:00Z/2016-12-10T04:00Z"/><Direction v="Z03"/><Quantity v="1433670"/><MeasureUnit v="KW1"/></Period><Period><TimeInterval v="2016-12-10T04:00Z/2016-12-10T05:00Z"/><Direction v="Z03"/><Quantity v="1433670"/><MeasureUnit v="KW1"/></Period></Category><Category><CapacityCode v="Z09"/><Period><TimeInterval v="2016-12-09T05:00Z/2016-12-09T06:00Z"/><Direction v="Z02"/><Quantity v="2285014"/><MeasureUnit v="KW1"/></Period><Period><TimeInterval v="2016-12-09T06:00Z/2016-12-09T07:00Z"/><Direction v="Z02"/><Quantity v="2285014"/><MeasureUnit v="KW1"/></Period><Period><TimeInterval v="2016-12-09T07:00Z/2016-12-09T08:00Z"/><Direction v="Z02"/><Quantity v="2285014"/><MeasureUnit v="KW1"/></Period><Period><TimeInterval v="2016-12-09T08:00Z/2016-12-09T09:00Z"/><Direction v="Z02"/><Quantity v="2285014"/><MeasureUnit v="KW1"/></Period><Period><TimeInterval v="2016-12-09T09:00Z/2016-12-09T10:00Z"/><Direction v="Z02"/><Quantity v="2285014"/><MeasureUnit v="KW1"/></Period><Period><TimeInterval v="2016-12-09T10:00Z/2016-12-09T11:00Z"/><Direction v="Z02"/><Quantity v="2285014"/><MeasureUnit v="KW1"/></Period><Period><TimeInterval v="2016-12-09T11:00Z/2016-12-09T12:00Z"/><Direction v="Z02"/><Quantity v="2285014"/><MeasureUnit v="KW1"/></Period><Period><TimeInterval v="2016-12-09T12:00Z/2016-12-09T13:00Z"/><Direction v="Z02"/><Quantity v="2285014"/><MeasureUnit v="KW1"/></Period><Period><TimeInterval v="2016-12-09T13:00Z/2016-12-09T14:00Z"/><Direction v="Z02"/><Quantity v="2285014"/><MeasureUnit v="KW1"/></Period><Period><TimeInterval v="2016-12-09T14:00Z/2016-12-09T15:00Z"/><Direction v="Z02"/><Quantity v="2285014"/><MeasureUnit v="KW1"/></Period><Period><TimeInterval v="2016-12-09T15:00Z/2016-12-09T16:00Z"/><Direction v="Z02"/><Quantity v="2285014"/><MeasureUnit v="KW1"/></Period><Period><TimeInterval v="2016-12-09T16:00Z/2016-12-09T17:00Z"/><Direction v="Z02"/><Quantity v="2285014"/><MeasureUnit v="KW1"/></Period><Period><TimeInterval v="2016-12-09T17:00Z/2016-12-09T18:00Z"/><Direction v="Z02"/><Quantity v="2285014"/><MeasureUnit v="KW1"/></Period><Period><TimeInterval v="2016-12-09T18:00Z/2016-12-09T19:00Z"/><Direction v="Z02"/><Quantity v="2285031"/><MeasureUnit v="KW1"/></Period><Period><TimeInterval v="2016-12-09T19:00Z/2016-12-09T20:00Z"/><Direction v="Z02"/><Quantity v="2285031"/><MeasureUnit v="KW1"/></Period><Period><TimeInterval v="2016-12-09T20:00Z/2016-12-09T21:00Z"/><Direction v="Z02"/><Quantity v="2285031"/><MeasureUnit v="KW1"/></Period><Period><TimeInterval v="2016-12-09T21:00Z/2016-12-09T22:00Z"/><Direction v="Z02"/><Quantity v="2285031"/><MeasureUnit v="KW1"/></Period><Period><TimeInterval v="2016-12-09T22:00Z/2016-12-09T23:00Z"/><Direction v="Z02"/><Quantity v="2285031"/><MeasureUnit v="KW1"/></Period><Period><TimeInterval v="2016-12-09T23:00Z/2016-12-10T00:00Z"/><Direction v="Z02"/><Quantity v="2285031"/><MeasureUnit v="KW1"/></Period><Period><TimeInterval v="2016-12-10T00:00Z/2016-12-10T01:00Z"/><Direction v="Z02"/><Quantity v="2285031"/><MeasureUnit v="KW1"/></Period><Period><TimeInterval v="2016-12-10T01:00Z/2016-12-10T02:00Z"/><Direction v="Z02"/><Quantity v="2285031"/><MeasureUnit v="KW1"/></Period><Period><TimeInterval v="2016-12-10T02:00Z/2016-12-10T03:00Z"/><Direction v="Z02"/><Quantity v="2285031"/><MeasureUnit v="KW1"/></Period><Period><TimeInterval v="2016-12-10T03:00Z/2016-12-10T04:00Z"/><Direction v="Z02"/><Quantity v="2285031"/><MeasureUnit v="KW1"/></Period><Period><TimeInterval v="2016-12-10T04:00Z/2016-12-10T05:00Z"/><Direction v="Z02"/><Quantity v="2285036"/><MeasureUnit v="KW1"/></Period><Period><TimeInterval v="2016-12-09T05:00Z/2016-12-09T06:00Z"/><Direction v="Z03"/><Quantity v="87"/><MeasureUnit v="KW1"/></Period><Period><TimeInterval v="2016-12-09T06:00Z/2016-12-09T07:00Z"/><Direction v="Z03"/><Quantity v="87"/><MeasureUnit v="KW1"/></Period><Period><TimeInterval v="2016-12-09T07:00Z/2016-12-09T08:00Z"/><Direction v="Z03"/><Quantity v="87"/><MeasureUnit v="KW1"/></Period><Period><TimeInterval v="2016-12-09T08:00Z/2016-12-09T09:00Z"/><Direction v="Z03"/><Quantity v="87"/><MeasureUnit v="KW1"/></Period><Period><TimeInterval v="2016-12-09T09:00Z/2016-12-09T10:00Z"/><Direction v="Z03"/><Quantity v="87"/><MeasureUnit v="KW1"/></Period><Period><TimeInterval v="2016-12-09T10:00Z/2016-12-09T11:00Z"/><Direction v="Z03"/><Quantity v="87"/><MeasureUnit v="KW1"/></Period><Period><TimeInterval v="2016-12-09T11:00Z/2016-12-09T12:00Z"/><Direction v="Z03"/><Quantity v="87"/><MeasureUnit v="KW1"/></Period><Period><TimeInterval v="2016-12-09T12:00Z/2016-12-09T13:00Z"/><Direction v="Z03"/><Quantity v="87"/><MeasureUnit v="KW1"/></Period><Period><TimeInterval v="2016-12-09T13:00Z/2016-12-09T14:00Z"/><Direction v="Z03"/><Quantity v="87"/><MeasureUnit v="KW1"/></Period><Period><TimeInterval v="2016-12-09T14:00Z/2016-12-09T15:00Z"/><Direction v="Z03"/><Quantity v="87"/><MeasureUnit v="KW1"/></Period><Period><TimeInterval v="2016-12-09T15:00Z/2016-12-09T16:00Z"/><Direction v="Z03"/><Quantity v="87"/><MeasureUnit v="KW1"/></Period><Period><TimeInterval v="2016-12-09T16:00Z/2016-12-09T17:00Z"/><Direction v="Z03"/><Quantity v="87"/><MeasureUnit v="KW1"/></Period><Period><TimeInterval v="2016-12-09T17:00Z/2016-12-09T18:00Z"/><Direction v="Z03"/><Quantity v="87"/><MeasureUnit v="KW1"/></Period><Period><TimeInterval v="2016-12-09T18:00Z/2016-12-09T19:00Z"/><Direction v="Z03"/><Quantity v="87"/><MeasureUnit v="KW1"/></Period><Period><TimeInterval v="2016-12-09T19:00Z/2016-12-09T20:00Z"/><Direction v="Z03"/><Quantity v="87"/><MeasureUnit v="KW1"/></Period><Period><TimeInterval v="2016-12-09T20:00Z/2016-12-09T21:00Z"/><Direction v="Z03"/><Quantity v="87"/><MeasureUnit v="KW1"/></Period><Period><TimeInterval v="2016-12-09T21:00Z/2016-12-09T22:00Z"/><Direction v="Z03"/><Quantity v="87"/><MeasureUnit v="KW1"/></Period><Period><TimeInterval v="2016-12-09T22:00Z/2016-12-09T23:00Z"/><Direction v="Z03"/><Quantity v="87"/><MeasureUnit v="KW1"/></Period><Period><TimeInterval v="2016-12-09T23:00Z/2016-12-10T00:00Z"/><Direction v="Z03"/><Quantity v="87"/><MeasureUnit v="KW1"/></Period><Period><TimeInterval v="2016-12-10T00:00Z/2016-12-10T01:00Z"/><Direction v="Z03"/><Quantity v="87"/><MeasureUnit v="KW1"/></Period><Period><TimeInterval v="2016-12-10T01:00Z/2016-12-10T02:00Z"/><Direction v="Z03"/><Quantity v="87"/><MeasureUnit v="KW1"/></Period><Period><TimeInterval v="2016-12-10T02:00Z/2016-12-10T03:00Z"/><Direction v="Z03"/><Quantity v="87"/><MeasureUnit v="KW1"/></Period><Period><TimeInterval v="2016-12-10T03:00Z/2016-12-10T04:00Z"/><Direction v="Z03"/><Quantity v="87"/><MeasureUnit v="KW1"/></Period><Period><TimeInterval v="2016-12-10T04:00Z/2016-12-10T05:00Z"/><Direction v="Z03"/><Quantity v="87"/><MeasureUnit v="KW1"/></Period></Category><Category><CapacityCode v="Z10"/><Period><TimeInterval v="2016-12-09T05:00Z/2016-12-09T06:00Z"/><Direction v="Z02"/><Quantity v="18728"/><MeasureUnit v="KW1"/></Period><Period><TimeInterval v="2016-12-09T06:00Z/2016-12-09T07:00Z"/><Direction v="Z02"/><Quantity v="18728"/><MeasureUnit v="KW1"/></Period><Period><TimeInterval v="2016-12-09T07:00Z/2016-12-09T08:00Z"/><Direction v="Z02"/><Quantity v="18728"/><MeasureUnit v="KW1"/></Period><Period><TimeInterval v="2016-12-09T08:00Z/2016-12-09T09:00Z"/><Direction v="Z02"/><Quantity v="18728"/><MeasureUnit v="KW1"/></Period><Period><TimeInterval v="2016-12-09T09:00Z/2016-12-09T10:00Z"/><Direction v="Z02"/><Quantity v="18728"/><MeasureUnit v="KW1"/></Period><Period><TimeInterval v="2016-12-09T10:00Z/2016-12-09T11:00Z"/><Direction v="Z02"/><Quantity v="18728"/><MeasureUnit v="KW1"/></Period><Period><TimeInterval v="2016-12-09T11:00Z/2016-12-09T12:00Z"/><Direction v="Z02"/><Quantity v="18728"/><MeasureUnit v="KW1"/></Period><Period><TimeInterval v="2016-12-09T12:00Z/2016-12-09T13:00Z"/><Direction v="Z02"/><Quantity v="18728"/><MeasureUnit v="KW1"/></Period><Period><TimeInterval v="2016-12-09T13:00Z/2016-12-09T14:00Z"/><Direction v="Z02"/><Quantity v="18728"/><MeasureUnit v="KW1"/></Period><Period><TimeInterval v="2016-12-09T14:00Z/2016-12-09T15:00Z"/><Direction v="Z02"/><Quantity v="18728"/><MeasureUnit v="KW1"/></Period><Period><TimeInterval v="2016-12-09T15:00Z/2016-12-09T16:00Z"/><Direction v="Z02"/><Quantity v="18728"/><MeasureUnit v="KW1"/></Period><Period><TimeInterval v="2016-12-09T16:00Z/2016-12-09T17:00Z"/><Direction v="Z02"/><Quantity v="18728"/><MeasureUnit v="KW1"/></Period><Period><TimeInterval v="2016-12-09T17:00Z/2016-12-09T18:00Z"/><Direction v="Z02"/><Quantity v="18728"/><MeasureUnit v="KW1"/></Period><Period><TimeInterval v="2016-12-09T18:00Z/2016-12-09T19:00Z"/><Direction v="Z02"/><Quantity v="18728"/><MeasureUnit v="KW1"/></Period><Period><TimeInterval v="2016-12-09T19:00Z/2016-12-09T20:00Z"/><Direction v="Z02"/><Quantity v="18728"/><MeasureUnit v="KW1"/></Period><Period><TimeInterval v="2016-12-09T20:00Z/2016-12-09T21:00Z"/><Direction v="Z02"/><Quantity v="18728"/><MeasureUnit v="KW1"/></Period><Period><TimeInterval v="2016-12-09T21:00Z/2016-12-09T22:00Z"/><Direction v="Z02"/><Quantity v="18728"/><MeasureUnit v="KW1"/></Period><Period><TimeInterval v="2016-12-09T22:00Z/2016-12-09T23:00Z"/><Direction v="Z02"/><Quantity v="18728"/><MeasureUnit v="KW1"/></Period><Period><TimeInterval v="2016-12-09T23:00Z/2016-12-10T00:00Z"/><Direction v="Z02"/><Quantity v="18728"/><MeasureUnit v="KW1"/></Period><Period><TimeInterval v="2016-12-10T00:00Z/2016-12-10T01:00Z"/><Direction v="Z02"/><Quantity v="18728"/><MeasureUnit v="KW1"/></Period><Period><TimeInterval v="2016-12-10T01:00Z/2016-12-10T02:00Z"/><Direction v="Z02"/><Quantity v="18728"/><MeasureUnit v="KW1"/></Period><Period><TimeInterval v="2016-12-10T02:00Z/2016-12-10T03:00Z"/><Direction v="Z02"/><Quantity v="18728"/><MeasureUnit v="KW1"/></Period><Period><TimeInterval v="2016-12-10T03:00Z/2016-12-10T04:00Z"/><Direction v="Z02"/><Quantity v="18728"/><MeasureUnit v="KW1"/></Period><Period><TimeInterval v="2016-12-10T04:00Z/2016-12-10T05:00Z"/><Direction v="Z02"/><Quantity v="18728"/><MeasureUnit v="KW1"/></Period><Period><TimeInterval v="2016-12-09T05:00Z/2016-12-09T06:00Z"/><Direction v="Z03"/><Quantity v="1"/><MeasureUnit v="KW1"/></Period><Period><TimeInterval v="2016-12-09T06:00Z/2016-12-09T07:00Z"/><Direction v="Z03"/><Quantity v="1"/><MeasureUnit v="KW1"/></Period><Period><TimeInterval v="2016-12-09T07:00Z/2016-12-09T08:00Z"/><Direction v="Z03"/><Quantity v="1"/><MeasureUnit v="KW1"/></Period><Period><TimeInterval v="2016-12-09T08:00Z/2016-12-09T09:00Z"/><Direction v="Z03"/><Quantity v="1"/><MeasureUnit v="KW1"/></Period><Period><TimeInterval v="2016-12-09T09:00Z/2016-12-09T10:00Z"/><Direction v="Z03"/><Quantity v="1"/><MeasureUnit v="KW1"/></Period><Period><TimeInterval v="2016-12-09T10:00Z/2016-12-09T11:00Z"/><Direction v="Z03"/><Quantity v="1"/><MeasureUnit v="KW1"/></Period><Period><TimeInterval v="2016-12-09T11:00Z/2016-12-09T12:00Z"/><Direction v="Z03"/><Quantity v="1"/><MeasureUnit v="KW1"/></Period><Period><TimeInterval v="2016-12-09T12:00Z/2016-12-09T13:00Z"/><Direction v="Z03"/><Quantity v="1"/><MeasureUnit v="KW1"/></Period><Period><TimeInterval v="2016-12-09T13:00Z/2016-12-09T14:00Z"/><Direction v="Z03"/><Quantity v="1"/><MeasureUnit v="KW1"/></Period><Period><TimeInterval v="2016-12-09T14:00Z/2016-12-09T15:00Z"/><Direction v="Z03"/><Quantity v="1"/><MeasureUnit v="KW1"/></Period><Period><TimeInterval v="2016-12-09T15:00Z/2016-12-09T16:00Z"/><Direction v="Z03"/><Quantity v="1"/><MeasureUnit v="KW1"/></Period><Period><TimeInterval v="2016-12-09T16:00Z/2016-12-09T17:00Z"/><Direction v="Z03"/><Quantity v="1"/><MeasureUnit v="KW1"/></Period><Period><TimeInterval v="2016-12-09T17:00Z/2016-12-09T18:00Z"/><Direction v="Z03"/><Quantity v="1"/><MeasureUnit v="KW1"/></Period><Period><TimeInterval v="2016-12-09T18:00Z/2016-12-09T19:00Z"/><Direction v="Z03"/><Quantity v="1"/><MeasureUnit v="KW1"/></Period><Period><TimeInterval v="2016-12-09T19:00Z/2016-12-09T20:00Z"/><Direction v="Z03"/><Quantity v="1"/><MeasureUnit v="KW1"/></Period><Period><TimeInterval v="2016-12-09T20:00Z/2016-12-09T21:00Z"/><Direction v="Z03"/><Quantity v="1"/><MeasureUnit v="KW1"/></Period><Period><TimeInterval v="2016-12-09T21:00Z/2016-12-09T22:00Z"/><Direction v="Z03"/><Quantity v="1"/><MeasureUnit v="KW1"/></Period><Period><TimeInterval v="2016-12-09T22:00Z/2016-12-09T23:00Z"/><Direction v="Z03"/><Quantity v="1"/><MeasureUnit v="KW1"/></Period><Period><TimeInterval v="2016-12-09T23:00Z/2016-12-10T00:00Z"/><Direction v="Z03"/><Quantity v="1"/><MeasureUnit v="KW1"/></Period><Period><TimeInterval v="2016-12-10T00:00Z/2016-12-10T01:00Z"/><Direction v="Z03"/><Quantity v="1"/><MeasureUnit v="KW1"/></Period><Period><TimeInterval v="2016-12-10T01:00Z/2016-12-10T02:00Z"/><Direction v="Z03"/><Quantity v="1"/><MeasureUnit v="KW1"/></Period><Period><TimeInterval v="2016-12-10T02:00Z/2016-12-10T03:00Z"/><Direction v="Z03"/><Quantity v="1"/><MeasureUnit v="KW1"/></Period><Period><TimeInterval v="2016-12-10T03:00Z/2016-12-10T04:00Z"/><Direction v="Z03"/><Quantity v="1"/><MeasureUnit v="KW1"/></Period><Period><TimeInterval v="2016-12-10T04:00Z/2016-12-10T05:00Z"/><Direction v="Z03"/><Quantity v="1"/><MeasureUnit v="KW1"/></Period></Category><Category><CapacityCode v="Z11"/><Period><TimeInterval v="2016-12-09T05:00Z/2016-12-09T06:00Z"/><Direction v="Z02"/><Quantity v="2775000"/><MeasureUnit v="KW1"/></Period><Period><TimeInterval v="2016-12-09T06:00Z/2016-12-09T07:00Z"/><Direction v="Z02"/><Quantity v="2775000"/><MeasureUnit v="KW1"/></Period><Period><TimeInterval v="2016-12-09T07:00Z/2016-12-09T08:00Z"/><Direction v="Z02"/><Quantity v="2775000"/><MeasureUnit v="KW1"/></Period><Period><TimeInterval v="2016-12-09T08:00Z/2016-12-09T09:00Z"/><Direction v="Z02"/><Quantity v="2775000"/><MeasureUnit v="KW1"/></Period><Period><TimeInterval v="2016-12-09T09:00Z/2016-12-09T10:00Z"/><Direction v="Z02"/><Quantity v="2775000"/><MeasureUnit v="KW1"/></Period><Period><TimeInterval v="2016-12-09T10:00Z/2016-12-09T11:00Z"/><Direction v="Z02"/><Quantity v="2775000"/><MeasureUnit v="KW1"/></Period><Period><TimeInterval v="2016-12-09T11:00Z/2016-12-09T12:00Z"/><Direction v="Z02"/><Quantity v="2775000"/><MeasureUnit v="KW1"/></Period><Period><TimeInterval v="2016-12-09T12:00Z/2016-12-09T13:00Z"/><Direction v="Z02"/><Quantity v="2775000"/><MeasureUnit v="KW1"/></Period><Period><TimeInterval v="2016-12-09T13:00Z/2016-12-09T14:00Z"/><Direction v="Z02"/><Quantity v="2775000"/><MeasureUnit v="KW1"/></Period><Period><TimeInterval v="2016-12-09T14:00Z/2016-12-09T15:00Z"/><Direction v="Z02"/><Quantity v="2775000"/><MeasureUnit v="KW1"/></Period><Period><TimeInterval v="2016-12-09T15:00Z/2016-12-09T16:00Z"/><Direction v="Z02"/><Quantity v="2775000"/><MeasureUnit v="KW1"/></Period><Period><TimeInterval v="2016-12-09T16:00Z/2016-12-09T17:00Z"/><Direction v="Z02"/><Quantity v="2775000"/><MeasureUnit v="KW1"/></Period><Period><TimeInterval v="2016-12-09T17:00Z/2016-12-09T18:00Z"/><Direction v="Z02"/><Quantity v="2775000"/><MeasureUnit v="KW1"/></Period><Period><TimeInterval v="2016-12-09T18:00Z/2016-12-09T19:00Z"/><Direction v="Z02"/><Quantity v="2775000"/><MeasureUnit v="KW1"/></Period><Period><TimeInterval v="2016-12-09T19:00Z/2016-12-09T20:00Z"/><Direction v="Z02"/><Quantity v="2775000"/><MeasureUnit v="KW1"/></Period><Period><TimeInterval v="2016-12-09T20:00Z/2016-12-09T21:00Z"/><Direction v="Z02"/><Quantity v="2775000"/><MeasureUnit v="KW1"/></Period><Period><TimeInterval v="2016-12-09T21:00Z/2016-12-09T22:00Z"/><Direction v="Z02"/><Quantity v="2775000"/><MeasureUnit v="KW1"/></Period><Period><TimeInterval v="2016-12-09T22:00Z/2016-12-09T23:00Z"/><Direction v="Z02"/><Quantity v="2775000"/><MeasureUnit v="KW1"/></Period><Period><TimeInterval v="2016-12-09T23:00Z/2016-12-10T00:00Z"/><Direction v="Z02"/><Quantity v="2775000"/><MeasureUnit v="KW1"/></Period><Period><TimeInterval v="2016-12-10T00:00Z/2016-12-10T01:00Z"/><Direction v="Z02"/><Quantity v="2775000"/><MeasureUnit v="KW1"/></Period><Period><TimeInterval v="2016-12-10T01:00Z/2016-12-10T02:00Z"/><Direction v="Z02"/><Quantity v="2775000"/><MeasureUnit v="KW1"/></Period><Period><TimeInterval v="2016-12-10T02:00Z/2016-12-10T03:00Z"/><Direction v="Z02"/><Quantity v="2775000"/><MeasureUnit v="KW1"/></Period><Period><TimeInterval v="2016-12-10T03:00Z/2016-12-10T04:00Z"/><Direction v="Z02"/><Quantity v="2775000"/><MeasureUnit v="KW1"/></Period><Period><TimeInterval v="2016-12-10T04:00Z/2016-12-10T05:00Z"/><Direction v="Z02"/><Quantity v="2775000"/><MeasureUnit v="KW1"/></Period><Period><TimeInterval v="2016-12-09T05:00Z/2016-12-09T06:00Z"/><Direction v="Z03"/><Quantity v="251"/><MeasureUnit v="KW1"/></Period><Period><TimeInterval v="2016-12-09T06:00Z/2016-12-09T07:00Z"/><Direction v="Z03"/><Quantity v="251"/><MeasureUnit v="KW1"/></Period><Period><TimeInterval v="2016-12-09T07:00Z/2016-12-09T08:00Z"/><Direction v="Z03"/><Quantity v="251"/><MeasureUnit v="KW1"/></Period><Period><TimeInterval v="2016-12-09T08:00Z/2016-12-09T09:00Z"/><Direction v="Z03"/><Quantity v="251"/><MeasureUnit v="KW1"/></Period><Period><TimeInterval v="2016-12-09T09:00Z/2016-12-09T10:00Z"/><Direction v="Z03"/><Quantity v="251"/><MeasureUnit v="KW1"/></Period><Period><TimeInterval v="2016-12-09T10:00Z/2016-12-09T11:00Z"/><Direction v="Z03"/><Quantity v="251"/><MeasureUnit v="KW1"/></Period><Period><TimeInterval v="2016-12-09T11:00Z/2016-12-09T12:00Z"/><Direction v="Z03"/><Quantity v="251"/><MeasureUnit v="KW1"/></Period><Period><TimeInterval v="2016-12-09T12:00Z/2016-12-09T13:00Z"/><Direction v="Z03"/><Quantity v="251"/><MeasureUnit v="KW1"/></Period><Period><TimeInterval v="2016-12-09T13:00Z/2016-12-09T14:00Z"/><Direction v="Z03"/><Quantity v="251"/><MeasureUnit v="KW1"/></Period><Period><TimeInterval v="2016-12-09T14:00Z/2016-12-09T15:00Z"/><Direction v="Z03"/><Quantity v="251"/><MeasureUnit v="KW1"/></Period><Period><TimeInterval v="2016-12-09T15:00Z/2016-12-09T16:00Z"/><Direction v="Z03"/><Quantity v="251"/><MeasureUnit v="KW1"/></Period><Period><TimeInterval v="2016-12-09T16:00Z/2016-12-09T17:00Z"/><Direction v="Z03"/><Quantity v="251"/><MeasureUnit v="KW1"/></Period><Period><TimeInterval v="2016-12-09T17:00Z/2016-12-09T18:00Z"/><Direction v="Z03"/><Quantity v="251"/><MeasureUnit v="KW1"/></Period><Period><TimeInterval v="2016-12-09T18:00Z/2016-12-09T19:00Z"/><Direction v="Z03"/><Quantity v="251"/><MeasureUnit v="KW1"/></Period><Period><TimeInterval v="2016-12-09T19:00Z/2016-12-09T20:00Z"/><Direction v="Z03"/><Quantity v="251"/><MeasureUnit v="KW1"/></Period><Period><TimeInterval v="2016-12-09T20:00Z/2016-12-09T21:00Z"/><Direction v="Z03"/><Quantity v="251"/><MeasureUnit v="KW1"/></Period><Period><TimeInterval v="2016-12-09T21:00Z/2016-12-09T22:00Z"/><Direction v="Z03"/><Quantity v="251"/><MeasureUnit v="KW1"/></Period><Period><TimeInterval v="2016-12-09T22:00Z/2016-12-09T23:00Z"/><Direction v="Z03"/><Quantity v="251"/><MeasureUnit v="KW1"/></Period><Period><TimeInterval v="2016-12-09T23:00Z/2016-12-10T00:00Z"/><Direction v="Z03"/><Quantity v="251"/><MeasureUnit v="KW1"/></Period><Period><TimeInterval v="2016-12-10T00:00Z/2016-12-10T01:00Z"/><Direction v="Z03"/><Quantity v="251"/><MeasureUnit v="KW1"/></Period><Period><TimeInterval v="2016-12-10T01:00Z/2016-12-10T02:00Z"/><Direction v="Z03"/><Quantity v="251"/><MeasureUnit v="KW1"/></Period><Period><TimeInterval v="2016-12-10T02:00Z/2016-12-10T03:00Z"/><Direction v="Z03"/><Quantity v="251"/><MeasureUnit v="KW1"/></Period><Period><TimeInterval v="2016-12-10T03:00Z/2016-12-10T04:00Z"/><Direction v="Z03"/><Quantity v="251"/><MeasureUnit v="KW1"/></Period><Period><TimeInterval v="2016-12-10T04:00Z/2016-12-10T05:00Z"/><Direction v="Z03"/><Quantity v="251"/><MeasureUnit v="KW1"/></Period></Category></ConnectionPoint><ConnectionPoint><Identification v="37Z000000001078I" codingScheme="305"/><Type v="Z26"/><Category><CapacityCode v="Z06"/><Period><TimeInterval v="2016-12-09T05:00Z/2016-12-09T06:00Z"/><Direction v="Z02"/><Quantity v="0"/><MeasureUnit v="KW1"/></Period><Period><TimeInterval v="2016-12-09T06:00Z/2016-12-09T07:00Z"/><Direction v="Z02"/><Quantity v="0"/><MeasureUnit v="KW1"/></Period><Period><TimeInterval v="2016-12-09T07:00Z/2016-12-09T08:00Z"/><Direction v="Z02"/><Quantity v="0"/><MeasureUnit v="KW1"/></Period><Period><TimeInterval v="2016-12-09T08:00Z/2016-12-09T09:00Z"/><Direction v="Z02"/><Quantity v="0"/><MeasureUnit v="KW1"/></Period><Period><TimeInterval v="2016-12-09T09:00Z/2016-12-09T10:00Z"/><Direction v="Z02"/><Quantity v="0"/><MeasureUnit v="KW1"/></Period><Period><TimeInterval v="2016-12-09T10:00Z/2016-12-09T11:00Z"/><Direction v="Z02"/><Quantity v="0"/><MeasureUnit v="KW1"/></Period><Period><TimeInterval v="2016-12-09T11:00Z/2016-12-09T12:00Z"/><Direction v="Z02"/><Quantity v="0"/><MeasureUnit v="KW1"/></Period><Period><TimeInterval v="2016-12-09T12:00Z/2016-12-09T13:00Z"/><Direction v="Z02"/><Quantity v="0"/><MeasureUnit v="KW1"/></Period><Period><TimeInterval v="2016-12-09T13:00Z/2016-12-09T14:00Z"/><Direction v="Z02"/><Quantity v="0"/><MeasureUnit v="KW1"/></Period><Period><TimeInterval v="2016-12-09T14:00Z/2016-12-09T15:00Z"/><Direction v="Z02"/><Quantity v="0"/><MeasureUnit v="KW1"/></Period><Period><TimeInterval v="2016-12-09T15:00Z/2016-12-09T16:00Z"/><Direction v="Z02"/><Quantity v="0"/><MeasureUnit v="KW1"/></Period><Period><TimeInterval v="2016-12-09T16:00Z/2016-12-09T17:00Z"/><Direction v="Z02"/><Quantity v="0"/><MeasureUnit v="KW1"/></Period><Period><TimeInterval v="2016-12-09T17:00Z/2016-12-09T18:00Z"/><Direction v="Z02"/><Quantity v="0"/><MeasureUnit v="KW1"/></Period><Period><TimeInterval v="2016-12-09T18:00Z/2016-12-09T19:00Z"/><Direction v="Z02"/><Quantity v="0"/><MeasureUnit v="KW1"/></Period><Period><TimeInterval v="2016-12-09T19:00Z/2016-12-09T20:00Z"/><Direction v="Z02"/><Quantity v="0"/><MeasureUnit v="KW1"/></Period><Period><TimeInterval v="2016-12-09T20:00Z/2016-12-09T21:00Z"/><Direction v="Z02"/><Quantity v="0"/><MeasureUnit v="KW1"/></Period><Period><TimeInterval v="2016-12-09T21:00Z/2016-12-09T22:00Z"/><Direction v="Z02"/><Quantity v="0"/><MeasureUnit v="KW1"/></Period><Period><TimeInterval v="2016-12-09T22:00Z/2016-12-09T23:00Z"/><Direction v="Z02"/><Quantity v="0"/><MeasureUnit v="KW1"/></Period><Period><TimeInterval v="2016-12-09T23:00Z/2016-12-10T00:00Z"/><Direction v="Z02"/><Quantity v="0"/><MeasureUnit v="KW1"/></Period><Period><TimeInterval v="2016-12-10T00:00Z/2016-12-10T01:00Z"/><Direction v="Z02"/><Quantity v="0"/><MeasureUnit v="KW1"/></Period><Period><TimeInterval v="2016-12-10T01:00Z/2016-12-10T02:00Z"/><Direction v="Z02"/><Quantity v="0"/><MeasureUnit v="KW1"/></Period><Period><TimeInterval v="2016-12-10T02:00Z/2016-12-10T03:00Z"/><Direction v="Z02"/><Quantity v="0"/><MeasureUnit v="KW1"/></Period><Period><TimeInterval v="2016-12-10T03:00Z/2016-12-10T04:00Z"/><Direction v="Z02"/><Quantity v="0"/><MeasureUnit v="KW1"/></Period><Period><TimeInterval v="2016-12-10T04:00Z/2016-12-10T05:00Z"/><Direction v="Z02"/><Quantity v="0"/><MeasureUnit v="KW1"/></Period></Category><Category><CapacityCode v="Z07"/><Period><TimeInterval v="2016-12-09T05:00Z/2016-12-09T06:00Z"/><Direction v="Z02"/><Quantity v="2775000"/><MeasureUnit v="KW1"/></Period><Period><TimeInterval v="2016-12-09T06:00Z/2016-12-09T07:00Z"/><Direction v="Z02"/><Quantity v="2775000"/><MeasureUnit v="KW1"/></Period><Period><TimeInterval v="2016-12-09T07:00Z/2016-12-09T08:00Z"/><Direction v="Z02"/><Quantity v="2775000"/><MeasureUnit v="KW1"/></Period><Period><TimeInterval v="2016-12-09T08:00Z/2016-12-09T09:00Z"/><Direction v="Z02"/><Quantity v="2775000"/><MeasureUnit v="KW1"/></Period><Period><TimeInterval v="2016-12-09T09:00Z/2016-12-09T10:00Z"/><Direction v="Z02"/><Quantity v="2775000"/><MeasureUnit v="KW1"/></Period><Period><TimeInterval v="2016-12-09T10:00Z/2016-12-09T11:00Z"/><Direction v="Z02"/><Quantity v="2775000"/><MeasureUnit v="KW1"/></Period><Period><TimeInterval v="2016-12-09T11:00Z/2016-12-09T12:00Z"/><Direction v="Z02"/><Quantity v="2775000"/><MeasureUnit v="KW1"/></Period><Period><TimeInterval v="2016-12-09T12:00Z/2016-12-09T13:00Z"/><Direction v="Z02"/><Quantity v="2775000"/><MeasureUnit v="KW1"/></Period><Period><TimeInterval v="2016-12-09T13:00Z/2016-12-09T14:00Z"/><Direction v="Z02"/><Quantity v="2775000"/><MeasureUnit v="KW1"/></Period><Period><TimeInterval v="2016-12-09T14:00Z/2016-12-09T15:00Z"/><Direction v="Z02"/><Quantity v="2775000"/><MeasureUnit v="KW1"/></Period><Period><TimeInterval v="2016-12-09T15:00Z/2016-12-09T16:00Z"/><Direction v="Z02"/><Quantity v="2775000"/><MeasureUnit v="KW1"/></Period><Period><TimeInterval v="2016-12-09T16:00Z/2016-12-09T17:00Z"/><Direction v="Z02"/><Quantity v="2775000"/><MeasureUnit v="KW1"/></Period><Period><TimeInterval v="2016-12-09T17:00Z/2016-12-09T18:00Z"/><Direction v="Z02"/><Quantity v="2775000"/><MeasureUnit v="KW1"/></Period><Period><TimeInterval v="2016-12-09T18:00Z/2016-12-09T19:00Z"/><Direction v="Z02"/><Quantity v="2775000"/><MeasureUnit v="KW1"/></Period><Period><TimeInterval v="2016-12-09T19:00Z/2016-12-09T20:00Z"/><Direction v="Z02"/><Quantity v="2775000"/><MeasureUnit v="KW1"/></Period><Period><TimeInterval v="2016-12-09T20:00Z/2016-12-09T21:00Z"/><Direction v="Z02"/><Quantity v="2775000"/><MeasureUnit v="KW1"/></Period><Period><TimeInterval v="2016-12-09T21:00Z/2016-12-09T22:00Z"/><Direction v="Z02"/><Quantity v="2775000"/><MeasureUnit v="KW1"/></Period><Period><TimeInterval v="2016-12-09T22:00Z/2016-12-09T23:00Z"/><Direction v="Z02"/><Quantity v="2775000"/><MeasureUnit v="KW1"/></Period><Period><TimeInterval v="2016-12-09T23:00Z/2016-12-10T00:00Z"/><Direction v="Z02"/><Quantity v="2775000"/><MeasureUnit v="KW1"/></Period><Period><TimeInterval v="2016-12-10T00:00Z/2016-12-10T01:00Z"/><Direction v="Z02"/><Quantity v="2775000"/><MeasureUnit v="KW1"/></Period><Period><TimeInterval v="2016-12-10T01:00Z/2016-12-10T02:00Z"/><Direction v="Z02"/><Quantity v="2775000"/><MeasureUnit v="KW1"/></Period><Period><TimeInterval v="2016-12-10T02:00Z/2016-12-10T03:00Z"/><Direction v="Z02"/><Quantity v="2775000"/><MeasureUnit v="KW1"/></Period><Period><TimeInterval v="2016-12-10T03:00Z/2016-12-10T04:00Z"/><Direction v="Z02"/><Quantity v="2775000"/><MeasureUnit v="KW1"/></Period><Period><TimeInterval v="2016-12-10T04:00Z/2016-12-10T05:00Z"/><Direction v="Z02"/><Quantity v="2775000"/><MeasureUnit v="KW1"/></Period></Category><Category><CapacityCode v="Z09"/><Period><TimeInterval v="2016-12-09T05:00Z/2016-12-09T06:00Z"/><Direction v="Z02"/><Quantity v="2775000"/><MeasureUnit v="KW1"/></Period><Period><TimeInterval v="2016-12-09T06:00Z/2016-12-09T07:00Z"/><Direction v="Z02"/><Quantity v="2775000"/><MeasureUnit v="KW1"/></Period><Period><TimeInterval v="2016-12-09T07:00Z/2016-12-09T08:00Z"/><Direction v="Z02"/><Quantity v="2775000"/><MeasureUnit v="KW1"/></Period><Period><TimeInterval v="2016-12-09T08:00Z/2016-12-09T09:00Z"/><Direction v="Z02"/><Quantity v="2775000"/><MeasureUnit v="KW1"/></Period><Period><TimeInterval v="2016-12-09T09:00Z/2016-12-09T10:00Z"/><Direction v="Z02"/><Quantity v="2775000"/><MeasureUnit v="KW1"/></Period><Period><TimeInterval v="2016-12-09T10:00Z/2016-12-09T11:00Z"/><Direction v="Z02"/><Quantity v="2775000"/><MeasureUnit v="KW1"/></Period><Period><TimeInterval v="2016-12-09T11:00Z/2016-12-09T12:00Z"/><Direction v="Z02"/><Quantity v="2775000"/><MeasureUnit v="KW1"/></Period><Period><TimeInterval v="2016-12-09T12:00Z/2016-12-09T13:00Z"/><Direction v="Z02"/><Quantity v="2775000"/><MeasureUnit v="KW1"/></Period><Period><TimeInterval v="2016-12-09T13:00Z/2016-12-09T14:00Z"/><Direction v="Z02"/><Quantity v="2775000"/><MeasureUnit v="KW1"/></Period><Period><TimeInterval v="2016-12-09T14:00Z/2016-12-09T15:00Z"/><Direction v="Z02"/><Quantity v="2775000"/><MeasureUnit v="KW1"/></Period><Period><TimeInterval v="2016-12-09T15:00Z/2016-12-09T16:00Z"/><Direction v="Z02"/><Quantity v="2775000"/><MeasureUnit v="KW1"/></Period><Period><TimeInterval v="2016-12-09T16:00Z/2016-12-09T17:00Z"/><Direction v="Z02"/><Quantity v="2775000"/><MeasureUnit v="KW1"/></Period><Period><TimeInterval v="2016-12-09T17:00Z/2016-12-09T18:00Z"/><Direction v="Z02"/><Quantity v="2775000"/><MeasureUnit v="KW1"/></Period><Period><TimeInterval v="2016-12-09T18:00Z/2016-12-09T19:00Z"/><Direction v="Z02"/><Quantity v="2775000"/><MeasureUnit v="KW1"/></Period><Period><TimeInterval v="2016-12-09T19:00Z/2016-12-09T20:00Z"/><Direction v="Z02"/><Quantity v="2775000"/><MeasureUnit v="KW1"/></Period><Period><TimeInterval v="2016-12-09T20:00Z/2016-12-09T21:00Z"/><Direction v="Z02"/><Quantity v="2775000"/><MeasureUnit v="KW1"/></Period><Period><TimeInterval v="2016-12-09T21:00Z/2016-12-09T22:00Z"/><Direction v="Z02"/><Quantity v="2775000"/><MeasureUnit v="KW1"/></Period><Period><TimeInterval v="2016-12-09T22:00Z/2016-12-09T23:00Z"/><Direction v="Z02"/><Quantity v="2775000"/><MeasureUnit v="KW1"/></Period><Period><TimeInterval v="2016-12-09T23:00Z/2016-12-10T00:00Z"/><Direction v="Z02"/><Quantity v="2775000"/><MeasureUnit v="KW1"/></Period><Period><TimeInterval v="2016-12-10T00:00Z/2016-12-10T01:00Z"/><Direction v="Z02"/><Quantity v="2775000"/><MeasureUnit v="KW1"/></Period><Period><TimeInterval v="2016-12-10T01:00Z/2016-12-10T02:00Z"/><Direction v="Z02"/><Quantity v="2775000"/><MeasureUnit v="KW1"/></Period><Period><TimeInterval v="2016-12-10T02:00Z/2016-12-10T03:00Z"/><Direction v="Z02"/><Quantity v="2775000"/><MeasureUnit v="KW1"/></Period><Period><TimeInterval v="2016-12-10T03:00Z/2016-12-10T04:00Z"/><Direction v="Z02"/><Quantity v="2775000"/><MeasureUnit v="KW1"/></Period><Period><TimeInterval v="2016-12-10T04:00Z/2016-12-10T05:00Z"/><Direction v="Z02"/><Quantity v="2775000"/><MeasureUnit v="KW1"/></Period></Category><Category><CapacityCode v="Z10"/><Period><TimeInterval v="2016-12-09T05:00Z/2016-12-09T06:00Z"/><Direction v="Z02"/><Quantity v="3"/><MeasureUnit v="KW1"/></Period><Period><TimeInterval v="2016-12-09T06:00Z/2016-12-09T07:00Z"/><Direction v="Z02"/><Quantity v="3"/><MeasureUnit v="KW1"/></Period><Period><TimeInterval v="2016-12-09T07:00Z/2016-12-09T08:00Z"/><Direction v="Z02"/><Quantity v="3"/><MeasureUnit v="KW1"/></Period><Period><TimeInterval v="2016-12-09T08:00Z/2016-12-09T09:00Z"/><Direction v="Z02"/><Quantity v="3"/><MeasureUnit v="KW1"/></Period><Period><TimeInterval v="2016-12-09T09:00Z/2016-12-09T10:00Z"/><Direction v="Z02"/><Quantity v="3"/><MeasureUnit v="KW1"/></Period><Period><TimeInterval v="2016-12-09T10:00Z/2016-12-09T11:00Z"/><Direction v="Z02"/><Quantity v="3"/><MeasureUnit v="KW1"/></Period><Period><TimeInterval v="2016-12-09T11:00Z/2016-12-09T12:00Z"/><Direction v="Z02"/><Quantity v="3"/><MeasureUnit v="KW1"/></Period><Period><TimeInterval v="2016-12-09T12:00Z/2016-12-09T13:00Z"/><Direction v="Z02"/><Quantity v="3"/><MeasureUnit v="KW1"/></Period><Period><TimeInterval v="2016-12-09T13:00Z/2016-12-09T14:00Z"/><Direction v="Z02"/><Quantity v="3"/><MeasureUnit v="KW1"/></Period><Period><TimeInterval v="2016-12-09T14:00Z/2016-12-09T15:00Z"/><Direction v="Z02"/><Quantity v="3"/><MeasureUnit v="KW1"/></Period><Period><TimeInterval v="2016-12-09T15:00Z/2016-12-09T16:00Z"/><Direction v="Z02"/><Quantity v="3"/><MeasureUnit v="KW1"/></Period><Period><TimeInterval v="2016-12-09T16:00Z/2016-12-09T17:00Z"/><Direction v="Z02"/><Quantity v="3"/><MeasureUnit v="KW1"/></Period><Period><TimeInterval v="2016-12-09T17:00Z/2016-12-09T18:00Z"/><Direction v="Z02"/><Quantity v="3"/><MeasureUnit v="KW1"/></Period><Period><TimeInterval v="2016-12-09T18:00Z/2016-12-09T19:00Z"/><Direction v="Z02"/><Quantity v="3"/><MeasureUnit v="KW1"/></Period><Period><TimeInterval v="2016-12-09T19:00Z/2016-12-09T20:00Z"/><Direction v="Z02"/><Quantity v="3"/><MeasureUnit v="KW1"/></Period><Period><TimeInterval v="2016-12-09T20:00Z/2016-12-09T21:00Z"/><Direction v="Z02"/><Quantity v="3"/><MeasureUnit v="KW1"/></Period><Period><TimeInterval v="2016-12-09T21:00Z/2016-12-09T22:00Z"/><Direction v="Z02"/><Quantity v="3"/><MeasureUnit v="KW1"/></Period><Period><TimeInterval v="2016-12-09T22:00Z/2016-12-09T23:00Z"/><Direction v="Z02"/><Quantity v="3"/><MeasureUnit v="KW1"/></Period><Period><TimeInterval v="2016-12-09T23:00Z/2016-12-10T00:00Z"/><Direction v="Z02"/><Quantity v="3"/><MeasureUnit v="KW1"/></Period><Period><TimeInterval v="2016-12-10T00:00Z/2016-12-10T01:00Z"/><Direction v="Z02"/><Quantity v="3"/><MeasureUnit v="KW1"/></Period><Period><TimeInterval v="2016-12-10T01:00Z/2016-12-10T02:00Z"/><Direction v="Z02"/><Quantity v="3"/><MeasureUnit v="KW1"/></Period><Period><TimeInterval v="2016-12-10T02:00Z/2016-12-10T03:00Z"/><Direction v="Z02"/><Quantity v="3"/><MeasureUnit v="KW1"/></Period><Period><TimeInterval v="2016-12-10T03:00Z/2016-12-10T04:00Z"/><Direction v="Z02"/><Quantity v="3"/><MeasureUnit v="KW1"/></Period><Period><TimeInterval v="2016-12-10T04:00Z/2016-12-10T05:00Z"/><Direction v="Z02"/><Quantity v="3"/><MeasureUnit v="KW1"/></Period></Category><Category><CapacityCode v="Z11"/><Period><TimeInterval v="2016-12-09T05:00Z/2016-12-09T06:00Z"/><Direction v="Z02"/><Quantity v="2775000"/><MeasureUnit v="KW1"/></Period><Period><TimeInterval v="2016-12-09T06:00Z/2016-12-09T07:00Z"/><Direction v="Z02"/><Quantity v="2775000"/><MeasureUnit v="KW1"/></Period><Period><TimeInterval v="2016-12-09T07:00Z/2016-12-09T08:00Z"/><Direction v="Z02"/><Quantity v="2775000"/><MeasureUnit v="KW1"/></Period><Period><TimeInterval v="2016-12-09T08:00Z/2016-12-09T09:00Z"/><Direction v="Z02"/><Quantity v="2775000"/><MeasureUnit v="KW1"/></Period><Period><TimeInterval v="2016-12-09T09:00Z/2016-12-09T10:00Z"/><Direction v="Z02"/><Quantity v="2775000"/><MeasureUnit v="KW1"/></Period><Period><TimeInterval v="2016-12-09T10:00Z/2016-12-09T11:00Z"/><Direction v="Z02"/><Quantity v="2775000"/><MeasureUnit v="KW1"/></Period><Period><TimeInterval v="2016-12-09T11:00Z/2016-12-09T12:00Z"/><Direction v="Z02"/><Quantity v="2775000"/><MeasureUnit v="KW1"/></Period><Period><TimeInterval v="2016-12-09T12:00Z/2016-12-09T13:00Z"/><Direction v="Z02"/><Quantity v="2775000"/><MeasureUnit v="KW1"/></Period><Period><TimeInterval v="2016-12-09T13:00Z/2016-12-09T14:00Z"/><Direction v="Z02"/><Quantity v="2775000"/><MeasureUnit v="KW1"/></Period><Period><TimeInterval v="2016-12-09T14:00Z/2016-12-09T15:00Z"/><Direction v="Z02"/><Quantity v="2775000"/><MeasureUnit v="KW1"/></Period><Period><TimeInterval v="2016-12-09T15:00Z/2016-12-09T16:00Z"/><Direction v="Z02"/><Quantity v="2775000"/><MeasureUnit v="KW1"/></Period><Period><TimeInterval v="2016-12-09T16:00Z/2016-12-09T17:00Z"/><Direction v="Z02"/><Quantity v="2775000"/><MeasureUnit v="KW1"/></Period><Period><TimeInterval v="2016-12-09T17:00Z/2016-12-09T18:00Z"/><Direction v="Z02"/><Quantity v="2775000"/><MeasureUnit v="KW1"/></Period><Period><TimeInterval v="2016-12-09T18:00Z/2016-12-09T19:00Z"/><Direction v="Z02"/><Quantity v="2775000"/><MeasureUnit v="KW1"/></Period><Period><TimeInterval v="2016-12-09T19:00Z/2016-12-09T20:00Z"/><Direction v="Z02"/><Quantity v="2775000"/><MeasureUnit v="KW1"/></Period><Period><TimeInterval v="2016-12-09T20:00Z/2016-12-09T21:00Z"/><Direction v="Z02"/><Quantity v="2775000"/><MeasureUnit v="KW1"/></Period><Period><TimeInterval v="2016-12-09T21:00Z/2016-12-09T22:00Z"/><Direction v="Z02"/><Quantity v="2775000"/><MeasureUnit v="KW1"/></Period><Period><TimeInterval v="2016-12-09T22:00Z/2016-12-09T23:00Z"/><Direction v="Z02"/><Quantity v="2775000"/><MeasureUnit v="KW1"/></Period><Period><TimeInterval v="2016-12-09T23:00Z/2016-12-10T00:00Z"/><Direction v="Z02"/><Quantity v="2775000"/><MeasureUnit v="KW1"/></Period><Period><TimeInterval v="2016-12-10T00:00Z/2016-12-10T01:00Z"/><Direction v="Z02"/><Quantity v="2775000"/><MeasureUnit v="KW1"/></Period><Period><TimeInterval v="2016-12-10T01:00Z/2016-12-10T02:00Z"/><Direction v="Z02"/><Quantity v="2775000"/><MeasureUnit v="KW1"/></Period><Period><TimeInterval v="2016-12-10T02:00Z/2016-12-10T03:00Z"/><Direction v="Z02"/><Quantity v="2775000"/><MeasureUnit v="KW1"/></Period><Period><TimeInterval v="2016-12-10T03:00Z/2016-12-10T04:00Z"/><Direction v="Z02"/><Quantity v="2775000"/><MeasureUnit v="KW1"/></Period><Period><TimeInterval v="2016-12-10T04:00Z/2016-12-10T05:00Z"/><Direction v="Z02"/><Quantity v="2775000"/><MeasureUnit v="KW1"/></Period></Category></ConnectionPoint><ConnectionPoint><Identification v="37Y000000000288Q" codingScheme="305"/><Type v="Z26"/><Category><CapacityCode v="Z06"/><Period><TimeInterval v="2016-12-09T05:00Z/2016-12-09T06:00Z"/><Direction v="Z02"/><Quantity v="1748398"/><MeasureUnit v="KW1"/></Period><Period><TimeInterval v="2016-12-09T06:00Z/2016-12-09T07:00Z"/><Direction v="Z02"/><Quantity v="1748398"/><MeasureUnit v="KW1"/></Period><Period><TimeInterval v="2016-12-09T07:00Z/2016-12-09T08:00Z"/><Direction v="Z02"/><Quantity v="1748398"/><MeasureUnit v="KW1"/></Period><Period><TimeInterval v="2016-12-09T08:00Z/2016-12-09T09:00Z"/><Direction v="Z02"/><Quantity v="1748398"/><MeasureUnit v="KW1"/></Period><Period><TimeInterval v="2016-12-09T09:00Z/2016-12-09T10:00Z"/><Direction v="Z02"/><Quantity v="1748398"/><MeasureUnit v="KW1"/></Period><Period><TimeInterval v="2016-12-09T10:00Z/2016-12-09T11:00Z"/><Direction v="Z02"/><Quantity v="1748398"/><MeasureUnit v="KW1"/></Period><Period><TimeInterval v="2016-12-09T11:00Z/2016-12-09T12:00Z"/><Direction v="Z02"/><Quantity v="1748398"/><MeasureUnit v="KW1"/></Period><Period><TimeInterval v="2016-12-09T12:00Z/2016-12-09T13:00Z"/><Direction v="Z02"/><Quantity v="1748398"/><MeasureUnit v="KW1"/></Period><Period><TimeInterval v="2016-12-09T13:00Z/2016-12-09T14:00Z"/><Direction v="Z02"/><Quantity v="1748398"/><MeasureUnit v="KW1"/></Period><Period><TimeInterval v="2016-12-09T14:00Z/2016-12-09T15:00Z"/><Direction v="Z02"/><Quantity v="1748398"/><MeasureUnit v="KW1"/></Period><Period><TimeInterval v="2016-12-09T15:00Z/2016-12-09T16:00Z"/><Direction v="Z02"/><Quantity v="1748398"/><MeasureUnit v="KW1"/></Period><Period><TimeInterval v="2016-12-09T16:00Z/2016-12-09T17:00Z"/><Direction v="Z02"/><Quantity v="1748398"/><MeasureUnit v="KW1"/></Period><Period><TimeInterval v="2016-12-09T17:00Z/2016-12-09T18:00Z"/><Direction v="Z02"/><Quantity v="1748398"/><MeasureUnit v="KW1"/></Period><Period><TimeInterval v="2016-12-09T18:00Z/2016-12-09T19:00Z"/><Direction v="Z02"/><Quantity v="1748398"/><MeasureUnit v="KW1"/></Period><Period><TimeInterval v="2016-12-09T19:00Z/2016-12-09T20:00Z"/><Direction v="Z02"/><Quantity v="1748398"/><MeasureUnit v="KW1"/></Period><Period><TimeInterval v="2016-12-09T20:00Z/2016-12-09T21:00Z"/><Direction v="Z02"/><Quantity v="1748398"/><MeasureUnit v="KW1"/></Period><Period><TimeInterval v="2016-12-09T21:00Z/2016-12-09T22:00Z"/><Direction v="Z02"/><Quantity v="1748398"/><MeasureUnit v="KW1"/></Period><Period><TimeInterval v="2016-12-09T22:00Z/2016-12-09T23:00Z"/><Direction v="Z02"/><Quantity v="1748398"/><MeasureUnit v="KW1"/></Period><Period><TimeInterval v="2016-12-09T23:00Z/2016-12-10T00:00Z"/><Direction v="Z02"/><Quantity v="1748398"/><MeasureUnit v="KW1"/></Period><Period><TimeInterval v="2016-12-10T00:00Z/2016-12-10T01:00Z"/><Direction v="Z02"/><Quantity v="1748398"/><MeasureUnit v="KW1"/></Period><Period><TimeInterval v="2016-12-10T01:00Z/2016-12-10T02:00Z"/><Direction v="Z02"/><Quantity v="1748398"/><MeasureUnit v="KW1"/></Period><Period><TimeInterval v="2016-12-10T02:00Z/2016-12-10T03:00Z"/><Direction v="Z02"/><Quantity v="1748398"/><MeasureUnit v="KW1"/></Period><Period><TimeInterval v="2016-12-10T03:00Z/2016-12-10T04:00Z"/><Direction v="Z02"/><Quantity v="1748398"/><MeasureUnit v="KW1"/></Period><Period><TimeInterval v="2016-12-10T04:00Z/2016-12-10T05:00Z"/><Direction v="Z02"/><Quantity v="1748398"/><MeasureUnit v="KW1"/></Period></Category><Category><CapacityCode v="Z07"/><Period><TimeInterval v="2016-12-09T05:00Z/2016-12-09T06:00Z"/><Direction v="Z02"/><Quantity v="1750000"/><MeasureUnit v="KW1"/></Period><Period><TimeInterval v="2016-12-09T06:00Z/2016-12-09T07:00Z"/><Direction v="Z02"/><Quantity v="1750000"/><MeasureUnit v="KW1"/></Period><Period><TimeInterval v="2016-12-09T07:00Z/2016-12-09T08:00Z"/><Direction v="Z02"/><Quantity v="1750000"/><MeasureUnit v="KW1"/></Period><Period><TimeInterval v="2016-12-09T08:00Z/2016-12-09T09:00Z"/><Direction v="Z02"/><Quantity v="1750000"/><MeasureUnit v="KW1"/></Period><Period><TimeInterval v="2016-12-09T09:00Z/2016-12-09T10:00Z"/><Direction v="Z02"/><Quantity v="1750000"/><MeasureUnit v="KW1"/></Period><Period><TimeInterval v="2016-12-09T10:00Z/2016-12-09T11:00Z"/><Direction v="Z02"/><Quantity v="1750000"/><MeasureUnit v="KW1"/></Period><Period><TimeInterval v="2016-12-09T11:00Z/2016-12-09T12:00Z"/><Direction v="Z02"/><Quantity v="1750000"/><MeasureUnit v="KW1"/></Period><Period><TimeInterval v="2016-12-09T12:00Z/2016-12-09T13:00Z"/><Direction v="Z02"/><Quantity v="1750000"/><MeasureUnit v="KW1"/></Period><Period><TimeInterval v="2016-12-09T13:00Z/2016-12-09T14:00Z"/><Direction v="Z02"/><Quantity v="1750000"/><MeasureUnit v="KW1"/></Period><Period><TimeInterval v="2016-12-09T14:00Z/2016-12-09T15:00Z"/><Direction v="Z02"/><Quantity v="1750000"/><MeasureUnit v="KW1"/></Period><Period><TimeInterval v="2016-12-09T15:00Z/2016-12-09T16:00Z"/><Direction v="Z02"/><Quantity v="1750000"/><MeasureUnit v="KW1"/></Period><Period><TimeInterval v="2016-12-09T16:00Z/2016-12-09T17:00Z"/><Direction v="Z02"/><Quantity v="1750000"/><MeasureUnit v="KW1"/></Period><Period><TimeInterval v="2016-12-09T17:00Z/2016-12-09T18:00Z"/><Direction v="Z02"/><Quantity v="1750000"/><MeasureUnit v="KW1"/></Period><Period><TimeInterval v="2016-12-09T18:00Z/2016-12-09T19:00Z"/><Direction v="Z02"/><Quantity v="1750000"/><MeasureUnit v="KW1"/></Period><Period><TimeInterval v="2016-12-09T19:00Z/2016-12-09T20:00Z"/><Direction v="Z02"/><Quantity v="1750000"/><MeasureUnit v="KW1"/></Period><Period><TimeInterval v="2016-12-09T20:00Z/2016-12-09T21:00Z"/><Direction v="Z02"/><Quantity v="1750000"/><MeasureUnit v="KW1"/></Period><Period><TimeInterval v="2016-12-09T21:00Z/2016-12-09T22:00Z"/><Direction v="Z02"/><Quantity v="1750000"/><MeasureUnit v="KW1"/></Period><Period><TimeInterval v="2016-12-09T22:00Z/2016-12-09T23:00Z"/><Direction v="Z02"/><Quantity v="1750000"/><MeasureUnit v="KW1"/></Period><Period><TimeInterval v="2016-12-09T23:00Z/2016-12-10T00:00Z"/><Direction v="Z02"/><Quantity v="1750000"/><MeasureUnit v="KW1"/></Period><Period><TimeInterval v="2016-12-10T00:00Z/2016-12-10T01:00Z"/><Direction v="Z02"/><Quantity v="1750000"/><MeasureUnit v="KW1"/></Period><Period><TimeInterval v="2016-12-10T01:00Z/2016-12-10T02:00Z"/><Direction v="Z02"/><Quantity v="1750000"/><MeasureUnit v="KW1"/></Period><Period><TimeInterval v="2016-12-10T02:00Z/2016-12-10T03:00Z"/><Direction v="Z02"/><Quantity v="1750000"/><MeasureUnit v="KW1"/></Period><Period><TimeInterval v="2016-12-10T03:00Z/2016-12-10T04:00Z"/><Direction v="Z02"/><Quantity v="1750000"/><MeasureUnit v="KW1"/></Period><Period><TimeInterval v="2016-12-10T04:00Z/2016-12-10T05:00Z"/><Direction v="Z02"/><Quantity v="1750000"/><MeasureUnit v="KW1"/></Period></Category><Category><CapacityCode v="Z09"/><Period><TimeInterval v="2016-12-09T05:00Z/2016-12-09T06:00Z"/><Direction v="Z02"/><Quantity v="10844"/><MeasureUnit v="KW1"/></Period><Period><TimeInterval v="2016-12-09T06:00Z/2016-12-09T07:00Z"/><Direction v="Z02"/><Quantity v="10844"/><MeasureUnit v="KW1"/></Period><Period><TimeInterval v="2016-12-09T07:00Z/2016-12-09T08:00Z"/><Direction v="Z02"/><Quantity v="10844"/><MeasureUnit v="KW1"/></Period><Period><TimeInterval v="2016-12-09T08:00Z/2016-12-09T09:00Z"/><Direction v="Z02"/><Quantity v="10844"/><MeasureUnit v="KW1"/></Period><Period><TimeInterval v="2016-12-09T09:00Z/2016-12-09T10:00Z"/><Direction v="Z02"/><Quantity v="10844"/><MeasureUnit v="KW1"/></Period><Period><TimeInterval v="2016-12-09T10:00Z/2016-12-09T11:00Z"/><Direction v="Z02"/><Quantity v="10844"/><MeasureUnit v="KW1"/></Period><Period><TimeInterval v="2016-12-09T11:00Z/2016-12-09T12:00Z"/><Direction v="Z02"/><Quantity v="10844"/><MeasureUnit v="KW1"/></Period><Period><TimeInterval v="2016-12-09T12:00Z/2016-12-09T13:00Z"/><Direction v="Z02"/><Quantity v="10844"/><MeasureUnit v="KW1"/></Period><Period><TimeInterval v="2016-12-09T13:00Z/2016-12-09T14:00Z"/><Direction v="Z02"/><Quantity v="10844"/><MeasureUnit v="KW1"/></Period><Period><TimeInterval v="2016-12-09T14:00Z/2016-12-09T15:00Z"/><Direction v="Z02"/><Quantity v="10844"/><MeasureUnit v="KW1"/></Period><Period><TimeInterval v="2016-12-09T15:00Z/2016-12-09T16:00Z"/><Direction v="Z02"/><Quantity v="10844"/><MeasureUnit v="KW1"/></Period><Period><TimeInterval v="2016-12-09T16:00Z/2016-12-09T17:00Z"/><Direction v="Z02"/><Quantity v="10844"/><MeasureUnit v="KW1"/></Period><Period><TimeInterval v="2016-12-09T17:00Z/2016-12-09T18:00Z"/><Direction v="Z02"/><Quantity v="10844"/><MeasureUnit v="KW1"/></Period><Period><TimeInterval v="2016-12-09T18:00Z/2016-12-09T19:00Z"/><Direction v="Z02"/><Quantity v="10844"/><MeasureUnit v="KW1"/></Period><Period><TimeInterval v="2016-12-09T19:00Z/2016-12-09T20:00Z"/><Direction v="Z02"/><Quantity v="10844"/><MeasureUnit v="KW1"/></Period><Period><TimeInterval v="2016-12-09T20:00Z/2016-12-09T21:00Z"/><Direction v="Z02"/><Quantity v="10844"/><MeasureUnit v="KW1"/></Period><Period><TimeInterval v="2016-12-09T21:00Z/2016-12-09T22:00Z"/><Direction v="Z02"/><Quantity v="10844"/><MeasureUnit v="KW1"/></Period><Period><TimeInterval v="2016-12-09T22:00Z/2016-12-09T23:00Z"/><Direction v="Z02"/><Quantity v="10844"/><MeasureUnit v="KW1"/></Period><Period><TimeInterval v="2016-12-09T23:00Z/2016-12-10T00:00Z"/><Direction v="Z02"/><Quantity v="10844"/><MeasureUnit v="KW1"/></Period><Period><TimeInterval v="2016-12-10T00:00Z/2016-12-10T01:00Z"/><Direction v="Z02"/><Quantity v="10844"/><MeasureUnit v="KW1"/></Period><Period><TimeInterval v="2016-12-10T01:00Z/2016-12-10T02:00Z"/><Direction v="Z02"/><Quantity v="10844"/><MeasureUnit v="KW1"/></Period><Period><TimeInterval v="2016-12-10T02:00Z/2016-12-10T03:00Z"/><Direction v="Z02"/><Quantity v="10844"/><MeasureUnit v="KW1"/></Period><Period><TimeInterval v="2016-12-10T03:00Z/2016-12-10T04:00Z"/><Direction v="Z02"/><Quantity v="10844"/><MeasureUnit v="KW1"/></Period><Period><TimeInterval v="2016-12-10T04:00Z/2016-12-10T05:00Z"/><Direction v="Z02"/><Quantity v="10844"/><MeasureUnit v="KW1"/></Period></Category><Category><CapacityCode v="Z10"/><Period><TimeInterval v="2016-12-09T05:00Z/2016-12-09T06:00Z"/><Direction v="Z02"/><Quantity v="9246"/><MeasureUnit v="KW1"/></Period><Period><TimeInterval v="2016-12-09T06:00Z/2016-12-09T07:00Z"/><Direction v="Z02"/><Quantity v="9246"/><MeasureUnit v="KW1"/></Period><Period><TimeInterval v="2016-12-09T07:00Z/2016-12-09T08:00Z"/><Direction v="Z02"/><Quantity v="9246"/><MeasureUnit v="KW1"/></Period><Period><TimeInterval v="2016-12-09T08:00Z/2016-12-09T09:00Z"/><Direction v="Z02"/><Quantity v="9246"/><MeasureUnit v="KW1"/></Period><Period><TimeInterval v="2016-12-09T09:00Z/2016-12-09T10:00Z"/><Direction v="Z02"/><Quantity v="9246"/><MeasureUnit v="KW1"/></Period><Period><TimeInterval v="2016-12-09T10:00Z/2016-12-09T11:00Z"/><Direction v="Z02"/><Quantity v="9246"/><MeasureUnit v="KW1"/></Period><Period><TimeInterval v="2016-12-09T11:00Z/2016-12-09T12:00Z"/><Direction v="Z02"/><Quantity v="9246"/><MeasureUnit v="KW1"/></Period><Period><TimeInterval v="2016-12-09T12:00Z/2016-12-09T13:00Z"/><Direction v="Z02"/><Quantity v="9246"/><MeasureUnit v="KW1"/></Period><Period><TimeInterval v="2016-12-09T13:00Z/2016-12-09T14:00Z"/><Direction v="Z02"/><Quantity v="9246"/><MeasureUnit v="KW1"/></Period><Period><TimeInterval v="2016-12-09T14:00Z/2016-12-09T15:00Z"/><Direction v="Z02"/><Quantity v="9246"/><MeasureUnit v="KW1"/></Period><Period><TimeInterval v="2016-12-09T15:00Z/2016-12-09T16:00Z"/><Direction v="Z02"/><Quantity v="9246"/><MeasureUnit v="KW1"/></Period><Period><TimeInterval v="2016-12-09T16:00Z/2016-12-09T17:00Z"/><Direction v="Z02"/><Quantity v="9246"/><MeasureUnit v="KW1"/></Period><Period><TimeInterval v="2016-12-09T17:00Z/2016-12-09T18:00Z"/><Direction v="Z02"/><Quantity v="9246"/><MeasureUnit v="KW1"/></Period><Period><TimeInterval v="2016-12-09T18:00Z/2016-12-09T19:00Z"/><Direction v="Z02"/><Quantity v="9246"/><MeasureUnit v="KW1"/></Period><Period><TimeInterval v="2016-12-09T19:00Z/2016-12-09T20:00Z"/><Direction v="Z02"/><Quantity v="9246"/><MeasureUnit v="KW1"/></Period><Period><TimeInterval v="2016-12-09T20:00Z/2016-12-09T21:00Z"/><Direction v="Z02"/><Quantity v="9246"/><MeasureUnit v="KW1"/></Period><Period><TimeInterval v="2016-12-09T21:00Z/2016-12-09T22:00Z"/><Direction v="Z02"/><Quantity v="9246"/><MeasureUnit v="KW1"/></Period><Period><TimeInterval v="2016-12-09T22:00Z/2016-12-09T23:00Z"/><Direction v="Z02"/><Quantity v="9246"/><MeasureUnit v="KW1"/></Period><Period><TimeInterval v="2016-12-09T23:00Z/2016-12-10T00:00Z"/><Direction v="Z02"/><Quantity v="9246"/><MeasureUnit v="KW1"/></Period><Period><TimeInterval v="2016-12-10T00:00Z/2016-12-10T01:00Z"/><Direction v="Z02"/><Quantity v="9246"/><MeasureUnit v="KW1"/></Period><Period><TimeInterval v="2016-12-10T01:00Z/2016-12-10T02:00Z"/><Direction v="Z02"/><Quantity v="9246"/><MeasureUnit v="KW1"/></Period><Period><TimeInterval v="2016-12-10T02:00Z/2016-12-10T03:00Z"/><Direction v="Z02"/><Quantity v="9246"/><MeasureUnit v="KW1"/></Period><Period><TimeInterval v="2016-12-10T03:00Z/2016-12-10T04:00Z"/><Direction v="Z02"/><Quantity v="9246"/><MeasureUnit v="KW1"/></Period><Period><TimeInterval v="2016-12-10T04:00Z/2016-12-10T05:00Z"/><Direction v="Z02"/><Quantity v="9246"/><MeasureUnit v="KW1"/></Period></Category><Category><CapacityCode v="Z11"/><Period><TimeInterval v="2016-12-09T05:00Z/2016-12-09T06:00Z"/><Direction v="Z02"/><Quantity v="1602"/><MeasureUnit v="KW1"/></Period><Period><TimeInterval v="2016-12-09T06:00Z/2016-12-09T07:00Z"/><Direction v="Z02"/><Quantity v="1602"/><MeasureUnit v="KW1"/></Period><Period><TimeInterval v="2016-12-09T07:00Z/2016-12-09T08:00Z"/><Direction v="Z02"/><Quantity v="1602"/><MeasureUnit v="KW1"/></Period><Period><TimeInterval v="2016-12-09T08:00Z/2016-12-09T09:00Z"/><Direction v="Z02"/><Quantity v="1602"/><MeasureUnit v="KW1"/></Period><Period><TimeInterval v="2016-12-09T09:00Z/2016-12-09T10:00Z"/><Direction v="Z02"/><Quantity v="1602"/><MeasureUnit v="KW1"/></Period><Period><TimeInterval v="2016-12-09T10:00Z/2016-12-09T11:00Z"/><Direction v="Z02"/><Quantity v="1602"/><MeasureUnit v="KW1"/></Period><Period><TimeInterval v="2016-12-09T11:00Z/2016-12-09T12:00Z"/><Direction v="Z02"/><Quantity v="1602"/><MeasureUnit v="KW1"/></Period><Period><TimeInterval v="2016-12-09T12:00Z/2016-12-09T13:00Z"/><Direction v="Z02"/><Quantity v="1602"/><MeasureUnit v="KW1"/></Period><Period><TimeInterval v="2016-12-09T13:00Z/2016-12-09T14:00Z"/><Direction v="Z02"/><Quantity v="1602"/><MeasureUnit v="KW1"/></Period><Period><TimeInterval v="2016-12-09T14:00Z/2016-12-09T15:00Z"/><Direction v="Z02"/><Quantity v="1602"/><MeasureUnit v="KW1"/></Period><Period><TimeInterval v="2016-12-09T15:00Z/2016-12-09T16:00Z"/><Direction v="Z02"/><Quantity v="1602"/><MeasureUnit v="KW1"/></Period><Period><TimeInterval v="2016-12-09T16:00Z/2016-12-09T17:00Z"/><Direction v="Z02"/><Quantity v="1602"/><MeasureUnit v="KW1"/></Period><Period><TimeInterval v="2016-12-09T17:00Z/2016-12-09T18:00Z"/><Direction v="Z02"/><Quantity v="1602"/><MeasureUnit v="KW1"/></Period><Period><TimeInterval v="2016-12-09T18:00Z/2016-12-09T19:00Z"/><Direction v="Z02"/><Quantity v="1602"/><MeasureUnit v="KW1"/></Period><Period><TimeInterval v="2016-12-09T19:00Z/2016-12-09T20:00Z"/><Direction v="Z02"/><Quantity v="1602"/><MeasureUnit v="KW1"/></Period><Period><TimeInterval v="2016-12-09T20:00Z/2016-12-09T21:00Z"/><Direction v="Z02"/><Quantity v="1602"/><MeasureUnit v="KW1"/></Period><Period><TimeInterval v="2016-12-09T21:00Z/2016-12-09T22:00Z"/><Direction v="Z02"/><Quantity v="1602"/><MeasureUnit v="KW1"/></Period><Period><TimeInterval v="2016-12-09T22:00Z/2016-12-09T23:00Z"/><Direction v="Z02"/><Quantity v="1602"/><MeasureUnit v="KW1"/></Period><Period><TimeInterval v="2016-12-09T23:00Z/2016-12-10T00:00Z"/><Direction v="Z02"/><Quantity v="1602"/><MeasureUnit v="KW1"/></Period><Period><TimeInterval v="2016-12-10T00:00Z/2016-12-10T01:00Z"/><Direction v="Z02"/><Quantity v="1602"/><MeasureUnit v="KW1"/></Period><Period><TimeInterval v="2016-12-10T01:00Z/2016-12-10T02:00Z"/><Direction v="Z02"/><Quantity v="1602"/><MeasureUnit v="KW1"/></Period><Period><TimeInterval v="2016-12-10T02:00Z/2016-12-10T03:00Z"/><Direction v="Z02"/><Quantity v="1602"/><MeasureUnit v="KW1"/></Period><Period><TimeInterval v="2016-12-10T03:00Z/2016-12-10T04:00Z"/><Direction v="Z02"/><Quantity v="1602"/><MeasureUnit v="KW1"/></Period><Period><TimeInterval v="2016-12-10T04:00Z/2016-12-10T05:00Z"/><Direction v="Z02"/><Quantity v="1602"/><MeasureUnit v="KW1"/></Period></Category></ConnectionPoint><ConnectionPoint><Identification v="21Z000000000343P" codingScheme="305"/><Type v="Z31"/><Category><CapacityCode v="Z06"/><Period><TimeInterval v="2016-12-09T05:00Z/2016-12-09T06:00Z"/><Direction v="Z03"/><Quantity v="4493861"/><MeasureUnit v="KW1"/></Period><Period><TimeInterval v="2016-12-09T06:00Z/2016-12-09T07:00Z"/><Direction v="Z03"/><Quantity v="4493861"/><MeasureUnit v="KW1"/></Period><Period><TimeInterval v="2016-12-09T07:00Z/2016-12-09T08:00Z"/><Direction v="Z03"/><Quantity v="4493861"/><MeasureUnit v="KW1"/></Period><Period><TimeInterval v="2016-12-09T08:00Z/2016-12-09T09:00Z"/><Direction v="Z03"/><Quantity v="4493861"/><MeasureUnit v="KW1"/></Period><Period><TimeInterval v="2016-12-09T09:00Z/2016-12-09T10:00Z"/><Direction v="Z03"/><Quantity v="4493861"/><MeasureUnit v="KW1"/></Period><Period><TimeInterval v="2016-12-09T10:00Z/2016-12-09T11:00Z"/><Direction v="Z03"/><Quantity v="4493861"/><MeasureUnit v="KW1"/></Period><Period><TimeInterval v="2016-12-09T11:00Z/2016-12-09T12:00Z"/><Direction v="Z03"/><Quantity v="4493861"/><MeasureUnit v="KW1"/></Period><Period><TimeInterval v="2016-12-09T12:00Z/2016-12-09T13:00Z"/><Direction v="Z03"/><Quantity v="4493861"/><MeasureUnit v="KW1"/></Period><Period><TimeInterval v="2016-12-09T13:00Z/2016-12-09T14:00Z"/><Direction v="Z03"/><Quantity v="4493861"/><MeasureUnit v="KW1"/></Period><Period><TimeInterval v="2016-12-09T14:00Z/2016-12-09T15:00Z"/><Direction v="Z03"/><Quantity v="4493861"/><MeasureUnit v="KW1"/></Period><Period><TimeInterval v="2016-12-09T15:00Z/2016-12-09T16:00Z"/><Direction v="Z03"/><Quantity v="4493861"/><MeasureUnit v="KW1"/></Period><Period><TimeInterval v="2016-12-09T16:00Z/2016-12-09T17:00Z"/><Direction v="Z03"/><Quantity v="4493861"/><MeasureUnit v="KW1"/></Period><Period><TimeInterval v="2016-12-09T17:00Z/2016-12-09T18:00Z"/><Direction v="Z03"/><Quantity v="4493861"/><MeasureUnit v="KW1"/></Period><Period><TimeInterval v="2016-12-09T18:00Z/2016-12-09T19:00Z"/><Direction v="Z03"/><Quantity v="4493861"/><MeasureUnit v="KW1"/></Period><Period><TimeInterval v="2016-12-09T19:00Z/2016-12-09T20:00Z"/><Direction v="Z03"/><Quantity v="4493861"/><MeasureUnit v="KW1"/></Period><Period><TimeInterval v="2016-12-09T20:00Z/2016-12-09T21:00Z"/><Direction v="Z03"/><Quantity v="4493861"/><MeasureUnit v="KW1"/></Period><Period><TimeInterval v="2016-12-09T21:00Z/2016-12-09T22:00Z"/><Direction v="Z03"/><Quantity v="4493861"/><MeasureUnit v="KW1"/></Period><Period><TimeInterval v="2016-12-09T22:00Z/2016-12-09T23:00Z"/><Direction v="Z03"/><Quantity v="4493861"/><MeasureUnit v="KW1"/></Period><Period><TimeInterval v="2016-12-09T23:00Z/2016-12-10T00:00Z"/><Direction v="Z03"/><Quantity v="4493861"/><MeasureUnit v="KW1"/></Period><Period><TimeInterval v="2016-12-10T00:00Z/2016-12-10T01:00Z"/><Direction v="Z03"/><Quantity v="4493861"/><MeasureUnit v="KW1"/></Period><Period><TimeInterval v="2016-12-10T01:00Z/2016-12-10T02:00Z"/><Direction v="Z03"/><Quantity v="4493861"/><MeasureUnit v="KW1"/></Period><Period><TimeInterval v="2016-12-10T02:00Z/2016-12-10T03:00Z"/><Direction v="Z03"/><Quantity v="4493861"/><MeasureUnit v="KW1"/></Period><Period><TimeInterval v="2016-12-10T03:00Z/2016-12-10T04:00Z"/><Direction v="Z03"/><Quantity v="4493861"/><MeasureUnit v="KW1"/></Period><Period><TimeInterval v="2016-12-10T04:00Z/2016-12-10T05:00Z"/><Direction v="Z03"/><Quantity v="4493861"/><MeasureUnit v="KW1"/></Period></Category><Category><CapacityCode v="Z07"/><Period><TimeInterval v="2016-12-09T05:00Z/2016-12-09T06:00Z"/><Direction v="Z03"/><Quantity v="19148500"/><MeasureUnit v="KW1"/></Period><Period><TimeInterval v="2016-12-09T06:00Z/2016-12-09T07:00Z"/><Direction v="Z03"/><Quantity v="19148500"/><MeasureUnit v="KW1"/></Period><Period><TimeInterval v="2016-12-09T07:00Z/2016-12-09T08:00Z"/><Direction v="Z03"/><Quantity v="19148500"/><MeasureUnit v="KW1"/></Period><Period><TimeInterval v="2016-12-09T08:00Z/2016-12-09T09:00Z"/><Direction v="Z03"/><Quantity v="19148500"/><MeasureUnit v="KW1"/></Period><Period><TimeInterval v="2016-12-09T09:00Z/2016-12-09T10:00Z"/><Direction v="Z03"/><Quantity v="19148500"/><MeasureUnit v="KW1"/></Period><Period><TimeInterval v="2016-12-09T10:00Z/2016-12-09T11:00Z"/><Direction v="Z03"/><Quantity v="19148500"/><MeasureUnit v="KW1"/></Period><Period><TimeInterval v="2016-12-09T11:00Z/2016-12-09T12:00Z"/><Direction v="Z03"/><Quantity v="19148500"/><MeasureUnit v="KW1"/></Period><Period><TimeInterval v="2016-12-09T12:00Z/2016-12-09T13:00Z"/><Direction v="Z03"/><Quantity v="19148500"/><MeasureUnit v="KW1"/></Period><Period><TimeInterval v="2016-12-09T13:00Z/2016-12-09T14:00Z"/><Direction v="Z03"/><Quantity v="19148500"/><MeasureUnit v="KW1"/></Period><Period><TimeInterval v="2016-12-09T14:00Z/2016-12-09T15:00Z"/><Direction v="Z03"/><Quantity v="19148500"/><MeasureUnit v="KW1"/></Period><Period><TimeInterval v="2016-12-09T15:00Z/2016-12-09T16:00Z"/><Direction v="Z03"/><Quantity v="19148500"/><MeasureUnit v="KW1"/></Period><Period><TimeInterval v="2016-12-09T16:00Z/2016-12-09T17:00Z"/><Direction v="Z03"/><Quantity v="19148500"/><MeasureUnit v="KW1"/></Period><Period><TimeInterval v="2016-12-09T17:00Z/2016-12-09T18:00Z"/><Direction v="Z03"/><Quantity v="19148500"/><MeasureUnit v="KW1"/></Period><Period><TimeInterval v="2016-12-09T18:00Z/2016-12-09T19:00Z"/><Direction v="Z03"/><Quantity v="19148500"/><MeasureUnit v="KW1"/></Period><Period><TimeInterval v="2016-12-09T19:00Z/2016-12-09T20:00Z"/><Direction v="Z03"/><Quantity v="19148500"/><MeasureUnit v="KW1"/></Period><Period><TimeInterval v="2016-12-09T20:00Z/2016-12-09T21:00Z"/><Direction v="Z03"/><Quantity v="19148500"/><MeasureUnit v="KW1"/></Period><Period><TimeInterval v="2016-12-09T21:00Z/2016-12-09T22:00Z"/><Direction v="Z03"/><Quantity v="19148500"/><MeasureUnit v="KW1"/></Period><Period><TimeInterval v="2016-12-09T22:00Z/2016-12-09T23:00Z"/><Direction v="Z03"/><Quantity v="19148500"/><MeasureUnit v="KW1"/></Period><Period><TimeInterval v="2016-12-09T23:00Z/2016-12-10T00:00Z"/><Direction v="Z03"/><Quantity v="19148500"/><MeasureUnit v="KW1"/></Period><Period><TimeInterval v="2016-12-10T00:00Z/2016-12-10T01:00Z"/><Direction v="Z03"/><Quantity v="19148500"/><MeasureUnit v="KW1"/></Period><Period><TimeInterval v="2016-12-10T01:00Z/2016-12-10T02:00Z"/><Direction v="Z03"/><Quantity v="19148500"/><MeasureUnit v="KW1"/></Period><Period><TimeInterval v="2016-12-10T02:00Z/2016-12-10T03:00Z"/><Direction v="Z03"/><Quantity v="19148500"/><MeasureUnit v="KW1"/></Period><Period><TimeInterval v="2016-12-10T03:00Z/2016-12-10T04:00Z"/><Direction v="Z03"/><Quantity v="19148500"/><MeasureUnit v="KW1"/></Period><Period><TimeInterval v="2016-12-10T04:00Z/2016-12-10T05:00Z"/><Direction v="Z03"/><Quantity v="19148500"/><MeasureUnit v="KW1"/></Period></Category><Category><CapacityCode v="Z10"/><Period><TimeInterval v="2016-12-09T05:00Z/2016-12-09T06:00Z"/><Direction v="Z03"/><Quantity v="5412393"/><MeasureUnit v="KW1"/></Period><Period><TimeInterval v="2016-12-09T06:00Z/2016-12-09T07:00Z"/><Direction v="Z03"/><Quantity v="5412393"/><MeasureUnit v="KW1"/></Period><Period><TimeInterval v="2016-12-09T07:00Z/2016-12-09T08:00Z"/><Direction v="Z03"/><Quantity v="5412393"/><MeasureUnit v="KW1"/></Period><Period><TimeInterval v="2016-12-09T08:00Z/2016-12-09T09:00Z"/><Direction v="Z03"/><Quantity v="5412393"/><MeasureUnit v="KW1"/></Period><Period><TimeInterval v="2016-12-09T09:00Z/2016-12-09T10:00Z"/><Direction v="Z03"/><Quantity v="5412393"/><MeasureUnit v="KW1"/></Period><Period><TimeInterval v="2016-12-09T10:00Z/2016-12-09T11:00Z"/><Direction v="Z03"/><Quantity v="5412393"/><MeasureUnit v="KW1"/></Period><Period><TimeInterval v="2016-12-09T11:00Z/2016-12-09T12:00Z"/><Direction v="Z03"/><Quantity v="5412393"/><MeasureUnit v="KW1"/></Period><Period><TimeInterval v="2016-12-09T12:00Z/2016-12-09T13:00Z"/><Direction v="Z03"/><Quantity v="5412393"/><MeasureUnit v="KW1"/></Period><Period><TimeInterval v="2016-12-09T13:00Z/2016-12-09T14:00Z"/><Direction v="Z03"/><Quantity v="5412393"/><MeasureUnit v="KW1"/></Period><Period><TimeInterval v="2016-12-09T14:00Z/2016-12-09T15:00Z"/><Direction v="Z03"/><Quantity v="5412393"/><MeasureUnit v="KW1"/></Period><Period><TimeInterval v="2016-12-09T15:00Z/2016-12-09T16:00Z"/><Direction v="Z03"/><Quantity v="5412393"/><MeasureUnit v="KW1"/></Period><Period><TimeInterval v="2016-12-09T16:00Z/2016-12-09T17:00Z"/><Direction v="Z03"/><Quantity v="5412393"/><MeasureUnit v="KW1"/></Period><Period><TimeInterval v="2016-12-09T17:00Z/2016-12-09T18:00Z"/><Direction v="Z03"/><Quantity v="5412393"/><MeasureUnit v="KW1"/></Period><Period><TimeInterval v="2016-12-09T18:00Z/2016-12-09T19:00Z"/><Direction v="Z03"/><Quantity v="5412393"/><MeasureUnit v="KW1"/></Period><Period><TimeInterval v="2016-12-09T19:00Z/2016-12-09T20:00Z"/><Direction v="Z03"/><Quantity v="5412393"/><MeasureUnit v="KW1"/></Period><Period><TimeInterval v="2016-12-09T20:00Z/2016-12-09T21:00Z"/><Direction v="Z03"/><Quantity v="5412393"/><MeasureUnit v="KW1"/></Period><Period><TimeInterval v="2016-12-09T21:00Z/2016-12-09T22:00Z"/><Direction v="Z03"/><Quantity v="5412393"/><MeasureUnit v="KW1"/></Period><Period><TimeInterval v="2016-12-09T22:00Z/2016-12-09T23:00Z"/><Direction v="Z03"/><Quantity v="5412393"/><MeasureUnit v="KW1"/></Period><Period><TimeInterval v="2016-12-09T23:00Z/2016-12-10T00:00Z"/><Direction v="Z03"/><Quantity v="5412393"/><MeasureUnit v="KW1"/></Period><Period><TimeInterval v="2016-12-10T00:00Z/2016-12-10T01:00Z"/><Direction v="Z03"/><Quantity v="5412393"/><MeasureUnit v="KW1"/></Period><Period><TimeInterval v="2016-12-10T01:00Z/2016-12-10T02:00Z"/><Direction v="Z03"/><Quantity v="5412393"/><MeasureUnit v="KW1"/></Period><Period><TimeInterval v="2016-12-10T02:00Z/2016-12-10T03:00Z"/><Direction v="Z03"/><Quantity v="5412393"/><MeasureUnit v="KW1"/></Period><Period><TimeInterval v="2016-12-10T03:00Z/2016-12-10T04:00Z"/><Direction v="Z03"/><Quantity v="5412393"/><MeasureUnit v="KW1"/></Period><Period><TimeInterval v="2016-12-10T04:00Z/2016-12-10T05:00Z"/><Direction v="Z03"/><Quantity v="5412393"/><MeasureUnit v="KW1"/></Period></Category><Category><CapacityCode v="Z11"/><Period><TimeInterval v="2016-12-09T05:00Z/2016-12-09T06:00Z"/><Direction v="Z03"/><Quantity v="14654639"/><MeasureUnit v="KW1"/></Period><Period><TimeInterval v="2016-12-09T06:00Z/2016-12-09T07:00Z"/><Direction v="Z03"/><Quantity v="14654639"/><MeasureUnit v="KW1"/></Period><Period><TimeInterval v="2016-12-09T07:00Z/2016-12-09T08:00Z"/><Direction v="Z03"/><Quantity v="14654639"/><MeasureUnit v="KW1"/></Period><Period><TimeInterval v="2016-12-09T08:00Z/2016-12-09T09:00Z"/><Direction v="Z03"/><Quantity v="14654639"/><MeasureUnit v="KW1"/></Period><Period><TimeInterval v="2016-12-09T09:00Z/2016-12-09T10:00Z"/><Direction v="Z03"/><Quantity v="14654639"/><MeasureUnit v="KW1"/></Period><Period><TimeInterval v="2016-12-09T10:00Z/2016-12-09T11:00Z"/><Direction v="Z03"/><Quantity v="14654639"/><MeasureUnit v="KW1"/></Period><Period><TimeInterval v="2016-12-09T11:00Z/2016-12-09T12:00Z"/><Direction v="Z03"/><Quantity v="14654639"/><MeasureUnit v="KW1"/></Period><Period><TimeInterval v="2016-12-09T12:00Z/2016-12-09T13:00Z"/><Direction v="Z03"/><Quantity v="14654639"/><MeasureUnit v="KW1"/></Period><Period><TimeInterval v="2016-12-09T13:00Z/2016-12-09T14:00Z"/><Direction v="Z03"/><Quantity v="14654639"/><MeasureUnit v="KW1"/></Period><Period><TimeInterval v="2016-12-09T14:00Z/2016-12-09T15:00Z"/><Direction v="Z03"/><Quantity v="14654639"/><MeasureUnit v="KW1"/></Period><Period><TimeInterval v="2016-12-09T15:00Z/2016-12-09T16:00Z"/><Direction v="Z03"/><Quantity v="14654639"/><MeasureUnit v="KW1"/></Period><Period><TimeInterval v="2016-12-09T16:00Z/2016-12-09T17:00Z"/><Direction v="Z03"/><Quantity v="14654639"/><MeasureUnit v="KW1"/></Period><Period><TimeInterval v="2016-12-09T17:00Z/2016-12-09T18:00Z"/><Direction v="Z03"/><Quantity v="14654639"/><MeasureUnit v="KW1"/></Period><Period><TimeInterval v="2016-12-09T18:00Z/2016-12-09T19:00Z"/><Direction v="Z03"/><Quantity v="14654639"/><MeasureUnit v="KW1"/></Period><Period><TimeInterval v="2016-12-09T19:00Z/2016-12-09T20:00Z"/><Direction v="Z03"/><Quantity v="14654639"/><MeasureUnit v="KW1"/></Period><Period><TimeInterval v="2016-12-09T20:00Z/2016-12-09T21:00Z"/><Direction v="Z03"/><Quantity v="14654639"/><MeasureUnit v="KW1"/></Period><Period><TimeInterval v="2016-12-09T21:00Z/2016-12-09T22:00Z"/><Direction v="Z03"/><Quantity v="14654639"/><MeasureUnit v="KW1"/></Period><Period><TimeInterval v="2016-12-09T22:00Z/2016-12-09T23:00Z"/><Direction v="Z03"/><Quantity v="14654639"/><MeasureUnit v="KW1"/></Period><Period><TimeInterval v="2016-12-09T23:00Z/2016-12-10T00:00Z"/><Direction v="Z03"/><Quantity v="14654639"/><MeasureUnit v="KW1"/></Period><Period><TimeInterval v="2016-12-10T00:00Z/2016-12-10T01:00Z"/><Direction v="Z03"/><Quantity v="14654639"/><MeasureUnit v="KW1"/></Period><Period><TimeInterval v="2016-12-10T01:00Z/2016-12-10T02:00Z"/><Direction v="Z03"/><Quantity v="14654639"/><MeasureUnit v="KW1"/></Period><Period><TimeInterval v="2016-12-10T02:00Z/2016-12-10T03:00Z"/><Direction v="Z03"/><Quantity v="14654639"/><MeasureUnit v="KW1"/></Period><Period><TimeInterval v="2016-12-10T03:00Z/2016-12-10T04:00Z"/><Direction v="Z03"/><Quantity v="14654639"/><MeasureUnit v="KW1"/></Period><Period><TimeInterval v="2016-12-10T04:00Z/2016-12-10T05:00Z"/><Direction v="Z03"/><Quantity v="14654639"/><MeasureUnit v="KW1"/></Period></Category></ConnectionPoint></TransparencyPublication>