<?xml version="1.0" encoding="UTF-8"?><TransparencyPublication Version="EGAS50" Release="A"><Identification v="TRANPB20170104A104227"/><Version v="1"/><Type v="AL4"/><CreationDateTime v="2017-01-04T07:06:57.562Z"/><ValidityPeriod v="2016-12-19T05:00Z/2016-12-20T05:00Z"/><IssuerIdentification v="21X-DE-C-A0A0A-T" codingScheme="305"/><IssuerRole v="ZSO"/><RecipientIdentification v="10X1001A1001A353" codingScheme="305"/><RecipientRole v="ZUA"/><ConnectionPoint><Identification v="21Z000000000237O" codingScheme="305"/><Type v="Z26"/><Category><CapacityCode v="Z12"/><Period><TimeInterval v="2016-12-19T05:00Z/2016-12-19T06:00Z"/><Direction v="Z02"/><Quantity v="2284988"/><MeasureUnit v="KW1"/></Period><Period><TimeInterval v="2016-12-19T06:00Z/2016-12-19T07:00Z"/><Direction v="Z02"/><Quantity v="2284988"/><MeasureUnit v="KW1"/></Period><Period><TimeInterval v="2016-12-19T07:00Z/2016-12-19T08:00Z"/><Direction v="Z02"/><Quantity v="2284988"/><MeasureUnit v="KW1"/></Period><Period><TimeInterval v="2016-12-19T08:00Z/2016-12-19T09:00Z"/><Direction v="Z02"/><Quantity v="2284988"/><MeasureUnit v="KW1"/></Period><Period><TimeInterval v="2016-12-19T09:00Z/2016-12-19T10:00Z"/><Direction v="Z02"/><Quantity v="2284988"/><MeasureUnit v="KW1"/></Period><Period><TimeInterval v="2016-12-19T10:00Z/2016-12-19T11:00Z"/><Direction v="Z02"/><Quantity v="2284988"/><MeasureUnit v="KW1"/></Period><Period><TimeInterval v="2016-12-19T11:00Z/2016-12-19T12:00Z"/><Direction v="Z02"/><Quantity v="2284988"/><MeasureUnit v="KW1"/></Period><Period><TimeInterval v="2016-12-19T12:00Z/2016-12-19T13:00Z"/><Direction v="Z02"/><Quantity v="2284988"/><MeasureUnit v="KW1"/></Period><Period><TimeInterval v="2016-12-19T13:00Z/2016-12-19T14:00Z"/><Direction v="Z02"/><Quantity v="2284988"/><MeasureUnit v="KW1"/></Period><Period><TimeInterval v="2016-12-19T14:00Z/2016-12-19T15:00Z"/><Direction v="Z02"/><Quantity v="2284988"/><MeasureUnit v="KW1"/></Period><Period><TimeInterval v="2016-12-19T15:00Z/2016-12-19T16:00Z"/><Direction v="Z02"/><Quantity v="2284988"/><MeasureUnit v="KW1"/></Period><Period><TimeInterval v="2016-12-19T16:00Z/2016-12-19T17:00Z"/><Direction v="Z02"/><Quantity v="2284988"/><MeasureUnit v="KW1"/></Period><Period><TimeInterval v="2016-12-19T17:00Z/2016-12-19T18:00Z"/><Direction v="Z02"/><Quantity v="2284988"/><MeasureUnit v="KW1"/></Period><Period><TimeInterval v="2016-12-19T18:00Z/2016-12-19T19:00Z"/><Direction v="Z02"/><Quantity v="2284988"/><MeasureUnit v="KW1"/></Period><Period><TimeInterval v="2016-12-19T19:00Z/2016-12-19T20:00Z"/><Direction v="Z02"/><Quantity v="2284988"/><MeasureUnit v="KW1"/></Period><Period><TimeInterval v="2016-12-19T20:00Z/2016-12-19T21:00Z"/><Direction v="Z02"/><Quantity v="2284988"/><MeasureUnit v="KW1"/></Period><Period><TimeInterval v="2016-12-19T21:00Z/2016-12-19T22:00Z"/><Direction v="Z02"/><Quantity v="2284988"/><MeasureUnit v="KW1"/></Period><Period><TimeInterval v="2016-12-19T22:00Z/2016-12-19T23:00Z"/><Direction v="Z02"/><Quantity v="2284988"/><MeasureUnit v="KW1"/></Period><Period><TimeInterval v="2016-12-19T23:00Z/2016-12-20T00:00Z"/><Direction v="Z02"/><Quantity v="2284988"/><MeasureUnit v="KW1"/></Period><Period><TimeInterval v="2016-12-20T00:00Z/2016-12-20T01:00Z"/><Direction v="Z02"/><Quantity v="2284988"/><MeasureUnit v="KW1"/></Period><Period><TimeInterval v="2016-12-20T01:00Z/2016-12-20T02:00Z"/><Direction v="Z02"/><Quantity v="2284988"/><MeasureUnit v="KW1"/></Period><Period><TimeInterval v="2016-12-20T02:00Z/2016-12-20T03:00Z"/><Direction v="Z02"/><Quantity v="2284988"/><MeasureUnit v="KW1"/></Period><Period><TimeInterval v="2016-12-20T03:00Z/2016-12-20T04:00Z"/><Direction v="Z02"/><Quantity v="2284988"/><MeasureUnit v="KW1"/></Period><Period><TimeInterval v="2016-12-20T04:00Z/2016-12-20T05:00Z"/><Direction v="Z02"/><Quantity v="2284988"/><MeasureUnit v="KW1"/></Period><Period><TimeInterval v="2016-12-19T05:00Z/2016-12-19T06:00Z"/><Direction v="Z03"/><Quantity v="135"/><MeasureUnit v="KW1"/></Period><Period><TimeInterval v="2016-12-19T06:00Z/2016-12-19T07:00Z"/><Direction v="Z03"/><Quantity v="135"/><MeasureUnit v="KW1"/></Period><Period><TimeInterval v="2016-12-19T07:00Z/2016-12-19T08:00Z"/><Direction v="Z03"/><Quantity v="135"/><MeasureUnit v="KW1"/></Period><Period><TimeInterval v="2016-12-19T08:00Z/2016-12-19T09:00Z"/><Direction v="Z03"/><Quantity v="135"/><MeasureUnit v="KW1"/></Period><Period><TimeInterval v="2016-12-19T09:00Z/2016-12-19T10:00Z"/><Direction v="Z03"/><Quantity v="135"/><MeasureUnit v="KW1"/></Period><Period><TimeInterval v="2016-12-19T10:00Z/2016-12-19T11:00Z"/><Direction v="Z03"/><Quantity v="135"/><MeasureUnit v="KW1"/></Period><Period><TimeInterval v="2016-12-19T11:00Z/2016-12-19T12:00Z"/><Direction v="Z03"/><Quantity v="135"/><MeasureUnit v="KW1"/></Period><Period><TimeInterval v="2016-12-19T12:00Z/2016-12-19T13:00Z"/><Direction v="Z03"/><Quantity v="135"/><MeasureUnit v="KW1"/></Period><Period><TimeInterval v="2016-12-19T13:00Z/2016-12-19T14:00Z"/><Direction v="Z03"/><Quantity v="135"/><MeasureUnit v="KW1"/></Period><Period><TimeInterval v="2016-12-19T14:00Z/2016-12-19T15:00Z"/><Direction v="Z03"/><Quantity v="135"/><MeasureUnit v="KW1"/></Period><Period><TimeInterval v="2016-12-19T15:00Z/2016-12-19T16:00Z"/><Direction v="Z03"/><Quantity v="135"/><MeasureUnit v="KW1"/></Period><Period><TimeInterval v="2016-12-19T16:00Z/2016-12-19T17:00Z"/><Direction v="Z03"/><Quantity v="135"/><MeasureUnit v="KW1"/></Period><Period><TimeInterval v="2016-12-19T17:00Z/2016-12-19T18:00Z"/><Direction v="Z03"/><Quantity v="135"/><MeasureUnit v="KW1"/></Period><Period><TimeInterval v="2016-12-19T18:00Z/2016-12-19T19:00Z"/><Direction v="Z03"/><Quantity v="135"/><MeasureUnit v="KW1"/></Period><Period><TimeInterval v="2016-12-19T19:00Z/2016-12-19T20:00Z"/><Direction v="Z03"/><Quantity v="135"/><MeasureUnit v="KW1"/></Period><Period><TimeInterval v="2016-12-19T20:00Z/2016-12-19T21:00Z"/><Direction v="Z03"/><Quantity v="135"/><MeasureUnit v="KW1"/></Period><Period><TimeInterval v="2016-12-19T21:00Z/2016-12-19T22:00Z"/><Direction v="Z03"/><Quantity v="135"/><MeasureUnit v="KW1"/></Period><Period><TimeInterval v="2016-12-19T22:00Z/2016-12-19T23:00Z"/><Direction v="Z03"/><Quantity v="135"/><MeasureUnit v="KW1"/></Period><Period><TimeInterval v="2016-12-19T23:00Z/2016-12-20T00:00Z"/><Direction v="Z03"/><Quantity v="135"/><MeasureUnit v="KW1"/></Period><Period><TimeInterval v="2016-12-20T00:00Z/2016-12-20T01:00Z"/><Direction v="Z03"/><Quantity v="135"/><MeasureUnit v="KW1"/></Period><Period><TimeInterval v="2016-12-20T01:00Z/2016-12-20T02:00Z"/><Direction v="Z03"/><Quantity v="135"/><MeasureUnit v="KW1"/></Period><Period><TimeInterval v="2016-12-20T02:00Z/2016-12-20T03:00Z"/><Direction v="Z03"/><Quantity v="135"/><MeasureUnit v="KW1"/></Period><Period><TimeInterval v="2016-12-20T03:00Z/2016-12-20T04:00Z"/><Direction v="Z03"/><Quantity v="135"/><MeasureUnit v="KW1"/></Period><Period><TimeInterval v="2016-12-20T04:00Z/2016-12-20T05:00Z"/><Direction v="Z03"/><Quantity v="135"/><MeasureUnit v="KW1"/></Period></Category><Category><CapacityCode v="Z14"/><Period><TimeInterval v="2016-12-19T05:00Z/2016-12-19T06:00Z"/><Direction v="Z02"/><Quantity v="2284982"/><MeasureUnit v="KW1"/></Period><Period><TimeInterval v="2016-12-19T06:00Z/2016-12-19T07:00Z"/><Direction v="Z02"/><Quantity v="2284982"/><MeasureUnit v="KW1"/></Period><Period><TimeInterval v="2016-12-19T07:00Z/2016-12-19T08:00Z"/><Direction v="Z02"/><Quantity v="2284982"/><MeasureUnit v="KW1"/></Period><Period><TimeInterval v="2016-12-19T08:00Z/2016-12-19T09:00Z"/><Direction v="Z02"/><Quantity v="2284982"/><MeasureUnit v="KW1"/></Period><Period><TimeInterval v="2016-12-19T09:00Z/2016-12-19T10:00Z"/><Direction v="Z02"/><Quantity v="2284982"/><MeasureUnit v="KW1"/></Period><Period><TimeInterval v="2016-12-19T10:00Z/2016-12-19T11:00Z"/><Direction v="Z02"/><Quantity v="2284982"/><MeasureUnit v="KW1"/></Period><Period><TimeInterval v="2016-12-19T11:00Z/2016-12-19T12:00Z"/><Direction v="Z02"/><Quantity v="2284982"/><MeasureUnit v="KW1"/></Period><Period><TimeInterval v="2016-12-19T12:00Z/2016-12-19T13:00Z"/><Direction v="Z02"/><Quantity v="2284982"/><MeasureUnit v="KW1"/></Period><Period><TimeInterval v="2016-12-19T13:00Z/2016-12-19T14:00Z"/><Direction v="Z02"/><Quantity v="2284982"/><MeasureUnit v="KW1"/></Period><Period><TimeInterval v="2016-12-19T14:00Z/2016-12-19T15:00Z"/><Direction v="Z02"/><Quantity v="2284982"/><MeasureUnit v="KW1"/></Period><Period><TimeInterval v="2016-12-19T15:00Z/2016-12-19T16:00Z"/><Direction v="Z02"/><Quantity v="2284982"/><MeasureUnit v="KW1"/></Period><Period><TimeInterval v="2016-12-19T16:00Z/2016-12-19T17:00Z"/><Direction v="Z02"/><Quantity v="2284982"/><MeasureUnit v="KW1"/></Period><Period><TimeInterval v="2016-12-19T17:00Z/2016-12-19T18:00Z"/><Direction v="Z02"/><Quantity v="2284982"/><MeasureUnit v="KW1"/></Period><Period><TimeInterval v="2016-12-19T18:00Z/2016-12-19T19:00Z"/><Direction v="Z02"/><Quantity v="2284982"/><MeasureUnit v="KW1"/></Period><Period><TimeInterval v="2016-12-19T19:00Z/2016-12-19T20:00Z"/><Direction v="Z02"/><Quantity v="2284982"/><MeasureUnit v="KW1"/></Period><Period><TimeInterval v="2016-12-19T20:00Z/2016-12-19T21:00Z"/><Direction v="Z02"/><Quantity v="2284982"/><MeasureUnit v="KW1"/></Period><Period><TimeInterval v="2016-12-19T21:00Z/2016-12-19T22:00Z"/><Direction v="Z02"/><Quantity v="2284982"/><MeasureUnit v="KW1"/></Period><Period><TimeInterval v="2016-12-19T22:00Z/2016-12-19T23:00Z"/><Direction v="Z02"/><Quantity v="2284982"/><MeasureUnit v="KW1"/></Period><Period><TimeInterval v="2016-12-19T23:00Z/2016-12-20T00:00Z"/><Direction v="Z02"/><Quantity v="2284982"/><MeasureUnit v="KW1"/></Period><Period><TimeInterval v="2016-12-20T00:00Z/2016-12-20T01:00Z"/><Direction v="Z02"/><Quantity v="2284982"/><MeasureUnit v="KW1"/></Period><Period><TimeInterval v="2016-12-20T01:00Z/2016-12-20T02:00Z"/><Direction v="Z02"/><Quantity v="2284982"/><MeasureUnit v="KW1"/></Period><Period><TimeInterval v="2016-12-20T02:00Z/2016-12-20T03:00Z"/><Direction v="Z02"/><Quantity v="2284982"/><MeasureUnit v="KW1"/></Period><Period><TimeInterval v="2016-12-20T03:00Z/2016-12-20T04:00Z"/><Direction v="Z02"/><Quantity v="2284982"/><MeasureUnit v="KW1"/></Period><Period><TimeInterval v="2016-12-20T04:00Z/2016-12-20T05:00Z"/><Direction v="Z02"/><Quantity v="2284982"/><MeasureUnit v="KW1"/></Period><Period><TimeInterval v="2016-12-19T05:00Z/2016-12-19T06:00Z"/><Direction v="Z03"/><Quantity v="135"/><MeasureUnit v="KW1"/></Period><Period><TimeInterval v="2016-12-19T06:00Z/2016-12-19T07:00Z"/><Direction v="Z03"/><Quantity v="135"/><MeasureUnit v="KW1"/></Period><Period><TimeInterval v="2016-12-19T07:00Z/2016-12-19T08:00Z"/><Direction v="Z03"/><Quantity v="135"/><MeasureUnit v="KW1"/></Period><Period><TimeInterval v="2016-12-19T08:00Z/2016-12-19T09:00Z"/><Direction v="Z03"/><Quantity v="135"/><MeasureUnit v="KW1"/></Period><Period><TimeInterval v="2016-12-19T09:00Z/2016-12-19T10:00Z"/><Direction v="Z03"/><Quantity v="135"/><MeasureUnit v="KW1"/></Period><Period><TimeInterval v="2016-12-19T10:00Z/2016-12-19T11:00Z"/><Direction v="Z03"/><Quantity v="135"/><MeasureUnit v="KW1"/></Period><Period><TimeInterval v="2016-12-19T11:00Z/2016-12-19T12:00Z"/><Direction v="Z03"/><Quantity v="135"/><MeasureUnit v="KW1"/></Period><Period><TimeInterval v="2016-12-19T12:00Z/2016-12-19T13:00Z"/><Direction v="Z03"/><Quantity v="135"/><MeasureUnit v="KW1"/></Period><Period><TimeInterval v="2016-12-19T13:00Z/2016-12-19T14:00Z"/><Direction v="Z03"/><Quantity v="135"/><MeasureUnit v="KW1"/></Period><Period><TimeInterval v="2016-12-19T14:00Z/2016-12-19T15:00Z"/><Direction v="Z03"/><Quantity v="135"/><MeasureUnit v="KW1"/></Period><Period><TimeInterval v="2016-12-19T15:00Z/2016-12-19T16:00Z"/><Direction v="Z03"/><Quantity v="135"/><MeasureUnit v="KW1"/></Period><Period><TimeInterval v="2016-12-19T16:00Z/2016-12-19T17:00Z"/><Direction v="Z03"/><Quantity v="135"/><MeasureUnit v="KW1"/></Period><Period><TimeInterval v="2016-12-19T17:00Z/2016-12-19T18:00Z"/><Direction v="Z03"/><Quantity v="135"/><MeasureUnit v="KW1"/></Period><Period><TimeInterval v="2016-12-19T18:00Z/2016-12-19T19:00Z"/><Direction v="Z03"/><Quantity v="135"/><MeasureUnit v="KW1"/></Period><Period><TimeInterval v="2016-12-19T19:00Z/2016-12-19T20:00Z"/><Direction v="Z03"/><Quantity v="135"/><MeasureUnit v="KW1"/></Period><Period><TimeInterval v="2016-12-19T20:00Z/2016-12-19T21:00Z"/><Direction v="Z03"/><Quantity v="135"/><MeasureUnit v="KW1"/></Period><Period><TimeInterval v="2016-12-19T21:00Z/2016-12-19T22:00Z"/><Direction v="Z03"/><Quantity v="135"/><MeasureUnit v="KW1"/></Period><Period><TimeInterval v="2016-12-19T22:00Z/2016-12-19T23:00Z"/><Direction v="Z03"/><Quantity v="135"/><MeasureUnit v="KW1"/></Period><Period><TimeInterval v="2016-12-19T23:00Z/2016-12-20T00:00Z"/><Direction v="Z03"/><Quantity v="135"/><MeasureUnit v="KW1"/></Period><Period><TimeInterval v="2016-12-20T00:00Z/2016-12-20T01:00Z"/><Direction v="Z03"/><Quantity v="135"/><MeasureUnit v="KW1"/></Period><Period><TimeInterval v="2016-12-20T01:00Z/2016-12-20T02:00Z"/><Direction v="Z03"/><Quantity v="135"/><MeasureUnit v="KW1"/></Period><Period><TimeInterval v="2016-12-20T02:00Z/2016-12-20T03:00Z"/><Direction v="Z03"/><Quantity v="135"/><MeasureUnit v="KW1"/></Period><Period><TimeInterval v="2016-12-20T03:00Z/2016-12-20T04:00Z"/><Direction v="Z03"/><Quantity v="135"/><MeasureUnit v="KW1"/></Period><Period><TimeInterval v="2016-12-20T04:00Z/2016-12-20T05:00Z"/><Direction v="Z03"/><Quantity v="135"/><MeasureUnit v="KW1"/></Period></Category><Category><CapacityCode v="Z15"/><Period><TimeInterval v="2016-12-19T05:00Z/2016-12-19T06:00Z"/><Direction v="Z02"/><Quantity v="0"/><MeasureUnit v="KW1"/></Period><Period><TimeInterval v="2016-12-19T06:00Z/2016-12-19T07:00Z"/><Direction v="Z02"/><Quantity v="0"/><MeasureUnit v="KW1"/></Period><Period><TimeInterval v="2016-12-19T07:00Z/2016-12-19T08:00Z"/><Direction v="Z02"/><Quantity v="0"/><MeasureUnit v="KW1"/></Period><Period><TimeInterval v="2016-12-19T08:00Z/2016-12-19T09:00Z"/><Direction v="Z02"/><Quantity v="0"/><MeasureUnit v="KW1"/></Period><Period><TimeInterval v="2016-12-19T09:00Z/2016-12-19T10:00Z"/><Direction v="Z02"/><Quantity v="0"/><MeasureUnit v="KW1"/></Period><Period><TimeInterval v="2016-12-19T10:00Z/2016-12-19T11:00Z"/><Direction v="Z02"/><Quantity v="0"/><MeasureUnit v="KW1"/></Period><Period><TimeInterval v="2016-12-19T11:00Z/2016-12-19T12:00Z"/><Direction v="Z02"/><Quantity v="0"/><MeasureUnit v="KW1"/></Period><Period><TimeInterval v="2016-12-19T12:00Z/2016-12-19T13:00Z"/><Direction v="Z02"/><Quantity v="0"/><MeasureUnit v="KW1"/></Period><Period><TimeInterval v="2016-12-19T13:00Z/2016-12-19T14:00Z"/><Direction v="Z02"/><Quantity v="0"/><MeasureUnit v="KW1"/></Period><Period><TimeInterval v="2016-12-19T14:00Z/2016-12-19T15:00Z"/><Direction v="Z02"/><Quantity v="0"/><MeasureUnit v="KW1"/></Period><Period><TimeInterval v="2016-12-19T15:00Z/2016-12-19T16:00Z"/><Direction v="Z02"/><Quantity v="0"/><MeasureUnit v="KW1"/></Period><Period><TimeInterval v="2016-12-19T16:00Z/2016-12-19T17:00Z"/><Direction v="Z02"/><Quantity v="0"/><MeasureUnit v="KW1"/></Period><Period><TimeInterval v="2016-12-19T17:00Z/2016-12-19T18:00Z"/><Direction v="Z02"/><Quantity v="0"/><MeasureUnit v="KW1"/></Period><Period><TimeInterval v="2016-12-19T18:00Z/2016-12-19T19:00Z"/><Direction v="Z02"/><Quantity v="0"/><MeasureUnit v="KW1"/></Period><Period><TimeInterval v="2016-12-19T19:00Z/2016-12-19T20:00Z"/><Direction v="Z02"/><Quantity v="0"/><MeasureUnit v="KW1"/></Period><Period><TimeInterval v="2016-12-19T20:00Z/2016-12-19T21:00Z"/><Direction v="Z02"/><Quantity v="0"/><MeasureUnit v="KW1"/></Period><Period><TimeInterval v="2016-12-19T21:00Z/2016-12-19T22:00Z"/><Direction v="Z02"/><Quantity v="0"/><MeasureUnit v="KW1"/></Period><Period><TimeInterval v="2016-12-19T22:00Z/2016-12-19T23:00Z"/><Direction v="Z02"/><Quantity v="0"/><MeasureUnit v="KW1"/></Period><Period><TimeInterval v="2016-12-19T23:00Z/2016-12-20T00:00Z"/><Direction v="Z02"/><Quantity v="0"/><MeasureUnit v="KW1"/></Period><Period><TimeInterval v="2016-12-20T00:00Z/2016-12-20T01:00Z"/><Direction v="Z02"/><Quantity v="0"/><MeasureUnit v="KW1"/></Period><Period><TimeInterval v="2016-12-20T01:00Z/2016-12-20T02:00Z"/><Direction v="Z02"/><Quantity v="0"/><MeasureUnit v="KW1"/></Period><Period><TimeInterval v="2016-12-20T02:00Z/2016-12-20T03:00Z"/><Direction v="Z02"/><Quantity v="0"/><MeasureUnit v="KW1"/></Period><Period><TimeInterval v="2016-12-20T03:00Z/2016-12-20T04:00Z"/><Direction v="Z02"/><Quantity v="0"/><MeasureUnit v="KW1"/></Period><Period><TimeInterval v="2016-12-20T04:00Z/2016-12-20T05:00Z"/><Direction v="Z02"/><Quantity v="0"/><MeasureUnit v="KW1"/></Period><Period><TimeInterval v="2016-12-19T05:00Z/2016-12-19T06:00Z"/><Direction v="Z03"/><Quantity v="0"/><MeasureUnit v="KW1"/></Period><Period><TimeInterval v="2016-12-19T06:00Z/2016-12-19T07:00Z"/><Direction v="Z03"/><Quantity v="0"/><MeasureUnit v="KW1"/></Period><Period><TimeInterval v="2016-12-19T07:00Z/2016-12-19T08:00Z"/><Direction v="Z03"/><Quantity v="0"/><MeasureUnit v="KW1"/></Period><Period><TimeInterval v="2016-12-19T08:00Z/2016-12-19T09:00Z"/><Direction v="Z03"/><Quantity v="0"/><MeasureUnit v="KW1"/></Period><Period><TimeInterval v="2016-12-19T09:00Z/2016-12-19T10:00Z"/><Direction v="Z03"/><Quantity v="0"/><MeasureUnit v="KW1"/></Period><Period><TimeInterval v="2016-12-19T10:00Z/2016-12-19T11:00Z"/><Direction v="Z03"/><Quantity v="0"/><MeasureUnit v="KW1"/></Period><Period><TimeInterval v="2016-12-19T11:00Z/2016-12-19T12:00Z"/><Direction v="Z03"/><Quantity v="0"/><MeasureUnit v="KW1"/></Period><Period><TimeInterval v="2016-12-19T12:00Z/2016-12-19T13:00Z"/><Direction v="Z03"/><Quantity v="0"/><MeasureUnit v="KW1"/></Period><Period><TimeInterval v="2016-12-19T13:00Z/2016-12-19T14:00Z"/><Direction v="Z03"/><Quantity v="0"/><MeasureUnit v="KW1"/></Period><Period><TimeInterval v="2016-12-19T14:00Z/2016-12-19T15:00Z"/><Direction v="Z03"/><Quantity v="0"/><MeasureUnit v="KW1"/></Period><Period><TimeInterval v="2016-12-19T15:00Z/2016-12-19T16:00Z"/><Direction v="Z03"/><Quantity v="0"/><MeasureUnit v="KW1"/></Period><Period><TimeInterval v="2016-12-19T16:00Z/2016-12-19T17:00Z"/><Direction v="Z03"/><Quantity v="0"/><MeasureUnit v="KW1"/></Period><Period><TimeInterval v="2016-12-19T17:00Z/2016-12-19T18:00Z"/><Direction v="Z03"/><Quantity v="0"/><MeasureUnit v="KW1"/></Period><Period><TimeInterval v="2016-12-19T18:00Z/2016-12-19T19:00Z"/><Direction v="Z03"/><Quantity v="0"/><MeasureUnit v="KW1"/></Period><Period><TimeInterval v="2016-12-19T19:00Z/2016-12-19T20:00Z"/><Direction v="Z03"/><Quantity v="0"/><MeasureUnit v="KW1"/></Period><Period><TimeInterval v="2016-12-19T20:00Z/2016-12-19T21:00Z"/><Direction v="Z03"/><Quantity v="0"/><MeasureUnit v="KW1"/></Period><Period><TimeInterval v="2016-12-19T21:00Z/2016-12-19T22:00Z"/><Direction v="Z03"/><Quantity v="0"/><MeasureUnit v="KW1"/></Period><Period><TimeInterval v="2016-12-19T22:00Z/2016-12-19T23:00Z"/><Direction v="Z03"/><Quantity v="0"/><MeasureUnit v="KW1"/></Period><Period><TimeInterval v="2016-12-19T23:00Z/2016-12-20T00:00Z"/><Direction v="Z03"/><Quantity v="0"/><MeasureUnit v="KW1"/></Period><Period><TimeInterval v="2016-12-20T00:00Z/2016-12-20T01:00Z"/><Direction v="Z03"/><Quantity v="0"/><MeasureUnit v="KW1"/></Period><Period><TimeInterval v="2016-12-20T01:00Z/2016-12-20T02:00Z"/><Direction v="Z03"/><Quantity v="0"/><MeasureUnit v="KW1"/></Period><Period><TimeInterval v="2016-12-20T02:00Z/2016-12-20T03:00Z"/><Direction v="Z03"/><Quantity v="0"/><MeasureUnit v="KW1"/></Period><Period><TimeInterval v="2016-12-20T03:00Z/2016-12-20T04:00Z"/><Direction v="Z03"/><Quantity v="0"/><MeasureUnit v="KW1"/></Period><Period><TimeInterval v="2016-12-20T04:00Z/2016-12-20T05:00Z"/><Direction v="Z03"/><Quantity v="0"/><MeasureUnit v="KW1"/></Period></Category></ConnectionPoint><ConnectionPoint><Identification v="37Z000000001078I" codingScheme="305"/><Type v="Z26"/><Category><CapacityCode v="Z12"/><Period><TimeInterval v="2016-12-19T05:00Z/2016-12-19T06:00Z"/><Direction v="Z02"/><Quantity v="2775000"/><MeasureUnit v="KW1"/></Period><Period><TimeInterval v="2016-12-19T06:00Z/2016-12-19T07:00Z"/><Direction v="Z02"/><Quantity v="2775000"/><MeasureUnit v="KW1"/></Period><Period><TimeInterval v="2016-12-19T07:00Z/2016-12-19T08:00Z"/><Direction v="Z02"/><Quantity v="2775000"/><MeasureUnit v="KW1"/></Period><Period><TimeInterval v="2016-12-19T08:00Z/2016-12-19T09:00Z"/><Direction v="Z02"/><Quantity v="2775000"/><MeasureUnit v="KW1"/></Period><Period><TimeInterval v="2016-12-19T09:00Z/2016-12-19T10:00Z"/><Direction v="Z02"/><Quantity v="2775000"/><MeasureUnit v="KW1"/></Period><Period><TimeInterval v="2016-12-19T10:00Z/2016-12-19T11:00Z"/><Direction v="Z02"/><Quantity v="2775000"/><MeasureUnit v="KW1"/></Period><Period><TimeInterval v="2016-12-19T11:00Z/2016-12-19T12:00Z"/><Direction v="Z02"/><Quantity v="2775000"/><MeasureUnit v="KW1"/></Period><Period><TimeInterval v="2016-12-19T12:00Z/2016-12-19T13:00Z"/><Direction v="Z02"/><Quantity v="2775000"/><MeasureUnit v="KW1"/></Period><Period><TimeInterval v="2016-12-19T13:00Z/2016-12-19T14:00Z"/><Direction v="Z02"/><Quantity v="2775000"/><MeasureUnit v="KW1"/></Period><Period><TimeInterval v="2016-12-19T14:00Z/2016-12-19T15:00Z"/><Direction v="Z02"/><Quantity v="2775000"/><MeasureUnit v="KW1"/></Period><Period><TimeInterval v="2016-12-19T15:00Z/2016-12-19T16:00Z"/><Direction v="Z02"/><Quantity v="2775000"/><MeasureUnit v="KW1"/></Period><Period><TimeInterval v="2016-12-19T16:00Z/2016-12-19T17:00Z"/><Direction v="Z02"/><Quantity v="2775000"/><MeasureUnit v="KW1"/></Period><Period><TimeInterval v="2016-12-19T17:00Z/2016-12-19T18:00Z"/><Direction v="Z02"/><Quantity v="2775000"/><MeasureUnit v="KW1"/></Period><Period><TimeInterval v="2016-12-19T18:00Z/2016-12-19T19:00Z"/><Direction v="Z02"/><Quantity v="2775000"/><MeasureUnit v="KW1"/></Period><Period><TimeInterval v="2016-12-19T19:00Z/2016-12-19T20:00Z"/><Direction v="Z02"/><Quantity v="2775000"/><MeasureUnit v="KW1"/></Period><Period><TimeInterval v="2016-12-19T20:00Z/2016-12-19T21:00Z"/><Direction v="Z02"/><Quantity v="2775000"/><MeasureUnit v="KW1"/></Period><Period><TimeInterval v="2016-12-19T21:00Z/2016-12-19T22:00Z"/><Direction v="Z02"/><Quantity v="2775000"/><MeasureUnit v="KW1"/></Period><Period><TimeInterval v="2016-12-19T22:00Z/2016-12-19T23:00Z"/><Direction v="Z02"/><Quantity v="2775000"/><MeasureUnit v="KW1"/></Period><Period><TimeInterval v="2016-12-19T23:00Z/2016-12-20T00:00Z"/><Direction v="Z02"/><Quantity v="2775000"/><MeasureUnit v="KW1"/></Period><Period><TimeInterval v="2016-12-20T00:00Z/2016-12-20T01:00Z"/><Direction v="Z02"/><Quantity v="2775000"/><MeasureUnit v="KW1"/></Period><Period><TimeInterval v="2016-12-20T01:00Z/2016-12-20T02:00Z"/><Direction v="Z02"/><Quantity v="2775000"/><MeasureUnit v="KW1"/></Period><Period><TimeInterval v="2016-12-20T02:00Z/2016-12-20T03:00Z"/><Direction v="Z02"/><Quantity v="2775000"/><MeasureUnit v="KW1"/></Period><Period><TimeInterval v="2016-12-20T03:00Z/2016-12-20T04:00Z"/><Direction v="Z02"/><Quantity v="2775000"/><MeasureUnit v="KW1"/></Period><Period><TimeInterval v="2016-12-20T04:00Z/2016-12-20T05:00Z"/><Direction v="Z02"/><Quantity v="2775000"/><MeasureUnit v="KW1"/></Period></Category><Category><CapacityCode v="Z14"/><Period><TimeInterval v="2016-12-19T05:00Z/2016-12-19T06:00Z"/><Direction v="Z02"/><Quantity v="2775000"/><MeasureUnit v="KW1"/></Period><Period><TimeInterval v="2016-12-19T06:00Z/2016-12-19T07:00Z"/><Direction v="Z02"/><Quantity v="2775000"/><MeasureUnit v="KW1"/></Period><Period><TimeInterval v="2016-12-19T07:00Z/2016-12-19T08:00Z"/><Direction v="Z02"/><Quantity v="2775000"/><MeasureUnit v="KW1"/></Period><Period><TimeInterval v="2016-12-19T08:00Z/2016-12-19T09:00Z"/><Direction v="Z02"/><Quantity v="2775000"/><MeasureUnit v="KW1"/></Period><Period><TimeInterval v="2016-12-19T09:00Z/2016-12-19T10:00Z"/><Direction v="Z02"/><Quantity v="2775000"/><MeasureUnit v="KW1"/></Period><Period><TimeInterval v="2016-12-19T10:00Z/2016-12-19T11:00Z"/><Direction v="Z02"/><Quantity v="2775000"/><MeasureUnit v="KW1"/></Period><Period><TimeInterval v="2016-12-19T11:00Z/2016-12-19T12:00Z"/><Direction v="Z02"/><Quantity v="2775000"/><MeasureUnit v="KW1"/></Period><Period><TimeInterval v="2016-12-19T12:00Z/2016-12-19T13:00Z"/><Direction v="Z02"/><Quantity v="2775000"/><MeasureUnit v="KW1"/></Period><Period><TimeInterval v="2016-12-19T13:00Z/2016-12-19T14:00Z"/><Direction v="Z02"/><Quantity v="2775000"/><MeasureUnit v="KW1"/></Period><Period><TimeInterval v="2016-12-19T14:00Z/2016-12-19T15:00Z"/><Direction v="Z02"/><Quantity v="2775000"/><MeasureUnit v="KW1"/></Period><Period><TimeInterval v="2016-12-19T15:00Z/2016-12-19T16:00Z"/><Direction v="Z02"/><Quantity v="2775000"/><MeasureUnit v="KW1"/></Period><Period><TimeInterval v="2016-12-19T16:00Z/2016-12-19T17:00Z"/><Direction v="Z02"/><Quantity v="2775000"/><MeasureUnit v="KW1"/></Period><Period><TimeInterval v="2016-12-19T17:00Z/2016-12-19T18:00Z"/><Direction v="Z02"/><Quantity v="2775000"/><MeasureUnit v="KW1"/></Period><Period><TimeInterval v="2016-12-19T18:00Z/2016-12-19T19:00Z"/><Direction v="Z02"/><Quantity v="2775000"/><MeasureUnit v="KW1"/></Period><Period><TimeInterval v="2016-12-19T19:00Z/2016-12-19T20:00Z"/><Direction v="Z02"/><Quantity v="2775000"/><MeasureUnit v="KW1"/></Period><Period><TimeInterval v="2016-12-19T20:00Z/2016-12-19T21:00Z"/><Direction v="Z02"/><Quantity v="2775000"/><MeasureUnit v="KW1"/></Period><Period><TimeInterval v="2016-12-19T21:00Z/2016-12-19T22:00Z"/><Direction v="Z02"/><Quantity v="2775000"/><MeasureUnit v="KW1"/></Period><Period><TimeInterval v="2016-12-19T22:00Z/2016-12-19T23:00Z"/><Direction v="Z02"/><Quantity v="2775000"/><MeasureUnit v="KW1"/></Period><Period><TimeInterval v="2016-12-19T23:00Z/2016-12-20T00:00Z"/><Direction v="Z02"/><Quantity v="2775000"/><MeasureUnit v="KW1"/></Period><Period><TimeInterval v="2016-12-20T00:00Z/2016-12-20T01:00Z"/><Direction v="Z02"/><Quantity v="2775000"/><MeasureUnit v="KW1"/></Period><Period><TimeInterval v="2016-12-20T01:00Z/2016-12-20T02:00Z"/><Direction v="Z02"/><Quantity v="2775000"/><MeasureUnit v="KW1"/></Period><Period><TimeInterval v="2016-12-20T02:00Z/2016-12-20T03:00Z"/><Direction v="Z02"/><Quantity v="2775000"/><MeasureUnit v="KW1"/></Period><Period><TimeInterval v="2016-12-20T03:00Z/2016-12-20T04:00Z"/><Direction v="Z02"/><Quantity v="2775000"/><MeasureUnit v="KW1"/></Period><Period><TimeInterval v="2016-12-20T04:00Z/2016-12-20T05:00Z"/><Direction v="Z02"/><Quantity v="2775000"/><MeasureUnit v="KW1"/></Period></Category><Category><CapacityCode v="Z15"/><Period><TimeInterval v="2016-12-19T05:00Z/2016-12-19T06:00Z"/><Direction v="Z02"/><Quantity v="0"/><MeasureUnit v="KW1"/></Period><Period><TimeInterval v="2016-12-19T06:00Z/2016-12-19T07:00Z"/><Direction v="Z02"/><Quantity v="0"/><MeasureUnit v="KW1"/></Period><Period><TimeInterval v="2016-12-19T07:00Z/2016-12-19T08:00Z"/><Direction v="Z02"/><Quantity v="0"/><MeasureUnit v="KW1"/></Period><Period><TimeInterval v="2016-12-19T08:00Z/2016-12-19T09:00Z"/><Direction v="Z02"/><Quantity v="0"/><MeasureUnit v="KW1"/></Period><Period><TimeInterval v="2016-12-19T09:00Z/2016-12-19T10:00Z"/><Direction v="Z02"/><Quantity v="0"/><MeasureUnit v="KW1"/></Period><Period><TimeInterval v="2016-12-19T10:00Z/2016-12-19T11:00Z"/><Direction v="Z02"/><Quantity v="0"/><MeasureUnit v="KW1"/></Period><Period><TimeInterval v="2016-12-19T11:00Z/2016-12-19T12:00Z"/><Direction v="Z02"/><Quantity v="0"/><MeasureUnit v="KW1"/></Period><Period><TimeInterval v="2016-12-19T12:00Z/2016-12-19T13:00Z"/><Direction v="Z02"/><Quantity v="0"/><MeasureUnit v="KW1"/></Period><Period><TimeInterval v="2016-12-19T13:00Z/2016-12-19T14:00Z"/><Direction v="Z02"/><Quantity v="0"/><MeasureUnit v="KW1"/></Period><Period><TimeInterval v="2016-12-19T14:00Z/2016-12-19T15:00Z"/><Direction v="Z02"/><Quantity v="0"/><MeasureUnit v="KW1"/></Period><Period><TimeInterval v="2016-12-19T15:00Z/2016-12-19T16:00Z"/><Direction v="Z02"/><Quantity v="0"/><MeasureUnit v="KW1"/></Period><Period><TimeInterval v="2016-12-19T16:00Z/2016-12-19T17:00Z"/><Direction v="Z02"/><Quantity v="0"/><MeasureUnit v="KW1"/></Period><Period><TimeInterval v="2016-12-19T17:00Z/2016-12-19T18:00Z"/><Direction v="Z02"/><Quantity v="0"/><MeasureUnit v="KW1"/></Period><Period><TimeInterval v="2016-12-19T18:00Z/2016-12-19T19:00Z"/><Direction v="Z02"/><Quantity v="0"/><MeasureUnit v="KW1"/></Period><Period><TimeInterval v="2016-12-19T19:00Z/2016-12-19T20:00Z"/><Direction v="Z02"/><Quantity v="0"/><MeasureUnit v="KW1"/></Period><Period><TimeInterval v="2016-12-19T20:00Z/2016-12-19T21:00Z"/><Direction v="Z02"/><Quantity v="0"/><MeasureUnit v="KW1"/></Period><Period><TimeInterval v="2016-12-19T21:00Z/2016-12-19T22:00Z"/><Direction v="Z02"/><Quantity v="0"/><MeasureUnit v="KW1"/></Period><Period><TimeInterval v="2016-12-19T22:00Z/2016-12-19T23:00Z"/><Direction v="Z02"/><Quantity v="0"/><MeasureUnit v="KW1"/></Period><Period><TimeInterval v="2016-12-19T23:00Z/2016-12-20T00:00Z"/><Direction v="Z02"/><Quantity v="0"/><MeasureUnit v="KW1"/></Period><Period><TimeInterval v="2016-12-20T00:00Z/2016-12-20T01:00Z"/><Direction v="Z02"/><Quantity v="0"/><MeasureUnit v="KW1"/></Period><Period><TimeInterval v="2016-12-20T01:00Z/2016-12-20T02:00Z"/><Direction v="Z02"/><Quantity v="0"/><MeasureUnit v="KW1"/></Period><Period><TimeInterval v="2016-12-20T02:00Z/2016-12-20T03:00Z"/><Direction v="Z02"/><Quantity v="0"/><MeasureUnit v="KW1"/></Period><Period><TimeInterval v="2016-12-20T03:00Z/2016-12-20T04:00Z"/><Direction v="Z02"/><Quantity v="0"/><MeasureUnit v="KW1"/></Period><Period><TimeInterval v="2016-12-20T04:00Z/2016-12-20T05:00Z"/><Direction v="Z02"/><Quantity v="0"/><MeasureUnit v="KW1"/></Period></Category></ConnectionPoint><ConnectionPoint><Identification v="37Y000000000288Q" codingScheme="305"/><Type v="Z26"/><Category><CapacityCode v="Z12"/><Period><TimeInterval v="2016-12-19T05:00Z/2016-12-19T06:00Z"/><Direction v="Z02"/><Quantity v="83844"/><MeasureUnit v="KW1"/></Period><Period><TimeInterval v="2016-12-19T06:00Z/2016-12-19T07:00Z"/><Direction v="Z02"/><Quantity v="83844"/><MeasureUnit v="KW1"/></Period><Period><TimeInterval v="2016-12-19T07:00Z/2016-12-19T08:00Z"/><Direction v="Z02"/><Quantity v="83844"/><MeasureUnit v="KW1"/></Period><Period><TimeInterval v="2016-12-19T08:00Z/2016-12-19T09:00Z"/><Direction v="Z02"/><Quantity v="83844"/><MeasureUnit v="KW1"/></Period><Period><TimeInterval v="2016-12-19T09:00Z/2016-12-19T10:00Z"/><Direction v="Z02"/><Quantity v="83844"/><MeasureUnit v="KW1"/></Period><Period><TimeInterval v="2016-12-19T10:00Z/2016-12-19T11:00Z"/><Direction v="Z02"/><Quantity v="83844"/><MeasureUnit v="KW1"/></Period><Period><TimeInterval v="2016-12-19T11:00Z/2016-12-19T12:00Z"/><Direction v="Z02"/><Quantity v="83844"/><MeasureUnit v="KW1"/></Period><Period><TimeInterval v="2016-12-19T12:00Z/2016-12-19T13:00Z"/><Direction v="Z02"/><Quantity v="83844"/><MeasureUnit v="KW1"/></Period><Period><TimeInterval v="2016-12-19T13:00Z/2016-12-19T14:00Z"/><Direction v="Z02"/><Quantity v="83844"/><MeasureUnit v="KW1"/></Period><Period><TimeInterval v="2016-12-19T14:00Z/2016-12-19T15:00Z"/><Direction v="Z02"/><Quantity v="83844"/><MeasureUnit v="KW1"/></Period><Period><TimeInterval v="2016-12-19T15:00Z/2016-12-19T16:00Z"/><Direction v="Z02"/><Quantity v="83844"/><MeasureUnit v="KW1"/></Period><Period><TimeInterval v="2016-12-19T16:00Z/2016-12-19T17:00Z"/><Direction v="Z02"/><Quantity v="83844"/><MeasureUnit v="KW1"/></Period><Period><TimeInterval v="2016-12-19T17:00Z/2016-12-19T18:00Z"/><Direction v="Z02"/><Quantity v="83844"/><MeasureUnit v="KW1"/></Period><Period><TimeInterval v="2016-12-19T18:00Z/2016-12-19T19:00Z"/><Direction v="Z02"/><Quantity v="83844"/><MeasureUnit v="KW1"/></Period><Period><TimeInterval v="2016-12-19T19:00Z/2016-12-19T20:00Z"/><Direction v="Z02"/><Quantity v="83844"/><MeasureUnit v="KW1"/></Period><Period><TimeInterval v="2016-12-19T20:00Z/2016-12-19T21:00Z"/><Direction v="Z02"/><Quantity v="83844"/><MeasureUnit v="KW1"/></Period><Period><TimeInterval v="2016-12-19T21:00Z/2016-12-19T22:00Z"/><Direction v="Z02"/><Quantity v="83844"/><MeasureUnit v="KW1"/></Period><Period><TimeInterval v="2016-12-19T22:00Z/2016-12-19T23:00Z"/><Direction v="Z02"/><Quantity v="83844"/><MeasureUnit v="KW1"/></Period><Period><TimeInterval v="2016-12-19T23:00Z/2016-12-20T00:00Z"/><Direction v="Z02"/><Quantity v="83844"/><MeasureUnit v="KW1"/></Period><Period><TimeInterval v="2016-12-20T00:00Z/2016-12-20T01:00Z"/><Direction v="Z02"/><Quantity v="83844"/><MeasureUnit v="KW1"/></Period><Period><TimeInterval v="2016-12-20T01:00Z/2016-12-20T02:00Z"/><Direction v="Z02"/><Quantity v="83844"/><MeasureUnit v="KW1"/></Period><Period><TimeInterval v="2016-12-20T02:00Z/2016-12-20T03:00Z"/><Direction v="Z02"/><Quantity v="83844"/><MeasureUnit v="KW1"/></Period><Period><TimeInterval v="2016-12-20T03:00Z/2016-12-20T04:00Z"/><Direction v="Z02"/><Quantity v="83844"/><MeasureUnit v="KW1"/></Period><Period><TimeInterval v="2016-12-20T04:00Z/2016-12-20T05:00Z"/><Direction v="Z02"/><Quantity v="83844"/><MeasureUnit v="KW1"/></Period></Category><Category><CapacityCode v="Z14"/><Period><TimeInterval v="2016-12-19T05:00Z/2016-12-19T06:00Z"/><Direction v="Z02"/><Quantity v="9244"/><MeasureUnit v="KW1"/></Period><Period><TimeInterval v="2016-12-19T06:00Z/2016-12-19T07:00Z"/><Direction v="Z02"/><Quantity v="9244"/><MeasureUnit v="KW1"/></Period><Period><TimeInterval v="2016-12-19T07:00Z/2016-12-19T08:00Z"/><Direction v="Z02"/><Quantity v="9244"/><MeasureUnit v="KW1"/></Period><Period><TimeInterval v="2016-12-19T08:00Z/2016-12-19T09:00Z"/><Direction v="Z02"/><Quantity v="9244"/><MeasureUnit v="KW1"/></Period><Period><TimeInterval v="2016-12-19T09:00Z/2016-12-19T10:00Z"/><Direction v="Z02"/><Quantity v="9244"/><MeasureUnit v="KW1"/></Period><Period><TimeInterval v="2016-12-19T10:00Z/2016-12-19T11:00Z"/><Direction v="Z02"/><Quantity v="9244"/><MeasureUnit v="KW1"/></Period><Period><TimeInterval v="2016-12-19T11:00Z/2016-12-19T12:00Z"/><Direction v="Z02"/><Quantity v="9244"/><MeasureUnit v="KW1"/></Period><Period><TimeInterval v="2016-12-19T12:00Z/2016-12-19T13:00Z"/><Direction v="Z02"/><Quantity v="9244"/><MeasureUnit v="KW1"/></Period><Period><TimeInterval v="2016-12-19T13:00Z/2016-12-19T14:00Z"/><Direction v="Z02"/><Quantity v="9244"/><MeasureUnit v="KW1"/></Period><Period><TimeInterval v="2016-12-19T14:00Z/2016-12-19T15:00Z"/><Direction v="Z02"/><Quantity v="9244"/><MeasureUnit v="KW1"/></Period><Period><TimeInterval v="2016-12-19T15:00Z/2016-12-19T16:00Z"/><Direction v="Z02"/><Quantity v="9244"/><MeasureUnit v="KW1"/></Period><Period><TimeInterval v="2016-12-19T16:00Z/2016-12-19T17:00Z"/><Direction v="Z02"/><Quantity v="9244"/><MeasureUnit v="KW1"/></Period><Period><TimeInterval v="2016-12-19T17:00Z/2016-12-19T18:00Z"/><Direction v="Z02"/><Quantity v="9244"/><MeasureUnit v="KW1"/></Period><Period><TimeInterval v="2016-12-19T18:00Z/2016-12-19T19:00Z"/><Direction v="Z02"/><Quantity v="9244"/><MeasureUnit v="KW1"/></Period><Period><TimeInterval v="2016-12-19T19:00Z/2016-12-19T20:00Z"/><Direction v="Z02"/><Quantity v="9244"/><MeasureUnit v="KW1"/></Period><Period><TimeInterval v="2016-12-19T20:00Z/2016-12-19T21:00Z"/><Direction v="Z02"/><Quantity v="9244"/><MeasureUnit v="KW1"/></Period><Period><TimeInterval v="2016-12-19T21:00Z/2016-12-19T22:00Z"/><Direction v="Z02"/><Quantity v="9244"/><MeasureUnit v="KW1"/></Period><Period><TimeInterval v="2016-12-19T22:00Z/2016-12-19T23:00Z"/><Direction v="Z02"/><Quantity v="9244"/><MeasureUnit v="KW1"/></Period><Period><TimeInterval v="2016-12-19T23:00Z/2016-12-20T00:00Z"/><Direction v="Z02"/><Quantity v="9244"/><MeasureUnit v="KW1"/></Period><Period><TimeInterval v="2016-12-20T00:00Z/2016-12-20T01:00Z"/><Direction v="Z02"/><Quantity v="9244"/><MeasureUnit v="KW1"/></Period><Period><TimeInterval v="2016-12-20T01:00Z/2016-12-20T02:00Z"/><Direction v="Z02"/><Quantity v="9244"/><MeasureUnit v="KW1"/></Period><Period><TimeInterval v="2016-12-20T02:00Z/2016-12-20T03:00Z"/><Direction v="Z02"/><Quantity v="9244"/><MeasureUnit v="KW1"/></Period><Period><TimeInterval v="2016-12-20T03:00Z/2016-12-20T04:00Z"/><Direction v="Z02"/><Quantity v="9244"/><MeasureUnit v="KW1"/></Period><Period><TimeInterval v="2016-12-20T04:00Z/2016-12-20T05:00Z"/><Direction v="Z02"/><Quantity v="9244"/><MeasureUnit v="KW1"/></Period></Category><Category><CapacityCode v="Z15"/><Period><TimeInterval v="2016-12-19T05:00Z/2016-12-19T06:00Z"/><Direction v="Z02"/><Quantity v="0"/><MeasureUnit v="KW1"/></Period><Period><TimeInterval v="2016-12-19T06:00Z/2016-12-19T07:00Z"/><Direction v="Z02"/><Quantity v="0"/><MeasureUnit v="KW1"/></Period><Period><TimeInterval v="2016-12-19T07:00Z/2016-12-19T08:00Z"/><Direction v="Z02"/><Quantity v="0"/><MeasureUnit v="KW1"/></Period><Period><TimeInterval v="2016-12-19T08:00Z/2016-12-19T09:00Z"/><Direction v="Z02"/><Quantity v="0"/><MeasureUnit v="KW1"/></Period><Period><TimeInterval v="2016-12-19T09:00Z/2016-12-19T10:00Z"/><Direction v="Z02"/><Quantity v="0"/><MeasureUnit v="KW1"/></Period><Period><TimeInterval v="2016-12-19T10:00Z/2016-12-19T11:00Z"/><Direction v="Z02"/><Quantity v="0"/><MeasureUnit v="KW1"/></Period><Period><TimeInterval v="2016-12-19T11:00Z/2016-12-19T12:00Z"/><Direction v="Z02"/><Quantity v="0"/><MeasureUnit v="KW1"/></Period><Period><TimeInterval v="2016-12-19T12:00Z/2016-12-19T13:00Z"/><Direction v="Z02"/><Quantity v="0"/><MeasureUnit v="KW1"/></Period><Period><TimeInterval v="2016-12-19T13:00Z/2016-12-19T14:00Z"/><Direction v="Z02"/><Quantity v="0"/><MeasureUnit v="KW1"/></Period><Period><TimeInterval v="2016-12-19T14:00Z/2016-12-19T15:00Z"/><Direction v="Z02"/><Quantity v="0"/><MeasureUnit v="KW1"/></Period><Period><TimeInterval v="2016-12-19T15:00Z/2016-12-19T16:00Z"/><Direction v="Z02"/><Quantity v="0"/><MeasureUnit v="KW1"/></Period><Period><TimeInterval v="2016-12-19T16:00Z/2016-12-19T17:00Z"/><Direction v="Z02"/><Quantity v="0"/><MeasureUnit v="KW1"/></Period><Period><TimeInterval v="2016-12-19T17:00Z/2016-12-19T18:00Z"/><Direction v="Z02"/><Quantity v="0"/><MeasureUnit v="KW1"/></Period><Period><TimeInterval v="2016-12-19T18:00Z/2016-12-19T19:00Z"/><Direction v="Z02"/><Quantity v="0"/><MeasureUnit v="KW1"/></Period><Period><TimeInterval v="2016-12-19T19:00Z/2016-12-19T20:00Z"/><Direction v="Z02"/><Quantity v="0"/><MeasureUnit v="KW1"/></Period><Period><TimeInterval v="2016-12-19T20:00Z/2016-12-19T21:00Z"/><Direction v="Z02"/><Quantity v="0"/><MeasureUnit v="KW1"/></Period><Period><TimeInterval v="2016-12-19T21:00Z/2016-12-19T22:00Z"/><Direction v="Z02"/><Quantity v="0"/><MeasureUnit v="KW1"/></Period><Period><TimeInterval v="2016-12-19T22:00Z/2016-12-19T23:00Z"/><Direction v="Z02"/><Quantity v="0"/><MeasureUnit v="KW1"/></Period><Period><TimeInterval v="2016-12-19T23:00Z/2016-12-20T00:00Z"/><Direction v="Z02"/><Quantity v="0"/><MeasureUnit v="KW1"/></Period><Period><TimeInterval v="2016-12-20T00:00Z/2016-12-20T01:00Z"/><Direction v="Z02"/><Quantity v="0"/><MeasureUnit v="KW1"/></Period><Period><TimeInterval v="2016-12-20T01:00Z/2016-12-20T02:00Z"/><Direction v="Z02"/><Quantity v="0"/><MeasureUnit v="KW1"/></Period><Period><TimeInterval v="2016-12-20T02:00Z/2016-12-20T03:00Z"/><Direction v="Z02"/><Quantity v="0"/><MeasureUnit v="KW1"/></Period><Period><TimeInterval v="2016-12-20T03:00Z/2016-12-20T04:00Z"/><Direction v="Z02"/><Quantity v="0"/><MeasureUnit v="KW1"/></Period><Period><TimeInterval v="2016-12-20T04:00Z/2016-12-20T05:00Z"/><Direction v="Z02"/><Quantity v="0"/><MeasureUnit v="KW1"/></Period></Category></ConnectionPoint></TransparencyPublication>