<?xml version="1.0" encoding="UTF-8"?><TransparencyPublication Version="EGAS50" Release="A"><Identification v="TRANPB20170104A104238"/><Version v="1"/><Type v="AL4"/><CreationDateTime v="2017-01-04T07:07:21.816Z"/><ValidityPeriod v="2016-12-30T05:00Z/2016-12-31T05:00Z"/><IssuerIdentification v="21X-DE-C-A0A0A-T" codingScheme="305"/><IssuerRole v="ZSO"/><RecipientIdentification v="10X1001A1001A353" codingScheme="305"/><RecipientRole v="ZUA"/><ConnectionPoint><Identification v="21Z000000000038U" codingScheme="305"/><Type v="Z25"/><Category><CapacityCode v="Z12"/><Period><TimeInterval v="2016-12-30T05:00Z/2016-12-30T06:00Z"/><Direction v="Z03"/><Quantity v="0"/><MeasureUnit v="KW1"/></Period><Period><TimeInterval v="2016-12-30T06:00Z/2016-12-30T07:00Z"/><Direction v="Z03"/><Quantity v="0"/><MeasureUnit v="KW1"/></Period><Period><TimeInterval v="2016-12-30T07:00Z/2016-12-30T08:00Z"/><Direction v="Z03"/><Quantity v="0"/><MeasureUnit v="KW1"/></Period><Period><TimeInterval v="2016-12-30T08:00Z/2016-12-30T09:00Z"/><Direction v="Z03"/><Quantity v="0"/><MeasureUnit v="KW1"/></Period><Period><TimeInterval v="2016-12-30T09:00Z/2016-12-30T10:00Z"/><Direction v="Z03"/><Quantity v="0"/><MeasureUnit v="KW1"/></Period><Period><TimeInterval v="2016-12-30T10:00Z/2016-12-30T11:00Z"/><Direction v="Z03"/><Quantity v="0"/><MeasureUnit v="KW1"/></Period><Period><TimeInterval v="2016-12-30T11:00Z/2016-12-30T12:00Z"/><Direction v="Z03"/><Quantity v="0"/><MeasureUnit v="KW1"/></Period><Period><TimeInterval v="2016-12-30T12:00Z/2016-12-30T13:00Z"/><Direction v="Z03"/><Quantity v="0"/><MeasureUnit v="KW1"/></Period><Period><TimeInterval v="2016-12-30T13:00Z/2016-12-30T14:00Z"/><Direction v="Z03"/><Quantity v="0"/><MeasureUnit v="KW1"/></Period><Period><TimeInterval v="2016-12-30T14:00Z/2016-12-30T15:00Z"/><Direction v="Z03"/><Quantity v="0"/><MeasureUnit v="KW1"/></Period><Period><TimeInterval v="2016-12-30T15:00Z/2016-12-30T16:00Z"/><Direction v="Z03"/><Quantity v="0"/><MeasureUnit v="KW1"/></Period><Period><TimeInterval v="2016-12-30T16:00Z/2016-12-30T17:00Z"/><Direction v="Z03"/><Quantity v="0"/><MeasureUnit v="KW1"/></Period><Period><TimeInterval v="2016-12-30T17:00Z/2016-12-30T18:00Z"/><Direction v="Z03"/><Quantity v="0"/><MeasureUnit v="KW1"/></Period><Period><TimeInterval v="2016-12-30T18:00Z/2016-12-30T19:00Z"/><Direction v="Z03"/><Quantity v="0"/><MeasureUnit v="KW1"/></Period><Period><TimeInterval v="2016-12-30T19:00Z/2016-12-30T20:00Z"/><Direction v="Z03"/><Quantity v="0"/><MeasureUnit v="KW1"/></Period><Period><TimeInterval v="2016-12-30T20:00Z/2016-12-30T21:00Z"/><Direction v="Z03"/><Quantity v="0"/><MeasureUnit v="KW1"/></Period><Period><TimeInterval v="2016-12-30T21:00Z/2016-12-30T22:00Z"/><Direction v="Z03"/><Quantity v="0"/><MeasureUnit v="KW1"/></Period><Period><TimeInterval v="2016-12-30T22:00Z/2016-12-30T23:00Z"/><Direction v="Z03"/><Quantity v="0"/><MeasureUnit v="KW1"/></Period><Period><TimeInterval v="2016-12-30T23:00Z/2016-12-31T00:00Z"/><Direction v="Z03"/><Quantity v="0"/><MeasureUnit v="KW1"/></Period><Period><TimeInterval v="2016-12-31T00:00Z/2016-12-31T01:00Z"/><Direction v="Z03"/><Quantity v="0"/><MeasureUnit v="KW1"/></Period><Period><TimeInterval v="2016-12-31T01:00Z/2016-12-31T02:00Z"/><Direction v="Z03"/><Quantity v="0"/><MeasureUnit v="KW1"/></Period><Period><TimeInterval v="2016-12-31T02:00Z/2016-12-31T03:00Z"/><Direction v="Z03"/><Quantity v="0"/><MeasureUnit v="KW1"/></Period><Period><TimeInterval v="2016-12-31T03:00Z/2016-12-31T04:00Z"/><Direction v="Z03"/><Quantity v="0"/><MeasureUnit v="KW1"/></Period><Period><TimeInterval v="2016-12-31T04:00Z/2016-12-31T05:00Z"/><Direction v="Z03"/><Quantity v="0"/><MeasureUnit v="KW1"/></Period></Category><Category><CapacityCode v="Z14"/><Period><TimeInterval v="2016-12-30T05:00Z/2016-12-30T06:00Z"/><Direction v="Z03"/><Quantity v="0"/><MeasureUnit v="KW1"/></Period><Period><TimeInterval v="2016-12-30T06:00Z/2016-12-30T07:00Z"/><Direction v="Z03"/><Quantity v="0"/><MeasureUnit v="KW1"/></Period><Period><TimeInterval v="2016-12-30T07:00Z/2016-12-30T08:00Z"/><Direction v="Z03"/><Quantity v="0"/><MeasureUnit v="KW1"/></Period><Period><TimeInterval v="2016-12-30T08:00Z/2016-12-30T09:00Z"/><Direction v="Z03"/><Quantity v="0"/><MeasureUnit v="KW1"/></Period><Period><TimeInterval v="2016-12-30T09:00Z/2016-12-30T10:00Z"/><Direction v="Z03"/><Quantity v="0"/><MeasureUnit v="KW1"/></Period><Period><TimeInterval v="2016-12-30T10:00Z/2016-12-30T11:00Z"/><Direction v="Z03"/><Quantity v="0"/><MeasureUnit v="KW1"/></Period><Period><TimeInterval v="2016-12-30T11:00Z/2016-12-30T12:00Z"/><Direction v="Z03"/><Quantity v="0"/><MeasureUnit v="KW1"/></Period><Period><TimeInterval v="2016-12-30T12:00Z/2016-12-30T13:00Z"/><Direction v="Z03"/><Quantity v="0"/><MeasureUnit v="KW1"/></Period><Period><TimeInterval v="2016-12-30T13:00Z/2016-12-30T14:00Z"/><Direction v="Z03"/><Quantity v="0"/><MeasureUnit v="KW1"/></Period><Period><TimeInterval v="2016-12-30T14:00Z/2016-12-30T15:00Z"/><Direction v="Z03"/><Quantity v="0"/><MeasureUnit v="KW1"/></Period><Period><TimeInterval v="2016-12-30T15:00Z/2016-12-30T16:00Z"/><Direction v="Z03"/><Quantity v="0"/><MeasureUnit v="KW1"/></Period><Period><TimeInterval v="2016-12-30T16:00Z/2016-12-30T17:00Z"/><Direction v="Z03"/><Quantity v="0"/><MeasureUnit v="KW1"/></Period><Period><TimeInterval v="2016-12-30T17:00Z/2016-12-30T18:00Z"/><Direction v="Z03"/><Quantity v="0"/><MeasureUnit v="KW1"/></Period><Period><TimeInterval v="2016-12-30T18:00Z/2016-12-30T19:00Z"/><Direction v="Z03"/><Quantity v="0"/><MeasureUnit v="KW1"/></Period><Period><TimeInterval v="2016-12-30T19:00Z/2016-12-30T20:00Z"/><Direction v="Z03"/><Quantity v="0"/><MeasureUnit v="KW1"/></Period><Period><TimeInterval v="2016-12-30T20:00Z/2016-12-30T21:00Z"/><Direction v="Z03"/><Quantity v="0"/><MeasureUnit v="KW1"/></Period><Period><TimeInterval v="2016-12-30T21:00Z/2016-12-30T22:00Z"/><Direction v="Z03"/><Quantity v="0"/><MeasureUnit v="KW1"/></Period><Period><TimeInterval v="2016-12-30T22:00Z/2016-12-30T23:00Z"/><Direction v="Z03"/><Quantity v="0"/><MeasureUnit v="KW1"/></Period><Period><TimeInterval v="2016-12-30T23:00Z/2016-12-31T00:00Z"/><Direction v="Z03"/><Quantity v="0"/><MeasureUnit v="KW1"/></Period><Period><TimeInterval v="2016-12-31T00:00Z/2016-12-31T01:00Z"/><Direction v="Z03"/><Quantity v="0"/><MeasureUnit v="KW1"/></Period><Period><TimeInterval v="2016-12-31T01:00Z/2016-12-31T02:00Z"/><Direction v="Z03"/><Quantity v="0"/><MeasureUnit v="KW1"/></Period><Period><TimeInterval v="2016-12-31T02:00Z/2016-12-31T03:00Z"/><Direction v="Z03"/><Quantity v="0"/><MeasureUnit v="KW1"/></Period><Period><TimeInterval v="2016-12-31T03:00Z/2016-12-31T04:00Z"/><Direction v="Z03"/><Quantity v="0"/><MeasureUnit v="KW1"/></Period><Period><TimeInterval v="2016-12-31T04:00Z/2016-12-31T05:00Z"/><Direction v="Z03"/><Quantity v="0"/><MeasureUnit v="KW1"/></Period></Category><Category><CapacityCode v="Z15"/><Period><TimeInterval v="2016-12-30T05:00Z/2016-12-30T06:00Z"/><Direction v="Z03"/><Quantity v="0"/><MeasureUnit v="KW1"/></Period><Period><TimeInterval v="2016-12-30T06:00Z/2016-12-30T07:00Z"/><Direction v="Z03"/><Quantity v="0"/><MeasureUnit v="KW1"/></Period><Period><TimeInterval v="2016-12-30T07:00Z/2016-12-30T08:00Z"/><Direction v="Z03"/><Quantity v="0"/><MeasureUnit v="KW1"/></Period><Period><TimeInterval v="2016-12-30T08:00Z/2016-12-30T09:00Z"/><Direction v="Z03"/><Quantity v="0"/><MeasureUnit v="KW1"/></Period><Period><TimeInterval v="2016-12-30T09:00Z/2016-12-30T10:00Z"/><Direction v="Z03"/><Quantity v="0"/><MeasureUnit v="KW1"/></Period><Period><TimeInterval v="2016-12-30T10:00Z/2016-12-30T11:00Z"/><Direction v="Z03"/><Quantity v="0"/><MeasureUnit v="KW1"/></Period><Period><TimeInterval v="2016-12-30T11:00Z/2016-12-30T12:00Z"/><Direction v="Z03"/><Quantity v="0"/><MeasureUnit v="KW1"/></Period><Period><TimeInterval v="2016-12-30T12:00Z/2016-12-30T13:00Z"/><Direction v="Z03"/><Quantity v="0"/><MeasureUnit v="KW1"/></Period><Period><TimeInterval v="2016-12-30T13:00Z/2016-12-30T14:00Z"/><Direction v="Z03"/><Quantity v="0"/><MeasureUnit v="KW1"/></Period><Period><TimeInterval v="2016-12-30T14:00Z/2016-12-30T15:00Z"/><Direction v="Z03"/><Quantity v="0"/><MeasureUnit v="KW1"/></Period><Period><TimeInterval v="2016-12-30T15:00Z/2016-12-30T16:00Z"/><Direction v="Z03"/><Quantity v="0"/><MeasureUnit v="KW1"/></Period><Period><TimeInterval v="2016-12-30T16:00Z/2016-12-30T17:00Z"/><Direction v="Z03"/><Quantity v="0"/><MeasureUnit v="KW1"/></Period><Period><TimeInterval v="2016-12-30T17:00Z/2016-12-30T18:00Z"/><Direction v="Z03"/><Quantity v="0"/><MeasureUnit v="KW1"/></Period><Period><TimeInterval v="2016-12-30T18:00Z/2016-12-30T19:00Z"/><Direction v="Z03"/><Quantity v="0"/><MeasureUnit v="KW1"/></Period><Period><TimeInterval v="2016-12-30T19:00Z/2016-12-30T20:00Z"/><Direction v="Z03"/><Quantity v="0"/><MeasureUnit v="KW1"/></Period><Period><TimeInterval v="2016-12-30T20:00Z/2016-12-30T21:00Z"/><Direction v="Z03"/><Quantity v="0"/><MeasureUnit v="KW1"/></Period><Period><TimeInterval v="2016-12-30T21:00Z/2016-12-30T22:00Z"/><Direction v="Z03"/><Quantity v="0"/><MeasureUnit v="KW1"/></Period><Period><TimeInterval v="2016-12-30T22:00Z/2016-12-30T23:00Z"/><Direction v="Z03"/><Quantity v="0"/><MeasureUnit v="KW1"/></Period><Period><TimeInterval v="2016-12-30T23:00Z/2016-12-31T00:00Z"/><Direction v="Z03"/><Quantity v="0"/><MeasureUnit v="KW1"/></Period><Period><TimeInterval v="2016-12-31T00:00Z/2016-12-31T01:00Z"/><Direction v="Z03"/><Quantity v="0"/><MeasureUnit v="KW1"/></Period><Period><TimeInterval v="2016-12-31T01:00Z/2016-12-31T02:00Z"/><Direction v="Z03"/><Quantity v="0"/><MeasureUnit v="KW1"/></Period><Period><TimeInterval v="2016-12-31T02:00Z/2016-12-31T03:00Z"/><Direction v="Z03"/><Quantity v="0"/><MeasureUnit v="KW1"/></Period><Period><TimeInterval v="2016-12-31T03:00Z/2016-12-31T04:00Z"/><Direction v="Z03"/><Quantity v="0"/><MeasureUnit v="KW1"/></Period><Period><TimeInterval v="2016-12-31T04:00Z/2016-12-31T05:00Z"/><Direction v="Z03"/><Quantity v="0"/><MeasureUnit v="KW1"/></Period></Category></ConnectionPoint><ConnectionPoint><Identification v="21Z000000000071W" codingScheme="305"/><Type v="Z25"/><Category><CapacityCode v="Z12"/><Period><TimeInterval v="2016-12-30T05:00Z/2016-12-30T06:00Z"/><Direction v="Z02"/><Quantity v="746876"/><MeasureUnit v="KW1"/></Period><Period><TimeInterval v="2016-12-30T06:00Z/2016-12-30T07:00Z"/><Direction v="Z02"/><Quantity v="746876"/><MeasureUnit v="KW1"/></Period><Period><TimeInterval v="2016-12-30T07:00Z/2016-12-30T08:00Z"/><Direction v="Z02"/><Quantity v="746876"/><MeasureUnit v="KW1"/></Period><Period><TimeInterval v="2016-12-30T08:00Z/2016-12-30T09:00Z"/><Direction v="Z02"/><Quantity v="746876"/><MeasureUnit v="KW1"/></Period><Period><TimeInterval v="2016-12-30T09:00Z/2016-12-30T10:00Z"/><Direction v="Z02"/><Quantity v="746876"/><MeasureUnit v="KW1"/></Period><Period><TimeInterval v="2016-12-30T10:00Z/2016-12-30T11:00Z"/><Direction v="Z02"/><Quantity v="746876"/><MeasureUnit v="KW1"/></Period><Period><TimeInterval v="2016-12-30T11:00Z/2016-12-30T12:00Z"/><Direction v="Z02"/><Quantity v="746876"/><MeasureUnit v="KW1"/></Period><Period><TimeInterval v="2016-12-30T12:00Z/2016-12-30T13:00Z"/><Direction v="Z02"/><Quantity v="746876"/><MeasureUnit v="KW1"/></Period><Period><TimeInterval v="2016-12-30T13:00Z/2016-12-30T14:00Z"/><Direction v="Z02"/><Quantity v="746876"/><MeasureUnit v="KW1"/></Period><Period><TimeInterval v="2016-12-30T14:00Z/2016-12-30T15:00Z"/><Direction v="Z02"/><Quantity v="746876"/><MeasureUnit v="KW1"/></Period><Period><TimeInterval v="2016-12-30T15:00Z/2016-12-30T16:00Z"/><Direction v="Z02"/><Quantity v="746876"/><MeasureUnit v="KW1"/></Period><Period><TimeInterval v="2016-12-30T16:00Z/2016-12-30T17:00Z"/><Direction v="Z02"/><Quantity v="746876"/><MeasureUnit v="KW1"/></Period><Period><TimeInterval v="2016-12-30T17:00Z/2016-12-30T18:00Z"/><Direction v="Z02"/><Quantity v="746876"/><MeasureUnit v="KW1"/></Period><Period><TimeInterval v="2016-12-30T18:00Z/2016-12-30T19:00Z"/><Direction v="Z02"/><Quantity v="746876"/><MeasureUnit v="KW1"/></Period><Period><TimeInterval v="2016-12-30T19:00Z/2016-12-30T20:00Z"/><Direction v="Z02"/><Quantity v="746876"/><MeasureUnit v="KW1"/></Period><Period><TimeInterval v="2016-12-30T20:00Z/2016-12-30T21:00Z"/><Direction v="Z02"/><Quantity v="746876"/><MeasureUnit v="KW1"/></Period><Period><TimeInterval v="2016-12-30T21:00Z/2016-12-30T22:00Z"/><Direction v="Z02"/><Quantity v="746876"/><MeasureUnit v="KW1"/></Period><Period><TimeInterval v="2016-12-30T22:00Z/2016-12-30T23:00Z"/><Direction v="Z02"/><Quantity v="746876"/><MeasureUnit v="KW1"/></Period><Period><TimeInterval v="2016-12-30T23:00Z/2016-12-31T00:00Z"/><Direction v="Z02"/><Quantity v="746876"/><MeasureUnit v="KW1"/></Period><Period><TimeInterval v="2016-12-31T00:00Z/2016-12-31T01:00Z"/><Direction v="Z02"/><Quantity v="746876"/><MeasureUnit v="KW1"/></Period><Period><TimeInterval v="2016-12-31T01:00Z/2016-12-31T02:00Z"/><Direction v="Z02"/><Quantity v="746876"/><MeasureUnit v="KW1"/></Period><Period><TimeInterval v="2016-12-31T02:00Z/2016-12-31T03:00Z"/><Direction v="Z02"/><Quantity v="746876"/><MeasureUnit v="KW1"/></Period><Period><TimeInterval v="2016-12-31T03:00Z/2016-12-31T04:00Z"/><Direction v="Z02"/><Quantity v="746876"/><MeasureUnit v="KW1"/></Period><Period><TimeInterval v="2016-12-31T04:00Z/2016-12-31T05:00Z"/><Direction v="Z02"/><Quantity v="746876"/><MeasureUnit v="KW1"/></Period></Category><Category><CapacityCode v="Z14"/><Period><TimeInterval v="2016-12-30T05:00Z/2016-12-30T06:00Z"/><Direction v="Z02"/><Quantity v="646763"/><MeasureUnit v="KW1"/></Period><Period><TimeInterval v="2016-12-30T06:00Z/2016-12-30T07:00Z"/><Direction v="Z02"/><Quantity v="646763"/><MeasureUnit v="KW1"/></Period><Period><TimeInterval v="2016-12-30T07:00Z/2016-12-30T08:00Z"/><Direction v="Z02"/><Quantity v="646763"/><MeasureUnit v="KW1"/></Period><Period><TimeInterval v="2016-12-30T08:00Z/2016-12-30T09:00Z"/><Direction v="Z02"/><Quantity v="646763"/><MeasureUnit v="KW1"/></Period><Period><TimeInterval v="2016-12-30T09:00Z/2016-12-30T10:00Z"/><Direction v="Z02"/><Quantity v="646763"/><MeasureUnit v="KW1"/></Period><Period><TimeInterval v="2016-12-30T10:00Z/2016-12-30T11:00Z"/><Direction v="Z02"/><Quantity v="646763"/><MeasureUnit v="KW1"/></Period><Period><TimeInterval v="2016-12-30T11:00Z/2016-12-30T12:00Z"/><Direction v="Z02"/><Quantity v="646763"/><MeasureUnit v="KW1"/></Period><Period><TimeInterval v="2016-12-30T12:00Z/2016-12-30T13:00Z"/><Direction v="Z02"/><Quantity v="646763"/><MeasureUnit v="KW1"/></Period><Period><TimeInterval v="2016-12-30T13:00Z/2016-12-30T14:00Z"/><Direction v="Z02"/><Quantity v="646763"/><MeasureUnit v="KW1"/></Period><Period><TimeInterval v="2016-12-30T14:00Z/2016-12-30T15:00Z"/><Direction v="Z02"/><Quantity v="646763"/><MeasureUnit v="KW1"/></Period><Period><TimeInterval v="2016-12-30T15:00Z/2016-12-30T16:00Z"/><Direction v="Z02"/><Quantity v="646763"/><MeasureUnit v="KW1"/></Period><Period><TimeInterval v="2016-12-30T16:00Z/2016-12-30T17:00Z"/><Direction v="Z02"/><Quantity v="646763"/><MeasureUnit v="KW1"/></Period><Period><TimeInterval v="2016-12-30T17:00Z/2016-12-30T18:00Z"/><Direction v="Z02"/><Quantity v="646763"/><MeasureUnit v="KW1"/></Period><Period><TimeInterval v="2016-12-30T18:00Z/2016-12-30T19:00Z"/><Direction v="Z02"/><Quantity v="646763"/><MeasureUnit v="KW1"/></Period><Period><TimeInterval v="2016-12-30T19:00Z/2016-12-30T20:00Z"/><Direction v="Z02"/><Quantity v="646763"/><MeasureUnit v="KW1"/></Period><Period><TimeInterval v="2016-12-30T20:00Z/2016-12-30T21:00Z"/><Direction v="Z02"/><Quantity v="646763"/><MeasureUnit v="KW1"/></Period><Period><TimeInterval v="2016-12-30T21:00Z/2016-12-30T22:00Z"/><Direction v="Z02"/><Quantity v="646763"/><MeasureUnit v="KW1"/></Period><Period><TimeInterval v="2016-12-30T22:00Z/2016-12-30T23:00Z"/><Direction v="Z02"/><Quantity v="646763"/><MeasureUnit v="KW1"/></Period><Period><TimeInterval v="2016-12-30T23:00Z/2016-12-31T00:00Z"/><Direction v="Z02"/><Quantity v="646763"/><MeasureUnit v="KW1"/></Period><Period><TimeInterval v="2016-12-31T00:00Z/2016-12-31T01:00Z"/><Direction v="Z02"/><Quantity v="646763"/><MeasureUnit v="KW1"/></Period><Period><TimeInterval v="2016-12-31T01:00Z/2016-12-31T02:00Z"/><Direction v="Z02"/><Quantity v="646763"/><MeasureUnit v="KW1"/></Period><Period><TimeInterval v="2016-12-31T02:00Z/2016-12-31T03:00Z"/><Direction v="Z02"/><Quantity v="646763"/><MeasureUnit v="KW1"/></Period><Period><TimeInterval v="2016-12-31T03:00Z/2016-12-31T04:00Z"/><Direction v="Z02"/><Quantity v="646763"/><MeasureUnit v="KW1"/></Period><Period><TimeInterval v="2016-12-31T04:00Z/2016-12-31T05:00Z"/><Direction v="Z02"/><Quantity v="646763"/><MeasureUnit v="KW1"/></Period></Category><Category><CapacityCode v="Z15"/><Period><TimeInterval v="2016-12-30T05:00Z/2016-12-30T06:00Z"/><Direction v="Z02"/><Quantity v="0"/><MeasureUnit v="KW1"/></Period><Period><TimeInterval v="2016-12-30T06:00Z/2016-12-30T07:00Z"/><Direction v="Z02"/><Quantity v="0"/><MeasureUnit v="KW1"/></Period><Period><TimeInterval v="2016-12-30T07:00Z/2016-12-30T08:00Z"/><Direction v="Z02"/><Quantity v="0"/><MeasureUnit v="KW1"/></Period><Period><TimeInterval v="2016-12-30T08:00Z/2016-12-30T09:00Z"/><Direction v="Z02"/><Quantity v="0"/><MeasureUnit v="KW1"/></Period><Period><TimeInterval v="2016-12-30T09:00Z/2016-12-30T10:00Z"/><Direction v="Z02"/><Quantity v="0"/><MeasureUnit v="KW1"/></Period><Period><TimeInterval v="2016-12-30T10:00Z/2016-12-30T11:00Z"/><Direction v="Z02"/><Quantity v="0"/><MeasureUnit v="KW1"/></Period><Period><TimeInterval v="2016-12-30T11:00Z/2016-12-30T12:00Z"/><Direction v="Z02"/><Quantity v="0"/><MeasureUnit v="KW1"/></Period><Period><TimeInterval v="2016-12-30T12:00Z/2016-12-30T13:00Z"/><Direction v="Z02"/><Quantity v="0"/><MeasureUnit v="KW1"/></Period><Period><TimeInterval v="2016-12-30T13:00Z/2016-12-30T14:00Z"/><Direction v="Z02"/><Quantity v="0"/><MeasureUnit v="KW1"/></Period><Period><TimeInterval v="2016-12-30T14:00Z/2016-12-30T15:00Z"/><Direction v="Z02"/><Quantity v="0"/><MeasureUnit v="KW1"/></Period><Period><TimeInterval v="2016-12-30T15:00Z/2016-12-30T16:00Z"/><Direction v="Z02"/><Quantity v="0"/><MeasureUnit v="KW1"/></Period><Period><TimeInterval v="2016-12-30T16:00Z/2016-12-30T17:00Z"/><Direction v="Z02"/><Quantity v="0"/><MeasureUnit v="KW1"/></Period><Period><TimeInterval v="2016-12-30T17:00Z/2016-12-30T18:00Z"/><Direction v="Z02"/><Quantity v="0"/><MeasureUnit v="KW1"/></Period><Period><TimeInterval v="2016-12-30T18:00Z/2016-12-30T19:00Z"/><Direction v="Z02"/><Quantity v="0"/><MeasureUnit v="KW1"/></Period><Period><TimeInterval v="2016-12-30T19:00Z/2016-12-30T20:00Z"/><Direction v="Z02"/><Quantity v="0"/><MeasureUnit v="KW1"/></Period><Period><TimeInterval v="2016-12-30T20:00Z/2016-12-30T21:00Z"/><Direction v="Z02"/><Quantity v="0"/><MeasureUnit v="KW1"/></Period><Period><TimeInterval v="2016-12-30T21:00Z/2016-12-30T22:00Z"/><Direction v="Z02"/><Quantity v="0"/><MeasureUnit v="KW1"/></Period><Period><TimeInterval v="2016-12-30T22:00Z/2016-12-30T23:00Z"/><Direction v="Z02"/><Quantity v="0"/><MeasureUnit v="KW1"/></Period><Period><TimeInterval v="2016-12-30T23:00Z/2016-12-31T00:00Z"/><Direction v="Z02"/><Quantity v="0"/><MeasureUnit v="KW1"/></Period><Period><TimeInterval v="2016-12-31T00:00Z/2016-12-31T01:00Z"/><Direction v="Z02"/><Quantity v="0"/><MeasureUnit v="KW1"/></Period><Period><TimeInterval v="2016-12-31T01:00Z/2016-12-31T02:00Z"/><Direction v="Z02"/><Quantity v="0"/><MeasureUnit v="KW1"/></Period><Period><TimeInterval v="2016-12-31T02:00Z/2016-12-31T03:00Z"/><Direction v="Z02"/><Quantity v="0"/><MeasureUnit v="KW1"/></Period><Period><TimeInterval v="2016-12-31T03:00Z/2016-12-31T04:00Z"/><Direction v="Z02"/><Quantity v="0"/><MeasureUnit v="KW1"/></Period><Period><TimeInterval v="2016-12-31T04:00Z/2016-12-31T05:00Z"/><Direction v="Z02"/><Quantity v="0"/><MeasureUnit v="KW1"/></Period></Category></ConnectionPoint><ConnectionPoint><Identification v="21Z000000000237O" codingScheme="305"/><Type v="Z26"/><Category><CapacityCode v="Z12"/><Period><TimeInterval v="2016-12-30T05:00Z/2016-12-30T06:00Z"/><Direction v="Z02"/><Quantity v="2727399"/><MeasureUnit v="KW1"/></Period><Period><TimeInterval v="2016-12-30T06:00Z/2016-12-30T07:00Z"/><Direction v="Z02"/><Quantity v="2727395"/><MeasureUnit v="KW1"/></Period><Period><TimeInterval v="2016-12-30T07:00Z/2016-12-30T08:00Z"/><Direction v="Z02"/><Quantity v="2729503"/><MeasureUnit v="KW1"/></Period><Period><TimeInterval v="2016-12-30T08:00Z/2016-12-30T09:00Z"/><Direction v="Z02"/><Quantity v="2729503"/><MeasureUnit v="KW1"/></Period><Period><TimeInterval v="2016-12-30T09:00Z/2016-12-30T10:00Z"/><Direction v="Z02"/><Quantity v="2729503"/><MeasureUnit v="KW1"/></Period><Period><TimeInterval v="2016-12-30T10:00Z/2016-12-30T11:00Z"/><Direction v="Z02"/><Quantity v="2729503"/><MeasureUnit v="KW1"/></Period><Period><TimeInterval v="2016-12-30T11:00Z/2016-12-30T12:00Z"/><Direction v="Z02"/><Quantity v="2729503"/><MeasureUnit v="KW1"/></Period><Period><TimeInterval v="2016-12-30T12:00Z/2016-12-30T13:00Z"/><Direction v="Z02"/><Quantity v="2729503"/><MeasureUnit v="KW1"/></Period><Period><TimeInterval v="2016-12-30T13:00Z/2016-12-30T14:00Z"/><Direction v="Z02"/><Quantity v="2729503"/><MeasureUnit v="KW1"/></Period><Period><TimeInterval v="2016-12-30T14:00Z/2016-12-30T15:00Z"/><Direction v="Z02"/><Quantity v="2729503"/><MeasureUnit v="KW1"/></Period><Period><TimeInterval v="2016-12-30T15:00Z/2016-12-30T16:00Z"/><Direction v="Z02"/><Quantity v="2730503"/><MeasureUnit v="KW1"/></Period><Period><TimeInterval v="2016-12-30T16:00Z/2016-12-30T17:00Z"/><Direction v="Z02"/><Quantity v="2730503"/><MeasureUnit v="KW1"/></Period><Period><TimeInterval v="2016-12-30T17:00Z/2016-12-30T18:00Z"/><Direction v="Z02"/><Quantity v="2730503"/><MeasureUnit v="KW1"/></Period><Period><TimeInterval v="2016-12-30T18:00Z/2016-12-30T19:00Z"/><Direction v="Z02"/><Quantity v="2730503"/><MeasureUnit v="KW1"/></Period><Period><TimeInterval v="2016-12-30T19:00Z/2016-12-30T20:00Z"/><Direction v="Z02"/><Quantity v="2730520"/><MeasureUnit v="KW1"/></Period><Period><TimeInterval v="2016-12-30T20:00Z/2016-12-30T21:00Z"/><Direction v="Z02"/><Quantity v="2730520"/><MeasureUnit v="KW1"/></Period><Period><TimeInterval v="2016-12-30T21:00Z/2016-12-30T22:00Z"/><Direction v="Z02"/><Quantity v="2730520"/><MeasureUnit v="KW1"/></Period><Period><TimeInterval v="2016-12-30T22:00Z/2016-12-30T23:00Z"/><Direction v="Z02"/><Quantity v="2730520"/><MeasureUnit v="KW1"/></Period><Period><TimeInterval v="2016-12-30T23:00Z/2016-12-31T00:00Z"/><Direction v="Z02"/><Quantity v="2730520"/><MeasureUnit v="KW1"/></Period><Period><TimeInterval v="2016-12-31T00:00Z/2016-12-31T01:00Z"/><Direction v="Z02"/><Quantity v="2730520"/><MeasureUnit v="KW1"/></Period><Period><TimeInterval v="2016-12-31T01:00Z/2016-12-31T02:00Z"/><Direction v="Z02"/><Quantity v="2730520"/><MeasureUnit v="KW1"/></Period><Period><TimeInterval v="2016-12-31T02:00Z/2016-12-31T03:00Z"/><Direction v="Z02"/><Quantity v="2730520"/><MeasureUnit v="KW1"/></Period><Period><TimeInterval v="2016-12-31T03:00Z/2016-12-31T04:00Z"/><Direction v="Z02"/><Quantity v="2730520"/><MeasureUnit v="KW1"/></Period><Period><TimeInterval v="2016-12-31T04:00Z/2016-12-31T05:00Z"/><Direction v="Z02"/><Quantity v="2730503"/><MeasureUnit v="KW1"/></Period><Period><TimeInterval v="2016-12-30T05:00Z/2016-12-30T06:00Z"/><Direction v="Z03"/><Quantity v="143"/><MeasureUnit v="KW1"/></Period><Period><TimeInterval v="2016-12-30T06:00Z/2016-12-30T07:00Z"/><Direction v="Z03"/><Quantity v="143"/><MeasureUnit v="KW1"/></Period><Period><TimeInterval v="2016-12-30T07:00Z/2016-12-30T08:00Z"/><Direction v="Z03"/><Quantity v="143"/><MeasureUnit v="KW1"/></Period><Period><TimeInterval v="2016-12-30T08:00Z/2016-12-30T09:00Z"/><Direction v="Z03"/><Quantity v="143"/><MeasureUnit v="KW1"/></Period><Period><TimeInterval v="2016-12-30T09:00Z/2016-12-30T10:00Z"/><Direction v="Z03"/><Quantity v="143"/><MeasureUnit v="KW1"/></Period><Period><TimeInterval v="2016-12-30T10:00Z/2016-12-30T11:00Z"/><Direction v="Z03"/><Quantity v="143"/><MeasureUnit v="KW1"/></Period><Period><TimeInterval v="2016-12-30T11:00Z/2016-12-30T12:00Z"/><Direction v="Z03"/><Quantity v="143"/><MeasureUnit v="KW1"/></Period><Period><TimeInterval v="2016-12-30T12:00Z/2016-12-30T13:00Z"/><Direction v="Z03"/><Quantity v="143"/><MeasureUnit v="KW1"/></Period><Period><TimeInterval v="2016-12-30T13:00Z/2016-12-30T14:00Z"/><Direction v="Z03"/><Quantity v="143"/><MeasureUnit v="KW1"/></Period><Period><TimeInterval v="2016-12-30T14:00Z/2016-12-30T15:00Z"/><Direction v="Z03"/><Quantity v="143"/><MeasureUnit v="KW1"/></Period><Period><TimeInterval v="2016-12-30T15:00Z/2016-12-30T16:00Z"/><Direction v="Z03"/><Quantity v="143"/><MeasureUnit v="KW1"/></Period><Period><TimeInterval v="2016-12-30T16:00Z/2016-12-30T17:00Z"/><Direction v="Z03"/><Quantity v="143"/><MeasureUnit v="KW1"/></Period><Period><TimeInterval v="2016-12-30T17:00Z/2016-12-30T18:00Z"/><Direction v="Z03"/><Quantity v="143"/><MeasureUnit v="KW1"/></Period><Period><TimeInterval v="2016-12-30T18:00Z/2016-12-30T19:00Z"/><Direction v="Z03"/><Quantity v="143"/><MeasureUnit v="KW1"/></Period><Period><TimeInterval v="2016-12-30T19:00Z/2016-12-30T20:00Z"/><Direction v="Z03"/><Quantity v="143"/><MeasureUnit v="KW1"/></Period><Period><TimeInterval v="2016-12-30T20:00Z/2016-12-30T21:00Z"/><Direction v="Z03"/><Quantity v="143"/><MeasureUnit v="KW1"/></Period><Period><TimeInterval v="2016-12-30T21:00Z/2016-12-30T22:00Z"/><Direction v="Z03"/><Quantity v="143"/><MeasureUnit v="KW1"/></Period><Period><TimeInterval v="2016-12-30T22:00Z/2016-12-30T23:00Z"/><Direction v="Z03"/><Quantity v="143"/><MeasureUnit v="KW1"/></Period><Period><TimeInterval v="2016-12-30T23:00Z/2016-12-31T00:00Z"/><Direction v="Z03"/><Quantity v="143"/><MeasureUnit v="KW1"/></Period><Period><TimeInterval v="2016-12-31T00:00Z/2016-12-31T01:00Z"/><Direction v="Z03"/><Quantity v="143"/><MeasureUnit v="KW1"/></Period><Period><TimeInterval v="2016-12-31T01:00Z/2016-12-31T02:00Z"/><Direction v="Z03"/><Quantity v="143"/><MeasureUnit v="KW1"/></Period><Period><TimeInterval v="2016-12-31T02:00Z/2016-12-31T03:00Z"/><Direction v="Z03"/><Quantity v="143"/><MeasureUnit v="KW1"/></Period><Period><TimeInterval v="2016-12-31T03:00Z/2016-12-31T04:00Z"/><Direction v="Z03"/><Quantity v="143"/><MeasureUnit v="KW1"/></Period><Period><TimeInterval v="2016-12-31T04:00Z/2016-12-31T05:00Z"/><Direction v="Z03"/><Quantity v="143"/><MeasureUnit v="KW1"/></Period></Category><Category><CapacityCode v="Z14"/><Period><TimeInterval v="2016-12-30T05:00Z/2016-12-30T06:00Z"/><Direction v="Z02"/><Quantity v="2284269"/><MeasureUnit v="KW1"/></Period><Period><TimeInterval v="2016-12-30T06:00Z/2016-12-30T07:00Z"/><Direction v="Z02"/><Quantity v="2284269"/><MeasureUnit v="KW1"/></Period><Period><TimeInterval v="2016-12-30T07:00Z/2016-12-30T08:00Z"/><Direction v="Z02"/><Quantity v="2284269"/><MeasureUnit v="KW1"/></Period><Period><TimeInterval v="2016-12-30T08:00Z/2016-12-30T09:00Z"/><Direction v="Z02"/><Quantity v="2284269"/><MeasureUnit v="KW1"/></Period><Period><TimeInterval v="2016-12-30T09:00Z/2016-12-30T10:00Z"/><Direction v="Z02"/><Quantity v="2284269"/><MeasureUnit v="KW1"/></Period><Period><TimeInterval v="2016-12-30T10:00Z/2016-12-30T11:00Z"/><Direction v="Z02"/><Quantity v="2284269"/><MeasureUnit v="KW1"/></Period><Period><TimeInterval v="2016-12-30T11:00Z/2016-12-30T12:00Z"/><Direction v="Z02"/><Quantity v="2284269"/><MeasureUnit v="KW1"/></Period><Period><TimeInterval v="2016-12-30T12:00Z/2016-12-30T13:00Z"/><Direction v="Z02"/><Quantity v="2284269"/><MeasureUnit v="KW1"/></Period><Period><TimeInterval v="2016-12-30T13:00Z/2016-12-30T14:00Z"/><Direction v="Z02"/><Quantity v="2284269"/><MeasureUnit v="KW1"/></Period><Period><TimeInterval v="2016-12-30T14:00Z/2016-12-30T15:00Z"/><Direction v="Z02"/><Quantity v="2284269"/><MeasureUnit v="KW1"/></Period><Period><TimeInterval v="2016-12-30T15:00Z/2016-12-30T16:00Z"/><Direction v="Z02"/><Quantity v="2284269"/><MeasureUnit v="KW1"/></Period><Period><TimeInterval v="2016-12-30T16:00Z/2016-12-30T17:00Z"/><Direction v="Z02"/><Quantity v="2284269"/><MeasureUnit v="KW1"/></Period><Period><TimeInterval v="2016-12-30T17:00Z/2016-12-30T18:00Z"/><Direction v="Z02"/><Quantity v="2284269"/><MeasureUnit v="KW1"/></Period><Period><TimeInterval v="2016-12-30T18:00Z/2016-12-30T19:00Z"/><Direction v="Z02"/><Quantity v="2284269"/><MeasureUnit v="KW1"/></Period><Period><TimeInterval v="2016-12-30T19:00Z/2016-12-30T20:00Z"/><Direction v="Z02"/><Quantity v="2284269"/><MeasureUnit v="KW1"/></Period><Period><TimeInterval v="2016-12-30T20:00Z/2016-12-30T21:00Z"/><Direction v="Z02"/><Quantity v="2284269"/><MeasureUnit v="KW1"/></Period><Period><TimeInterval v="2016-12-30T21:00Z/2016-12-30T22:00Z"/><Direction v="Z02"/><Quantity v="2284269"/><MeasureUnit v="KW1"/></Period><Period><TimeInterval v="2016-12-30T22:00Z/2016-12-30T23:00Z"/><Direction v="Z02"/><Quantity v="2284269"/><MeasureUnit v="KW1"/></Period><Period><TimeInterval v="2016-12-30T23:00Z/2016-12-31T00:00Z"/><Direction v="Z02"/><Quantity v="2284269"/><MeasureUnit v="KW1"/></Period><Period><TimeInterval v="2016-12-31T00:00Z/2016-12-31T01:00Z"/><Direction v="Z02"/><Quantity v="2284269"/><MeasureUnit v="KW1"/></Period><Period><TimeInterval v="2016-12-31T01:00Z/2016-12-31T02:00Z"/><Direction v="Z02"/><Quantity v="2284269"/><MeasureUnit v="KW1"/></Period><Period><TimeInterval v="2016-12-31T02:00Z/2016-12-31T03:00Z"/><Direction v="Z02"/><Quantity v="2284269"/><MeasureUnit v="KW1"/></Period><Period><TimeInterval v="2016-12-31T03:00Z/2016-12-31T04:00Z"/><Direction v="Z02"/><Quantity v="2284269"/><MeasureUnit v="KW1"/></Period><Period><TimeInterval v="2016-12-31T04:00Z/2016-12-31T05:00Z"/><Direction v="Z02"/><Quantity v="2284269"/><MeasureUnit v="KW1"/></Period><Period><TimeInterval v="2016-12-30T05:00Z/2016-12-30T06:00Z"/><Direction v="Z03"/><Quantity v="143"/><MeasureUnit v="KW1"/></Period><Period><TimeInterval v="2016-12-30T06:00Z/2016-12-30T07:00Z"/><Direction v="Z03"/><Quantity v="143"/><MeasureUnit v="KW1"/></Period><Period><TimeInterval v="2016-12-30T07:00Z/2016-12-30T08:00Z"/><Direction v="Z03"/><Quantity v="143"/><MeasureUnit v="KW1"/></Period><Period><TimeInterval v="2016-12-30T08:00Z/2016-12-30T09:00Z"/><Direction v="Z03"/><Quantity v="143"/><MeasureUnit v="KW1"/></Period><Period><TimeInterval v="2016-12-30T09:00Z/2016-12-30T10:00Z"/><Direction v="Z03"/><Quantity v="143"/><MeasureUnit v="KW1"/></Period><Period><TimeInterval v="2016-12-30T10:00Z/2016-12-30T11:00Z"/><Direction v="Z03"/><Quantity v="143"/><MeasureUnit v="KW1"/></Period><Period><TimeInterval v="2016-12-30T11:00Z/2016-12-30T12:00Z"/><Direction v="Z03"/><Quantity v="143"/><MeasureUnit v="KW1"/></Period><Period><TimeInterval v="2016-12-30T12:00Z/2016-12-30T13:00Z"/><Direction v="Z03"/><Quantity v="143"/><MeasureUnit v="KW1"/></Period><Period><TimeInterval v="2016-12-30T13:00Z/2016-12-30T14:00Z"/><Direction v="Z03"/><Quantity v="143"/><MeasureUnit v="KW1"/></Period><Period><TimeInterval v="2016-12-30T14:00Z/2016-12-30T15:00Z"/><Direction v="Z03"/><Quantity v="143"/><MeasureUnit v="KW1"/></Period><Period><TimeInterval v="2016-12-30T15:00Z/2016-12-30T16:00Z"/><Direction v="Z03"/><Quantity v="143"/><MeasureUnit v="KW1"/></Period><Period><TimeInterval v="2016-12-30T16:00Z/2016-12-30T17:00Z"/><Direction v="Z03"/><Quantity v="143"/><MeasureUnit v="KW1"/></Period><Period><TimeInterval v="2016-12-30T17:00Z/2016-12-30T18:00Z"/><Direction v="Z03"/><Quantity v="143"/><MeasureUnit v="KW1"/></Period><Period><TimeInterval v="2016-12-30T18:00Z/2016-12-30T19:00Z"/><Direction v="Z03"/><Quantity v="143"/><MeasureUnit v="KW1"/></Period><Period><TimeInterval v="2016-12-30T19:00Z/2016-12-30T20:00Z"/><Direction v="Z03"/><Quantity v="143"/><MeasureUnit v="KW1"/></Period><Period><TimeInterval v="2016-12-30T20:00Z/2016-12-30T21:00Z"/><Direction v="Z03"/><Quantity v="143"/><MeasureUnit v="KW1"/></Period><Period><TimeInterval v="2016-12-30T21:00Z/2016-12-30T22:00Z"/><Direction v="Z03"/><Quantity v="143"/><MeasureUnit v="KW1"/></Period><Period><TimeInterval v="2016-12-30T22:00Z/2016-12-30T23:00Z"/><Direction v="Z03"/><Quantity v="143"/><MeasureUnit v="KW1"/></Period><Period><TimeInterval v="2016-12-30T23:00Z/2016-12-31T00:00Z"/><Direction v="Z03"/><Quantity v="143"/><MeasureUnit v="KW1"/></Period><Period><TimeInterval v="2016-12-31T00:00Z/2016-12-31T01:00Z"/><Direction v="Z03"/><Quantity v="143"/><MeasureUnit v="KW1"/></Period><Period><TimeInterval v="2016-12-31T01:00Z/2016-12-31T02:00Z"/><Direction v="Z03"/><Quantity v="143"/><MeasureUnit v="KW1"/></Period><Period><TimeInterval v="2016-12-31T02:00Z/2016-12-31T03:00Z"/><Direction v="Z03"/><Quantity v="143"/><MeasureUnit v="KW1"/></Period><Period><TimeInterval v="2016-12-31T03:00Z/2016-12-31T04:00Z"/><Direction v="Z03"/><Quantity v="143"/><MeasureUnit v="KW1"/></Period><Period><TimeInterval v="2016-12-31T04:00Z/2016-12-31T05:00Z"/><Direction v="Z03"/><Quantity v="143"/><MeasureUnit v="KW1"/></Period></Category><Category><CapacityCode v="Z15"/><Period><TimeInterval v="2016-12-30T05:00Z/2016-12-30T06:00Z"/><Direction v="Z02"/><Quantity v="0"/><MeasureUnit v="KW1"/></Period><Period><TimeInterval v="2016-12-30T06:00Z/2016-12-30T07:00Z"/><Direction v="Z02"/><Quantity v="0"/><MeasureUnit v="KW1"/></Period><Period><TimeInterval v="2016-12-30T07:00Z/2016-12-30T08:00Z"/><Direction v="Z02"/><Quantity v="0"/><MeasureUnit v="KW1"/></Period><Period><TimeInterval v="2016-12-30T08:00Z/2016-12-30T09:00Z"/><Direction v="Z02"/><Quantity v="0"/><MeasureUnit v="KW1"/></Period><Period><TimeInterval v="2016-12-30T09:00Z/2016-12-30T10:00Z"/><Direction v="Z02"/><Quantity v="0"/><MeasureUnit v="KW1"/></Period><Period><TimeInterval v="2016-12-30T10:00Z/2016-12-30T11:00Z"/><Direction v="Z02"/><Quantity v="0"/><MeasureUnit v="KW1"/></Period><Period><TimeInterval v="2016-12-30T11:00Z/2016-12-30T12:00Z"/><Direction v="Z02"/><Quantity v="0"/><MeasureUnit v="KW1"/></Period><Period><TimeInterval v="2016-12-30T12:00Z/2016-12-30T13:00Z"/><Direction v="Z02"/><Quantity v="0"/><MeasureUnit v="KW1"/></Period><Period><TimeInterval v="2016-12-30T13:00Z/2016-12-30T14:00Z"/><Direction v="Z02"/><Quantity v="0"/><MeasureUnit v="KW1"/></Period><Period><TimeInterval v="2016-12-30T14:00Z/2016-12-30T15:00Z"/><Direction v="Z02"/><Quantity v="0"/><MeasureUnit v="KW1"/></Period><Period><TimeInterval v="2016-12-30T15:00Z/2016-12-30T16:00Z"/><Direction v="Z02"/><Quantity v="0"/><MeasureUnit v="KW1"/></Period><Period><TimeInterval v="2016-12-30T16:00Z/2016-12-30T17:00Z"/><Direction v="Z02"/><Quantity v="0"/><MeasureUnit v="KW1"/></Period><Period><TimeInterval v="2016-12-30T17:00Z/2016-12-30T18:00Z"/><Direction v="Z02"/><Quantity v="0"/><MeasureUnit v="KW1"/></Period><Period><TimeInterval v="2016-12-30T18:00Z/2016-12-30T19:00Z"/><Direction v="Z02"/><Quantity v="0"/><MeasureUnit v="KW1"/></Period><Period><TimeInterval v="2016-12-30T19:00Z/2016-12-30T20:00Z"/><Direction v="Z02"/><Quantity v="0"/><MeasureUnit v="KW1"/></Period><Period><TimeInterval v="2016-12-30T20:00Z/2016-12-30T21:00Z"/><Direction v="Z02"/><Quantity v="0"/><MeasureUnit v="KW1"/></Period><Period><TimeInterval v="2016-12-30T21:00Z/2016-12-30T22:00Z"/><Direction v="Z02"/><Quantity v="0"/><MeasureUnit v="KW1"/></Period><Period><TimeInterval v="2016-12-30T22:00Z/2016-12-30T23:00Z"/><Direction v="Z02"/><Quantity v="0"/><MeasureUnit v="KW1"/></Period><Period><TimeInterval v="2016-12-30T23:00Z/2016-12-31T00:00Z"/><Direction v="Z02"/><Quantity v="0"/><MeasureUnit v="KW1"/></Period><Period><TimeInterval v="2016-12-31T00:00Z/2016-12-31T01:00Z"/><Direction v="Z02"/><Quantity v="0"/><MeasureUnit v="KW1"/></Period><Period><TimeInterval v="2016-12-31T01:00Z/2016-12-31T02:00Z"/><Direction v="Z02"/><Quantity v="0"/><MeasureUnit v="KW1"/></Period><Period><TimeInterval v="2016-12-31T02:00Z/2016-12-31T03:00Z"/><Direction v="Z02"/><Quantity v="0"/><MeasureUnit v="KW1"/></Period><Period><TimeInterval v="2016-12-31T03:00Z/2016-12-31T04:00Z"/><Direction v="Z02"/><Quantity v="0"/><MeasureUnit v="KW1"/></Period><Period><TimeInterval v="2016-12-31T04:00Z/2016-12-31T05:00Z"/><Direction v="Z02"/><Quantity v="0"/><MeasureUnit v="KW1"/></Period><Period><TimeInterval v="2016-12-30T05:00Z/2016-12-30T06:00Z"/><Direction v="Z03"/><Quantity v="0"/><MeasureUnit v="KW1"/></Period><Period><TimeInterval v="2016-12-30T06:00Z/2016-12-30T07:00Z"/><Direction v="Z03"/><Quantity v="0"/><MeasureUnit v="KW1"/></Period><Period><TimeInterval v="2016-12-30T07:00Z/2016-12-30T08:00Z"/><Direction v="Z03"/><Quantity v="0"/><MeasureUnit v="KW1"/></Period><Period><TimeInterval v="2016-12-30T08:00Z/2016-12-30T09:00Z"/><Direction v="Z03"/><Quantity v="0"/><MeasureUnit v="KW1"/></Period><Period><TimeInterval v="2016-12-30T09:00Z/2016-12-30T10:00Z"/><Direction v="Z03"/><Quantity v="0"/><MeasureUnit v="KW1"/></Period><Period><TimeInterval v="2016-12-30T10:00Z/2016-12-30T11:00Z"/><Direction v="Z03"/><Quantity v="0"/><MeasureUnit v="KW1"/></Period><Period><TimeInterval v="2016-12-30T11:00Z/2016-12-30T12:00Z"/><Direction v="Z03"/><Quantity v="0"/><MeasureUnit v="KW1"/></Period><Period><TimeInterval v="2016-12-30T12:00Z/2016-12-30T13:00Z"/><Direction v="Z03"/><Quantity v="0"/><MeasureUnit v="KW1"/></Period><Period><TimeInterval v="2016-12-30T13:00Z/2016-12-30T14:00Z"/><Direction v="Z03"/><Quantity v="0"/><MeasureUnit v="KW1"/></Period><Period><TimeInterval v="2016-12-30T14:00Z/2016-12-30T15:00Z"/><Direction v="Z03"/><Quantity v="0"/><MeasureUnit v="KW1"/></Period><Period><TimeInterval v="2016-12-30T15:00Z/2016-12-30T16:00Z"/><Direction v="Z03"/><Quantity v="0"/><MeasureUnit v="KW1"/></Period><Period><TimeInterval v="2016-12-30T16:00Z/2016-12-30T17:00Z"/><Direction v="Z03"/><Quantity v="0"/><MeasureUnit v="KW1"/></Period><Period><TimeInterval v="2016-12-30T17:00Z/2016-12-30T18:00Z"/><Direction v="Z03"/><Quantity v="0"/><MeasureUnit v="KW1"/></Period><Period><TimeInterval v="2016-12-30T18:00Z/2016-12-30T19:00Z"/><Direction v="Z03"/><Quantity v="0"/><MeasureUnit v="KW1"/></Period><Period><TimeInterval v="2016-12-30T19:00Z/2016-12-30T20:00Z"/><Direction v="Z03"/><Quantity v="0"/><MeasureUnit v="KW1"/></Period><Period><TimeInterval v="2016-12-30T20:00Z/2016-12-30T21:00Z"/><Direction v="Z03"/><Quantity v="0"/><MeasureUnit v="KW1"/></Period><Period><TimeInterval v="2016-12-30T21:00Z/2016-12-30T22:00Z"/><Direction v="Z03"/><Quantity v="0"/><MeasureUnit v="KW1"/></Period><Period><TimeInterval v="2016-12-30T22:00Z/2016-12-30T23:00Z"/><Direction v="Z03"/><Quantity v="0"/><MeasureUnit v="KW1"/></Period><Period><TimeInterval v="2016-12-30T23:00Z/2016-12-31T00:00Z"/><Direction v="Z03"/><Quantity v="0"/><MeasureUnit v="KW1"/></Period><Period><TimeInterval v="2016-12-31T00:00Z/2016-12-31T01:00Z"/><Direction v="Z03"/><Quantity v="0"/><MeasureUnit v="KW1"/></Period><Period><TimeInterval v="2016-12-31T01:00Z/2016-12-31T02:00Z"/><Direction v="Z03"/><Quantity v="0"/><MeasureUnit v="KW1"/></Period><Period><TimeInterval v="2016-12-31T02:00Z/2016-12-31T03:00Z"/><Direction v="Z03"/><Quantity v="0"/><MeasureUnit v="KW1"/></Period><Period><TimeInterval v="2016-12-31T03:00Z/2016-12-31T04:00Z"/><Direction v="Z03"/><Quantity v="0"/><MeasureUnit v="KW1"/></Period><Period><TimeInterval v="2016-12-31T04:00Z/2016-12-31T05:00Z"/><Direction v="Z03"/><Quantity v="0"/><MeasureUnit v="KW1"/></Period></Category></ConnectionPoint><ConnectionPoint><Identification v="21Z000000000072U" codingScheme="305"/><Type v="Z25"/><Category><CapacityCode v="Z12"/><Period><TimeInterval v="2016-12-30T05:00Z/2016-12-30T06:00Z"/><Direction v="Z02"/><Quantity v="12064000"/><MeasureUnit v="KW1"/></Period><Period><TimeInterval v="2016-12-30T06:00Z/2016-12-30T07:00Z"/><Direction v="Z02"/><Quantity v="11630315"/><MeasureUnit v="KW1"/></Period><Period><TimeInterval v="2016-12-30T07:00Z/2016-12-30T08:00Z"/><Direction v="Z02"/><Quantity v="11630398"/><MeasureUnit v="KW1"/></Period><Period><TimeInterval v="2016-12-30T08:00Z/2016-12-30T09:00Z"/><Direction v="Z02"/><Quantity v="11664356"/><MeasureUnit v="KW1"/></Period><Period><TimeInterval v="2016-12-30T09:00Z/2016-12-30T10:00Z"/><Direction v="Z02"/><Quantity v="11802348"/><MeasureUnit v="KW1"/></Period><Period><TimeInterval v="2016-12-30T10:00Z/2016-12-30T11:00Z"/><Direction v="Z02"/><Quantity v="10830389"/><MeasureUnit v="KW1"/></Period><Period><TimeInterval v="2016-12-30T11:00Z/2016-12-30T12:00Z"/><Direction v="Z02"/><Quantity v="11264348"/><MeasureUnit v="KW1"/></Period><Period><TimeInterval v="2016-12-30T12:00Z/2016-12-30T13:00Z"/><Direction v="Z02"/><Quantity v="11264340"/><MeasureUnit v="KW1"/></Period><Period><TimeInterval v="2016-12-30T13:00Z/2016-12-30T14:00Z"/><Direction v="Z02"/><Quantity v="12134356"/><MeasureUnit v="KW1"/></Period><Period><TimeInterval v="2016-12-30T14:00Z/2016-12-30T15:00Z"/><Direction v="Z02"/><Quantity v="11563323"/><MeasureUnit v="KW1"/></Period><Period><TimeInterval v="2016-12-30T15:00Z/2016-12-30T16:00Z"/><Direction v="Z02"/><Quantity v="11581323"/><MeasureUnit v="KW1"/></Period><Period><TimeInterval v="2016-12-30T16:00Z/2016-12-30T17:00Z"/><Direction v="Z02"/><Quantity v="11650340"/><MeasureUnit v="KW1"/></Period><Period><TimeInterval v="2016-12-30T17:00Z/2016-12-30T18:00Z"/><Direction v="Z02"/><Quantity v="11580282"/><MeasureUnit v="KW1"/></Period><Period><TimeInterval v="2016-12-30T18:00Z/2016-12-30T19:00Z"/><Direction v="Z02"/><Quantity v="11379282"/><MeasureUnit v="KW1"/></Period><Period><TimeInterval v="2016-12-30T19:00Z/2016-12-30T20:00Z"/><Direction v="Z02"/><Quantity v="11115282"/><MeasureUnit v="KW1"/></Period><Period><TimeInterval v="2016-12-30T20:00Z/2016-12-30T21:00Z"/><Direction v="Z02"/><Quantity v="10045282"/><MeasureUnit v="KW1"/></Period><Period><TimeInterval v="2016-12-30T21:00Z/2016-12-30T22:00Z"/><Direction v="Z02"/><Quantity v="9346282"/><MeasureUnit v="KW1"/></Period><Period><TimeInterval v="2016-12-30T22:00Z/2016-12-30T23:00Z"/><Direction v="Z02"/><Quantity v="9736282"/><MeasureUnit v="KW1"/></Period><Period><TimeInterval v="2016-12-30T23:00Z/2016-12-31T00:00Z"/><Direction v="Z02"/><Quantity v="9667282"/><MeasureUnit v="KW1"/></Period><Period><TimeInterval v="2016-12-31T00:00Z/2016-12-31T01:00Z"/><Direction v="Z02"/><Quantity v="11003961"/><MeasureUnit v="KW1"/></Period><Period><TimeInterval v="2016-12-31T01:00Z/2016-12-31T02:00Z"/><Direction v="Z02"/><Quantity v="8703961"/><MeasureUnit v="KW1"/></Period><Period><TimeInterval v="2016-12-31T02:00Z/2016-12-31T03:00Z"/><Direction v="Z02"/><Quantity v="10411961"/><MeasureUnit v="KW1"/></Period><Period><TimeInterval v="2016-12-31T03:00Z/2016-12-31T04:00Z"/><Direction v="Z02"/><Quantity v="10503961"/><MeasureUnit v="KW1"/></Period><Period><TimeInterval v="2016-12-31T04:00Z/2016-12-31T05:00Z"/><Direction v="Z02"/><Quantity v="10503961"/><MeasureUnit v="KW1"/></Period></Category><Category><CapacityCode v="Z14"/><Period><TimeInterval v="2016-12-30T05:00Z/2016-12-30T06:00Z"/><Direction v="Z02"/><Quantity v="6003000"/><MeasureUnit v="KW1"/></Period><Period><TimeInterval v="2016-12-30T06:00Z/2016-12-30T07:00Z"/><Direction v="Z02"/><Quantity v="6003000"/><MeasureUnit v="KW1"/></Period><Period><TimeInterval v="2016-12-30T07:00Z/2016-12-30T08:00Z"/><Direction v="Z02"/><Quantity v="6003000"/><MeasureUnit v="KW1"/></Period><Period><TimeInterval v="2016-12-30T08:00Z/2016-12-30T09:00Z"/><Direction v="Z02"/><Quantity v="6003000"/><MeasureUnit v="KW1"/></Period><Period><TimeInterval v="2016-12-30T09:00Z/2016-12-30T10:00Z"/><Direction v="Z02"/><Quantity v="6003000"/><MeasureUnit v="KW1"/></Period><Period><TimeInterval v="2016-12-30T10:00Z/2016-12-30T11:00Z"/><Direction v="Z02"/><Quantity v="6003000"/><MeasureUnit v="KW1"/></Period><Period><TimeInterval v="2016-12-30T11:00Z/2016-12-30T12:00Z"/><Direction v="Z02"/><Quantity v="6003000"/><MeasureUnit v="KW1"/></Period><Period><TimeInterval v="2016-12-30T12:00Z/2016-12-30T13:00Z"/><Direction v="Z02"/><Quantity v="6003000"/><MeasureUnit v="KW1"/></Period><Period><TimeInterval v="2016-12-30T13:00Z/2016-12-30T14:00Z"/><Direction v="Z02"/><Quantity v="6003000"/><MeasureUnit v="KW1"/></Period><Period><TimeInterval v="2016-12-30T14:00Z/2016-12-30T15:00Z"/><Direction v="Z02"/><Quantity v="6003000"/><MeasureUnit v="KW1"/></Period><Period><TimeInterval v="2016-12-30T15:00Z/2016-12-30T16:00Z"/><Direction v="Z02"/><Quantity v="6003000"/><MeasureUnit v="KW1"/></Period><Period><TimeInterval v="2016-12-30T16:00Z/2016-12-30T17:00Z"/><Direction v="Z02"/><Quantity v="6003000"/><MeasureUnit v="KW1"/></Period><Period><TimeInterval v="2016-12-30T17:00Z/2016-12-30T18:00Z"/><Direction v="Z02"/><Quantity v="6003000"/><MeasureUnit v="KW1"/></Period><Period><TimeInterval v="2016-12-30T18:00Z/2016-12-30T19:00Z"/><Direction v="Z02"/><Quantity v="6003000"/><MeasureUnit v="KW1"/></Period><Period><TimeInterval v="2016-12-30T19:00Z/2016-12-30T20:00Z"/><Direction v="Z02"/><Quantity v="6003000"/><MeasureUnit v="KW1"/></Period><Period><TimeInterval v="2016-12-30T20:00Z/2016-12-30T21:00Z"/><Direction v="Z02"/><Quantity v="6003000"/><MeasureUnit v="KW1"/></Period><Period><TimeInterval v="2016-12-30T21:00Z/2016-12-30T22:00Z"/><Direction v="Z02"/><Quantity v="6003000"/><MeasureUnit v="KW1"/></Period><Period><TimeInterval v="2016-12-30T22:00Z/2016-12-30T23:00Z"/><Direction v="Z02"/><Quantity v="6003000"/><MeasureUnit v="KW1"/></Period><Period><TimeInterval v="2016-12-30T23:00Z/2016-12-31T00:00Z"/><Direction v="Z02"/><Quantity v="6003000"/><MeasureUnit v="KW1"/></Period><Period><TimeInterval v="2016-12-31T00:00Z/2016-12-31T01:00Z"/><Direction v="Z02"/><Quantity v="6003000"/><MeasureUnit v="KW1"/></Period><Period><TimeInterval v="2016-12-31T01:00Z/2016-12-31T02:00Z"/><Direction v="Z02"/><Quantity v="6003000"/><MeasureUnit v="KW1"/></Period><Period><TimeInterval v="2016-12-31T02:00Z/2016-12-31T03:00Z"/><Direction v="Z02"/><Quantity v="6003000"/><MeasureUnit v="KW1"/></Period><Period><TimeInterval v="2016-12-31T03:00Z/2016-12-31T04:00Z"/><Direction v="Z02"/><Quantity v="6003000"/><MeasureUnit v="KW1"/></Period><Period><TimeInterval v="2016-12-31T04:00Z/2016-12-31T05:00Z"/><Direction v="Z02"/><Quantity v="6003000"/><MeasureUnit v="KW1"/></Period></Category><Category><CapacityCode v="Z15"/><Period><TimeInterval v="2016-12-30T05:00Z/2016-12-30T06:00Z"/><Direction v="Z02"/><Quantity v="0"/><MeasureUnit v="KW1"/></Period><Period><TimeInterval v="2016-12-30T06:00Z/2016-12-30T07:00Z"/><Direction v="Z02"/><Quantity v="0"/><MeasureUnit v="KW1"/></Period><Period><TimeInterval v="2016-12-30T07:00Z/2016-12-30T08:00Z"/><Direction v="Z02"/><Quantity v="0"/><MeasureUnit v="KW1"/></Period><Period><TimeInterval v="2016-12-30T08:00Z/2016-12-30T09:00Z"/><Direction v="Z02"/><Quantity v="0"/><MeasureUnit v="KW1"/></Period><Period><TimeInterval v="2016-12-30T09:00Z/2016-12-30T10:00Z"/><Direction v="Z02"/><Quantity v="0"/><MeasureUnit v="KW1"/></Period><Period><TimeInterval v="2016-12-30T10:00Z/2016-12-30T11:00Z"/><Direction v="Z02"/><Quantity v="0"/><MeasureUnit v="KW1"/></Period><Period><TimeInterval v="2016-12-30T11:00Z/2016-12-30T12:00Z"/><Direction v="Z02"/><Quantity v="0"/><MeasureUnit v="KW1"/></Period><Period><TimeInterval v="2016-12-30T12:00Z/2016-12-30T13:00Z"/><Direction v="Z02"/><Quantity v="0"/><MeasureUnit v="KW1"/></Period><Period><TimeInterval v="2016-12-30T13:00Z/2016-12-30T14:00Z"/><Direction v="Z02"/><Quantity v="0"/><MeasureUnit v="KW1"/></Period><Period><TimeInterval v="2016-12-30T14:00Z/2016-12-30T15:00Z"/><Direction v="Z02"/><Quantity v="0"/><MeasureUnit v="KW1"/></Period><Period><TimeInterval v="2016-12-30T15:00Z/2016-12-30T16:00Z"/><Direction v="Z02"/><Quantity v="0"/><MeasureUnit v="KW1"/></Period><Period><TimeInterval v="2016-12-30T16:00Z/2016-12-30T17:00Z"/><Direction v="Z02"/><Quantity v="0"/><MeasureUnit v="KW1"/></Period><Period><TimeInterval v="2016-12-30T17:00Z/2016-12-30T18:00Z"/><Direction v="Z02"/><Quantity v="0"/><MeasureUnit v="KW1"/></Period><Period><TimeInterval v="2016-12-30T18:00Z/2016-12-30T19:00Z"/><Direction v="Z02"/><Quantity v="0"/><MeasureUnit v="KW1"/></Period><Period><TimeInterval v="2016-12-30T19:00Z/2016-12-30T20:00Z"/><Direction v="Z02"/><Quantity v="0"/><MeasureUnit v="KW1"/></Period><Period><TimeInterval v="2016-12-30T20:00Z/2016-12-30T21:00Z"/><Direction v="Z02"/><Quantity v="0"/><MeasureUnit v="KW1"/></Period><Period><TimeInterval v="2016-12-30T21:00Z/2016-12-30T22:00Z"/><Direction v="Z02"/><Quantity v="0"/><MeasureUnit v="KW1"/></Period><Period><TimeInterval v="2016-12-30T22:00Z/2016-12-30T23:00Z"/><Direction v="Z02"/><Quantity v="0"/><MeasureUnit v="KW1"/></Period><Period><TimeInterval v="2016-12-30T23:00Z/2016-12-31T00:00Z"/><Direction v="Z02"/><Quantity v="0"/><MeasureUnit v="KW1"/></Period><Period><TimeInterval v="2016-12-31T00:00Z/2016-12-31T01:00Z"/><Direction v="Z02"/><Quantity v="0"/><MeasureUnit v="KW1"/></Period><Period><TimeInterval v="2016-12-31T01:00Z/2016-12-31T02:00Z"/><Direction v="Z02"/><Quantity v="0"/><MeasureUnit v="KW1"/></Period><Period><TimeInterval v="2016-12-31T02:00Z/2016-12-31T03:00Z"/><Direction v="Z02"/><Quantity v="0"/><MeasureUnit v="KW1"/></Period><Period><TimeInterval v="2016-12-31T03:00Z/2016-12-31T04:00Z"/><Direction v="Z02"/><Quantity v="0"/><MeasureUnit v="KW1"/></Period><Period><TimeInterval v="2016-12-31T04:00Z/2016-12-31T05:00Z"/><Direction v="Z02"/><Quantity v="0"/><MeasureUnit v="KW1"/></Period></Category></ConnectionPoint><ConnectionPoint><Identification v="37Z000000001078I" codingScheme="305"/><Type v="Z26"/><Category><CapacityCode v="Z12"/><Period><TimeInterval v="2016-12-30T05:00Z/2016-12-30T06:00Z"/><Direction v="Z02"/><Quantity v="2775000"/><MeasureUnit v="KW1"/></Period><Period><TimeInterval v="2016-12-30T06:00Z/2016-12-30T07:00Z"/><Direction v="Z02"/><Quantity v="2775000"/><MeasureUnit v="KW1"/></Period><Period><TimeInterval v="2016-12-30T07:00Z/2016-12-30T08:00Z"/><Direction v="Z02"/><Quantity v="2775000"/><MeasureUnit v="KW1"/></Period><Period><TimeInterval v="2016-12-30T08:00Z/2016-12-30T09:00Z"/><Direction v="Z02"/><Quantity v="2775000"/><MeasureUnit v="KW1"/></Period><Period><TimeInterval v="2016-12-30T09:00Z/2016-12-30T10:00Z"/><Direction v="Z02"/><Quantity v="2775000"/><MeasureUnit v="KW1"/></Period><Period><TimeInterval v="2016-12-30T10:00Z/2016-12-30T11:00Z"/><Direction v="Z02"/><Quantity v="2775000"/><MeasureUnit v="KW1"/></Period><Period><TimeInterval v="2016-12-30T11:00Z/2016-12-30T12:00Z"/><Direction v="Z02"/><Quantity v="2775000"/><MeasureUnit v="KW1"/></Period><Period><TimeInterval v="2016-12-30T12:00Z/2016-12-30T13:00Z"/><Direction v="Z02"/><Quantity v="2775000"/><MeasureUnit v="KW1"/></Period><Period><TimeInterval v="2016-12-30T13:00Z/2016-12-30T14:00Z"/><Direction v="Z02"/><Quantity v="2775000"/><MeasureUnit v="KW1"/></Period><Period><TimeInterval v="2016-12-30T14:00Z/2016-12-30T15:00Z"/><Direction v="Z02"/><Quantity v="2775000"/><MeasureUnit v="KW1"/></Period><Period><TimeInterval v="2016-12-30T15:00Z/2016-12-30T16:00Z"/><Direction v="Z02"/><Quantity v="2775000"/><MeasureUnit v="KW1"/></Period><Period><TimeInterval v="2016-12-30T16:00Z/2016-12-30T17:00Z"/><Direction v="Z02"/><Quantity v="2775000"/><MeasureUnit v="KW1"/></Period><Period><TimeInterval v="2016-12-30T17:00Z/2016-12-30T18:00Z"/><Direction v="Z02"/><Quantity v="2775000"/><MeasureUnit v="KW1"/></Period><Period><TimeInterval v="2016-12-30T18:00Z/2016-12-30T19:00Z"/><Direction v="Z02"/><Quantity v="2775000"/><MeasureUnit v="KW1"/></Period><Period><TimeInterval v="2016-12-30T19:00Z/2016-12-30T20:00Z"/><Direction v="Z02"/><Quantity v="2775000"/><MeasureUnit v="KW1"/></Period><Period><TimeInterval v="2016-12-30T20:00Z/2016-12-30T21:00Z"/><Direction v="Z02"/><Quantity v="2775000"/><MeasureUnit v="KW1"/></Period><Period><TimeInterval v="2016-12-30T21:00Z/2016-12-30T22:00Z"/><Direction v="Z02"/><Quantity v="2775000"/><MeasureUnit v="KW1"/></Period><Period><TimeInterval v="2016-12-30T22:00Z/2016-12-30T23:00Z"/><Direction v="Z02"/><Quantity v="2775000"/><MeasureUnit v="KW1"/></Period><Period><TimeInterval v="2016-12-30T23:00Z/2016-12-31T00:00Z"/><Direction v="Z02"/><Quantity v="2775000"/><MeasureUnit v="KW1"/></Period><Period><TimeInterval v="2016-12-31T00:00Z/2016-12-31T01:00Z"/><Direction v="Z02"/><Quantity v="2775000"/><MeasureUnit v="KW1"/></Period><Period><TimeInterval v="2016-12-31T01:00Z/2016-12-31T02:00Z"/><Direction v="Z02"/><Quantity v="2775000"/><MeasureUnit v="KW1"/></Period><Period><TimeInterval v="2016-12-31T02:00Z/2016-12-31T03:00Z"/><Direction v="Z02"/><Quantity v="2775000"/><MeasureUnit v="KW1"/></Period><Period><TimeInterval v="2016-12-31T03:00Z/2016-12-31T04:00Z"/><Direction v="Z02"/><Quantity v="2775000"/><MeasureUnit v="KW1"/></Period><Period><TimeInterval v="2016-12-31T04:00Z/2016-12-31T05:00Z"/><Direction v="Z02"/><Quantity v="2775000"/><MeasureUnit v="KW1"/></Period></Category><Category><CapacityCode v="Z14"/><Period><TimeInterval v="2016-12-30T05:00Z/2016-12-30T06:00Z"/><Direction v="Z02"/><Quantity v="2775000"/><MeasureUnit v="KW1"/></Period><Period><TimeInterval v="2016-12-30T06:00Z/2016-12-30T07:00Z"/><Direction v="Z02"/><Quantity v="2775000"/><MeasureUnit v="KW1"/></Period><Period><TimeInterval v="2016-12-30T07:00Z/2016-12-30T08:00Z"/><Direction v="Z02"/><Quantity v="2775000"/><MeasureUnit v="KW1"/></Period><Period><TimeInterval v="2016-12-30T08:00Z/2016-12-30T09:00Z"/><Direction v="Z02"/><Quantity v="2775000"/><MeasureUnit v="KW1"/></Period><Period><TimeInterval v="2016-12-30T09:00Z/2016-12-30T10:00Z"/><Direction v="Z02"/><Quantity v="2775000"/><MeasureUnit v="KW1"/></Period><Period><TimeInterval v="2016-12-30T10:00Z/2016-12-30T11:00Z"/><Direction v="Z02"/><Quantity v="2775000"/><MeasureUnit v="KW1"/></Period><Period><TimeInterval v="2016-12-30T11:00Z/2016-12-30T12:00Z"/><Direction v="Z02"/><Quantity v="2775000"/><MeasureUnit v="KW1"/></Period><Period><TimeInterval v="2016-12-30T12:00Z/2016-12-30T13:00Z"/><Direction v="Z02"/><Quantity v="2775000"/><MeasureUnit v="KW1"/></Period><Period><TimeInterval v="2016-12-30T13:00Z/2016-12-30T14:00Z"/><Direction v="Z02"/><Quantity v="2775000"/><MeasureUnit v="KW1"/></Period><Period><TimeInterval v="2016-12-30T14:00Z/2016-12-30T15:00Z"/><Direction v="Z02"/><Quantity v="2775000"/><MeasureUnit v="KW1"/></Period><Period><TimeInterval v="2016-12-30T15:00Z/2016-12-30T16:00Z"/><Direction v="Z02"/><Quantity v="2775000"/><MeasureUnit v="KW1"/></Period><Period><TimeInterval v="2016-12-30T16:00Z/2016-12-30T17:00Z"/><Direction v="Z02"/><Quantity v="2775000"/><MeasureUnit v="KW1"/></Period><Period><TimeInterval v="2016-12-30T17:00Z/2016-12-30T18:00Z"/><Direction v="Z02"/><Quantity v="2775000"/><MeasureUnit v="KW1"/></Period><Period><TimeInterval v="2016-12-30T18:00Z/2016-12-30T19:00Z"/><Direction v="Z02"/><Quantity v="2775000"/><MeasureUnit v="KW1"/></Period><Period><TimeInterval v="2016-12-30T19:00Z/2016-12-30T20:00Z"/><Direction v="Z02"/><Quantity v="2775000"/><MeasureUnit v="KW1"/></Period><Period><TimeInterval v="2016-12-30T20:00Z/2016-12-30T21:00Z"/><Direction v="Z02"/><Quantity v="2775000"/><MeasureUnit v="KW1"/></Period><Period><TimeInterval v="2016-12-30T21:00Z/2016-12-30T22:00Z"/><Direction v="Z02"/><Quantity v="2775000"/><MeasureUnit v="KW1"/></Period><Period><TimeInterval v="2016-12-30T22:00Z/2016-12-30T23:00Z"/><Direction v="Z02"/><Quantity v="2775000"/><MeasureUnit v="KW1"/></Period><Period><TimeInterval v="2016-12-30T23:00Z/2016-12-31T00:00Z"/><Direction v="Z02"/><Quantity v="2775000"/><MeasureUnit v="KW1"/></Period><Period><TimeInterval v="2016-12-31T00:00Z/2016-12-31T01:00Z"/><Direction v="Z02"/><Quantity v="2775000"/><MeasureUnit v="KW1"/></Period><Period><TimeInterval v="2016-12-31T01:00Z/2016-12-31T02:00Z"/><Direction v="Z02"/><Quantity v="2775000"/><MeasureUnit v="KW1"/></Period><Period><TimeInterval v="2016-12-31T02:00Z/2016-12-31T03:00Z"/><Direction v="Z02"/><Quantity v="2775000"/><MeasureUnit v="KW1"/></Period><Period><TimeInterval v="2016-12-31T03:00Z/2016-12-31T04:00Z"/><Direction v="Z02"/><Quantity v="2775000"/><MeasureUnit v="KW1"/></Period><Period><TimeInterval v="2016-12-31T04:00Z/2016-12-31T05:00Z"/><Direction v="Z02"/><Quantity v="2775000"/><MeasureUnit v="KW1"/></Period></Category><Category><CapacityCode v="Z15"/><Period><TimeInterval v="2016-12-30T05:00Z/2016-12-30T06:00Z"/><Direction v="Z02"/><Quantity v="0"/><MeasureUnit v="KW1"/></Period><Period><TimeInterval v="2016-12-30T06:00Z/2016-12-30T07:00Z"/><Direction v="Z02"/><Quantity v="0"/><MeasureUnit v="KW1"/></Period><Period><TimeInterval v="2016-12-30T07:00Z/2016-12-30T08:00Z"/><Direction v="Z02"/><Quantity v="0"/><MeasureUnit v="KW1"/></Period><Period><TimeInterval v="2016-12-30T08:00Z/2016-12-30T09:00Z"/><Direction v="Z02"/><Quantity v="0"/><MeasureUnit v="KW1"/></Period><Period><TimeInterval v="2016-12-30T09:00Z/2016-12-30T10:00Z"/><Direction v="Z02"/><Quantity v="0"/><MeasureUnit v="KW1"/></Period><Period><TimeInterval v="2016-12-30T10:00Z/2016-12-30T11:00Z"/><Direction v="Z02"/><Quantity v="0"/><MeasureUnit v="KW1"/></Period><Period><TimeInterval v="2016-12-30T11:00Z/2016-12-30T12:00Z"/><Direction v="Z02"/><Quantity v="0"/><MeasureUnit v="KW1"/></Period><Period><TimeInterval v="2016-12-30T12:00Z/2016-12-30T13:00Z"/><Direction v="Z02"/><Quantity v="0"/><MeasureUnit v="KW1"/></Period><Period><TimeInterval v="2016-12-30T13:00Z/2016-12-30T14:00Z"/><Direction v="Z02"/><Quantity v="0"/><MeasureUnit v="KW1"/></Period><Period><TimeInterval v="2016-12-30T14:00Z/2016-12-30T15:00Z"/><Direction v="Z02"/><Quantity v="0"/><MeasureUnit v="KW1"/></Period><Period><TimeInterval v="2016-12-30T15:00Z/2016-12-30T16:00Z"/><Direction v="Z02"/><Quantity v="0"/><MeasureUnit v="KW1"/></Period><Period><TimeInterval v="2016-12-30T16:00Z/2016-12-30T17:00Z"/><Direction v="Z02"/><Quantity v="0"/><MeasureUnit v="KW1"/></Period><Period><TimeInterval v="2016-12-30T17:00Z/2016-12-30T18:00Z"/><Direction v="Z02"/><Quantity v="0"/><MeasureUnit v="KW1"/></Period><Period><TimeInterval v="2016-12-30T18:00Z/2016-12-30T19:00Z"/><Direction v="Z02"/><Quantity v="0"/><MeasureUnit v="KW1"/></Period><Period><TimeInterval v="2016-12-30T19:00Z/2016-12-30T20:00Z"/><Direction v="Z02"/><Quantity v="0"/><MeasureUnit v="KW1"/></Period><Period><TimeInterval v="2016-12-30T20:00Z/2016-12-30T21:00Z"/><Direction v="Z02"/><Quantity v="0"/><MeasureUnit v="KW1"/></Period><Period><TimeInterval v="2016-12-30T21:00Z/2016-12-30T22:00Z"/><Direction v="Z02"/><Quantity v="0"/><MeasureUnit v="KW1"/></Period><Period><TimeInterval v="2016-12-30T22:00Z/2016-12-30T23:00Z"/><Direction v="Z02"/><Quantity v="0"/><MeasureUnit v="KW1"/></Period><Period><TimeInterval v="2016-12-30T23:00Z/2016-12-31T00:00Z"/><Direction v="Z02"/><Quantity v="0"/><MeasureUnit v="KW1"/></Period><Period><TimeInterval v="2016-12-31T00:00Z/2016-12-31T01:00Z"/><Direction v="Z02"/><Quantity v="0"/><MeasureUnit v="KW1"/></Period><Period><TimeInterval v="2016-12-31T01:00Z/2016-12-31T02:00Z"/><Direction v="Z02"/><Quantity v="0"/><MeasureUnit v="KW1"/></Period><Period><TimeInterval v="2016-12-31T02:00Z/2016-12-31T03:00Z"/><Direction v="Z02"/><Quantity v="0"/><MeasureUnit v="KW1"/></Period><Period><TimeInterval v="2016-12-31T03:00Z/2016-12-31T04:00Z"/><Direction v="Z02"/><Quantity v="0"/><MeasureUnit v="KW1"/></Period><Period><TimeInterval v="2016-12-31T04:00Z/2016-12-31T05:00Z"/><Direction v="Z02"/><Quantity v="0"/><MeasureUnit v="KW1"/></Period></Category></ConnectionPoint><ConnectionPoint><Identification v="37Y000000000288Q" codingScheme="305"/><Type v="Z26"/><Category><CapacityCode v="Z12"/><Period><TimeInterval v="2016-12-30T05:00Z/2016-12-30T06:00Z"/><Direction v="Z02"/><Quantity v="10844"/><MeasureUnit v="KW1"/></Period><Period><TimeInterval v="2016-12-30T06:00Z/2016-12-30T07:00Z"/><Direction v="Z02"/><Quantity v="10844"/><MeasureUnit v="KW1"/></Period><Period><TimeInterval v="2016-12-30T07:00Z/2016-12-30T08:00Z"/><Direction v="Z02"/><Quantity v="10844"/><MeasureUnit v="KW1"/></Period><Period><TimeInterval v="2016-12-30T08:00Z/2016-12-30T09:00Z"/><Direction v="Z02"/><Quantity v="10844"/><MeasureUnit v="KW1"/></Period><Period><TimeInterval v="2016-12-30T09:00Z/2016-12-30T10:00Z"/><Direction v="Z02"/><Quantity v="10844"/><MeasureUnit v="KW1"/></Period><Period><TimeInterval v="2016-12-30T10:00Z/2016-12-30T11:00Z"/><Direction v="Z02"/><Quantity v="10844"/><MeasureUnit v="KW1"/></Period><Period><TimeInterval v="2016-12-30T11:00Z/2016-12-30T12:00Z"/><Direction v="Z02"/><Quantity v="10844"/><MeasureUnit v="KW1"/></Period><Period><TimeInterval v="2016-12-30T12:00Z/2016-12-30T13:00Z"/><Direction v="Z02"/><Quantity v="10844"/><MeasureUnit v="KW1"/></Period><Period><TimeInterval v="2016-12-30T13:00Z/2016-12-30T14:00Z"/><Direction v="Z02"/><Quantity v="10844"/><MeasureUnit v="KW1"/></Period><Period><TimeInterval v="2016-12-30T14:00Z/2016-12-30T15:00Z"/><Direction v="Z02"/><Quantity v="10844"/><MeasureUnit v="KW1"/></Period><Period><TimeInterval v="2016-12-30T15:00Z/2016-12-30T16:00Z"/><Direction v="Z02"/><Quantity v="10844"/><MeasureUnit v="KW1"/></Period><Period><TimeInterval v="2016-12-30T16:00Z/2016-12-30T17:00Z"/><Direction v="Z02"/><Quantity v="10844"/><MeasureUnit v="KW1"/></Period><Period><TimeInterval v="2016-12-30T17:00Z/2016-12-30T18:00Z"/><Direction v="Z02"/><Quantity v="10844"/><MeasureUnit v="KW1"/></Period><Period><TimeInterval v="2016-12-30T18:00Z/2016-12-30T19:00Z"/><Direction v="Z02"/><Quantity v="10844"/><MeasureUnit v="KW1"/></Period><Period><TimeInterval v="2016-12-30T19:00Z/2016-12-30T20:00Z"/><Direction v="Z02"/><Quantity v="10844"/><MeasureUnit v="KW1"/></Period><Period><TimeInterval v="2016-12-30T20:00Z/2016-12-30T21:00Z"/><Direction v="Z02"/><Quantity v="10844"/><MeasureUnit v="KW1"/></Period><Period><TimeInterval v="2016-12-30T21:00Z/2016-12-30T22:00Z"/><Direction v="Z02"/><Quantity v="10844"/><MeasureUnit v="KW1"/></Period><Period><TimeInterval v="2016-12-30T22:00Z/2016-12-30T23:00Z"/><Direction v="Z02"/><Quantity v="10844"/><MeasureUnit v="KW1"/></Period><Period><TimeInterval v="2016-12-30T23:00Z/2016-12-31T00:00Z"/><Direction v="Z02"/><Quantity v="10844"/><MeasureUnit v="KW1"/></Period><Period><TimeInterval v="2016-12-31T00:00Z/2016-12-31T01:00Z"/><Direction v="Z02"/><Quantity v="10844"/><MeasureUnit v="KW1"/></Period><Period><TimeInterval v="2016-12-31T01:00Z/2016-12-31T02:00Z"/><Direction v="Z02"/><Quantity v="10844"/><MeasureUnit v="KW1"/></Period><Period><TimeInterval v="2016-12-31T02:00Z/2016-12-31T03:00Z"/><Direction v="Z02"/><Quantity v="10844"/><MeasureUnit v="KW1"/></Period><Period><TimeInterval v="2016-12-31T03:00Z/2016-12-31T04:00Z"/><Direction v="Z02"/><Quantity v="10844"/><MeasureUnit v="KW1"/></Period><Period><TimeInterval v="2016-12-31T04:00Z/2016-12-31T05:00Z"/><Direction v="Z02"/><Quantity v="10844"/><MeasureUnit v="KW1"/></Period></Category><Category><CapacityCode v="Z14"/><Period><TimeInterval v="2016-12-30T05:00Z/2016-12-30T06:00Z"/><Direction v="Z02"/><Quantity v="9244"/><MeasureUnit v="KW1"/></Period><Period><TimeInterval v="2016-12-30T06:00Z/2016-12-30T07:00Z"/><Direction v="Z02"/><Quantity v="9244"/><MeasureUnit v="KW1"/></Period><Period><TimeInterval v="2016-12-30T07:00Z/2016-12-30T08:00Z"/><Direction v="Z02"/><Quantity v="9244"/><MeasureUnit v="KW1"/></Period><Period><TimeInterval v="2016-12-30T08:00Z/2016-12-30T09:00Z"/><Direction v="Z02"/><Quantity v="9244"/><MeasureUnit v="KW1"/></Period><Period><TimeInterval v="2016-12-30T09:00Z/2016-12-30T10:00Z"/><Direction v="Z02"/><Quantity v="9244"/><MeasureUnit v="KW1"/></Period><Period><TimeInterval v="2016-12-30T10:00Z/2016-12-30T11:00Z"/><Direction v="Z02"/><Quantity v="9244"/><MeasureUnit v="KW1"/></Period><Period><TimeInterval v="2016-12-30T11:00Z/2016-12-30T12:00Z"/><Direction v="Z02"/><Quantity v="9244"/><MeasureUnit v="KW1"/></Period><Period><TimeInterval v="2016-12-30T12:00Z/2016-12-30T13:00Z"/><Direction v="Z02"/><Quantity v="9244"/><MeasureUnit v="KW1"/></Period><Period><TimeInterval v="2016-12-30T13:00Z/2016-12-30T14:00Z"/><Direction v="Z02"/><Quantity v="9244"/><MeasureUnit v="KW1"/></Period><Period><TimeInterval v="2016-12-30T14:00Z/2016-12-30T15:00Z"/><Direction v="Z02"/><Quantity v="9244"/><MeasureUnit v="KW1"/></Period><Period><TimeInterval v="2016-12-30T15:00Z/2016-12-30T16:00Z"/><Direction v="Z02"/><Quantity v="9244"/><MeasureUnit v="KW1"/></Period><Period><TimeInterval v="2016-12-30T16:00Z/2016-12-30T17:00Z"/><Direction v="Z02"/><Quantity v="9244"/><MeasureUnit v="KW1"/></Period><Period><TimeInterval v="2016-12-30T17:00Z/2016-12-30T18:00Z"/><Direction v="Z02"/><Quantity v="9244"/><MeasureUnit v="KW1"/></Period><Period><TimeInterval v="2016-12-30T18:00Z/2016-12-30T19:00Z"/><Direction v="Z02"/><Quantity v="9244"/><MeasureUnit v="KW1"/></Period><Period><TimeInterval v="2016-12-30T19:00Z/2016-12-30T20:00Z"/><Direction v="Z02"/><Quantity v="9244"/><MeasureUnit v="KW1"/></Period><Period><TimeInterval v="2016-12-30T20:00Z/2016-12-30T21:00Z"/><Direction v="Z02"/><Quantity v="9244"/><MeasureUnit v="KW1"/></Period><Period><TimeInterval v="2016-12-30T21:00Z/2016-12-30T22:00Z"/><Direction v="Z02"/><Quantity v="9244"/><MeasureUnit v="KW1"/></Period><Period><TimeInterval v="2016-12-30T22:00Z/2016-12-30T23:00Z"/><Direction v="Z02"/><Quantity v="9244"/><MeasureUnit v="KW1"/></Period><Period><TimeInterval v="2016-12-30T23:00Z/2016-12-31T00:00Z"/><Direction v="Z02"/><Quantity v="9244"/><MeasureUnit v="KW1"/></Period><Period><TimeInterval v="2016-12-31T00:00Z/2016-12-31T01:00Z"/><Direction v="Z02"/><Quantity v="9244"/><MeasureUnit v="KW1"/></Period><Period><TimeInterval v="2016-12-31T01:00Z/2016-12-31T02:00Z"/><Direction v="Z02"/><Quantity v="9244"/><MeasureUnit v="KW1"/></Period><Period><TimeInterval v="2016-12-31T02:00Z/2016-12-31T03:00Z"/><Direction v="Z02"/><Quantity v="9244"/><MeasureUnit v="KW1"/></Period><Period><TimeInterval v="2016-12-31T03:00Z/2016-12-31T04:00Z"/><Direction v="Z02"/><Quantity v="9244"/><MeasureUnit v="KW1"/></Period><Period><TimeInterval v="2016-12-31T04:00Z/2016-12-31T05:00Z"/><Direction v="Z02"/><Quantity v="9244"/><MeasureUnit v="KW1"/></Period></Category><Category><CapacityCode v="Z15"/><Period><TimeInterval v="2016-12-30T05:00Z/2016-12-30T06:00Z"/><Direction v="Z02"/><Quantity v="0"/><MeasureUnit v="KW1"/></Period><Period><TimeInterval v="2016-12-30T06:00Z/2016-12-30T07:00Z"/><Direction v="Z02"/><Quantity v="0"/><MeasureUnit v="KW1"/></Period><Period><TimeInterval v="2016-12-30T07:00Z/2016-12-30T08:00Z"/><Direction v="Z02"/><Quantity v="0"/><MeasureUnit v="KW1"/></Period><Period><TimeInterval v="2016-12-30T08:00Z/2016-12-30T09:00Z"/><Direction v="Z02"/><Quantity v="0"/><MeasureUnit v="KW1"/></Period><Period><TimeInterval v="2016-12-30T09:00Z/2016-12-30T10:00Z"/><Direction v="Z02"/><Quantity v="0"/><MeasureUnit v="KW1"/></Period><Period><TimeInterval v="2016-12-30T10:00Z/2016-12-30T11:00Z"/><Direction v="Z02"/><Quantity v="0"/><MeasureUnit v="KW1"/></Period><Period><TimeInterval v="2016-12-30T11:00Z/2016-12-30T12:00Z"/><Direction v="Z02"/><Quantity v="0"/><MeasureUnit v="KW1"/></Period><Period><TimeInterval v="2016-12-30T12:00Z/2016-12-30T13:00Z"/><Direction v="Z02"/><Quantity v="0"/><MeasureUnit v="KW1"/></Period><Period><TimeInterval v="2016-12-30T13:00Z/2016-12-30T14:00Z"/><Direction v="Z02"/><Quantity v="0"/><MeasureUnit v="KW1"/></Period><Period><TimeInterval v="2016-12-30T14:00Z/2016-12-30T15:00Z"/><Direction v="Z02"/><Quantity v="0"/><MeasureUnit v="KW1"/></Period><Period><TimeInterval v="2016-12-30T15:00Z/2016-12-30T16:00Z"/><Direction v="Z02"/><Quantity v="0"/><MeasureUnit v="KW1"/></Period><Period><TimeInterval v="2016-12-30T16:00Z/2016-12-30T17:00Z"/><Direction v="Z02"/><Quantity v="0"/><MeasureUnit v="KW1"/></Period><Period><TimeInterval v="2016-12-30T17:00Z/2016-12-30T18:00Z"/><Direction v="Z02"/><Quantity v="0"/><MeasureUnit v="KW1"/></Period><Period><TimeInterval v="2016-12-30T18:00Z/2016-12-30T19:00Z"/><Direction v="Z02"/><Quantity v="0"/><MeasureUnit v="KW1"/></Period><Period><TimeInterval v="2016-12-30T19:00Z/2016-12-30T20:00Z"/><Direction v="Z02"/><Quantity v="0"/><MeasureUnit v="KW1"/></Period><Period><TimeInterval v="2016-12-30T20:00Z/2016-12-30T21:00Z"/><Direction v="Z02"/><Quantity v="0"/><MeasureUnit v="KW1"/></Period><Period><TimeInterval v="2016-12-30T21:00Z/2016-12-30T22:00Z"/><Direction v="Z02"/><Quantity v="0"/><MeasureUnit v="KW1"/></Period><Period><TimeInterval v="2016-12-30T22:00Z/2016-12-30T23:00Z"/><Direction v="Z02"/><Quantity v="0"/><MeasureUnit v="KW1"/></Period><Period><TimeInterval v="2016-12-30T23:00Z/2016-12-31T00:00Z"/><Direction v="Z02"/><Quantity v="0"/><MeasureUnit v="KW1"/></Period><Period><TimeInterval v="2016-12-31T00:00Z/2016-12-31T01:00Z"/><Direction v="Z02"/><Quantity v="0"/><MeasureUnit v="KW1"/></Period><Period><TimeInterval v="2016-12-31T01:00Z/2016-12-31T02:00Z"/><Direction v="Z02"/><Quantity v="0"/><MeasureUnit v="KW1"/></Period><Period><TimeInterval v="2016-12-31T02:00Z/2016-12-31T03:00Z"/><Direction v="Z02"/><Quantity v="0"/><MeasureUnit v="KW1"/></Period><Period><TimeInterval v="2016-12-31T03:00Z/2016-12-31T04:00Z"/><Direction v="Z02"/><Quantity v="0"/><MeasureUnit v="KW1"/></Period><Period><TimeInterval v="2016-12-31T04:00Z/2016-12-31T05:00Z"/><Direction v="Z02"/><Quantity v="0"/><MeasureUnit v="KW1"/></Period></Category></ConnectionPoint></TransparencyPublication>