<?xml version="1.0" encoding="UTF-8"?><TransparencyPublication Version="EGAS50" Release="A"><Identification v="TRANPB20170104A104213"/><Version v="1"/><Type v="AL4"/><CreationDateTime v="2017-01-04T07:06:30.341Z"/><ValidityPeriod v="2016-12-02T05:00Z/2016-12-03T05:00Z"/><IssuerIdentification v="21X-DE-C-A0A0A-T" codingScheme="305"/><IssuerRole v="ZSO"/><RecipientIdentification v="10X1001A1001A353" codingScheme="305"/><RecipientRole v="ZUA"/><ConnectionPoint><Identification v="37Y000000000288Q" codingScheme="305"/><Type v="Z26"/><Category><CapacityCode v="Z12"/><Period><TimeInterval v="2016-12-02T05:00Z/2016-12-02T06:00Z"/><Direction v="Z02"/><Quantity v="10844"/><MeasureUnit v="KW1"/></Period><Period><TimeInterval v="2016-12-02T06:00Z/2016-12-02T07:00Z"/><Direction v="Z02"/><Quantity v="10844"/><MeasureUnit v="KW1"/></Period><Period><TimeInterval v="2016-12-02T07:00Z/2016-12-02T08:00Z"/><Direction v="Z02"/><Quantity v="10844"/><MeasureUnit v="KW1"/></Period><Period><TimeInterval v="2016-12-02T08:00Z/2016-12-02T09:00Z"/><Direction v="Z02"/><Quantity v="10844"/><MeasureUnit v="KW1"/></Period><Period><TimeInterval v="2016-12-02T09:00Z/2016-12-02T10:00Z"/><Direction v="Z02"/><Quantity v="10844"/><MeasureUnit v="KW1"/></Period><Period><TimeInterval v="2016-12-02T10:00Z/2016-12-02T11:00Z"/><Direction v="Z02"/><Quantity v="10844"/><MeasureUnit v="KW1"/></Period><Period><TimeInterval v="2016-12-02T11:00Z/2016-12-02T12:00Z"/><Direction v="Z02"/><Quantity v="10844"/><MeasureUnit v="KW1"/></Period><Period><TimeInterval v="2016-12-02T12:00Z/2016-12-02T13:00Z"/><Direction v="Z02"/><Quantity v="10844"/><MeasureUnit v="KW1"/></Period><Period><TimeInterval v="2016-12-02T13:00Z/2016-12-02T14:00Z"/><Direction v="Z02"/><Quantity v="10844"/><MeasureUnit v="KW1"/></Period><Period><TimeInterval v="2016-12-02T14:00Z/2016-12-02T15:00Z"/><Direction v="Z02"/><Quantity v="10844"/><MeasureUnit v="KW1"/></Period><Period><TimeInterval v="2016-12-02T15:00Z/2016-12-02T16:00Z"/><Direction v="Z02"/><Quantity v="10844"/><MeasureUnit v="KW1"/></Period><Period><TimeInterval v="2016-12-02T16:00Z/2016-12-02T17:00Z"/><Direction v="Z02"/><Quantity v="10844"/><MeasureUnit v="KW1"/></Period><Period><TimeInterval v="2016-12-02T17:00Z/2016-12-02T18:00Z"/><Direction v="Z02"/><Quantity v="10844"/><MeasureUnit v="KW1"/></Period><Period><TimeInterval v="2016-12-02T18:00Z/2016-12-02T19:00Z"/><Direction v="Z02"/><Quantity v="10844"/><MeasureUnit v="KW1"/></Period><Period><TimeInterval v="2016-12-02T19:00Z/2016-12-02T20:00Z"/><Direction v="Z02"/><Quantity v="10844"/><MeasureUnit v="KW1"/></Period><Period><TimeInterval v="2016-12-02T20:00Z/2016-12-02T21:00Z"/><Direction v="Z02"/><Quantity v="10844"/><MeasureUnit v="KW1"/></Period><Period><TimeInterval v="2016-12-02T21:00Z/2016-12-02T22:00Z"/><Direction v="Z02"/><Quantity v="10844"/><MeasureUnit v="KW1"/></Period><Period><TimeInterval v="2016-12-02T22:00Z/2016-12-02T23:00Z"/><Direction v="Z02"/><Quantity v="10844"/><MeasureUnit v="KW1"/></Period><Period><TimeInterval v="2016-12-02T23:00Z/2016-12-03T00:00Z"/><Direction v="Z02"/><Quantity v="10844"/><MeasureUnit v="KW1"/></Period><Period><TimeInterval v="2016-12-03T00:00Z/2016-12-03T01:00Z"/><Direction v="Z02"/><Quantity v="10844"/><MeasureUnit v="KW1"/></Period><Period><TimeInterval v="2016-12-03T01:00Z/2016-12-03T02:00Z"/><Direction v="Z02"/><Quantity v="10844"/><MeasureUnit v="KW1"/></Period><Period><TimeInterval v="2016-12-03T02:00Z/2016-12-03T03:00Z"/><Direction v="Z02"/><Quantity v="10844"/><MeasureUnit v="KW1"/></Period><Period><TimeInterval v="2016-12-03T03:00Z/2016-12-03T04:00Z"/><Direction v="Z02"/><Quantity v="10844"/><MeasureUnit v="KW1"/></Period><Period><TimeInterval v="2016-12-03T04:00Z/2016-12-03T05:00Z"/><Direction v="Z02"/><Quantity v="10844"/><MeasureUnit v="KW1"/></Period></Category><Category><CapacityCode v="Z14"/><Period><TimeInterval v="2016-12-02T05:00Z/2016-12-02T06:00Z"/><Direction v="Z02"/><Quantity v="9244"/><MeasureUnit v="KW1"/></Period><Period><TimeInterval v="2016-12-02T06:00Z/2016-12-02T07:00Z"/><Direction v="Z02"/><Quantity v="9244"/><MeasureUnit v="KW1"/></Period><Period><TimeInterval v="2016-12-02T07:00Z/2016-12-02T08:00Z"/><Direction v="Z02"/><Quantity v="9244"/><MeasureUnit v="KW1"/></Period><Period><TimeInterval v="2016-12-02T08:00Z/2016-12-02T09:00Z"/><Direction v="Z02"/><Quantity v="9244"/><MeasureUnit v="KW1"/></Period><Period><TimeInterval v="2016-12-02T09:00Z/2016-12-02T10:00Z"/><Direction v="Z02"/><Quantity v="9244"/><MeasureUnit v="KW1"/></Period><Period><TimeInterval v="2016-12-02T10:00Z/2016-12-02T11:00Z"/><Direction v="Z02"/><Quantity v="9244"/><MeasureUnit v="KW1"/></Period><Period><TimeInterval v="2016-12-02T11:00Z/2016-12-02T12:00Z"/><Direction v="Z02"/><Quantity v="9244"/><MeasureUnit v="KW1"/></Period><Period><TimeInterval v="2016-12-02T12:00Z/2016-12-02T13:00Z"/><Direction v="Z02"/><Quantity v="9244"/><MeasureUnit v="KW1"/></Period><Period><TimeInterval v="2016-12-02T13:00Z/2016-12-02T14:00Z"/><Direction v="Z02"/><Quantity v="9244"/><MeasureUnit v="KW1"/></Period><Period><TimeInterval v="2016-12-02T14:00Z/2016-12-02T15:00Z"/><Direction v="Z02"/><Quantity v="9244"/><MeasureUnit v="KW1"/></Period><Period><TimeInterval v="2016-12-02T15:00Z/2016-12-02T16:00Z"/><Direction v="Z02"/><Quantity v="9244"/><MeasureUnit v="KW1"/></Period><Period><TimeInterval v="2016-12-02T16:00Z/2016-12-02T17:00Z"/><Direction v="Z02"/><Quantity v="9244"/><MeasureUnit v="KW1"/></Period><Period><TimeInterval v="2016-12-02T17:00Z/2016-12-02T18:00Z"/><Direction v="Z02"/><Quantity v="9244"/><MeasureUnit v="KW1"/></Period><Period><TimeInterval v="2016-12-02T18:00Z/2016-12-02T19:00Z"/><Direction v="Z02"/><Quantity v="9244"/><MeasureUnit v="KW1"/></Period><Period><TimeInterval v="2016-12-02T19:00Z/2016-12-02T20:00Z"/><Direction v="Z02"/><Quantity v="9244"/><MeasureUnit v="KW1"/></Period><Period><TimeInterval v="2016-12-02T20:00Z/2016-12-02T21:00Z"/><Direction v="Z02"/><Quantity v="9244"/><MeasureUnit v="KW1"/></Period><Period><TimeInterval v="2016-12-02T21:00Z/2016-12-02T22:00Z"/><Direction v="Z02"/><Quantity v="9244"/><MeasureUnit v="KW1"/></Period><Period><TimeInterval v="2016-12-02T22:00Z/2016-12-02T23:00Z"/><Direction v="Z02"/><Quantity v="9244"/><MeasureUnit v="KW1"/></Period><Period><TimeInterval v="2016-12-02T23:00Z/2016-12-03T00:00Z"/><Direction v="Z02"/><Quantity v="9244"/><MeasureUnit v="KW1"/></Period><Period><TimeInterval v="2016-12-03T00:00Z/2016-12-03T01:00Z"/><Direction v="Z02"/><Quantity v="9244"/><MeasureUnit v="KW1"/></Period><Period><TimeInterval v="2016-12-03T01:00Z/2016-12-03T02:00Z"/><Direction v="Z02"/><Quantity v="9244"/><MeasureUnit v="KW1"/></Period><Period><TimeInterval v="2016-12-03T02:00Z/2016-12-03T03:00Z"/><Direction v="Z02"/><Quantity v="9244"/><MeasureUnit v="KW1"/></Period><Period><TimeInterval v="2016-12-03T03:00Z/2016-12-03T04:00Z"/><Direction v="Z02"/><Quantity v="9244"/><MeasureUnit v="KW1"/></Period><Period><TimeInterval v="2016-12-03T04:00Z/2016-12-03T05:00Z"/><Direction v="Z02"/><Quantity v="9244"/><MeasureUnit v="KW1"/></Period></Category><Category><CapacityCode v="Z15"/><Period><TimeInterval v="2016-12-02T05:00Z/2016-12-02T06:00Z"/><Direction v="Z02"/><Quantity v="0"/><MeasureUnit v="KW1"/></Period><Period><TimeInterval v="2016-12-02T06:00Z/2016-12-02T07:00Z"/><Direction v="Z02"/><Quantity v="0"/><MeasureUnit v="KW1"/></Period><Period><TimeInterval v="2016-12-02T07:00Z/2016-12-02T08:00Z"/><Direction v="Z02"/><Quantity v="0"/><MeasureUnit v="KW1"/></Period><Period><TimeInterval v="2016-12-02T08:00Z/2016-12-02T09:00Z"/><Direction v="Z02"/><Quantity v="0"/><MeasureUnit v="KW1"/></Period><Period><TimeInterval v="2016-12-02T09:00Z/2016-12-02T10:00Z"/><Direction v="Z02"/><Quantity v="0"/><MeasureUnit v="KW1"/></Period><Period><TimeInterval v="2016-12-02T10:00Z/2016-12-02T11:00Z"/><Direction v="Z02"/><Quantity v="0"/><MeasureUnit v="KW1"/></Period><Period><TimeInterval v="2016-12-02T11:00Z/2016-12-02T12:00Z"/><Direction v="Z02"/><Quantity v="0"/><MeasureUnit v="KW1"/></Period><Period><TimeInterval v="2016-12-02T12:00Z/2016-12-02T13:00Z"/><Direction v="Z02"/><Quantity v="0"/><MeasureUnit v="KW1"/></Period><Period><TimeInterval v="2016-12-02T13:00Z/2016-12-02T14:00Z"/><Direction v="Z02"/><Quantity v="0"/><MeasureUnit v="KW1"/></Period><Period><TimeInterval v="2016-12-02T14:00Z/2016-12-02T15:00Z"/><Direction v="Z02"/><Quantity v="0"/><MeasureUnit v="KW1"/></Period><Period><TimeInterval v="2016-12-02T15:00Z/2016-12-02T16:00Z"/><Direction v="Z02"/><Quantity v="0"/><MeasureUnit v="KW1"/></Period><Period><TimeInterval v="2016-12-02T16:00Z/2016-12-02T17:00Z"/><Direction v="Z02"/><Quantity v="0"/><MeasureUnit v="KW1"/></Period><Period><TimeInterval v="2016-12-02T17:00Z/2016-12-02T18:00Z"/><Direction v="Z02"/><Quantity v="0"/><MeasureUnit v="KW1"/></Period><Period><TimeInterval v="2016-12-02T18:00Z/2016-12-02T19:00Z"/><Direction v="Z02"/><Quantity v="0"/><MeasureUnit v="KW1"/></Period><Period><TimeInterval v="2016-12-02T19:00Z/2016-12-02T20:00Z"/><Direction v="Z02"/><Quantity v="0"/><MeasureUnit v="KW1"/></Period><Period><TimeInterval v="2016-12-02T20:00Z/2016-12-02T21:00Z"/><Direction v="Z02"/><Quantity v="0"/><MeasureUnit v="KW1"/></Period><Period><TimeInterval v="2016-12-02T21:00Z/2016-12-02T22:00Z"/><Direction v="Z02"/><Quantity v="0"/><MeasureUnit v="KW1"/></Period><Period><TimeInterval v="2016-12-02T22:00Z/2016-12-02T23:00Z"/><Direction v="Z02"/><Quantity v="0"/><MeasureUnit v="KW1"/></Period><Period><TimeInterval v="2016-12-02T23:00Z/2016-12-03T00:00Z"/><Direction v="Z02"/><Quantity v="0"/><MeasureUnit v="KW1"/></Period><Period><TimeInterval v="2016-12-03T00:00Z/2016-12-03T01:00Z"/><Direction v="Z02"/><Quantity v="0"/><MeasureUnit v="KW1"/></Period><Period><TimeInterval v="2016-12-03T01:00Z/2016-12-03T02:00Z"/><Direction v="Z02"/><Quantity v="0"/><MeasureUnit v="KW1"/></Period><Period><TimeInterval v="2016-12-03T02:00Z/2016-12-03T03:00Z"/><Direction v="Z02"/><Quantity v="0"/><MeasureUnit v="KW1"/></Period><Period><TimeInterval v="2016-12-03T03:00Z/2016-12-03T04:00Z"/><Direction v="Z02"/><Quantity v="0"/><MeasureUnit v="KW1"/></Period><Period><TimeInterval v="2016-12-03T04:00Z/2016-12-03T05:00Z"/><Direction v="Z02"/><Quantity v="0"/><MeasureUnit v="KW1"/></Period></Category></ConnectionPoint></TransparencyPublication>