<?xml version="1.0" encoding="UTF-8"?><TransparencyPublication Version="EGAS50" Release="A"><Identification v="TRANPB20170104A104279"/><Version v="1"/><Type v="AL6"/><CreationDateTime v="2017-01-04T07:09:26.001Z"/><ValidityPeriod v="2016-12-01T05:00Z/2016-12-02T05:00Z"/><IssuerIdentification v="21X-DE-C-A0A0A-T" codingScheme="305"/><IssuerRole v="ZSO"/><RecipientIdentification v="10X1001A1001A353" codingScheme="305"/><RecipientRole v="ZUA"/><ConnectionPoint><Identification v="37Y000000000288Q" codingScheme="305"/><Type v="Z26"/><Category><CapacityCode v="Z08"/><Period><TimeInterval v="2016-12-01T05:00Z/2016-12-01T06:00Z"/><Direction v="Z02"/><Quantity v="1921620"/><MeasureUnit v="KW1"/></Period><Period><TimeInterval v="2016-12-01T06:00Z/2016-12-01T07:00Z"/><Direction v="Z02"/><Quantity v="1896727"/><MeasureUnit v="KW1"/></Period><Period><TimeInterval v="2016-12-01T07:00Z/2016-12-01T08:00Z"/><Direction v="Z02"/><Quantity v="1843884"/><MeasureUnit v="KW1"/></Period><Period><TimeInterval v="2016-12-01T08:00Z/2016-12-01T09:00Z"/><Direction v="Z02"/><Quantity v="1811809"/><MeasureUnit v="KW1"/></Period><Period><TimeInterval v="2016-12-01T09:00Z/2016-12-01T10:00Z"/><Direction v="Z02"/><Quantity v="1637309"/><MeasureUnit v="KW1"/></Period><Period><TimeInterval v="2016-12-01T10:00Z/2016-12-01T11:00Z"/><Direction v="Z02"/><Quantity v="1579708"/><MeasureUnit v="KW1"/></Period><Period><TimeInterval v="2016-12-01T11:00Z/2016-12-01T12:00Z"/><Direction v="Z02"/><Quantity v="1567681"/><MeasureUnit v="KW1"/></Period><Period><TimeInterval v="2016-12-01T12:00Z/2016-12-01T13:00Z"/><Direction v="Z02"/><Quantity v="1538542"/><MeasureUnit v="KW1"/></Period><Period><TimeInterval v="2016-12-01T13:00Z/2016-12-01T14:00Z"/><Direction v="Z02"/><Quantity v="1518055"/><MeasureUnit v="KW1"/></Period><Period><TimeInterval v="2016-12-01T14:00Z/2016-12-01T15:00Z"/><Direction v="Z02"/><Quantity v="1509445"/><MeasureUnit v="KW1"/></Period><Period><TimeInterval v="2016-12-01T15:00Z/2016-12-01T16:00Z"/><Direction v="Z02"/><Quantity v="1525567"/><MeasureUnit v="KW1"/></Period><Period><TimeInterval v="2016-12-01T16:00Z/2016-12-01T17:00Z"/><Direction v="Z02"/><Quantity v="1449805"/><MeasureUnit v="KW1"/></Period><Period><TimeInterval v="2016-12-01T17:00Z/2016-12-01T18:00Z"/><Direction v="Z02"/><Quantity v="1451287"/><MeasureUnit v="KW1"/></Period><Period><TimeInterval v="2016-12-01T18:00Z/2016-12-01T19:00Z"/><Direction v="Z02"/><Quantity v="1418969"/><MeasureUnit v="KW1"/></Period><Period><TimeInterval v="2016-12-01T19:00Z/2016-12-01T20:00Z"/><Direction v="Z02"/><Quantity v="1338972"/><MeasureUnit v="KW1"/></Period><Period><TimeInterval v="2016-12-01T20:00Z/2016-12-01T21:00Z"/><Direction v="Z02"/><Quantity v="1280729"/><MeasureUnit v="KW1"/></Period><Period><TimeInterval v="2016-12-01T21:00Z/2016-12-01T22:00Z"/><Direction v="Z02"/><Quantity v="1187717"/><MeasureUnit v="KW1"/></Period><Period><TimeInterval v="2016-12-01T22:00Z/2016-12-01T23:00Z"/><Direction v="Z02"/><Quantity v="1035842"/><MeasureUnit v="KW1"/></Period><Period><TimeInterval v="2016-12-01T23:00Z/2016-12-02T00:00Z"/><Direction v="Z02"/><Quantity v="1009386"/><MeasureUnit v="KW1"/></Period><Period><TimeInterval v="2016-12-02T00:00Z/2016-12-02T01:00Z"/><Direction v="Z02"/><Quantity v="1001974"/><MeasureUnit v="KW1"/></Period><Period><TimeInterval v="2016-12-02T01:00Z/2016-12-02T02:00Z"/><Direction v="Z02"/><Quantity v="1018704"/><MeasureUnit v="KW1"/></Period><Period><TimeInterval v="2016-12-02T02:00Z/2016-12-02T03:00Z"/><Direction v="Z02"/><Quantity v="1034301"/><MeasureUnit v="KW1"/></Period><Period><TimeInterval v="2016-12-02T03:00Z/2016-12-02T04:00Z"/><Direction v="Z02"/><Quantity v="1199677"/><MeasureUnit v="KW1"/></Period><Period><TimeInterval v="2016-12-02T04:00Z/2016-12-02T05:00Z"/><Direction v="Z02"/><Quantity v="1564116"/><MeasureUnit v="KW1"/></Period></Category></ConnectionPoint></TransparencyPublication>