<?xml version="1.0" encoding="UTF-8"?><TransparencyPublication Version="EGAS50" Release="A"><Identification v="TRANPB20170102A104040"/><Version v="1"/><Type v="AL6"/><CreationDateTime v="2017-01-02T08:03:24.681Z"/><ValidityPeriod v="2016-12-03T05:00Z/2016-12-04T05:00Z"/><IssuerIdentification v="21X-DE-C-A0A0A-T" codingScheme="305"/><IssuerRole v="ZSO"/><RecipientIdentification v="10X1001A1001A353" codingScheme="305"/><RecipientRole v="ZUA"/><ConnectionPoint><Identification v="21Z0000000000236" codingScheme="305"/><Type v="Z25"/><Category><CapacityCode v="Z08"/><Period><TimeInterval v="2016-12-03T05:00Z/2016-12-03T06:00Z"/><Direction v="Z02"/><Quantity v="34889652"/><MeasureUnit v="KW1"/></Period><Period><TimeInterval v="2016-12-03T06:00Z/2016-12-03T07:00Z"/><Direction v="Z02"/><Quantity v="34738070"/><MeasureUnit v="KW1"/></Period><Period><TimeInterval v="2016-12-03T07:00Z/2016-12-03T08:00Z"/><Direction v="Z02"/><Quantity v="34830984"/><MeasureUnit v="KW1"/></Period><Period><TimeInterval v="2016-12-03T08:00Z/2016-12-03T09:00Z"/><Direction v="Z02"/><Quantity v="34805331"/><MeasureUnit v="KW1"/></Period><Period><TimeInterval v="2016-12-03T09:00Z/2016-12-03T10:00Z"/><Direction v="Z02"/><Quantity v="34742193"/><MeasureUnit v="KW1"/></Period><Period><TimeInterval v="2016-12-03T10:00Z/2016-12-03T11:00Z"/><Direction v="Z02"/><Quantity v="34612538"/><MeasureUnit v="KW1"/></Period><Period><TimeInterval v="2016-12-03T11:00Z/2016-12-03T12:00Z"/><Direction v="Z02"/><Quantity v="34548767"/><MeasureUnit v="KW1"/></Period><Period><TimeInterval v="2016-12-03T12:00Z/2016-12-03T13:00Z"/><Direction v="Z02"/><Quantity v="34552009"/><MeasureUnit v="KW1"/></Period><Period><TimeInterval v="2016-12-03T13:00Z/2016-12-03T14:00Z"/><Direction v="Z02"/><Quantity v="34542332"/><MeasureUnit v="KW1"/></Period><Period><TimeInterval v="2016-12-03T14:00Z/2016-12-03T15:00Z"/><Direction v="Z02"/><Quantity v="34934517"/><MeasureUnit v="KW1"/></Period><Period><TimeInterval v="2016-12-03T15:00Z/2016-12-03T16:00Z"/><Direction v="Z02"/><Quantity v="35130681"/><MeasureUnit v="KW1"/></Period><Period><TimeInterval v="2016-12-03T16:00Z/2016-12-03T17:00Z"/><Direction v="Z02"/><Quantity v="35151613"/><MeasureUnit v="KW1"/></Period><Period><TimeInterval v="2016-12-03T17:00Z/2016-12-03T18:00Z"/><Direction v="Z02"/><Quantity v="35172212"/><MeasureUnit v="KW1"/></Period><Period><TimeInterval v="2016-12-03T18:00Z/2016-12-03T19:00Z"/><Direction v="Z02"/><Quantity v="35161234"/><MeasureUnit v="KW1"/></Period><Period><TimeInterval v="2016-12-03T19:00Z/2016-12-03T20:00Z"/><Direction v="Z02"/><Quantity v="35172045"/><MeasureUnit v="KW1"/></Period><Period><TimeInterval v="2016-12-03T20:00Z/2016-12-03T21:00Z"/><Direction v="Z02"/><Quantity v="35184364"/><MeasureUnit v="KW1"/></Period><Period><TimeInterval v="2016-12-03T21:00Z/2016-12-03T22:00Z"/><Direction v="Z02"/><Quantity v="36399016"/><MeasureUnit v="KW1"/></Period><Period><TimeInterval v="2016-12-03T22:00Z/2016-12-03T23:00Z"/><Direction v="Z02"/><Quantity v="36762034"/><MeasureUnit v="KW1"/></Period><Period><TimeInterval v="2016-12-03T23:00Z/2016-12-04T00:00Z"/><Direction v="Z02"/><Quantity v="36802024"/><MeasureUnit v="KW1"/></Period><Period><TimeInterval v="2016-12-04T00:00Z/2016-12-04T01:00Z"/><Direction v="Z02"/><Quantity v="36800065"/><MeasureUnit v="KW1"/></Period><Period><TimeInterval v="2016-12-04T01:00Z/2016-12-04T02:00Z"/><Direction v="Z02"/><Quantity v="36794436"/><MeasureUnit v="KW1"/></Period><Period><TimeInterval v="2016-12-04T02:00Z/2016-12-04T03:00Z"/><Direction v="Z02"/><Quantity v="36805979"/><MeasureUnit v="KW1"/></Period><Period><TimeInterval v="2016-12-04T03:00Z/2016-12-04T04:00Z"/><Direction v="Z02"/><Quantity v="36805056"/><MeasureUnit v="KW1"/></Period><Period><TimeInterval v="2016-12-04T04:00Z/2016-12-04T05:00Z"/><Direction v="Z02"/><Quantity v="35871792"/><MeasureUnit v="KW1"/></Period></Category></ConnectionPoint><ConnectionPoint><Identification v="21Z0000000000406" codingScheme="305"/><Type v="Z25"/><Category><CapacityCode v="Z08"/><Period><TimeInterval v="2016-12-03T05:00Z/2016-12-03T06:00Z"/><Direction v="Z03"/><Quantity v="790700"/><MeasureUnit v="KW1"/></Period><Period><TimeInterval v="2016-12-03T06:00Z/2016-12-03T07:00Z"/><Direction v="Z03"/><Quantity v="848116"/><MeasureUnit v="KW1"/></Period><Period><TimeInterval v="2016-12-03T07:00Z/2016-12-03T08:00Z"/><Direction v="Z03"/><Quantity v="855273"/><MeasureUnit v="KW1"/></Period><Period><TimeInterval v="2016-12-03T08:00Z/2016-12-03T09:00Z"/><Direction v="Z03"/><Quantity v="857577"/><MeasureUnit v="KW1"/></Period><Period><TimeInterval v="2016-12-03T09:00Z/2016-12-03T10:00Z"/><Direction v="Z03"/><Quantity v="861836"/><MeasureUnit v="KW1"/></Period><Period><TimeInterval v="2016-12-03T10:00Z/2016-12-03T11:00Z"/><Direction v="Z03"/><Quantity v="863874"/><MeasureUnit v="KW1"/></Period><Period><TimeInterval v="2016-12-03T11:00Z/2016-12-03T12:00Z"/><Direction v="Z03"/><Quantity v="861657"/><MeasureUnit v="KW1"/></Period><Period><TimeInterval v="2016-12-03T12:00Z/2016-12-03T13:00Z"/><Direction v="Z03"/><Quantity v="857152"/><MeasureUnit v="KW1"/></Period><Period><TimeInterval v="2016-12-03T13:00Z/2016-12-03T14:00Z"/><Direction v="Z03"/><Quantity v="1003339"/><MeasureUnit v="KW1"/></Period><Period><TimeInterval v="2016-12-03T14:00Z/2016-12-03T15:00Z"/><Direction v="Z03"/><Quantity v="1023410"/><MeasureUnit v="KW1"/></Period><Period><TimeInterval v="2016-12-03T15:00Z/2016-12-03T16:00Z"/><Direction v="Z03"/><Quantity v="1020315"/><MeasureUnit v="KW1"/></Period><Period><TimeInterval v="2016-12-03T16:00Z/2016-12-03T17:00Z"/><Direction v="Z03"/><Quantity v="1021106"/><MeasureUnit v="KW1"/></Period><Period><TimeInterval v="2016-12-03T17:00Z/2016-12-03T18:00Z"/><Direction v="Z03"/><Quantity v="1013541"/><MeasureUnit v="KW1"/></Period><Period><TimeInterval v="2016-12-03T18:00Z/2016-12-03T19:00Z"/><Direction v="Z03"/><Quantity v="1015711"/><MeasureUnit v="KW1"/></Period><Period><TimeInterval v="2016-12-03T19:00Z/2016-12-03T20:00Z"/><Direction v="Z03"/><Quantity v="1017114"/><MeasureUnit v="KW1"/></Period><Period><TimeInterval v="2016-12-03T20:00Z/2016-12-03T21:00Z"/><Direction v="Z03"/><Quantity v="990851"/><MeasureUnit v="KW1"/></Period><Period><TimeInterval v="2016-12-03T21:00Z/2016-12-03T22:00Z"/><Direction v="Z03"/><Quantity v="753834"/><MeasureUnit v="KW1"/></Period><Period><TimeInterval v="2016-12-03T22:00Z/2016-12-03T23:00Z"/><Direction v="Z03"/><Quantity v="752244"/><MeasureUnit v="KW1"/></Period><Period><TimeInterval v="2016-12-03T23:00Z/2016-12-04T00:00Z"/><Direction v="Z03"/><Quantity v="751675"/><MeasureUnit v="KW1"/></Period><Period><TimeInterval v="2016-12-04T00:00Z/2016-12-04T01:00Z"/><Direction v="Z03"/><Quantity v="750584"/><MeasureUnit v="KW1"/></Period><Period><TimeInterval v="2016-12-04T01:00Z/2016-12-04T02:00Z"/><Direction v="Z03"/><Quantity v="750497"/><MeasureUnit v="KW1"/></Period><Period><TimeInterval v="2016-12-04T02:00Z/2016-12-04T03:00Z"/><Direction v="Z03"/><Quantity v="751246"/><MeasureUnit v="KW1"/></Period><Period><TimeInterval v="2016-12-04T03:00Z/2016-12-04T04:00Z"/><Direction v="Z03"/><Quantity v="750739"/><MeasureUnit v="KW1"/></Period><Period><TimeInterval v="2016-12-04T04:00Z/2016-12-04T05:00Z"/><Direction v="Z03"/><Quantity v="764989"/><MeasureUnit v="KW1"/></Period></Category></ConnectionPoint><ConnectionPoint><Identification v="21Z000000000073S" codingScheme="305"/><Type v="Z25"/><Category><CapacityCode v="Z08"/><Period><TimeInterval v="2016-12-03T05:00Z/2016-12-03T06:00Z"/><Direction v="Z02"/><Quantity v="13557924"/><MeasureUnit v="KW1"/></Period><Period><TimeInterval v="2016-12-03T06:00Z/2016-12-03T07:00Z"/><Direction v="Z02"/><Quantity v="13395634"/><MeasureUnit v="KW1"/></Period><Period><TimeInterval v="2016-12-03T07:00Z/2016-12-03T08:00Z"/><Direction v="Z02"/><Quantity v="13488012"/><MeasureUnit v="KW1"/></Period><Period><TimeInterval v="2016-12-03T08:00Z/2016-12-03T09:00Z"/><Direction v="Z02"/><Quantity v="13399927"/><MeasureUnit v="KW1"/></Period><Period><TimeInterval v="2016-12-03T09:00Z/2016-12-03T10:00Z"/><Direction v="Z02"/><Quantity v="13153574"/><MeasureUnit v="KW1"/></Period><Period><TimeInterval v="2016-12-03T10:00Z/2016-12-03T11:00Z"/><Direction v="Z02"/><Quantity v="13143963"/><MeasureUnit v="KW1"/></Period><Period><TimeInterval v="2016-12-03T11:00Z/2016-12-03T12:00Z"/><Direction v="Z02"/><Quantity v="13246264"/><MeasureUnit v="KW1"/></Period><Period><TimeInterval v="2016-12-03T12:00Z/2016-12-03T13:00Z"/><Direction v="Z02"/><Quantity v="13314929"/><MeasureUnit v="KW1"/></Period><Period><TimeInterval v="2016-12-03T13:00Z/2016-12-03T14:00Z"/><Direction v="Z02"/><Quantity v="13419149"/><MeasureUnit v="KW1"/></Period><Period><TimeInterval v="2016-12-03T14:00Z/2016-12-03T15:00Z"/><Direction v="Z02"/><Quantity v="13420570"/><MeasureUnit v="KW1"/></Period><Period><TimeInterval v="2016-12-03T15:00Z/2016-12-03T16:00Z"/><Direction v="Z02"/><Quantity v="13280638"/><MeasureUnit v="KW1"/></Period><Period><TimeInterval v="2016-12-03T16:00Z/2016-12-03T17:00Z"/><Direction v="Z02"/><Quantity v="13517557"/><MeasureUnit v="KW1"/></Period><Period><TimeInterval v="2016-12-03T17:00Z/2016-12-03T18:00Z"/><Direction v="Z02"/><Quantity v="13283561"/><MeasureUnit v="KW1"/></Period><Period><TimeInterval v="2016-12-03T18:00Z/2016-12-03T19:00Z"/><Direction v="Z02"/><Quantity v="13576174"/><MeasureUnit v="KW1"/></Period><Period><TimeInterval v="2016-12-03T19:00Z/2016-12-03T20:00Z"/><Direction v="Z02"/><Quantity v="15098228"/><MeasureUnit v="KW1"/></Period><Period><TimeInterval v="2016-12-03T20:00Z/2016-12-03T21:00Z"/><Direction v="Z02"/><Quantity v="14976489"/><MeasureUnit v="KW1"/></Period><Period><TimeInterval v="2016-12-03T21:00Z/2016-12-03T22:00Z"/><Direction v="Z02"/><Quantity v="14151842"/><MeasureUnit v="KW1"/></Period><Period><TimeInterval v="2016-12-03T22:00Z/2016-12-03T23:00Z"/><Direction v="Z02"/><Quantity v="14290113"/><MeasureUnit v="KW1"/></Period><Period><TimeInterval v="2016-12-03T23:00Z/2016-12-04T00:00Z"/><Direction v="Z02"/><Quantity v="13741318"/><MeasureUnit v="KW1"/></Period><Period><TimeInterval v="2016-12-04T00:00Z/2016-12-04T01:00Z"/><Direction v="Z02"/><Quantity v="13756872"/><MeasureUnit v="KW1"/></Period><Period><TimeInterval v="2016-12-04T01:00Z/2016-12-04T02:00Z"/><Direction v="Z02"/><Quantity v="13725949"/><MeasureUnit v="KW1"/></Period><Period><TimeInterval v="2016-12-04T02:00Z/2016-12-04T03:00Z"/><Direction v="Z02"/><Quantity v="13735329"/><MeasureUnit v="KW1"/></Period><Period><TimeInterval v="2016-12-04T03:00Z/2016-12-04T04:00Z"/><Direction v="Z02"/><Quantity v="13832720"/><MeasureUnit v="KW1"/></Period><Period><TimeInterval v="2016-12-04T04:00Z/2016-12-04T05:00Z"/><Direction v="Z02"/><Quantity v="14255372"/><MeasureUnit v="KW1"/></Period></Category></ConnectionPoint><ConnectionPoint><Identification v="21Z0000000001232" codingScheme="305"/><Type v="Z25"/><Category><CapacityCode v="Z08"/><Period><TimeInterval v="2016-12-03T05:00Z/2016-12-03T06:00Z"/><Direction v="Z03"/><Quantity v="12122766"/><MeasureUnit v="KW1"/></Period><Period><TimeInterval v="2016-12-03T06:00Z/2016-12-03T07:00Z"/><Direction v="Z03"/><Quantity v="11029534"/><MeasureUnit v="KW1"/></Period><Period><TimeInterval v="2016-12-03T07:00Z/2016-12-03T08:00Z"/><Direction v="Z03"/><Quantity v="9429501"/><MeasureUnit v="KW1"/></Period><Period><TimeInterval v="2016-12-03T08:00Z/2016-12-03T09:00Z"/><Direction v="Z03"/><Quantity v="9496129"/><MeasureUnit v="KW1"/></Period><Period><TimeInterval v="2016-12-03T09:00Z/2016-12-03T10:00Z"/><Direction v="Z03"/><Quantity v="9470241"/><MeasureUnit v="KW1"/></Period><Period><TimeInterval v="2016-12-03T10:00Z/2016-12-03T11:00Z"/><Direction v="Z03"/><Quantity v="9417297"/><MeasureUnit v="KW1"/></Period><Period><TimeInterval v="2016-12-03T11:00Z/2016-12-03T12:00Z"/><Direction v="Z03"/><Quantity v="9642634"/><MeasureUnit v="KW1"/></Period><Period><TimeInterval v="2016-12-03T12:00Z/2016-12-03T13:00Z"/><Direction v="Z03"/><Quantity v="9550508"/><MeasureUnit v="KW1"/></Period><Period><TimeInterval v="2016-12-03T13:00Z/2016-12-03T14:00Z"/><Direction v="Z03"/><Quantity v="9458893"/><MeasureUnit v="KW1"/></Period><Period><TimeInterval v="2016-12-03T14:00Z/2016-12-03T15:00Z"/><Direction v="Z03"/><Quantity v="9357995"/><MeasureUnit v="KW1"/></Period><Period><TimeInterval v="2016-12-03T15:00Z/2016-12-03T16:00Z"/><Direction v="Z03"/><Quantity v="9359537"/><MeasureUnit v="KW1"/></Period><Period><TimeInterval v="2016-12-03T16:00Z/2016-12-03T17:00Z"/><Direction v="Z03"/><Quantity v="9357774"/><MeasureUnit v="KW1"/></Period><Period><TimeInterval v="2016-12-03T17:00Z/2016-12-03T18:00Z"/><Direction v="Z03"/><Quantity v="9378569"/><MeasureUnit v="KW1"/></Period><Period><TimeInterval v="2016-12-03T18:00Z/2016-12-03T19:00Z"/><Direction v="Z03"/><Quantity v="9420489"/><MeasureUnit v="KW1"/></Period><Period><TimeInterval v="2016-12-03T19:00Z/2016-12-03T20:00Z"/><Direction v="Z03"/><Quantity v="9399274"/><MeasureUnit v="KW1"/></Period><Period><TimeInterval v="2016-12-03T20:00Z/2016-12-03T21:00Z"/><Direction v="Z03"/><Quantity v="9403805"/><MeasureUnit v="KW1"/></Period><Period><TimeInterval v="2016-12-03T21:00Z/2016-12-03T22:00Z"/><Direction v="Z03"/><Quantity v="9003489"/><MeasureUnit v="KW1"/></Period><Period><TimeInterval v="2016-12-03T22:00Z/2016-12-03T23:00Z"/><Direction v="Z03"/><Quantity v="9262291"/><MeasureUnit v="KW1"/></Period><Period><TimeInterval v="2016-12-03T23:00Z/2016-12-04T00:00Z"/><Direction v="Z03"/><Quantity v="9400374"/><MeasureUnit v="KW1"/></Period><Period><TimeInterval v="2016-12-04T00:00Z/2016-12-04T01:00Z"/><Direction v="Z03"/><Quantity v="9418771"/><MeasureUnit v="KW1"/></Period><Period><TimeInterval v="2016-12-04T01:00Z/2016-12-04T02:00Z"/><Direction v="Z03"/><Quantity v="9309723"/><MeasureUnit v="KW1"/></Period><Period><TimeInterval v="2016-12-04T02:00Z/2016-12-04T03:00Z"/><Direction v="Z03"/><Quantity v="9283535"/><MeasureUnit v="KW1"/></Period><Period><TimeInterval v="2016-12-04T03:00Z/2016-12-04T04:00Z"/><Direction v="Z03"/><Quantity v="9291293"/><MeasureUnit v="KW1"/></Period><Period><TimeInterval v="2016-12-04T04:00Z/2016-12-04T05:00Z"/><Direction v="Z03"/><Quantity v="9273094"/><MeasureUnit v="KW1"/></Period></Category></ConnectionPoint><ConnectionPoint><Identification v="21Z000000000075O" codingScheme="305"/><Type v="Z25"/><Category><CapacityCode v="Z08"/><Period><TimeInterval v="2016-12-03T05:00Z/2016-12-03T06:00Z"/><Direction v="Z02"/><Quantity v="0"/><MeasureUnit v="KW1"/></Period><Period><TimeInterval v="2016-12-03T06:00Z/2016-12-03T07:00Z"/><Direction v="Z02"/><Quantity v="0"/><MeasureUnit v="KW1"/></Period><Period><TimeInterval v="2016-12-03T07:00Z/2016-12-03T08:00Z"/><Direction v="Z02"/><Quantity v="0"/><MeasureUnit v="KW1"/></Period><Period><TimeInterval v="2016-12-03T08:00Z/2016-12-03T09:00Z"/><Direction v="Z02"/><Quantity v="0"/><MeasureUnit v="KW1"/></Period><Period><TimeInterval v="2016-12-03T09:00Z/2016-12-03T10:00Z"/><Direction v="Z02"/><Quantity v="0"/><MeasureUnit v="KW1"/></Period><Period><TimeInterval v="2016-12-03T10:00Z/2016-12-03T11:00Z"/><Direction v="Z02"/><Quantity v="0"/><MeasureUnit v="KW1"/></Period><Period><TimeInterval v="2016-12-03T11:00Z/2016-12-03T12:00Z"/><Direction v="Z02"/><Quantity v="0"/><MeasureUnit v="KW1"/></Period><Period><TimeInterval v="2016-12-03T12:00Z/2016-12-03T13:00Z"/><Direction v="Z02"/><Quantity v="0"/><MeasureUnit v="KW1"/></Period><Period><TimeInterval v="2016-12-03T13:00Z/2016-12-03T14:00Z"/><Direction v="Z02"/><Quantity v="0"/><MeasureUnit v="KW1"/></Period><Period><TimeInterval v="2016-12-03T14:00Z/2016-12-03T15:00Z"/><Direction v="Z02"/><Quantity v="0"/><MeasureUnit v="KW1"/></Period><Period><TimeInterval v="2016-12-03T15:00Z/2016-12-03T16:00Z"/><Direction v="Z02"/><Quantity v="0"/><MeasureUnit v="KW1"/></Period><Period><TimeInterval v="2016-12-03T16:00Z/2016-12-03T17:00Z"/><Direction v="Z02"/><Quantity v="0"/><MeasureUnit v="KW1"/></Period><Period><TimeInterval v="2016-12-03T17:00Z/2016-12-03T18:00Z"/><Direction v="Z02"/><Quantity v="0"/><MeasureUnit v="KW1"/></Period><Period><TimeInterval v="2016-12-03T18:00Z/2016-12-03T19:00Z"/><Direction v="Z02"/><Quantity v="0"/><MeasureUnit v="KW1"/></Period><Period><TimeInterval v="2016-12-03T19:00Z/2016-12-03T20:00Z"/><Direction v="Z02"/><Quantity v="0"/><MeasureUnit v="KW1"/></Period><Period><TimeInterval v="2016-12-03T20:00Z/2016-12-03T21:00Z"/><Direction v="Z02"/><Quantity v="0"/><MeasureUnit v="KW1"/></Period><Period><TimeInterval v="2016-12-03T21:00Z/2016-12-03T22:00Z"/><Direction v="Z02"/><Quantity v="0"/><MeasureUnit v="KW1"/></Period><Period><TimeInterval v="2016-12-03T22:00Z/2016-12-03T23:00Z"/><Direction v="Z02"/><Quantity v="0"/><MeasureUnit v="KW1"/></Period><Period><TimeInterval v="2016-12-03T23:00Z/2016-12-04T00:00Z"/><Direction v="Z02"/><Quantity v="0"/><MeasureUnit v="KW1"/></Period><Period><TimeInterval v="2016-12-04T00:00Z/2016-12-04T01:00Z"/><Direction v="Z02"/><Quantity v="0"/><MeasureUnit v="KW1"/></Period><Period><TimeInterval v="2016-12-04T01:00Z/2016-12-04T02:00Z"/><Direction v="Z02"/><Quantity v="0"/><MeasureUnit v="KW1"/></Period><Period><TimeInterval v="2016-12-04T02:00Z/2016-12-04T03:00Z"/><Direction v="Z02"/><Quantity v="0"/><MeasureUnit v="KW1"/></Period><Period><TimeInterval v="2016-12-04T03:00Z/2016-12-04T04:00Z"/><Direction v="Z02"/><Quantity v="0"/><MeasureUnit v="KW1"/></Period><Period><TimeInterval v="2016-12-04T04:00Z/2016-12-04T05:00Z"/><Direction v="Z02"/><Quantity v="0"/><MeasureUnit v="KW1"/></Period><Period><TimeInterval v="2016-12-03T05:00Z/2016-12-03T06:00Z"/><Direction v="Z03"/><Quantity v="9852985"/><MeasureUnit v="KW1"/></Period><Period><TimeInterval v="2016-12-03T06:00Z/2016-12-03T07:00Z"/><Direction v="Z03"/><Quantity v="10092918"/><MeasureUnit v="KW1"/></Period><Period><TimeInterval v="2016-12-03T07:00Z/2016-12-03T08:00Z"/><Direction v="Z03"/><Quantity v="10078147"/><MeasureUnit v="KW1"/></Period><Period><TimeInterval v="2016-12-03T08:00Z/2016-12-03T09:00Z"/><Direction v="Z03"/><Quantity v="10037829"/><MeasureUnit v="KW1"/></Period><Period><TimeInterval v="2016-12-03T09:00Z/2016-12-03T10:00Z"/><Direction v="Z03"/><Quantity v="9992003"/><MeasureUnit v="KW1"/></Period><Period><TimeInterval v="2016-12-03T10:00Z/2016-12-03T11:00Z"/><Direction v="Z03"/><Quantity v="10017133"/><MeasureUnit v="KW1"/></Period><Period><TimeInterval v="2016-12-03T11:00Z/2016-12-03T12:00Z"/><Direction v="Z03"/><Quantity v="9987270"/><MeasureUnit v="KW1"/></Period><Period><TimeInterval v="2016-12-03T12:00Z/2016-12-03T13:00Z"/><Direction v="Z03"/><Quantity v="10006500"/><MeasureUnit v="KW1"/></Period><Period><TimeInterval v="2016-12-03T13:00Z/2016-12-03T14:00Z"/><Direction v="Z03"/><Quantity v="10014720"/><MeasureUnit v="KW1"/></Period><Period><TimeInterval v="2016-12-03T14:00Z/2016-12-03T15:00Z"/><Direction v="Z03"/><Quantity v="10010752"/><MeasureUnit v="KW1"/></Period><Period><TimeInterval v="2016-12-03T15:00Z/2016-12-03T16:00Z"/><Direction v="Z03"/><Quantity v="9986160"/><MeasureUnit v="KW1"/></Period><Period><TimeInterval v="2016-12-03T16:00Z/2016-12-03T17:00Z"/><Direction v="Z03"/><Quantity v="10004354"/><MeasureUnit v="KW1"/></Period><Period><TimeInterval v="2016-12-03T17:00Z/2016-12-03T18:00Z"/><Direction v="Z03"/><Quantity v="10008188"/><MeasureUnit v="KW1"/></Period><Period><TimeInterval v="2016-12-03T18:00Z/2016-12-03T19:00Z"/><Direction v="Z03"/><Quantity v="10021893"/><MeasureUnit v="KW1"/></Period><Period><TimeInterval v="2016-12-03T19:00Z/2016-12-03T20:00Z"/><Direction v="Z03"/><Quantity v="10022914"/><MeasureUnit v="KW1"/></Period><Period><TimeInterval v="2016-12-03T20:00Z/2016-12-03T21:00Z"/><Direction v="Z03"/><Quantity v="10016404"/><MeasureUnit v="KW1"/></Period><Period><TimeInterval v="2016-12-03T21:00Z/2016-12-03T22:00Z"/><Direction v="Z03"/><Quantity v="10020435"/><MeasureUnit v="KW1"/></Period><Period><TimeInterval v="2016-12-03T22:00Z/2016-12-03T23:00Z"/><Direction v="Z03"/><Quantity v="10032424"/><MeasureUnit v="KW1"/></Period><Period><TimeInterval v="2016-12-03T23:00Z/2016-12-04T00:00Z"/><Direction v="Z03"/><Quantity v="10057243"/><MeasureUnit v="KW1"/></Period><Period><TimeInterval v="2016-12-04T00:00Z/2016-12-04T01:00Z"/><Direction v="Z03"/><Quantity v="10013330"/><MeasureUnit v="KW1"/></Period><Period><TimeInterval v="2016-12-04T01:00Z/2016-12-04T02:00Z"/><Direction v="Z03"/><Quantity v="9988858"/><MeasureUnit v="KW1"/></Period><Period><TimeInterval v="2016-12-04T02:00Z/2016-12-04T03:00Z"/><Direction v="Z03"/><Quantity v="9965516"/><MeasureUnit v="KW1"/></Period><Period><TimeInterval v="2016-12-04T03:00Z/2016-12-04T04:00Z"/><Direction v="Z03"/><Quantity v="10030077"/><MeasureUnit v="KW1"/></Period><Period><TimeInterval v="2016-12-04T04:00Z/2016-12-04T05:00Z"/><Direction v="Z03"/><Quantity v="9996520"/><MeasureUnit v="KW1"/></Period></Category></ConnectionPoint><ConnectionPoint><Identification v="21Z000000000053Y" codingScheme="305"/><Type v="Z25"/><Category><CapacityCode v="Z08"/><Period><TimeInterval v="2016-12-03T05:00Z/2016-12-03T06:00Z"/><Direction v="Z02"/><Quantity v="27426347"/><MeasureUnit v="KW1"/></Period><Period><TimeInterval v="2016-12-03T06:00Z/2016-12-03T07:00Z"/><Direction v="Z02"/><Quantity v="27723232"/><MeasureUnit v="KW1"/></Period><Period><TimeInterval v="2016-12-03T07:00Z/2016-12-03T08:00Z"/><Direction v="Z02"/><Quantity v="27569891"/><MeasureUnit v="KW1"/></Period><Period><TimeInterval v="2016-12-03T08:00Z/2016-12-03T09:00Z"/><Direction v="Z02"/><Quantity v="27515245"/><MeasureUnit v="KW1"/></Period><Period><TimeInterval v="2016-12-03T09:00Z/2016-12-03T10:00Z"/><Direction v="Z02"/><Quantity v="27515575"/><MeasureUnit v="KW1"/></Period><Period><TimeInterval v="2016-12-03T10:00Z/2016-12-03T11:00Z"/><Direction v="Z02"/><Quantity v="27462570"/><MeasureUnit v="KW1"/></Period><Period><TimeInterval v="2016-12-03T11:00Z/2016-12-03T12:00Z"/><Direction v="Z02"/><Quantity v="26735810"/><MeasureUnit v="KW1"/></Period><Period><TimeInterval v="2016-12-03T12:00Z/2016-12-03T13:00Z"/><Direction v="Z02"/><Quantity v="27170293"/><MeasureUnit v="KW1"/></Period><Period><TimeInterval v="2016-12-03T13:00Z/2016-12-03T14:00Z"/><Direction v="Z02"/><Quantity v="27165333"/><MeasureUnit v="KW1"/></Period><Period><TimeInterval v="2016-12-03T14:00Z/2016-12-03T15:00Z"/><Direction v="Z02"/><Quantity v="26989146"/><MeasureUnit v="KW1"/></Period><Period><TimeInterval v="2016-12-03T15:00Z/2016-12-03T16:00Z"/><Direction v="Z02"/><Quantity v="27058398"/><MeasureUnit v="KW1"/></Period><Period><TimeInterval v="2016-12-03T16:00Z/2016-12-03T17:00Z"/><Direction v="Z02"/><Quantity v="27136226"/><MeasureUnit v="KW1"/></Period><Period><TimeInterval v="2016-12-03T17:00Z/2016-12-03T18:00Z"/><Direction v="Z02"/><Quantity v="27607672"/><MeasureUnit v="KW1"/></Period><Period><TimeInterval v="2016-12-03T18:00Z/2016-12-03T19:00Z"/><Direction v="Z02"/><Quantity v="27337329"/><MeasureUnit v="KW1"/></Period><Period><TimeInterval v="2016-12-03T19:00Z/2016-12-03T20:00Z"/><Direction v="Z02"/><Quantity v="27556968"/><MeasureUnit v="KW1"/></Period><Period><TimeInterval v="2016-12-03T20:00Z/2016-12-03T21:00Z"/><Direction v="Z02"/><Quantity v="27318823"/><MeasureUnit v="KW1"/></Period><Period><TimeInterval v="2016-12-03T21:00Z/2016-12-03T22:00Z"/><Direction v="Z02"/><Quantity v="27283434"/><MeasureUnit v="KW1"/></Period><Period><TimeInterval v="2016-12-03T22:00Z/2016-12-03T23:00Z"/><Direction v="Z02"/><Quantity v="27226351"/><MeasureUnit v="KW1"/></Period><Period><TimeInterval v="2016-12-03T23:00Z/2016-12-04T00:00Z"/><Direction v="Z02"/><Quantity v="27251242"/><MeasureUnit v="KW1"/></Period><Period><TimeInterval v="2016-12-04T00:00Z/2016-12-04T01:00Z"/><Direction v="Z02"/><Quantity v="27278773"/><MeasureUnit v="KW1"/></Period><Period><TimeInterval v="2016-12-04T01:00Z/2016-12-04T02:00Z"/><Direction v="Z02"/><Quantity v="27287871"/><MeasureUnit v="KW1"/></Period><Period><TimeInterval v="2016-12-04T02:00Z/2016-12-04T03:00Z"/><Direction v="Z02"/><Quantity v="28887133"/><MeasureUnit v="KW1"/></Period><Period><TimeInterval v="2016-12-04T03:00Z/2016-12-04T04:00Z"/><Direction v="Z02"/><Quantity v="28979422"/><MeasureUnit v="KW1"/></Period><Period><TimeInterval v="2016-12-04T04:00Z/2016-12-04T05:00Z"/><Direction v="Z02"/><Quantity v="29180713"/><MeasureUnit v="KW1"/></Period></Category></ConnectionPoint><ConnectionPoint><Identification v="21Z0000000000503" codingScheme="305"/><Type v="Z25"/><Category><CapacityCode v="Z08"/><Period><TimeInterval v="2016-12-03T05:00Z/2016-12-03T06:00Z"/><Direction v="Z02"/><Quantity v="0"/><MeasureUnit v="KW1"/></Period><Period><TimeInterval v="2016-12-03T06:00Z/2016-12-03T07:00Z"/><Direction v="Z02"/><Quantity v="0"/><MeasureUnit v="KW1"/></Period><Period><TimeInterval v="2016-12-03T07:00Z/2016-12-03T08:00Z"/><Direction v="Z02"/><Quantity v="0"/><MeasureUnit v="KW1"/></Period><Period><TimeInterval v="2016-12-03T08:00Z/2016-12-03T09:00Z"/><Direction v="Z02"/><Quantity v="0"/><MeasureUnit v="KW1"/></Period><Period><TimeInterval v="2016-12-03T09:00Z/2016-12-03T10:00Z"/><Direction v="Z02"/><Quantity v="0"/><MeasureUnit v="KW1"/></Period><Period><TimeInterval v="2016-12-03T10:00Z/2016-12-03T11:00Z"/><Direction v="Z02"/><Quantity v="0"/><MeasureUnit v="KW1"/></Period><Period><TimeInterval v="2016-12-03T11:00Z/2016-12-03T12:00Z"/><Direction v="Z02"/><Quantity v="0"/><MeasureUnit v="KW1"/></Period><Period><TimeInterval v="2016-12-03T12:00Z/2016-12-03T13:00Z"/><Direction v="Z02"/><Quantity v="0"/><MeasureUnit v="KW1"/></Period><Period><TimeInterval v="2016-12-03T13:00Z/2016-12-03T14:00Z"/><Direction v="Z02"/><Quantity v="0"/><MeasureUnit v="KW1"/></Period><Period><TimeInterval v="2016-12-03T14:00Z/2016-12-03T15:00Z"/><Direction v="Z02"/><Quantity v="0"/><MeasureUnit v="KW1"/></Period><Period><TimeInterval v="2016-12-03T15:00Z/2016-12-03T16:00Z"/><Direction v="Z02"/><Quantity v="0"/><MeasureUnit v="KW1"/></Period><Period><TimeInterval v="2016-12-03T16:00Z/2016-12-03T17:00Z"/><Direction v="Z02"/><Quantity v="0"/><MeasureUnit v="KW1"/></Period><Period><TimeInterval v="2016-12-03T17:00Z/2016-12-03T18:00Z"/><Direction v="Z02"/><Quantity v="0"/><MeasureUnit v="KW1"/></Period><Period><TimeInterval v="2016-12-03T18:00Z/2016-12-03T19:00Z"/><Direction v="Z02"/><Quantity v="0"/><MeasureUnit v="KW1"/></Period><Period><TimeInterval v="2016-12-03T19:00Z/2016-12-03T20:00Z"/><Direction v="Z02"/><Quantity v="0"/><MeasureUnit v="KW1"/></Period><Period><TimeInterval v="2016-12-03T20:00Z/2016-12-03T21:00Z"/><Direction v="Z02"/><Quantity v="0"/><MeasureUnit v="KW1"/></Period><Period><TimeInterval v="2016-12-03T21:00Z/2016-12-03T22:00Z"/><Direction v="Z02"/><Quantity v="0"/><MeasureUnit v="KW1"/></Period><Period><TimeInterval v="2016-12-03T22:00Z/2016-12-03T23:00Z"/><Direction v="Z02"/><Quantity v="0"/><MeasureUnit v="KW1"/></Period><Period><TimeInterval v="2016-12-03T23:00Z/2016-12-04T00:00Z"/><Direction v="Z02"/><Quantity v="0"/><MeasureUnit v="KW1"/></Period><Period><TimeInterval v="2016-12-04T00:00Z/2016-12-04T01:00Z"/><Direction v="Z02"/><Quantity v="0"/><MeasureUnit v="KW1"/></Period><Period><TimeInterval v="2016-12-04T01:00Z/2016-12-04T02:00Z"/><Direction v="Z02"/><Quantity v="0"/><MeasureUnit v="KW1"/></Period><Period><TimeInterval v="2016-12-04T02:00Z/2016-12-04T03:00Z"/><Direction v="Z02"/><Quantity v="0"/><MeasureUnit v="KW1"/></Period><Period><TimeInterval v="2016-12-04T03:00Z/2016-12-04T04:00Z"/><Direction v="Z02"/><Quantity v="0"/><MeasureUnit v="KW1"/></Period><Period><TimeInterval v="2016-12-04T04:00Z/2016-12-04T05:00Z"/><Direction v="Z02"/><Quantity v="0"/><MeasureUnit v="KW1"/></Period></Category></ConnectionPoint><ConnectionPoint><Identification v="37Z000000006389D" codingScheme="305"/><Type v="Z26"/><Category><CapacityCode v="Z08"/><Period><TimeInterval v="2016-12-03T05:00Z/2016-12-03T06:00Z"/><Direction v="Z03"/><Quantity v="0"/><MeasureUnit v="KW1"/></Period><Period><TimeInterval v="2016-12-03T06:00Z/2016-12-03T07:00Z"/><Direction v="Z03"/><Quantity v="0"/><MeasureUnit v="KW1"/></Period><Period><TimeInterval v="2016-12-03T07:00Z/2016-12-03T08:00Z"/><Direction v="Z03"/><Quantity v="0"/><MeasureUnit v="KW1"/></Period><Period><TimeInterval v="2016-12-03T08:00Z/2016-12-03T09:00Z"/><Direction v="Z03"/><Quantity v="0"/><MeasureUnit v="KW1"/></Period><Period><TimeInterval v="2016-12-03T09:00Z/2016-12-03T10:00Z"/><Direction v="Z03"/><Quantity v="0"/><MeasureUnit v="KW1"/></Period><Period><TimeInterval v="2016-12-03T10:00Z/2016-12-03T11:00Z"/><Direction v="Z03"/><Quantity v="0"/><MeasureUnit v="KW1"/></Period><Period><TimeInterval v="2016-12-03T11:00Z/2016-12-03T12:00Z"/><Direction v="Z03"/><Quantity v="0"/><MeasureUnit v="KW1"/></Period><Period><TimeInterval v="2016-12-03T12:00Z/2016-12-03T13:00Z"/><Direction v="Z03"/><Quantity v="0"/><MeasureUnit v="KW1"/></Period><Period><TimeInterval v="2016-12-03T13:00Z/2016-12-03T14:00Z"/><Direction v="Z03"/><Quantity v="0"/><MeasureUnit v="KW1"/></Period><Period><TimeInterval v="2016-12-03T14:00Z/2016-12-03T15:00Z"/><Direction v="Z03"/><Quantity v="0"/><MeasureUnit v="KW1"/></Period><Period><TimeInterval v="2016-12-03T15:00Z/2016-12-03T16:00Z"/><Direction v="Z03"/><Quantity v="0"/><MeasureUnit v="KW1"/></Period><Period><TimeInterval v="2016-12-03T16:00Z/2016-12-03T17:00Z"/><Direction v="Z03"/><Quantity v="0"/><MeasureUnit v="KW1"/></Period><Period><TimeInterval v="2016-12-03T17:00Z/2016-12-03T18:00Z"/><Direction v="Z03"/><Quantity v="0"/><MeasureUnit v="KW1"/></Period><Period><TimeInterval v="2016-12-03T18:00Z/2016-12-03T19:00Z"/><Direction v="Z03"/><Quantity v="0"/><MeasureUnit v="KW1"/></Period><Period><TimeInterval v="2016-12-03T19:00Z/2016-12-03T20:00Z"/><Direction v="Z03"/><Quantity v="0"/><MeasureUnit v="KW1"/></Period><Period><TimeInterval v="2016-12-03T20:00Z/2016-12-03T21:00Z"/><Direction v="Z03"/><Quantity v="0"/><MeasureUnit v="KW1"/></Period><Period><TimeInterval v="2016-12-03T21:00Z/2016-12-03T22:00Z"/><Direction v="Z03"/><Quantity v="0"/><MeasureUnit v="KW1"/></Period><Period><TimeInterval v="2016-12-03T22:00Z/2016-12-03T23:00Z"/><Direction v="Z03"/><Quantity v="0"/><MeasureUnit v="KW1"/></Period><Period><TimeInterval v="2016-12-03T23:00Z/2016-12-04T00:00Z"/><Direction v="Z03"/><Quantity v="0"/><MeasureUnit v="KW1"/></Period><Period><TimeInterval v="2016-12-04T00:00Z/2016-12-04T01:00Z"/><Direction v="Z03"/><Quantity v="0"/><MeasureUnit v="KW1"/></Period><Period><TimeInterval v="2016-12-04T01:00Z/2016-12-04T02:00Z"/><Direction v="Z03"/><Quantity v="0"/><MeasureUnit v="KW1"/></Period><Period><TimeInterval v="2016-12-04T02:00Z/2016-12-04T03:00Z"/><Direction v="Z03"/><Quantity v="0"/><MeasureUnit v="KW1"/></Period><Period><TimeInterval v="2016-12-04T03:00Z/2016-12-04T04:00Z"/><Direction v="Z03"/><Quantity v="0"/><MeasureUnit v="KW1"/></Period><Period><TimeInterval v="2016-12-04T04:00Z/2016-12-04T05:00Z"/><Direction v="Z03"/><Quantity v="0"/><MeasureUnit v="KW1"/></Period></Category></ConnectionPoint><ConnectionPoint><Identification v="21Z000000000001G" codingScheme="305"/><Type v="Z25"/><Category><CapacityCode v="Z08"/><Period><TimeInterval v="2016-12-03T05:00Z/2016-12-03T06:00Z"/><Direction v="Z03"/><Quantity v="1080007"/><MeasureUnit v="KW1"/></Period><Period><TimeInterval v="2016-12-03T06:00Z/2016-12-03T07:00Z"/><Direction v="Z03"/><Quantity v="1168415"/><MeasureUnit v="KW1"/></Period><Period><TimeInterval v="2016-12-03T07:00Z/2016-12-03T08:00Z"/><Direction v="Z03"/><Quantity v="1441183"/><MeasureUnit v="KW1"/></Period><Period><TimeInterval v="2016-12-03T08:00Z/2016-12-03T09:00Z"/><Direction v="Z03"/><Quantity v="1458296"/><MeasureUnit v="KW1"/></Period><Period><TimeInterval v="2016-12-03T09:00Z/2016-12-03T10:00Z"/><Direction v="Z03"/><Quantity v="1456538"/><MeasureUnit v="KW1"/></Period><Period><TimeInterval v="2016-12-03T10:00Z/2016-12-03T11:00Z"/><Direction v="Z03"/><Quantity v="1428401"/><MeasureUnit v="KW1"/></Period><Period><TimeInterval v="2016-12-03T11:00Z/2016-12-03T12:00Z"/><Direction v="Z03"/><Quantity v="1736485"/><MeasureUnit v="KW1"/></Period><Period><TimeInterval v="2016-12-03T12:00Z/2016-12-03T13:00Z"/><Direction v="Z03"/><Quantity v="1852907"/><MeasureUnit v="KW1"/></Period><Period><TimeInterval v="2016-12-03T13:00Z/2016-12-03T14:00Z"/><Direction v="Z03"/><Quantity v="1809133"/><MeasureUnit v="KW1"/></Period><Period><TimeInterval v="2016-12-03T14:00Z/2016-12-03T15:00Z"/><Direction v="Z03"/><Quantity v="1952844"/><MeasureUnit v="KW1"/></Period><Period><TimeInterval v="2016-12-03T15:00Z/2016-12-03T16:00Z"/><Direction v="Z03"/><Quantity v="2181606"/><MeasureUnit v="KW1"/></Period><Period><TimeInterval v="2016-12-03T16:00Z/2016-12-03T17:00Z"/><Direction v="Z03"/><Quantity v="2248195"/><MeasureUnit v="KW1"/></Period><Period><TimeInterval v="2016-12-03T17:00Z/2016-12-03T18:00Z"/><Direction v="Z03"/><Quantity v="2167644"/><MeasureUnit v="KW1"/></Period><Period><TimeInterval v="2016-12-03T18:00Z/2016-12-03T19:00Z"/><Direction v="Z03"/><Quantity v="2268824"/><MeasureUnit v="KW1"/></Period><Period><TimeInterval v="2016-12-03T19:00Z/2016-12-03T20:00Z"/><Direction v="Z03"/><Quantity v="2361663"/><MeasureUnit v="KW1"/></Period><Period><TimeInterval v="2016-12-03T20:00Z/2016-12-03T21:00Z"/><Direction v="Z03"/><Quantity v="2325935"/><MeasureUnit v="KW1"/></Period><Period><TimeInterval v="2016-12-03T21:00Z/2016-12-03T22:00Z"/><Direction v="Z03"/><Quantity v="2311650"/><MeasureUnit v="KW1"/></Period><Period><TimeInterval v="2016-12-03T22:00Z/2016-12-03T23:00Z"/><Direction v="Z03"/><Quantity v="2324273"/><MeasureUnit v="KW1"/></Period><Period><TimeInterval v="2016-12-03T23:00Z/2016-12-04T00:00Z"/><Direction v="Z03"/><Quantity v="2305413"/><MeasureUnit v="KW1"/></Period><Period><TimeInterval v="2016-12-04T00:00Z/2016-12-04T01:00Z"/><Direction v="Z03"/><Quantity v="1284781"/><MeasureUnit v="KW1"/></Period><Period><TimeInterval v="2016-12-04T01:00Z/2016-12-04T02:00Z"/><Direction v="Z03"/><Quantity v="2371897"/><MeasureUnit v="KW1"/></Period><Period><TimeInterval v="2016-12-04T02:00Z/2016-12-04T03:00Z"/><Direction v="Z03"/><Quantity v="2072099"/><MeasureUnit v="KW1"/></Period><Period><TimeInterval v="2016-12-04T03:00Z/2016-12-04T04:00Z"/><Direction v="Z03"/><Quantity v="2263627"/><MeasureUnit v="KW1"/></Period><Period><TimeInterval v="2016-12-04T04:00Z/2016-12-04T05:00Z"/><Direction v="Z03"/><Quantity v="2424060"/><MeasureUnit v="KW1"/></Period></Category></ConnectionPoint><ConnectionPoint><Identification v="21Z000000000039S" codingScheme="305"/><Type v="Z25"/><Category><CapacityCode v="Z08"/><Period><TimeInterval v="2016-12-03T05:00Z/2016-12-03T06:00Z"/><Direction v="Z03"/><Quantity v="15792114"/><MeasureUnit v="KW1"/></Period><Period><TimeInterval v="2016-12-03T06:00Z/2016-12-03T07:00Z"/><Direction v="Z03"/><Quantity v="15878097"/><MeasureUnit v="KW1"/></Period><Period><TimeInterval v="2016-12-03T07:00Z/2016-12-03T08:00Z"/><Direction v="Z03"/><Quantity v="15959466"/><MeasureUnit v="KW1"/></Period><Period><TimeInterval v="2016-12-03T08:00Z/2016-12-03T09:00Z"/><Direction v="Z03"/><Quantity v="15971899"/><MeasureUnit v="KW1"/></Period><Period><TimeInterval v="2016-12-03T09:00Z/2016-12-03T10:00Z"/><Direction v="Z03"/><Quantity v="15967308"/><MeasureUnit v="KW1"/></Period><Period><TimeInterval v="2016-12-03T10:00Z/2016-12-03T11:00Z"/><Direction v="Z03"/><Quantity v="15967437"/><MeasureUnit v="KW1"/></Period><Period><TimeInterval v="2016-12-03T11:00Z/2016-12-03T12:00Z"/><Direction v="Z03"/><Quantity v="16446136"/><MeasureUnit v="KW1"/></Period><Period><TimeInterval v="2016-12-03T12:00Z/2016-12-03T13:00Z"/><Direction v="Z03"/><Quantity v="17490256"/><MeasureUnit v="KW1"/></Period><Period><TimeInterval v="2016-12-03T13:00Z/2016-12-03T14:00Z"/><Direction v="Z03"/><Quantity v="17538661"/><MeasureUnit v="KW1"/></Period><Period><TimeInterval v="2016-12-03T14:00Z/2016-12-03T15:00Z"/><Direction v="Z03"/><Quantity v="17542099"/><MeasureUnit v="KW1"/></Period><Period><TimeInterval v="2016-12-03T15:00Z/2016-12-03T16:00Z"/><Direction v="Z03"/><Quantity v="17580895"/><MeasureUnit v="KW1"/></Period><Period><TimeInterval v="2016-12-03T16:00Z/2016-12-03T17:00Z"/><Direction v="Z03"/><Quantity v="17728012"/><MeasureUnit v="KW1"/></Period><Period><TimeInterval v="2016-12-03T17:00Z/2016-12-03T18:00Z"/><Direction v="Z03"/><Quantity v="17858459"/><MeasureUnit v="KW1"/></Period><Period><TimeInterval v="2016-12-03T18:00Z/2016-12-03T19:00Z"/><Direction v="Z03"/><Quantity v="17891171"/><MeasureUnit v="KW1"/></Period><Period><TimeInterval v="2016-12-03T19:00Z/2016-12-03T20:00Z"/><Direction v="Z03"/><Quantity v="17909936"/><MeasureUnit v="KW1"/></Period><Period><TimeInterval v="2016-12-03T20:00Z/2016-12-03T21:00Z"/><Direction v="Z03"/><Quantity v="17506823"/><MeasureUnit v="KW1"/></Period><Period><TimeInterval v="2016-12-03T21:00Z/2016-12-03T22:00Z"/><Direction v="Z03"/><Quantity v="17254538"/><MeasureUnit v="KW1"/></Period><Period><TimeInterval v="2016-12-03T22:00Z/2016-12-03T23:00Z"/><Direction v="Z03"/><Quantity v="17240204"/><MeasureUnit v="KW1"/></Period><Period><TimeInterval v="2016-12-03T23:00Z/2016-12-04T00:00Z"/><Direction v="Z03"/><Quantity v="17260506"/><MeasureUnit v="KW1"/></Period><Period><TimeInterval v="2016-12-04T00:00Z/2016-12-04T01:00Z"/><Direction v="Z03"/><Quantity v="17263477"/><MeasureUnit v="KW1"/></Period><Period><TimeInterval v="2016-12-04T01:00Z/2016-12-04T02:00Z"/><Direction v="Z03"/><Quantity v="17268130"/><MeasureUnit v="KW1"/></Period><Period><TimeInterval v="2016-12-04T02:00Z/2016-12-04T03:00Z"/><Direction v="Z03"/><Quantity v="17267524"/><MeasureUnit v="KW1"/></Period><Period><TimeInterval v="2016-12-04T03:00Z/2016-12-04T04:00Z"/><Direction v="Z03"/><Quantity v="17273617"/><MeasureUnit v="KW1"/></Period><Period><TimeInterval v="2016-12-04T04:00Z/2016-12-04T05:00Z"/><Direction v="Z03"/><Quantity v="17298463"/><MeasureUnit v="KW1"/></Period></Category></ConnectionPoint><ConnectionPoint><Identification v="21Z000000000072U" codingScheme="305"/><Type v="Z25"/><Category><CapacityCode v="Z08"/><Period><TimeInterval v="2016-12-03T05:00Z/2016-12-03T06:00Z"/><Direction v="Z02"/><Quantity v="14817567"/><MeasureUnit v="KW1"/></Period><Period><TimeInterval v="2016-12-03T06:00Z/2016-12-03T07:00Z"/><Direction v="Z02"/><Quantity v="15097194"/><MeasureUnit v="KW1"/></Period><Period><TimeInterval v="2016-12-03T07:00Z/2016-12-03T08:00Z"/><Direction v="Z02"/><Quantity v="15145008"/><MeasureUnit v="KW1"/></Period><Period><TimeInterval v="2016-12-03T08:00Z/2016-12-03T09:00Z"/><Direction v="Z02"/><Quantity v="14492525"/><MeasureUnit v="KW1"/></Period><Period><TimeInterval v="2016-12-03T09:00Z/2016-12-03T10:00Z"/><Direction v="Z02"/><Quantity v="13690080"/><MeasureUnit v="KW1"/></Period><Period><TimeInterval v="2016-12-03T10:00Z/2016-12-03T11:00Z"/><Direction v="Z02"/><Quantity v="13568200"/><MeasureUnit v="KW1"/></Period><Period><TimeInterval v="2016-12-03T11:00Z/2016-12-03T12:00Z"/><Direction v="Z02"/><Quantity v="13571132"/><MeasureUnit v="KW1"/></Period><Period><TimeInterval v="2016-12-03T12:00Z/2016-12-03T13:00Z"/><Direction v="Z02"/><Quantity v="14171191"/><MeasureUnit v="KW1"/></Period><Period><TimeInterval v="2016-12-03T13:00Z/2016-12-03T14:00Z"/><Direction v="Z02"/><Quantity v="14427841"/><MeasureUnit v="KW1"/></Period><Period><TimeInterval v="2016-12-03T14:00Z/2016-12-03T15:00Z"/><Direction v="Z02"/><Quantity v="14476372"/><MeasureUnit v="KW1"/></Period><Period><TimeInterval v="2016-12-03T15:00Z/2016-12-03T16:00Z"/><Direction v="Z02"/><Quantity v="14688156"/><MeasureUnit v="KW1"/></Period><Period><TimeInterval v="2016-12-03T16:00Z/2016-12-03T17:00Z"/><Direction v="Z02"/><Quantity v="15638892"/><MeasureUnit v="KW1"/></Period><Period><TimeInterval v="2016-12-03T17:00Z/2016-12-03T18:00Z"/><Direction v="Z02"/><Quantity v="16913027"/><MeasureUnit v="KW1"/></Period><Period><TimeInterval v="2016-12-03T18:00Z/2016-12-03T19:00Z"/><Direction v="Z02"/><Quantity v="16767351"/><MeasureUnit v="KW1"/></Period><Period><TimeInterval v="2016-12-03T19:00Z/2016-12-03T20:00Z"/><Direction v="Z02"/><Quantity v="16053534"/><MeasureUnit v="KW1"/></Period><Period><TimeInterval v="2016-12-03T20:00Z/2016-12-03T21:00Z"/><Direction v="Z02"/><Quantity v="15707016"/><MeasureUnit v="KW1"/></Period><Period><TimeInterval v="2016-12-03T21:00Z/2016-12-03T22:00Z"/><Direction v="Z02"/><Quantity v="14514524"/><MeasureUnit v="KW1"/></Period><Period><TimeInterval v="2016-12-03T22:00Z/2016-12-03T23:00Z"/><Direction v="Z02"/><Quantity v="13277497"/><MeasureUnit v="KW1"/></Period><Period><TimeInterval v="2016-12-03T23:00Z/2016-12-04T00:00Z"/><Direction v="Z02"/><Quantity v="12377771"/><MeasureUnit v="KW1"/></Period><Period><TimeInterval v="2016-12-04T00:00Z/2016-12-04T01:00Z"/><Direction v="Z02"/><Quantity v="12745120"/><MeasureUnit v="KW1"/></Period><Period><TimeInterval v="2016-12-04T01:00Z/2016-12-04T02:00Z"/><Direction v="Z02"/><Quantity v="12414190"/><MeasureUnit v="KW1"/></Period><Period><TimeInterval v="2016-12-04T02:00Z/2016-12-04T03:00Z"/><Direction v="Z02"/><Quantity v="12362790"/><MeasureUnit v="KW1"/></Period><Period><TimeInterval v="2016-12-04T03:00Z/2016-12-04T04:00Z"/><Direction v="Z02"/><Quantity v="12370818"/><MeasureUnit v="KW1"/></Period><Period><TimeInterval v="2016-12-04T04:00Z/2016-12-04T05:00Z"/><Direction v="Z02"/><Quantity v="13425806"/><MeasureUnit v="KW1"/></Period></Category></ConnectionPoint><ConnectionPoint><Identification v="37Z000000001078I" codingScheme="305"/><Type v="Z26"/><Category><CapacityCode v="Z08"/><Period><TimeInterval v="2016-12-03T05:00Z/2016-12-03T06:00Z"/><Direction v="Z02"/><Quantity v="2775000"/><MeasureUnit v="KW1"/></Period><Period><TimeInterval v="2016-12-03T06:00Z/2016-12-03T07:00Z"/><Direction v="Z02"/><Quantity v="2775000"/><MeasureUnit v="KW1"/></Period><Period><TimeInterval v="2016-12-03T07:00Z/2016-12-03T08:00Z"/><Direction v="Z02"/><Quantity v="2775000"/><MeasureUnit v="KW1"/></Period><Period><TimeInterval v="2016-12-03T08:00Z/2016-12-03T09:00Z"/><Direction v="Z02"/><Quantity v="2775000"/><MeasureUnit v="KW1"/></Period><Period><TimeInterval v="2016-12-03T09:00Z/2016-12-03T10:00Z"/><Direction v="Z02"/><Quantity v="2775000"/><MeasureUnit v="KW1"/></Period><Period><TimeInterval v="2016-12-03T10:00Z/2016-12-03T11:00Z"/><Direction v="Z02"/><Quantity v="2775000"/><MeasureUnit v="KW1"/></Period><Period><TimeInterval v="2016-12-03T11:00Z/2016-12-03T12:00Z"/><Direction v="Z02"/><Quantity v="2775000"/><MeasureUnit v="KW1"/></Period><Period><TimeInterval v="2016-12-03T12:00Z/2016-12-03T13:00Z"/><Direction v="Z02"/><Quantity v="2775000"/><MeasureUnit v="KW1"/></Period><Period><TimeInterval v="2016-12-03T13:00Z/2016-12-03T14:00Z"/><Direction v="Z02"/><Quantity v="2775000"/><MeasureUnit v="KW1"/></Period><Period><TimeInterval v="2016-12-03T14:00Z/2016-12-03T15:00Z"/><Direction v="Z02"/><Quantity v="2775000"/><MeasureUnit v="KW1"/></Period><Period><TimeInterval v="2016-12-03T15:00Z/2016-12-03T16:00Z"/><Direction v="Z02"/><Quantity v="2775000"/><MeasureUnit v="KW1"/></Period><Period><TimeInterval v="2016-12-03T16:00Z/2016-12-03T17:00Z"/><Direction v="Z02"/><Quantity v="2775000"/><MeasureUnit v="KW1"/></Period><Period><TimeInterval v="2016-12-03T17:00Z/2016-12-03T18:00Z"/><Direction v="Z02"/><Quantity v="2775000"/><MeasureUnit v="KW1"/></Period><Period><TimeInterval v="2016-12-03T18:00Z/2016-12-03T19:00Z"/><Direction v="Z02"/><Quantity v="2775000"/><MeasureUnit v="KW1"/></Period><Period><TimeInterval v="2016-12-03T19:00Z/2016-12-03T20:00Z"/><Direction v="Z02"/><Quantity v="2775000"/><MeasureUnit v="KW1"/></Period><Period><TimeInterval v="2016-12-03T20:00Z/2016-12-03T21:00Z"/><Direction v="Z02"/><Quantity v="2775000"/><MeasureUnit v="KW1"/></Period><Period><TimeInterval v="2016-12-03T21:00Z/2016-12-03T22:00Z"/><Direction v="Z02"/><Quantity v="2775000"/><MeasureUnit v="KW1"/></Period><Period><TimeInterval v="2016-12-03T22:00Z/2016-12-03T23:00Z"/><Direction v="Z02"/><Quantity v="2775000"/><MeasureUnit v="KW1"/></Period><Period><TimeInterval v="2016-12-03T23:00Z/2016-12-04T00:00Z"/><Direction v="Z02"/><Quantity v="2775000"/><MeasureUnit v="KW1"/></Period><Period><TimeInterval v="2016-12-04T00:00Z/2016-12-04T01:00Z"/><Direction v="Z02"/><Quantity v="2775000"/><MeasureUnit v="KW1"/></Period><Period><TimeInterval v="2016-12-04T01:00Z/2016-12-04T02:00Z"/><Direction v="Z02"/><Quantity v="2775000"/><MeasureUnit v="KW1"/></Period><Period><TimeInterval v="2016-12-04T02:00Z/2016-12-04T03:00Z"/><Direction v="Z02"/><Quantity v="2775000"/><MeasureUnit v="KW1"/></Period><Period><TimeInterval v="2016-12-04T03:00Z/2016-12-04T04:00Z"/><Direction v="Z02"/><Quantity v="2775000"/><MeasureUnit v="KW1"/></Period><Period><TimeInterval v="2016-12-04T04:00Z/2016-12-04T05:00Z"/><Direction v="Z02"/><Quantity v="2775000"/><MeasureUnit v="KW1"/></Period></Category></ConnectionPoint><ConnectionPoint><Identification v="37Z000000006390S" codingScheme="305"/><Type v="Z26"/><Category><CapacityCode v="Z08"/><Period><TimeInterval v="2016-12-03T05:00Z/2016-12-03T06:00Z"/><Direction v="Z02"/><Quantity v="0"/><MeasureUnit v="KW1"/></Period><Period><TimeInterval v="2016-12-03T06:00Z/2016-12-03T07:00Z"/><Direction v="Z02"/><Quantity v="0"/><MeasureUnit v="KW1"/></Period><Period><TimeInterval v="2016-12-03T07:00Z/2016-12-03T08:00Z"/><Direction v="Z02"/><Quantity v="0"/><MeasureUnit v="KW1"/></Period><Period><TimeInterval v="2016-12-03T08:00Z/2016-12-03T09:00Z"/><Direction v="Z02"/><Quantity v="0"/><MeasureUnit v="KW1"/></Period><Period><TimeInterval v="2016-12-03T09:00Z/2016-12-03T10:00Z"/><Direction v="Z02"/><Quantity v="0"/><MeasureUnit v="KW1"/></Period><Period><TimeInterval v="2016-12-03T10:00Z/2016-12-03T11:00Z"/><Direction v="Z02"/><Quantity v="0"/><MeasureUnit v="KW1"/></Period><Period><TimeInterval v="2016-12-03T11:00Z/2016-12-03T12:00Z"/><Direction v="Z02"/><Quantity v="0"/><MeasureUnit v="KW1"/></Period><Period><TimeInterval v="2016-12-03T12:00Z/2016-12-03T13:00Z"/><Direction v="Z02"/><Quantity v="0"/><MeasureUnit v="KW1"/></Period><Period><TimeInterval v="2016-12-03T13:00Z/2016-12-03T14:00Z"/><Direction v="Z02"/><Quantity v="0"/><MeasureUnit v="KW1"/></Period><Period><TimeInterval v="2016-12-03T14:00Z/2016-12-03T15:00Z"/><Direction v="Z02"/><Quantity v="0"/><MeasureUnit v="KW1"/></Period><Period><TimeInterval v="2016-12-03T15:00Z/2016-12-03T16:00Z"/><Direction v="Z02"/><Quantity v="0"/><MeasureUnit v="KW1"/></Period><Period><TimeInterval v="2016-12-03T16:00Z/2016-12-03T17:00Z"/><Direction v="Z02"/><Quantity v="0"/><MeasureUnit v="KW1"/></Period><Period><TimeInterval v="2016-12-03T17:00Z/2016-12-03T18:00Z"/><Direction v="Z02"/><Quantity v="0"/><MeasureUnit v="KW1"/></Period><Period><TimeInterval v="2016-12-03T18:00Z/2016-12-03T19:00Z"/><Direction v="Z02"/><Quantity v="0"/><MeasureUnit v="KW1"/></Period><Period><TimeInterval v="2016-12-03T19:00Z/2016-12-03T20:00Z"/><Direction v="Z02"/><Quantity v="0"/><MeasureUnit v="KW1"/></Period><Period><TimeInterval v="2016-12-03T20:00Z/2016-12-03T21:00Z"/><Direction v="Z02"/><Quantity v="0"/><MeasureUnit v="KW1"/></Period><Period><TimeInterval v="2016-12-03T21:00Z/2016-12-03T22:00Z"/><Direction v="Z02"/><Quantity v="0"/><MeasureUnit v="KW1"/></Period><Period><TimeInterval v="2016-12-03T22:00Z/2016-12-03T23:00Z"/><Direction v="Z02"/><Quantity v="0"/><MeasureUnit v="KW1"/></Period><Period><TimeInterval v="2016-12-03T23:00Z/2016-12-04T00:00Z"/><Direction v="Z02"/><Quantity v="0"/><MeasureUnit v="KW1"/></Period><Period><TimeInterval v="2016-12-04T00:00Z/2016-12-04T01:00Z"/><Direction v="Z02"/><Quantity v="0"/><MeasureUnit v="KW1"/></Period><Period><TimeInterval v="2016-12-04T01:00Z/2016-12-04T02:00Z"/><Direction v="Z02"/><Quantity v="0"/><MeasureUnit v="KW1"/></Period><Period><TimeInterval v="2016-12-04T02:00Z/2016-12-04T03:00Z"/><Direction v="Z02"/><Quantity v="0"/><MeasureUnit v="KW1"/></Period><Period><TimeInterval v="2016-12-04T03:00Z/2016-12-04T04:00Z"/><Direction v="Z02"/><Quantity v="0"/><MeasureUnit v="KW1"/></Period><Period><TimeInterval v="2016-12-04T04:00Z/2016-12-04T05:00Z"/><Direction v="Z02"/><Quantity v="0"/><MeasureUnit v="KW1"/></Period></Category></ConnectionPoint><ConnectionPoint><Identification v="37Y000000000288Q" codingScheme="305"/><Type v="Z26"/><Category><CapacityCode v="Z08"/><Period><TimeInterval v="2016-12-03T05:00Z/2016-12-03T06:00Z"/><Direction v="Z02"/><Quantity v="1428112"/><MeasureUnit v="KW1"/></Period><Period><TimeInterval v="2016-12-03T06:00Z/2016-12-03T07:00Z"/><Direction v="Z02"/><Quantity v="1479150"/><MeasureUnit v="KW1"/></Period><Period><TimeInterval v="2016-12-03T07:00Z/2016-12-03T08:00Z"/><Direction v="Z02"/><Quantity v="1574720"/><MeasureUnit v="KW1"/></Period><Period><TimeInterval v="2016-12-03T08:00Z/2016-12-03T09:00Z"/><Direction v="Z02"/><Quantity v="1668583"/><MeasureUnit v="KW1"/></Period><Period><TimeInterval v="2016-12-03T09:00Z/2016-12-03T10:00Z"/><Direction v="Z02"/><Quantity v="1597259"/><MeasureUnit v="KW1"/></Period><Period><TimeInterval v="2016-12-03T10:00Z/2016-12-03T11:00Z"/><Direction v="Z02"/><Quantity v="1476462"/><MeasureUnit v="KW1"/></Period><Period><TimeInterval v="2016-12-03T11:00Z/2016-12-03T12:00Z"/><Direction v="Z02"/><Quantity v="1263734"/><MeasureUnit v="KW1"/></Period><Period><TimeInterval v="2016-12-03T12:00Z/2016-12-03T13:00Z"/><Direction v="Z02"/><Quantity v="1220154"/><MeasureUnit v="KW1"/></Period><Period><TimeInterval v="2016-12-03T13:00Z/2016-12-03T14:00Z"/><Direction v="Z02"/><Quantity v="1270162"/><MeasureUnit v="KW1"/></Period><Period><TimeInterval v="2016-12-03T14:00Z/2016-12-03T15:00Z"/><Direction v="Z02"/><Quantity v="1262442"/><MeasureUnit v="KW1"/></Period><Period><TimeInterval v="2016-12-03T15:00Z/2016-12-03T16:00Z"/><Direction v="Z02"/><Quantity v="1309542"/><MeasureUnit v="KW1"/></Period><Period><TimeInterval v="2016-12-03T16:00Z/2016-12-03T17:00Z"/><Direction v="Z02"/><Quantity v="1506550"/><MeasureUnit v="KW1"/></Period><Period><TimeInterval v="2016-12-03T17:00Z/2016-12-03T18:00Z"/><Direction v="Z02"/><Quantity v="1489243"/><MeasureUnit v="KW1"/></Period><Period><TimeInterval v="2016-12-03T18:00Z/2016-12-03T19:00Z"/><Direction v="Z02"/><Quantity v="1363799"/><MeasureUnit v="KW1"/></Period><Period><TimeInterval v="2016-12-03T19:00Z/2016-12-03T20:00Z"/><Direction v="Z02"/><Quantity v="1281378"/><MeasureUnit v="KW1"/></Period><Period><TimeInterval v="2016-12-03T20:00Z/2016-12-03T21:00Z"/><Direction v="Z02"/><Quantity v="1154600"/><MeasureUnit v="KW1"/></Period><Period><TimeInterval v="2016-12-03T21:00Z/2016-12-03T22:00Z"/><Direction v="Z02"/><Quantity v="1111785"/><MeasureUnit v="KW1"/></Period><Period><TimeInterval v="2016-12-03T22:00Z/2016-12-03T23:00Z"/><Direction v="Z02"/><Quantity v="1112792"/><MeasureUnit v="KW1"/></Period><Period><TimeInterval v="2016-12-03T23:00Z/2016-12-04T00:00Z"/><Direction v="Z02"/><Quantity v="1073152"/><MeasureUnit v="KW1"/></Period><Period><TimeInterval v="2016-12-04T00:00Z/2016-12-04T01:00Z"/><Direction v="Z02"/><Quantity v="1071296"/><MeasureUnit v="KW1"/></Period><Period><TimeInterval v="2016-12-04T01:00Z/2016-12-04T02:00Z"/><Direction v="Z02"/><Quantity v="1088732"/><MeasureUnit v="KW1"/></Period><Period><TimeInterval v="2016-12-04T02:00Z/2016-12-04T03:00Z"/><Direction v="Z02"/><Quantity v="1149254"/><MeasureUnit v="KW1"/></Period><Period><TimeInterval v="2016-12-04T03:00Z/2016-12-04T04:00Z"/><Direction v="Z02"/><Quantity v="1195000"/><MeasureUnit v="KW1"/></Period><Period><TimeInterval v="2016-12-04T04:00Z/2016-12-04T05:00Z"/><Direction v="Z02"/><Quantity v="1308568"/><MeasureUnit v="KW1"/></Period></Category></ConnectionPoint><ConnectionPoint><Identification v="37Y000000000385S" codingScheme="305"/><Type v="Z26"/><Category><CapacityCode v="Z08"/><Period><TimeInterval v="2016-12-03T05:00Z/2016-12-03T06:00Z"/><Direction v="Z02"/><Quantity v="491614"/><MeasureUnit v="KW1"/></Period><Period><TimeInterval v="2016-12-03T06:00Z/2016-12-03T07:00Z"/><Direction v="Z02"/><Quantity v="492669"/><MeasureUnit v="KW1"/></Period><Period><TimeInterval v="2016-12-03T07:00Z/2016-12-03T08:00Z"/><Direction v="Z02"/><Quantity v="492491"/><MeasureUnit v="KW1"/></Period><Period><TimeInterval v="2016-12-03T08:00Z/2016-12-03T09:00Z"/><Direction v="Z02"/><Quantity v="492746"/><MeasureUnit v="KW1"/></Period><Period><TimeInterval v="2016-12-03T09:00Z/2016-12-03T10:00Z"/><Direction v="Z02"/><Quantity v="492582"/><MeasureUnit v="KW1"/></Period><Period><TimeInterval v="2016-12-03T10:00Z/2016-12-03T11:00Z"/><Direction v="Z02"/><Quantity v="492613"/><MeasureUnit v="KW1"/></Period><Period><TimeInterval v="2016-12-03T11:00Z/2016-12-03T12:00Z"/><Direction v="Z02"/><Quantity v="1964777"/><MeasureUnit v="KW1"/></Period><Period><TimeInterval v="2016-12-03T12:00Z/2016-12-03T13:00Z"/><Direction v="Z02"/><Quantity v="2031085"/><MeasureUnit v="KW1"/></Period><Period><TimeInterval v="2016-12-03T13:00Z/2016-12-03T14:00Z"/><Direction v="Z02"/><Quantity v="1993958"/><MeasureUnit v="KW1"/></Period><Period><TimeInterval v="2016-12-03T14:00Z/2016-12-03T15:00Z"/><Direction v="Z02"/><Quantity v="1993891"/><MeasureUnit v="KW1"/></Period><Period><TimeInterval v="2016-12-03T15:00Z/2016-12-03T16:00Z"/><Direction v="Z02"/><Quantity v="1992975"/><MeasureUnit v="KW1"/></Period><Period><TimeInterval v="2016-12-03T16:00Z/2016-12-03T17:00Z"/><Direction v="Z02"/><Quantity v="1993248"/><MeasureUnit v="KW1"/></Period><Period><TimeInterval v="2016-12-03T17:00Z/2016-12-03T18:00Z"/><Direction v="Z02"/><Quantity v="1993591"/><MeasureUnit v="KW1"/></Period><Period><TimeInterval v="2016-12-03T18:00Z/2016-12-03T19:00Z"/><Direction v="Z02"/><Quantity v="1993360"/><MeasureUnit v="KW1"/></Period><Period><TimeInterval v="2016-12-03T19:00Z/2016-12-03T20:00Z"/><Direction v="Z02"/><Quantity v="1990000"/><MeasureUnit v="KW1"/></Period><Period><TimeInterval v="2016-12-03T20:00Z/2016-12-03T21:00Z"/><Direction v="Z02"/><Quantity v="1993319"/><MeasureUnit v="KW1"/></Period><Period><TimeInterval v="2016-12-03T21:00Z/2016-12-03T22:00Z"/><Direction v="Z02"/><Quantity v="1990220"/><MeasureUnit v="KW1"/></Period><Period><TimeInterval v="2016-12-03T22:00Z/2016-12-03T23:00Z"/><Direction v="Z02"/><Quantity v="1989933"/><MeasureUnit v="KW1"/></Period><Period><TimeInterval v="2016-12-03T23:00Z/2016-12-04T00:00Z"/><Direction v="Z02"/><Quantity v="1994209"/><MeasureUnit v="KW1"/></Period><Period><TimeInterval v="2016-12-04T00:00Z/2016-12-04T01:00Z"/><Direction v="Z02"/><Quantity v="1994181"/><MeasureUnit v="KW1"/></Period><Period><TimeInterval v="2016-12-04T01:00Z/2016-12-04T02:00Z"/><Direction v="Z02"/><Quantity v="1903959"/><MeasureUnit v="KW1"/></Period><Period><TimeInterval v="2016-12-04T02:00Z/2016-12-04T03:00Z"/><Direction v="Z02"/><Quantity v="1987874"/><MeasureUnit v="KW1"/></Period><Period><TimeInterval v="2016-12-04T03:00Z/2016-12-04T04:00Z"/><Direction v="Z02"/><Quantity v="1967894"/><MeasureUnit v="KW1"/></Period><Period><TimeInterval v="2016-12-04T04:00Z/2016-12-04T05:00Z"/><Direction v="Z02"/><Quantity v="1814118"/><MeasureUnit v="KW1"/></Period></Category></ConnectionPoint><ConnectionPoint><Identification v="21Z000000000343P" codingScheme="305"/><Type v="Z31"/><Category><CapacityCode v="Z08"/><Period><TimeInterval v="2016-12-03T05:00Z/2016-12-03T06:00Z"/><Direction v="Z03"/><Quantity v="28640753"/><MeasureUnit v="KW1"/></Period><Period><TimeInterval v="2016-12-03T06:00Z/2016-12-03T07:00Z"/><Direction v="Z03"/><Quantity v="29702394"/><MeasureUnit v="KW1"/></Period><Period><TimeInterval v="2016-12-03T07:00Z/2016-12-03T08:00Z"/><Direction v="Z03"/><Quantity v="28490876"/><MeasureUnit v="KW1"/></Period><Period><TimeInterval v="2016-12-03T08:00Z/2016-12-03T09:00Z"/><Direction v="Z03"/><Quantity v="30822365"/><MeasureUnit v="KW1"/></Period><Period><TimeInterval v="2016-12-03T09:00Z/2016-12-03T10:00Z"/><Direction v="Z03"/><Quantity v="33390618"/><MeasureUnit v="KW1"/></Period><Period><TimeInterval v="2016-12-03T10:00Z/2016-12-03T11:00Z"/><Direction v="Z03"/><Quantity v="33056867"/><MeasureUnit v="KW1"/></Period><Period><TimeInterval v="2016-12-03T11:00Z/2016-12-03T12:00Z"/><Direction v="Z03"/><Quantity v="33977584"/><MeasureUnit v="KW1"/></Period><Period><TimeInterval v="2016-12-03T12:00Z/2016-12-03T13:00Z"/><Direction v="Z03"/><Quantity v="37278908"/><MeasureUnit v="KW1"/></Period><Period><TimeInterval v="2016-12-03T13:00Z/2016-12-03T14:00Z"/><Direction v="Z03"/><Quantity v="35935490"/><MeasureUnit v="KW1"/></Period><Period><TimeInterval v="2016-12-03T14:00Z/2016-12-03T15:00Z"/><Direction v="Z03"/><Quantity v="38949142"/><MeasureUnit v="KW1"/></Period><Period><TimeInterval v="2016-12-03T15:00Z/2016-12-03T16:00Z"/><Direction v="Z03"/><Quantity v="34843779"/><MeasureUnit v="KW1"/></Period><Period><TimeInterval v="2016-12-03T16:00Z/2016-12-03T17:00Z"/><Direction v="Z03"/><Quantity v="31939833"/><MeasureUnit v="KW1"/></Period><Period><TimeInterval v="2016-12-03T17:00Z/2016-12-03T18:00Z"/><Direction v="Z03"/><Quantity v="32424582"/><MeasureUnit v="KW1"/></Period><Period><TimeInterval v="2016-12-03T18:00Z/2016-12-03T19:00Z"/><Direction v="Z03"/><Quantity v="26381069"/><MeasureUnit v="KW1"/></Period><Period><TimeInterval v="2016-12-03T19:00Z/2016-12-03T20:00Z"/><Direction v="Z03"/><Quantity v="26480299"/><MeasureUnit v="KW1"/></Period><Period><TimeInterval v="2016-12-03T20:00Z/2016-12-03T21:00Z"/><Direction v="Z03"/><Quantity v="26414068"/><MeasureUnit v="KW1"/></Period><Period><TimeInterval v="2016-12-03T21:00Z/2016-12-03T22:00Z"/><Direction v="Z03"/><Quantity v="27797265"/><MeasureUnit v="KW1"/></Period><Period><TimeInterval v="2016-12-03T22:00Z/2016-12-03T23:00Z"/><Direction v="Z03"/><Quantity v="26551673"/><MeasureUnit v="KW1"/></Period><Period><TimeInterval v="2016-12-03T23:00Z/2016-12-04T00:00Z"/><Direction v="Z03"/><Quantity v="31661775"/><MeasureUnit v="KW1"/></Period><Period><TimeInterval v="2016-12-04T00:00Z/2016-12-04T01:00Z"/><Direction v="Z03"/><Quantity v="31772376"/><MeasureUnit v="KW1"/></Period><Period><TimeInterval v="2016-12-04T01:00Z/2016-12-04T02:00Z"/><Direction v="Z03"/><Quantity v="29077401"/><MeasureUnit v="KW1"/></Period><Period><TimeInterval v="2016-12-04T02:00Z/2016-12-04T03:00Z"/><Direction v="Z03"/><Quantity v="29236912"/><MeasureUnit v="KW1"/></Period><Period><TimeInterval v="2016-12-04T03:00Z/2016-12-04T04:00Z"/><Direction v="Z03"/><Quantity v="29520749"/><MeasureUnit v="KW1"/></Period><Period><TimeInterval v="2016-12-04T04:00Z/2016-12-04T05:00Z"/><Direction v="Z03"/><Quantity v="28973653"/><MeasureUnit v="KW1"/></Period></Category></ConnectionPoint></TransparencyPublication>