<?xml version="1.0" encoding="UTF-8"?><TransparencyPublication Version="EGAS50" Release="A"><Identification v="TRANPB20170102A103890"/><Version v="1"/><Type v="AL4"/><CreationDateTime v="2017-01-02T07:10:03.115Z"/><ValidityPeriod v="2016-12-06T05:00Z/2016-12-07T05:00Z"/><IssuerIdentification v="21X-DE-C-A0A0A-T" codingScheme="305"/><IssuerRole v="ZSO"/><RecipientIdentification v="10X1001A1001A353" codingScheme="305"/><RecipientRole v="ZUA"/><ConnectionPoint><Identification v="37Z000000006231B" codingScheme="305"/><Type v="Z26"/><Category><CapacityCode v="Z12"/><Period><TimeInterval v="2016-12-06T05:00Z/2016-12-06T06:00Z"/><Direction v="Z02"/><Quantity v="262400"/><MeasureUnit v="KW1"/></Period><Period><TimeInterval v="2016-12-06T06:00Z/2016-12-06T07:00Z"/><Direction v="Z02"/><Quantity v="384400"/><MeasureUnit v="KW1"/></Period><Period><TimeInterval v="2016-12-06T07:00Z/2016-12-06T08:00Z"/><Direction v="Z02"/><Quantity v="384400"/><MeasureUnit v="KW1"/></Period><Period><TimeInterval v="2016-12-06T08:00Z/2016-12-06T09:00Z"/><Direction v="Z02"/><Quantity v="384400"/><MeasureUnit v="KW1"/></Period><Period><TimeInterval v="2016-12-06T09:00Z/2016-12-06T10:00Z"/><Direction v="Z02"/><Quantity v="384400"/><MeasureUnit v="KW1"/></Period><Period><TimeInterval v="2016-12-06T10:00Z/2016-12-06T11:00Z"/><Direction v="Z02"/><Quantity v="384400"/><MeasureUnit v="KW1"/></Period><Period><TimeInterval v="2016-12-06T11:00Z/2016-12-06T12:00Z"/><Direction v="Z02"/><Quantity v="484400"/><MeasureUnit v="KW1"/></Period><Period><TimeInterval v="2016-12-06T12:00Z/2016-12-06T13:00Z"/><Direction v="Z02"/><Quantity v="484400"/><MeasureUnit v="KW1"/></Period><Period><TimeInterval v="2016-12-06T13:00Z/2016-12-06T14:00Z"/><Direction v="Z02"/><Quantity v="484400"/><MeasureUnit v="KW1"/></Period><Period><TimeInterval v="2016-12-06T14:00Z/2016-12-06T15:00Z"/><Direction v="Z02"/><Quantity v="484400"/><MeasureUnit v="KW1"/></Period><Period><TimeInterval v="2016-12-06T15:00Z/2016-12-06T16:00Z"/><Direction v="Z02"/><Quantity v="484400"/><MeasureUnit v="KW1"/></Period><Period><TimeInterval v="2016-12-06T16:00Z/2016-12-06T17:00Z"/><Direction v="Z02"/><Quantity v="484400"/><MeasureUnit v="KW1"/></Period><Period><TimeInterval v="2016-12-06T17:00Z/2016-12-06T18:00Z"/><Direction v="Z02"/><Quantity v="484400"/><MeasureUnit v="KW1"/></Period><Period><TimeInterval v="2016-12-06T18:00Z/2016-12-06T19:00Z"/><Direction v="Z02"/><Quantity v="484400"/><MeasureUnit v="KW1"/></Period><Period><TimeInterval v="2016-12-06T19:00Z/2016-12-06T20:00Z"/><Direction v="Z02"/><Quantity v="484400"/><MeasureUnit v="KW1"/></Period><Period><TimeInterval v="2016-12-06T20:00Z/2016-12-06T21:00Z"/><Direction v="Z02"/><Quantity v="484400"/><MeasureUnit v="KW1"/></Period><Period><TimeInterval v="2016-12-06T21:00Z/2016-12-06T22:00Z"/><Direction v="Z02"/><Quantity v="484400"/><MeasureUnit v="KW1"/></Period><Period><TimeInterval v="2016-12-06T22:00Z/2016-12-06T23:00Z"/><Direction v="Z02"/><Quantity v="484400"/><MeasureUnit v="KW1"/></Period><Period><TimeInterval v="2016-12-06T23:00Z/2016-12-07T00:00Z"/><Direction v="Z02"/><Quantity v="484400"/><MeasureUnit v="KW1"/></Period><Period><TimeInterval v="2016-12-07T00:00Z/2016-12-07T01:00Z"/><Direction v="Z02"/><Quantity v="484400"/><MeasureUnit v="KW1"/></Period><Period><TimeInterval v="2016-12-07T01:00Z/2016-12-07T02:00Z"/><Direction v="Z02"/><Quantity v="484400"/><MeasureUnit v="KW1"/></Period><Period><TimeInterval v="2016-12-07T02:00Z/2016-12-07T03:00Z"/><Direction v="Z02"/><Quantity v="484400"/><MeasureUnit v="KW1"/></Period><Period><TimeInterval v="2016-12-07T03:00Z/2016-12-07T04:00Z"/><Direction v="Z02"/><Quantity v="484400"/><MeasureUnit v="KW1"/></Period><Period><TimeInterval v="2016-12-07T04:00Z/2016-12-07T05:00Z"/><Direction v="Z02"/><Quantity v="484400"/><MeasureUnit v="KW1"/></Period></Category><Category><CapacityCode v="Z14"/><Period><TimeInterval v="2016-12-06T05:00Z/2016-12-06T06:00Z"/><Direction v="Z02"/><Quantity v="49400"/><MeasureUnit v="KW1"/></Period><Period><TimeInterval v="2016-12-06T06:00Z/2016-12-06T07:00Z"/><Direction v="Z02"/><Quantity v="49400"/><MeasureUnit v="KW1"/></Period><Period><TimeInterval v="2016-12-06T07:00Z/2016-12-06T08:00Z"/><Direction v="Z02"/><Quantity v="49400"/><MeasureUnit v="KW1"/></Period><Period><TimeInterval v="2016-12-06T08:00Z/2016-12-06T09:00Z"/><Direction v="Z02"/><Quantity v="49400"/><MeasureUnit v="KW1"/></Period><Period><TimeInterval v="2016-12-06T09:00Z/2016-12-06T10:00Z"/><Direction v="Z02"/><Quantity v="49400"/><MeasureUnit v="KW1"/></Period><Period><TimeInterval v="2016-12-06T10:00Z/2016-12-06T11:00Z"/><Direction v="Z02"/><Quantity v="49400"/><MeasureUnit v="KW1"/></Period><Period><TimeInterval v="2016-12-06T11:00Z/2016-12-06T12:00Z"/><Direction v="Z02"/><Quantity v="49400"/><MeasureUnit v="KW1"/></Period><Period><TimeInterval v="2016-12-06T12:00Z/2016-12-06T13:00Z"/><Direction v="Z02"/><Quantity v="49400"/><MeasureUnit v="KW1"/></Period><Period><TimeInterval v="2016-12-06T13:00Z/2016-12-06T14:00Z"/><Direction v="Z02"/><Quantity v="49400"/><MeasureUnit v="KW1"/></Period><Period><TimeInterval v="2016-12-06T14:00Z/2016-12-06T15:00Z"/><Direction v="Z02"/><Quantity v="49400"/><MeasureUnit v="KW1"/></Period><Period><TimeInterval v="2016-12-06T15:00Z/2016-12-06T16:00Z"/><Direction v="Z02"/><Quantity v="49400"/><MeasureUnit v="KW1"/></Period><Period><TimeInterval v="2016-12-06T16:00Z/2016-12-06T17:00Z"/><Direction v="Z02"/><Quantity v="49400"/><MeasureUnit v="KW1"/></Period><Period><TimeInterval v="2016-12-06T17:00Z/2016-12-06T18:00Z"/><Direction v="Z02"/><Quantity v="49400"/><MeasureUnit v="KW1"/></Period><Period><TimeInterval v="2016-12-06T18:00Z/2016-12-06T19:00Z"/><Direction v="Z02"/><Quantity v="49400"/><MeasureUnit v="KW1"/></Period><Period><TimeInterval v="2016-12-06T19:00Z/2016-12-06T20:00Z"/><Direction v="Z02"/><Quantity v="49400"/><MeasureUnit v="KW1"/></Period><Period><TimeInterval v="2016-12-06T20:00Z/2016-12-06T21:00Z"/><Direction v="Z02"/><Quantity v="49400"/><MeasureUnit v="KW1"/></Period><Period><TimeInterval v="2016-12-06T21:00Z/2016-12-06T22:00Z"/><Direction v="Z02"/><Quantity v="49400"/><MeasureUnit v="KW1"/></Period><Period><TimeInterval v="2016-12-06T22:00Z/2016-12-06T23:00Z"/><Direction v="Z02"/><Quantity v="49400"/><MeasureUnit v="KW1"/></Period><Period><TimeInterval v="2016-12-06T23:00Z/2016-12-07T00:00Z"/><Direction v="Z02"/><Quantity v="49400"/><MeasureUnit v="KW1"/></Period><Period><TimeInterval v="2016-12-07T00:00Z/2016-12-07T01:00Z"/><Direction v="Z02"/><Quantity v="49400"/><MeasureUnit v="KW1"/></Period><Period><TimeInterval v="2016-12-07T01:00Z/2016-12-07T02:00Z"/><Direction v="Z02"/><Quantity v="49400"/><MeasureUnit v="KW1"/></Period><Period><TimeInterval v="2016-12-07T02:00Z/2016-12-07T03:00Z"/><Direction v="Z02"/><Quantity v="49400"/><MeasureUnit v="KW1"/></Period><Period><TimeInterval v="2016-12-07T03:00Z/2016-12-07T04:00Z"/><Direction v="Z02"/><Quantity v="49400"/><MeasureUnit v="KW1"/></Period><Period><TimeInterval v="2016-12-07T04:00Z/2016-12-07T05:00Z"/><Direction v="Z02"/><Quantity v="49400"/><MeasureUnit v="KW1"/></Period></Category><Category><CapacityCode v="Z15"/><Period><TimeInterval v="2016-12-06T05:00Z/2016-12-06T06:00Z"/><Direction v="Z02"/><Quantity v="0"/><MeasureUnit v="KW1"/></Period><Period><TimeInterval v="2016-12-06T06:00Z/2016-12-06T07:00Z"/><Direction v="Z02"/><Quantity v="0"/><MeasureUnit v="KW1"/></Period><Period><TimeInterval v="2016-12-06T07:00Z/2016-12-06T08:00Z"/><Direction v="Z02"/><Quantity v="0"/><MeasureUnit v="KW1"/></Period><Period><TimeInterval v="2016-12-06T08:00Z/2016-12-06T09:00Z"/><Direction v="Z02"/><Quantity v="0"/><MeasureUnit v="KW1"/></Period><Period><TimeInterval v="2016-12-06T09:00Z/2016-12-06T10:00Z"/><Direction v="Z02"/><Quantity v="0"/><MeasureUnit v="KW1"/></Period><Period><TimeInterval v="2016-12-06T10:00Z/2016-12-06T11:00Z"/><Direction v="Z02"/><Quantity v="0"/><MeasureUnit v="KW1"/></Period><Period><TimeInterval v="2016-12-06T11:00Z/2016-12-06T12:00Z"/><Direction v="Z02"/><Quantity v="0"/><MeasureUnit v="KW1"/></Period><Period><TimeInterval v="2016-12-06T12:00Z/2016-12-06T13:00Z"/><Direction v="Z02"/><Quantity v="0"/><MeasureUnit v="KW1"/></Period><Period><TimeInterval v="2016-12-06T13:00Z/2016-12-06T14:00Z"/><Direction v="Z02"/><Quantity v="0"/><MeasureUnit v="KW1"/></Period><Period><TimeInterval v="2016-12-06T14:00Z/2016-12-06T15:00Z"/><Direction v="Z02"/><Quantity v="0"/><MeasureUnit v="KW1"/></Period><Period><TimeInterval v="2016-12-06T15:00Z/2016-12-06T16:00Z"/><Direction v="Z02"/><Quantity v="0"/><MeasureUnit v="KW1"/></Period><Period><TimeInterval v="2016-12-06T16:00Z/2016-12-06T17:00Z"/><Direction v="Z02"/><Quantity v="0"/><MeasureUnit v="KW1"/></Period><Period><TimeInterval v="2016-12-06T17:00Z/2016-12-06T18:00Z"/><Direction v="Z02"/><Quantity v="0"/><MeasureUnit v="KW1"/></Period><Period><TimeInterval v="2016-12-06T18:00Z/2016-12-06T19:00Z"/><Direction v="Z02"/><Quantity v="0"/><MeasureUnit v="KW1"/></Period><Period><TimeInterval v="2016-12-06T19:00Z/2016-12-06T20:00Z"/><Direction v="Z02"/><Quantity v="0"/><MeasureUnit v="KW1"/></Period><Period><TimeInterval v="2016-12-06T20:00Z/2016-12-06T21:00Z"/><Direction v="Z02"/><Quantity v="0"/><MeasureUnit v="KW1"/></Period><Period><TimeInterval v="2016-12-06T21:00Z/2016-12-06T22:00Z"/><Direction v="Z02"/><Quantity v="0"/><MeasureUnit v="KW1"/></Period><Period><TimeInterval v="2016-12-06T22:00Z/2016-12-06T23:00Z"/><Direction v="Z02"/><Quantity v="0"/><MeasureUnit v="KW1"/></Period><Period><TimeInterval v="2016-12-06T23:00Z/2016-12-07T00:00Z"/><Direction v="Z02"/><Quantity v="0"/><MeasureUnit v="KW1"/></Period><Period><TimeInterval v="2016-12-07T00:00Z/2016-12-07T01:00Z"/><Direction v="Z02"/><Quantity v="0"/><MeasureUnit v="KW1"/></Period><Period><TimeInterval v="2016-12-07T01:00Z/2016-12-07T02:00Z"/><Direction v="Z02"/><Quantity v="0"/><MeasureUnit v="KW1"/></Period><Period><TimeInterval v="2016-12-07T02:00Z/2016-12-07T03:00Z"/><Direction v="Z02"/><Quantity v="0"/><MeasureUnit v="KW1"/></Period><Period><TimeInterval v="2016-12-07T03:00Z/2016-12-07T04:00Z"/><Direction v="Z02"/><Quantity v="0"/><MeasureUnit v="KW1"/></Period><Period><TimeInterval v="2016-12-07T04:00Z/2016-12-07T05:00Z"/><Direction v="Z02"/><Quantity v="0"/><MeasureUnit v="KW1"/></Period></Category></ConnectionPoint><ConnectionPoint><Identification v="21Z000000000071W" codingScheme="305"/><Type v="Z25"/><Category><CapacityCode v="Z12"/><Period><TimeInterval v="2016-12-06T05:00Z/2016-12-06T06:00Z"/><Direction v="Z02"/><Quantity v="1413193"/><MeasureUnit v="KW1"/></Period><Period><TimeInterval v="2016-12-06T06:00Z/2016-12-06T07:00Z"/><Direction v="Z02"/><Quantity v="1413193"/><MeasureUnit v="KW1"/></Period><Period><TimeInterval v="2016-12-06T07:00Z/2016-12-06T08:00Z"/><Direction v="Z02"/><Quantity v="1413193"/><MeasureUnit v="KW1"/></Period><Period><TimeInterval v="2016-12-06T08:00Z/2016-12-06T09:00Z"/><Direction v="Z02"/><Quantity v="1413193"/><MeasureUnit v="KW1"/></Period><Period><TimeInterval v="2016-12-06T09:00Z/2016-12-06T10:00Z"/><Direction v="Z02"/><Quantity v="1413193"/><MeasureUnit v="KW1"/></Period><Period><TimeInterval v="2016-12-06T10:00Z/2016-12-06T11:00Z"/><Direction v="Z02"/><Quantity v="1413193"/><MeasureUnit v="KW1"/></Period><Period><TimeInterval v="2016-12-06T11:00Z/2016-12-06T12:00Z"/><Direction v="Z02"/><Quantity v="1413193"/><MeasureUnit v="KW1"/></Period><Period><TimeInterval v="2016-12-06T12:00Z/2016-12-06T13:00Z"/><Direction v="Z02"/><Quantity v="1413193"/><MeasureUnit v="KW1"/></Period><Period><TimeInterval v="2016-12-06T13:00Z/2016-12-06T14:00Z"/><Direction v="Z02"/><Quantity v="1413193"/><MeasureUnit v="KW1"/></Period><Period><TimeInterval v="2016-12-06T14:00Z/2016-12-06T15:00Z"/><Direction v="Z02"/><Quantity v="1413193"/><MeasureUnit v="KW1"/></Period><Period><TimeInterval v="2016-12-06T15:00Z/2016-12-06T16:00Z"/><Direction v="Z02"/><Quantity v="1413193"/><MeasureUnit v="KW1"/></Period><Period><TimeInterval v="2016-12-06T16:00Z/2016-12-06T17:00Z"/><Direction v="Z02"/><Quantity v="1413193"/><MeasureUnit v="KW1"/></Period><Period><TimeInterval v="2016-12-06T17:00Z/2016-12-06T18:00Z"/><Direction v="Z02"/><Quantity v="1413193"/><MeasureUnit v="KW1"/></Period><Period><TimeInterval v="2016-12-06T18:00Z/2016-12-06T19:00Z"/><Direction v="Z02"/><Quantity v="1413193"/><MeasureUnit v="KW1"/></Period><Period><TimeInterval v="2016-12-06T19:00Z/2016-12-06T20:00Z"/><Direction v="Z02"/><Quantity v="1413193"/><MeasureUnit v="KW1"/></Period><Period><TimeInterval v="2016-12-06T20:00Z/2016-12-06T21:00Z"/><Direction v="Z02"/><Quantity v="1413193"/><MeasureUnit v="KW1"/></Period><Period><TimeInterval v="2016-12-06T21:00Z/2016-12-06T22:00Z"/><Direction v="Z02"/><Quantity v="1413193"/><MeasureUnit v="KW1"/></Period><Period><TimeInterval v="2016-12-06T22:00Z/2016-12-06T23:00Z"/><Direction v="Z02"/><Quantity v="1413193"/><MeasureUnit v="KW1"/></Period><Period><TimeInterval v="2016-12-06T23:00Z/2016-12-07T00:00Z"/><Direction v="Z02"/><Quantity v="1413193"/><MeasureUnit v="KW1"/></Period><Period><TimeInterval v="2016-12-07T00:00Z/2016-12-07T01:00Z"/><Direction v="Z02"/><Quantity v="1413193"/><MeasureUnit v="KW1"/></Period><Period><TimeInterval v="2016-12-07T01:00Z/2016-12-07T02:00Z"/><Direction v="Z02"/><Quantity v="1413193"/><MeasureUnit v="KW1"/></Period><Period><TimeInterval v="2016-12-07T02:00Z/2016-12-07T03:00Z"/><Direction v="Z02"/><Quantity v="1413193"/><MeasureUnit v="KW1"/></Period><Period><TimeInterval v="2016-12-07T03:00Z/2016-12-07T04:00Z"/><Direction v="Z02"/><Quantity v="1413193"/><MeasureUnit v="KW1"/></Period><Period><TimeInterval v="2016-12-07T04:00Z/2016-12-07T05:00Z"/><Direction v="Z02"/><Quantity v="1413193"/><MeasureUnit v="KW1"/></Period></Category><Category><CapacityCode v="Z14"/><Period><TimeInterval v="2016-12-06T05:00Z/2016-12-06T06:00Z"/><Direction v="Z02"/><Quantity v="1413193"/><MeasureUnit v="KW1"/></Period><Period><TimeInterval v="2016-12-06T06:00Z/2016-12-06T07:00Z"/><Direction v="Z02"/><Quantity v="1413193"/><MeasureUnit v="KW1"/></Period><Period><TimeInterval v="2016-12-06T07:00Z/2016-12-06T08:00Z"/><Direction v="Z02"/><Quantity v="1413193"/><MeasureUnit v="KW1"/></Period><Period><TimeInterval v="2016-12-06T08:00Z/2016-12-06T09:00Z"/><Direction v="Z02"/><Quantity v="1413193"/><MeasureUnit v="KW1"/></Period><Period><TimeInterval v="2016-12-06T09:00Z/2016-12-06T10:00Z"/><Direction v="Z02"/><Quantity v="1413193"/><MeasureUnit v="KW1"/></Period><Period><TimeInterval v="2016-12-06T10:00Z/2016-12-06T11:00Z"/><Direction v="Z02"/><Quantity v="1413193"/><MeasureUnit v="KW1"/></Period><Period><TimeInterval v="2016-12-06T11:00Z/2016-12-06T12:00Z"/><Direction v="Z02"/><Quantity v="1413193"/><MeasureUnit v="KW1"/></Period><Period><TimeInterval v="2016-12-06T12:00Z/2016-12-06T13:00Z"/><Direction v="Z02"/><Quantity v="1413193"/><MeasureUnit v="KW1"/></Period><Period><TimeInterval v="2016-12-06T13:00Z/2016-12-06T14:00Z"/><Direction v="Z02"/><Quantity v="1413193"/><MeasureUnit v="KW1"/></Period><Period><TimeInterval v="2016-12-06T14:00Z/2016-12-06T15:00Z"/><Direction v="Z02"/><Quantity v="1413193"/><MeasureUnit v="KW1"/></Period><Period><TimeInterval v="2016-12-06T15:00Z/2016-12-06T16:00Z"/><Direction v="Z02"/><Quantity v="1413193"/><MeasureUnit v="KW1"/></Period><Period><TimeInterval v="2016-12-06T16:00Z/2016-12-06T17:00Z"/><Direction v="Z02"/><Quantity v="1413193"/><MeasureUnit v="KW1"/></Period><Period><TimeInterval v="2016-12-06T17:00Z/2016-12-06T18:00Z"/><Direction v="Z02"/><Quantity v="1413193"/><MeasureUnit v="KW1"/></Period><Period><TimeInterval v="2016-12-06T18:00Z/2016-12-06T19:00Z"/><Direction v="Z02"/><Quantity v="1413193"/><MeasureUnit v="KW1"/></Period><Period><TimeInterval v="2016-12-06T19:00Z/2016-12-06T20:00Z"/><Direction v="Z02"/><Quantity v="1413193"/><MeasureUnit v="KW1"/></Period><Period><TimeInterval v="2016-12-06T20:00Z/2016-12-06T21:00Z"/><Direction v="Z02"/><Quantity v="1413193"/><MeasureUnit v="KW1"/></Period><Period><TimeInterval v="2016-12-06T21:00Z/2016-12-06T22:00Z"/><Direction v="Z02"/><Quantity v="1413193"/><MeasureUnit v="KW1"/></Period><Period><TimeInterval v="2016-12-06T22:00Z/2016-12-06T23:00Z"/><Direction v="Z02"/><Quantity v="1413193"/><MeasureUnit v="KW1"/></Period><Period><TimeInterval v="2016-12-06T23:00Z/2016-12-07T00:00Z"/><Direction v="Z02"/><Quantity v="1413193"/><MeasureUnit v="KW1"/></Period><Period><TimeInterval v="2016-12-07T00:00Z/2016-12-07T01:00Z"/><Direction v="Z02"/><Quantity v="1413193"/><MeasureUnit v="KW1"/></Period><Period><TimeInterval v="2016-12-07T01:00Z/2016-12-07T02:00Z"/><Direction v="Z02"/><Quantity v="1413193"/><MeasureUnit v="KW1"/></Period><Period><TimeInterval v="2016-12-07T02:00Z/2016-12-07T03:00Z"/><Direction v="Z02"/><Quantity v="1413193"/><MeasureUnit v="KW1"/></Period><Period><TimeInterval v="2016-12-07T03:00Z/2016-12-07T04:00Z"/><Direction v="Z02"/><Quantity v="1413193"/><MeasureUnit v="KW1"/></Period><Period><TimeInterval v="2016-12-07T04:00Z/2016-12-07T05:00Z"/><Direction v="Z02"/><Quantity v="1413193"/><MeasureUnit v="KW1"/></Period></Category><Category><CapacityCode v="Z15"/><Period><TimeInterval v="2016-12-06T05:00Z/2016-12-06T06:00Z"/><Direction v="Z02"/><Quantity v="0"/><MeasureUnit v="KW1"/></Period><Period><TimeInterval v="2016-12-06T06:00Z/2016-12-06T07:00Z"/><Direction v="Z02"/><Quantity v="0"/><MeasureUnit v="KW1"/></Period><Period><TimeInterval v="2016-12-06T07:00Z/2016-12-06T08:00Z"/><Direction v="Z02"/><Quantity v="0"/><MeasureUnit v="KW1"/></Period><Period><TimeInterval v="2016-12-06T08:00Z/2016-12-06T09:00Z"/><Direction v="Z02"/><Quantity v="0"/><MeasureUnit v="KW1"/></Period><Period><TimeInterval v="2016-12-06T09:00Z/2016-12-06T10:00Z"/><Direction v="Z02"/><Quantity v="0"/><MeasureUnit v="KW1"/></Period><Period><TimeInterval v="2016-12-06T10:00Z/2016-12-06T11:00Z"/><Direction v="Z02"/><Quantity v="0"/><MeasureUnit v="KW1"/></Period><Period><TimeInterval v="2016-12-06T11:00Z/2016-12-06T12:00Z"/><Direction v="Z02"/><Quantity v="0"/><MeasureUnit v="KW1"/></Period><Period><TimeInterval v="2016-12-06T12:00Z/2016-12-06T13:00Z"/><Direction v="Z02"/><Quantity v="0"/><MeasureUnit v="KW1"/></Period><Period><TimeInterval v="2016-12-06T13:00Z/2016-12-06T14:00Z"/><Direction v="Z02"/><Quantity v="0"/><MeasureUnit v="KW1"/></Period><Period><TimeInterval v="2016-12-06T14:00Z/2016-12-06T15:00Z"/><Direction v="Z02"/><Quantity v="0"/><MeasureUnit v="KW1"/></Period><Period><TimeInterval v="2016-12-06T15:00Z/2016-12-06T16:00Z"/><Direction v="Z02"/><Quantity v="0"/><MeasureUnit v="KW1"/></Period><Period><TimeInterval v="2016-12-06T16:00Z/2016-12-06T17:00Z"/><Direction v="Z02"/><Quantity v="0"/><MeasureUnit v="KW1"/></Period><Period><TimeInterval v="2016-12-06T17:00Z/2016-12-06T18:00Z"/><Direction v="Z02"/><Quantity v="0"/><MeasureUnit v="KW1"/></Period><Period><TimeInterval v="2016-12-06T18:00Z/2016-12-06T19:00Z"/><Direction v="Z02"/><Quantity v="0"/><MeasureUnit v="KW1"/></Period><Period><TimeInterval v="2016-12-06T19:00Z/2016-12-06T20:00Z"/><Direction v="Z02"/><Quantity v="0"/><MeasureUnit v="KW1"/></Period><Period><TimeInterval v="2016-12-06T20:00Z/2016-12-06T21:00Z"/><Direction v="Z02"/><Quantity v="0"/><MeasureUnit v="KW1"/></Period><Period><TimeInterval v="2016-12-06T21:00Z/2016-12-06T22:00Z"/><Direction v="Z02"/><Quantity v="0"/><MeasureUnit v="KW1"/></Period><Period><TimeInterval v="2016-12-06T22:00Z/2016-12-06T23:00Z"/><Direction v="Z02"/><Quantity v="0"/><MeasureUnit v="KW1"/></Period><Period><TimeInterval v="2016-12-06T23:00Z/2016-12-07T00:00Z"/><Direction v="Z02"/><Quantity v="0"/><MeasureUnit v="KW1"/></Period><Period><TimeInterval v="2016-12-07T00:00Z/2016-12-07T01:00Z"/><Direction v="Z02"/><Quantity v="0"/><MeasureUnit v="KW1"/></Period><Period><TimeInterval v="2016-12-07T01:00Z/2016-12-07T02:00Z"/><Direction v="Z02"/><Quantity v="0"/><MeasureUnit v="KW1"/></Period><Period><TimeInterval v="2016-12-07T02:00Z/2016-12-07T03:00Z"/><Direction v="Z02"/><Quantity v="0"/><MeasureUnit v="KW1"/></Period><Period><TimeInterval v="2016-12-07T03:00Z/2016-12-07T04:00Z"/><Direction v="Z02"/><Quantity v="0"/><MeasureUnit v="KW1"/></Period><Period><TimeInterval v="2016-12-07T04:00Z/2016-12-07T05:00Z"/><Direction v="Z02"/><Quantity v="0"/><MeasureUnit v="KW1"/></Period></Category></ConnectionPoint><ConnectionPoint><Identification v="21Z0000000000163" codingScheme="305"/><Type v="Z25"/><Category><CapacityCode v="Z12"/><Period><TimeInterval v="2016-12-06T05:00Z/2016-12-06T06:00Z"/><Direction v="Z03"/><Quantity v="3330000"/><MeasureUnit v="KW1"/></Period><Period><TimeInterval v="2016-12-06T06:00Z/2016-12-06T07:00Z"/><Direction v="Z03"/><Quantity v="3330000"/><MeasureUnit v="KW1"/></Period><Period><TimeInterval v="2016-12-06T07:00Z/2016-12-06T08:00Z"/><Direction v="Z03"/><Quantity v="3330000"/><MeasureUnit v="KW1"/></Period><Period><TimeInterval v="2016-12-06T08:00Z/2016-12-06T09:00Z"/><Direction v="Z03"/><Quantity v="3330000"/><MeasureUnit v="KW1"/></Period><Period><TimeInterval v="2016-12-06T09:00Z/2016-12-06T10:00Z"/><Direction v="Z03"/><Quantity v="3330000"/><MeasureUnit v="KW1"/></Period><Period><TimeInterval v="2016-12-06T10:00Z/2016-12-06T11:00Z"/><Direction v="Z03"/><Quantity v="3330000"/><MeasureUnit v="KW1"/></Period><Period><TimeInterval v="2016-12-06T11:00Z/2016-12-06T12:00Z"/><Direction v="Z03"/><Quantity v="3330000"/><MeasureUnit v="KW1"/></Period><Period><TimeInterval v="2016-12-06T12:00Z/2016-12-06T13:00Z"/><Direction v="Z03"/><Quantity v="3330000"/><MeasureUnit v="KW1"/></Period><Period><TimeInterval v="2016-12-06T13:00Z/2016-12-06T14:00Z"/><Direction v="Z03"/><Quantity v="3330000"/><MeasureUnit v="KW1"/></Period><Period><TimeInterval v="2016-12-06T14:00Z/2016-12-06T15:00Z"/><Direction v="Z03"/><Quantity v="3330000"/><MeasureUnit v="KW1"/></Period><Period><TimeInterval v="2016-12-06T15:00Z/2016-12-06T16:00Z"/><Direction v="Z03"/><Quantity v="3330000"/><MeasureUnit v="KW1"/></Period><Period><TimeInterval v="2016-12-06T16:00Z/2016-12-06T17:00Z"/><Direction v="Z03"/><Quantity v="3330000"/><MeasureUnit v="KW1"/></Period><Period><TimeInterval v="2016-12-06T17:00Z/2016-12-06T18:00Z"/><Direction v="Z03"/><Quantity v="3330000"/><MeasureUnit v="KW1"/></Period><Period><TimeInterval v="2016-12-06T18:00Z/2016-12-06T19:00Z"/><Direction v="Z03"/><Quantity v="3330000"/><MeasureUnit v="KW1"/></Period><Period><TimeInterval v="2016-12-06T19:00Z/2016-12-06T20:00Z"/><Direction v="Z03"/><Quantity v="3330000"/><MeasureUnit v="KW1"/></Period><Period><TimeInterval v="2016-12-06T20:00Z/2016-12-06T21:00Z"/><Direction v="Z03"/><Quantity v="3330000"/><MeasureUnit v="KW1"/></Period><Period><TimeInterval v="2016-12-06T21:00Z/2016-12-06T22:00Z"/><Direction v="Z03"/><Quantity v="3330000"/><MeasureUnit v="KW1"/></Period><Period><TimeInterval v="2016-12-06T22:00Z/2016-12-06T23:00Z"/><Direction v="Z03"/><Quantity v="3330000"/><MeasureUnit v="KW1"/></Period><Period><TimeInterval v="2016-12-06T23:00Z/2016-12-07T00:00Z"/><Direction v="Z03"/><Quantity v="3330000"/><MeasureUnit v="KW1"/></Period><Period><TimeInterval v="2016-12-07T00:00Z/2016-12-07T01:00Z"/><Direction v="Z03"/><Quantity v="3330000"/><MeasureUnit v="KW1"/></Period><Period><TimeInterval v="2016-12-07T01:00Z/2016-12-07T02:00Z"/><Direction v="Z03"/><Quantity v="3330000"/><MeasureUnit v="KW1"/></Period><Period><TimeInterval v="2016-12-07T02:00Z/2016-12-07T03:00Z"/><Direction v="Z03"/><Quantity v="3330000"/><MeasureUnit v="KW1"/></Period><Period><TimeInterval v="2016-12-07T03:00Z/2016-12-07T04:00Z"/><Direction v="Z03"/><Quantity v="3330000"/><MeasureUnit v="KW1"/></Period><Period><TimeInterval v="2016-12-07T04:00Z/2016-12-07T05:00Z"/><Direction v="Z03"/><Quantity v="3330000"/><MeasureUnit v="KW1"/></Period></Category><Category><CapacityCode v="Z14"/><Period><TimeInterval v="2016-12-06T05:00Z/2016-12-06T06:00Z"/><Direction v="Z03"/><Quantity v="3330000"/><MeasureUnit v="KW1"/></Period><Period><TimeInterval v="2016-12-06T06:00Z/2016-12-06T07:00Z"/><Direction v="Z03"/><Quantity v="3330000"/><MeasureUnit v="KW1"/></Period><Period><TimeInterval v="2016-12-06T07:00Z/2016-12-06T08:00Z"/><Direction v="Z03"/><Quantity v="3330000"/><MeasureUnit v="KW1"/></Period><Period><TimeInterval v="2016-12-06T08:00Z/2016-12-06T09:00Z"/><Direction v="Z03"/><Quantity v="3330000"/><MeasureUnit v="KW1"/></Period><Period><TimeInterval v="2016-12-06T09:00Z/2016-12-06T10:00Z"/><Direction v="Z03"/><Quantity v="3330000"/><MeasureUnit v="KW1"/></Period><Period><TimeInterval v="2016-12-06T10:00Z/2016-12-06T11:00Z"/><Direction v="Z03"/><Quantity v="3330000"/><MeasureUnit v="KW1"/></Period><Period><TimeInterval v="2016-12-06T11:00Z/2016-12-06T12:00Z"/><Direction v="Z03"/><Quantity v="3330000"/><MeasureUnit v="KW1"/></Period><Period><TimeInterval v="2016-12-06T12:00Z/2016-12-06T13:00Z"/><Direction v="Z03"/><Quantity v="3330000"/><MeasureUnit v="KW1"/></Period><Period><TimeInterval v="2016-12-06T13:00Z/2016-12-06T14:00Z"/><Direction v="Z03"/><Quantity v="3330000"/><MeasureUnit v="KW1"/></Period><Period><TimeInterval v="2016-12-06T14:00Z/2016-12-06T15:00Z"/><Direction v="Z03"/><Quantity v="3330000"/><MeasureUnit v="KW1"/></Period><Period><TimeInterval v="2016-12-06T15:00Z/2016-12-06T16:00Z"/><Direction v="Z03"/><Quantity v="3330000"/><MeasureUnit v="KW1"/></Period><Period><TimeInterval v="2016-12-06T16:00Z/2016-12-06T17:00Z"/><Direction v="Z03"/><Quantity v="3330000"/><MeasureUnit v="KW1"/></Period><Period><TimeInterval v="2016-12-06T17:00Z/2016-12-06T18:00Z"/><Direction v="Z03"/><Quantity v="3330000"/><MeasureUnit v="KW1"/></Period><Period><TimeInterval v="2016-12-06T18:00Z/2016-12-06T19:00Z"/><Direction v="Z03"/><Quantity v="3330000"/><MeasureUnit v="KW1"/></Period><Period><TimeInterval v="2016-12-06T19:00Z/2016-12-06T20:00Z"/><Direction v="Z03"/><Quantity v="3330000"/><MeasureUnit v="KW1"/></Period><Period><TimeInterval v="2016-12-06T20:00Z/2016-12-06T21:00Z"/><Direction v="Z03"/><Quantity v="3330000"/><MeasureUnit v="KW1"/></Period><Period><TimeInterval v="2016-12-06T21:00Z/2016-12-06T22:00Z"/><Direction v="Z03"/><Quantity v="3330000"/><MeasureUnit v="KW1"/></Period><Period><TimeInterval v="2016-12-06T22:00Z/2016-12-06T23:00Z"/><Direction v="Z03"/><Quantity v="3330000"/><MeasureUnit v="KW1"/></Period><Period><TimeInterval v="2016-12-06T23:00Z/2016-12-07T00:00Z"/><Direction v="Z03"/><Quantity v="3330000"/><MeasureUnit v="KW1"/></Period><Period><TimeInterval v="2016-12-07T00:00Z/2016-12-07T01:00Z"/><Direction v="Z03"/><Quantity v="3330000"/><MeasureUnit v="KW1"/></Period><Period><TimeInterval v="2016-12-07T01:00Z/2016-12-07T02:00Z"/><Direction v="Z03"/><Quantity v="3330000"/><MeasureUnit v="KW1"/></Period><Period><TimeInterval v="2016-12-07T02:00Z/2016-12-07T03:00Z"/><Direction v="Z03"/><Quantity v="3330000"/><MeasureUnit v="KW1"/></Period><Period><TimeInterval v="2016-12-07T03:00Z/2016-12-07T04:00Z"/><Direction v="Z03"/><Quantity v="3330000"/><MeasureUnit v="KW1"/></Period><Period><TimeInterval v="2016-12-07T04:00Z/2016-12-07T05:00Z"/><Direction v="Z03"/><Quantity v="3330000"/><MeasureUnit v="KW1"/></Period></Category><Category><CapacityCode v="Z15"/><Period><TimeInterval v="2016-12-06T05:00Z/2016-12-06T06:00Z"/><Direction v="Z03"/><Quantity v="0"/><MeasureUnit v="KW1"/></Period><Period><TimeInterval v="2016-12-06T06:00Z/2016-12-06T07:00Z"/><Direction v="Z03"/><Quantity v="0"/><MeasureUnit v="KW1"/></Period><Period><TimeInterval v="2016-12-06T07:00Z/2016-12-06T08:00Z"/><Direction v="Z03"/><Quantity v="0"/><MeasureUnit v="KW1"/></Period><Period><TimeInterval v="2016-12-06T08:00Z/2016-12-06T09:00Z"/><Direction v="Z03"/><Quantity v="0"/><MeasureUnit v="KW1"/></Period><Period><TimeInterval v="2016-12-06T09:00Z/2016-12-06T10:00Z"/><Direction v="Z03"/><Quantity v="0"/><MeasureUnit v="KW1"/></Period><Period><TimeInterval v="2016-12-06T10:00Z/2016-12-06T11:00Z"/><Direction v="Z03"/><Quantity v="0"/><MeasureUnit v="KW1"/></Period><Period><TimeInterval v="2016-12-06T11:00Z/2016-12-06T12:00Z"/><Direction v="Z03"/><Quantity v="0"/><MeasureUnit v="KW1"/></Period><Period><TimeInterval v="2016-12-06T12:00Z/2016-12-06T13:00Z"/><Direction v="Z03"/><Quantity v="0"/><MeasureUnit v="KW1"/></Period><Period><TimeInterval v="2016-12-06T13:00Z/2016-12-06T14:00Z"/><Direction v="Z03"/><Quantity v="0"/><MeasureUnit v="KW1"/></Period><Period><TimeInterval v="2016-12-06T14:00Z/2016-12-06T15:00Z"/><Direction v="Z03"/><Quantity v="0"/><MeasureUnit v="KW1"/></Period><Period><TimeInterval v="2016-12-06T15:00Z/2016-12-06T16:00Z"/><Direction v="Z03"/><Quantity v="0"/><MeasureUnit v="KW1"/></Period><Period><TimeInterval v="2016-12-06T16:00Z/2016-12-06T17:00Z"/><Direction v="Z03"/><Quantity v="0"/><MeasureUnit v="KW1"/></Period><Period><TimeInterval v="2016-12-06T17:00Z/2016-12-06T18:00Z"/><Direction v="Z03"/><Quantity v="0"/><MeasureUnit v="KW1"/></Period><Period><TimeInterval v="2016-12-06T18:00Z/2016-12-06T19:00Z"/><Direction v="Z03"/><Quantity v="0"/><MeasureUnit v="KW1"/></Period><Period><TimeInterval v="2016-12-06T19:00Z/2016-12-06T20:00Z"/><Direction v="Z03"/><Quantity v="0"/><MeasureUnit v="KW1"/></Period><Period><TimeInterval v="2016-12-06T20:00Z/2016-12-06T21:00Z"/><Direction v="Z03"/><Quantity v="0"/><MeasureUnit v="KW1"/></Period><Period><TimeInterval v="2016-12-06T21:00Z/2016-12-06T22:00Z"/><Direction v="Z03"/><Quantity v="0"/><MeasureUnit v="KW1"/></Period><Period><TimeInterval v="2016-12-06T22:00Z/2016-12-06T23:00Z"/><Direction v="Z03"/><Quantity v="0"/><MeasureUnit v="KW1"/></Period><Period><TimeInterval v="2016-12-06T23:00Z/2016-12-07T00:00Z"/><Direction v="Z03"/><Quantity v="0"/><MeasureUnit v="KW1"/></Period><Period><TimeInterval v="2016-12-07T00:00Z/2016-12-07T01:00Z"/><Direction v="Z03"/><Quantity v="0"/><MeasureUnit v="KW1"/></Period><Period><TimeInterval v="2016-12-07T01:00Z/2016-12-07T02:00Z"/><Direction v="Z03"/><Quantity v="0"/><MeasureUnit v="KW1"/></Period><Period><TimeInterval v="2016-12-07T02:00Z/2016-12-07T03:00Z"/><Direction v="Z03"/><Quantity v="0"/><MeasureUnit v="KW1"/></Period><Period><TimeInterval v="2016-12-07T03:00Z/2016-12-07T04:00Z"/><Direction v="Z03"/><Quantity v="0"/><MeasureUnit v="KW1"/></Period><Period><TimeInterval v="2016-12-07T04:00Z/2016-12-07T05:00Z"/><Direction v="Z03"/><Quantity v="0"/><MeasureUnit v="KW1"/></Period></Category></ConnectionPoint><ConnectionPoint><Identification v="37Y000000000288Q" codingScheme="305"/><Type v="Z26"/><Category><CapacityCode v="Z12"/><Period><TimeInterval v="2016-12-06T05:00Z/2016-12-06T06:00Z"/><Direction v="Z02"/><Quantity v="10844"/><MeasureUnit v="KW1"/></Period><Period><TimeInterval v="2016-12-06T06:00Z/2016-12-06T07:00Z"/><Direction v="Z02"/><Quantity v="10844"/><MeasureUnit v="KW1"/></Period><Period><TimeInterval v="2016-12-06T07:00Z/2016-12-06T08:00Z"/><Direction v="Z02"/><Quantity v="10844"/><MeasureUnit v="KW1"/></Period><Period><TimeInterval v="2016-12-06T08:00Z/2016-12-06T09:00Z"/><Direction v="Z02"/><Quantity v="10844"/><MeasureUnit v="KW1"/></Period><Period><TimeInterval v="2016-12-06T09:00Z/2016-12-06T10:00Z"/><Direction v="Z02"/><Quantity v="10844"/><MeasureUnit v="KW1"/></Period><Period><TimeInterval v="2016-12-06T10:00Z/2016-12-06T11:00Z"/><Direction v="Z02"/><Quantity v="10844"/><MeasureUnit v="KW1"/></Period><Period><TimeInterval v="2016-12-06T11:00Z/2016-12-06T12:00Z"/><Direction v="Z02"/><Quantity v="10844"/><MeasureUnit v="KW1"/></Period><Period><TimeInterval v="2016-12-06T12:00Z/2016-12-06T13:00Z"/><Direction v="Z02"/><Quantity v="10844"/><MeasureUnit v="KW1"/></Period><Period><TimeInterval v="2016-12-06T13:00Z/2016-12-06T14:00Z"/><Direction v="Z02"/><Quantity v="10844"/><MeasureUnit v="KW1"/></Period><Period><TimeInterval v="2016-12-06T14:00Z/2016-12-06T15:00Z"/><Direction v="Z02"/><Quantity v="10844"/><MeasureUnit v="KW1"/></Period><Period><TimeInterval v="2016-12-06T15:00Z/2016-12-06T16:00Z"/><Direction v="Z02"/><Quantity v="10844"/><MeasureUnit v="KW1"/></Period><Period><TimeInterval v="2016-12-06T16:00Z/2016-12-06T17:00Z"/><Direction v="Z02"/><Quantity v="10844"/><MeasureUnit v="KW1"/></Period><Period><TimeInterval v="2016-12-06T17:00Z/2016-12-06T18:00Z"/><Direction v="Z02"/><Quantity v="10844"/><MeasureUnit v="KW1"/></Period><Period><TimeInterval v="2016-12-06T18:00Z/2016-12-06T19:00Z"/><Direction v="Z02"/><Quantity v="10844"/><MeasureUnit v="KW1"/></Period><Period><TimeInterval v="2016-12-06T19:00Z/2016-12-06T20:00Z"/><Direction v="Z02"/><Quantity v="10844"/><MeasureUnit v="KW1"/></Period><Period><TimeInterval v="2016-12-06T20:00Z/2016-12-06T21:00Z"/><Direction v="Z02"/><Quantity v="10844"/><MeasureUnit v="KW1"/></Period><Period><TimeInterval v="2016-12-06T21:00Z/2016-12-06T22:00Z"/><Direction v="Z02"/><Quantity v="10844"/><MeasureUnit v="KW1"/></Period><Period><TimeInterval v="2016-12-06T22:00Z/2016-12-06T23:00Z"/><Direction v="Z02"/><Quantity v="10844"/><MeasureUnit v="KW1"/></Period><Period><TimeInterval v="2016-12-06T23:00Z/2016-12-07T00:00Z"/><Direction v="Z02"/><Quantity v="10844"/><MeasureUnit v="KW1"/></Period><Period><TimeInterval v="2016-12-07T00:00Z/2016-12-07T01:00Z"/><Direction v="Z02"/><Quantity v="10844"/><MeasureUnit v="KW1"/></Period><Period><TimeInterval v="2016-12-07T01:00Z/2016-12-07T02:00Z"/><Direction v="Z02"/><Quantity v="10844"/><MeasureUnit v="KW1"/></Period><Period><TimeInterval v="2016-12-07T02:00Z/2016-12-07T03:00Z"/><Direction v="Z02"/><Quantity v="10844"/><MeasureUnit v="KW1"/></Period><Period><TimeInterval v="2016-12-07T03:00Z/2016-12-07T04:00Z"/><Direction v="Z02"/><Quantity v="10844"/><MeasureUnit v="KW1"/></Period><Period><TimeInterval v="2016-12-07T04:00Z/2016-12-07T05:00Z"/><Direction v="Z02"/><Quantity v="10844"/><MeasureUnit v="KW1"/></Period></Category><Category><CapacityCode v="Z14"/><Period><TimeInterval v="2016-12-06T05:00Z/2016-12-06T06:00Z"/><Direction v="Z02"/><Quantity v="9244"/><MeasureUnit v="KW1"/></Period><Period><TimeInterval v="2016-12-06T06:00Z/2016-12-06T07:00Z"/><Direction v="Z02"/><Quantity v="9244"/><MeasureUnit v="KW1"/></Period><Period><TimeInterval v="2016-12-06T07:00Z/2016-12-06T08:00Z"/><Direction v="Z02"/><Quantity v="9244"/><MeasureUnit v="KW1"/></Period><Period><TimeInterval v="2016-12-06T08:00Z/2016-12-06T09:00Z"/><Direction v="Z02"/><Quantity v="9244"/><MeasureUnit v="KW1"/></Period><Period><TimeInterval v="2016-12-06T09:00Z/2016-12-06T10:00Z"/><Direction v="Z02"/><Quantity v="9244"/><MeasureUnit v="KW1"/></Period><Period><TimeInterval v="2016-12-06T10:00Z/2016-12-06T11:00Z"/><Direction v="Z02"/><Quantity v="9244"/><MeasureUnit v="KW1"/></Period><Period><TimeInterval v="2016-12-06T11:00Z/2016-12-06T12:00Z"/><Direction v="Z02"/><Quantity v="9244"/><MeasureUnit v="KW1"/></Period><Period><TimeInterval v="2016-12-06T12:00Z/2016-12-06T13:00Z"/><Direction v="Z02"/><Quantity v="9244"/><MeasureUnit v="KW1"/></Period><Period><TimeInterval v="2016-12-06T13:00Z/2016-12-06T14:00Z"/><Direction v="Z02"/><Quantity v="9244"/><MeasureUnit v="KW1"/></Period><Period><TimeInterval v="2016-12-06T14:00Z/2016-12-06T15:00Z"/><Direction v="Z02"/><Quantity v="9244"/><MeasureUnit v="KW1"/></Period><Period><TimeInterval v="2016-12-06T15:00Z/2016-12-06T16:00Z"/><Direction v="Z02"/><Quantity v="9244"/><MeasureUnit v="KW1"/></Period><Period><TimeInterval v="2016-12-06T16:00Z/2016-12-06T17:00Z"/><Direction v="Z02"/><Quantity v="9244"/><MeasureUnit v="KW1"/></Period><Period><TimeInterval v="2016-12-06T17:00Z/2016-12-06T18:00Z"/><Direction v="Z02"/><Quantity v="9244"/><MeasureUnit v="KW1"/></Period><Period><TimeInterval v="2016-12-06T18:00Z/2016-12-06T19:00Z"/><Direction v="Z02"/><Quantity v="9244"/><MeasureUnit v="KW1"/></Period><Period><TimeInterval v="2016-12-06T19:00Z/2016-12-06T20:00Z"/><Direction v="Z02"/><Quantity v="9244"/><MeasureUnit v="KW1"/></Period><Period><TimeInterval v="2016-12-06T20:00Z/2016-12-06T21:00Z"/><Direction v="Z02"/><Quantity v="9244"/><MeasureUnit v="KW1"/></Period><Period><TimeInterval v="2016-12-06T21:00Z/2016-12-06T22:00Z"/><Direction v="Z02"/><Quantity v="9244"/><MeasureUnit v="KW1"/></Period><Period><TimeInterval v="2016-12-06T22:00Z/2016-12-06T23:00Z"/><Direction v="Z02"/><Quantity v="9244"/><MeasureUnit v="KW1"/></Period><Period><TimeInterval v="2016-12-06T23:00Z/2016-12-07T00:00Z"/><Direction v="Z02"/><Quantity v="9244"/><MeasureUnit v="KW1"/></Period><Period><TimeInterval v="2016-12-07T00:00Z/2016-12-07T01:00Z"/><Direction v="Z02"/><Quantity v="9244"/><MeasureUnit v="KW1"/></Period><Period><TimeInterval v="2016-12-07T01:00Z/2016-12-07T02:00Z"/><Direction v="Z02"/><Quantity v="9244"/><MeasureUnit v="KW1"/></Period><Period><TimeInterval v="2016-12-07T02:00Z/2016-12-07T03:00Z"/><Direction v="Z02"/><Quantity v="9244"/><MeasureUnit v="KW1"/></Period><Period><TimeInterval v="2016-12-07T03:00Z/2016-12-07T04:00Z"/><Direction v="Z02"/><Quantity v="9244"/><MeasureUnit v="KW1"/></Period><Period><TimeInterval v="2016-12-07T04:00Z/2016-12-07T05:00Z"/><Direction v="Z02"/><Quantity v="9244"/><MeasureUnit v="KW1"/></Period></Category><Category><CapacityCode v="Z15"/><Period><TimeInterval v="2016-12-06T05:00Z/2016-12-06T06:00Z"/><Direction v="Z02"/><Quantity v="0"/><MeasureUnit v="KW1"/></Period><Period><TimeInterval v="2016-12-06T06:00Z/2016-12-06T07:00Z"/><Direction v="Z02"/><Quantity v="0"/><MeasureUnit v="KW1"/></Period><Period><TimeInterval v="2016-12-06T07:00Z/2016-12-06T08:00Z"/><Direction v="Z02"/><Quantity v="0"/><MeasureUnit v="KW1"/></Period><Period><TimeInterval v="2016-12-06T08:00Z/2016-12-06T09:00Z"/><Direction v="Z02"/><Quantity v="0"/><MeasureUnit v="KW1"/></Period><Period><TimeInterval v="2016-12-06T09:00Z/2016-12-06T10:00Z"/><Direction v="Z02"/><Quantity v="0"/><MeasureUnit v="KW1"/></Period><Period><TimeInterval v="2016-12-06T10:00Z/2016-12-06T11:00Z"/><Direction v="Z02"/><Quantity v="0"/><MeasureUnit v="KW1"/></Period><Period><TimeInterval v="2016-12-06T11:00Z/2016-12-06T12:00Z"/><Direction v="Z02"/><Quantity v="0"/><MeasureUnit v="KW1"/></Period><Period><TimeInterval v="2016-12-06T12:00Z/2016-12-06T13:00Z"/><Direction v="Z02"/><Quantity v="0"/><MeasureUnit v="KW1"/></Period><Period><TimeInterval v="2016-12-06T13:00Z/2016-12-06T14:00Z"/><Direction v="Z02"/><Quantity v="0"/><MeasureUnit v="KW1"/></Period><Period><TimeInterval v="2016-12-06T14:00Z/2016-12-06T15:00Z"/><Direction v="Z02"/><Quantity v="0"/><MeasureUnit v="KW1"/></Period><Period><TimeInterval v="2016-12-06T15:00Z/2016-12-06T16:00Z"/><Direction v="Z02"/><Quantity v="0"/><MeasureUnit v="KW1"/></Period><Period><TimeInterval v="2016-12-06T16:00Z/2016-12-06T17:00Z"/><Direction v="Z02"/><Quantity v="0"/><MeasureUnit v="KW1"/></Period><Period><TimeInterval v="2016-12-06T17:00Z/2016-12-06T18:00Z"/><Direction v="Z02"/><Quantity v="0"/><MeasureUnit v="KW1"/></Period><Period><TimeInterval v="2016-12-06T18:00Z/2016-12-06T19:00Z"/><Direction v="Z02"/><Quantity v="0"/><MeasureUnit v="KW1"/></Period><Period><TimeInterval v="2016-12-06T19:00Z/2016-12-06T20:00Z"/><Direction v="Z02"/><Quantity v="0"/><MeasureUnit v="KW1"/></Period><Period><TimeInterval v="2016-12-06T20:00Z/2016-12-06T21:00Z"/><Direction v="Z02"/><Quantity v="0"/><MeasureUnit v="KW1"/></Period><Period><TimeInterval v="2016-12-06T21:00Z/2016-12-06T22:00Z"/><Direction v="Z02"/><Quantity v="0"/><MeasureUnit v="KW1"/></Period><Period><TimeInterval v="2016-12-06T22:00Z/2016-12-06T23:00Z"/><Direction v="Z02"/><Quantity v="0"/><MeasureUnit v="KW1"/></Period><Period><TimeInterval v="2016-12-06T23:00Z/2016-12-07T00:00Z"/><Direction v="Z02"/><Quantity v="0"/><MeasureUnit v="KW1"/></Period><Period><TimeInterval v="2016-12-07T00:00Z/2016-12-07T01:00Z"/><Direction v="Z02"/><Quantity v="0"/><MeasureUnit v="KW1"/></Period><Period><TimeInterval v="2016-12-07T01:00Z/2016-12-07T02:00Z"/><Direction v="Z02"/><Quantity v="0"/><MeasureUnit v="KW1"/></Period><Period><TimeInterval v="2016-12-07T02:00Z/2016-12-07T03:00Z"/><Direction v="Z02"/><Quantity v="0"/><MeasureUnit v="KW1"/></Period><Period><TimeInterval v="2016-12-07T03:00Z/2016-12-07T04:00Z"/><Direction v="Z02"/><Quantity v="0"/><MeasureUnit v="KW1"/></Period><Period><TimeInterval v="2016-12-07T04:00Z/2016-12-07T05:00Z"/><Direction v="Z02"/><Quantity v="0"/><MeasureUnit v="KW1"/></Period></Category></ConnectionPoint><ConnectionPoint><Identification v="21Z000000000343P" codingScheme="305"/><Type v="Z31"/><Category><CapacityCode v="Z12"/><Period><TimeInterval v="2016-12-06T05:00Z/2016-12-06T06:00Z"/><Direction v="Z03"/><Quantity v="11780644"/><MeasureUnit v="KW1"/></Period><Period><TimeInterval v="2016-12-06T06:00Z/2016-12-06T07:00Z"/><Direction v="Z03"/><Quantity v="12159939"/><MeasureUnit v="KW1"/></Period><Period><TimeInterval v="2016-12-06T07:00Z/2016-12-06T08:00Z"/><Direction v="Z03"/><Quantity v="12482314"/><MeasureUnit v="KW1"/></Period><Period><TimeInterval v="2016-12-06T08:00Z/2016-12-06T09:00Z"/><Direction v="Z03"/><Quantity v="12388918"/><MeasureUnit v="KW1"/></Period><Period><TimeInterval v="2016-12-06T09:00Z/2016-12-06T10:00Z"/><Direction v="Z03"/><Quantity v="12373556"/><MeasureUnit v="KW1"/></Period><Period><TimeInterval v="2016-12-06T10:00Z/2016-12-06T11:00Z"/><Direction v="Z03"/><Quantity v="12354982"/><MeasureUnit v="KW1"/></Period><Period><TimeInterval v="2016-12-06T11:00Z/2016-12-06T12:00Z"/><Direction v="Z03"/><Quantity v="12221576"/><MeasureUnit v="KW1"/></Period><Period><TimeInterval v="2016-12-06T12:00Z/2016-12-06T13:00Z"/><Direction v="Z03"/><Quantity v="12096086"/><MeasureUnit v="KW1"/></Period><Period><TimeInterval v="2016-12-06T13:00Z/2016-12-06T14:00Z"/><Direction v="Z03"/><Quantity v="12086156"/><MeasureUnit v="KW1"/></Period><Period><TimeInterval v="2016-12-06T14:00Z/2016-12-06T15:00Z"/><Direction v="Z03"/><Quantity v="12291169"/><MeasureUnit v="KW1"/></Period><Period><TimeInterval v="2016-12-06T15:00Z/2016-12-06T16:00Z"/><Direction v="Z03"/><Quantity v="13540923"/><MeasureUnit v="KW1"/></Period><Period><TimeInterval v="2016-12-06T16:00Z/2016-12-06T17:00Z"/><Direction v="Z03"/><Quantity v="13633388"/><MeasureUnit v="KW1"/></Period><Period><TimeInterval v="2016-12-06T17:00Z/2016-12-06T18:00Z"/><Direction v="Z03"/><Quantity v="13302495"/><MeasureUnit v="KW1"/></Period><Period><TimeInterval v="2016-12-06T18:00Z/2016-12-06T19:00Z"/><Direction v="Z03"/><Quantity v="12171102"/><MeasureUnit v="KW1"/></Period><Period><TimeInterval v="2016-12-06T19:00Z/2016-12-06T20:00Z"/><Direction v="Z03"/><Quantity v="12154339"/><MeasureUnit v="KW1"/></Period><Period><TimeInterval v="2016-12-06T20:00Z/2016-12-06T21:00Z"/><Direction v="Z03"/><Quantity v="12067266"/><MeasureUnit v="KW1"/></Period><Period><TimeInterval v="2016-12-06T21:00Z/2016-12-06T22:00Z"/><Direction v="Z03"/><Quantity v="11660170"/><MeasureUnit v="KW1"/></Period><Period><TimeInterval v="2016-12-06T22:00Z/2016-12-06T23:00Z"/><Direction v="Z03"/><Quantity v="10998294"/><MeasureUnit v="KW1"/></Period><Period><TimeInterval v="2016-12-06T23:00Z/2016-12-07T00:00Z"/><Direction v="Z03"/><Quantity v="10071699"/><MeasureUnit v="KW1"/></Period><Period><TimeInterval v="2016-12-07T00:00Z/2016-12-07T01:00Z"/><Direction v="Z03"/><Quantity v="10054280"/><MeasureUnit v="KW1"/></Period><Period><TimeInterval v="2016-12-07T01:00Z/2016-12-07T02:00Z"/><Direction v="Z03"/><Quantity v="9966798"/><MeasureUnit v="KW1"/></Period><Period><TimeInterval v="2016-12-07T02:00Z/2016-12-07T03:00Z"/><Direction v="Z03"/><Quantity v="9855237"/><MeasureUnit v="KW1"/></Period><Period><TimeInterval v="2016-12-07T03:00Z/2016-12-07T04:00Z"/><Direction v="Z03"/><Quantity v="9967976"/><MeasureUnit v="KW1"/></Period><Period><TimeInterval v="2016-12-07T04:00Z/2016-12-07T05:00Z"/><Direction v="Z03"/><Quantity v="10603011"/><MeasureUnit v="KW1"/></Period></Category><Category><CapacityCode v="Z15"/><Period><TimeInterval v="2016-12-06T05:00Z/2016-12-06T06:00Z"/><Direction v="Z03"/><Quantity v="0"/><MeasureUnit v="KW1"/></Period><Period><TimeInterval v="2016-12-06T06:00Z/2016-12-06T07:00Z"/><Direction v="Z03"/><Quantity v="0"/><MeasureUnit v="KW1"/></Period><Period><TimeInterval v="2016-12-06T07:00Z/2016-12-06T08:00Z"/><Direction v="Z03"/><Quantity v="0"/><MeasureUnit v="KW1"/></Period><Period><TimeInterval v="2016-12-06T08:00Z/2016-12-06T09:00Z"/><Direction v="Z03"/><Quantity v="0"/><MeasureUnit v="KW1"/></Period><Period><TimeInterval v="2016-12-06T09:00Z/2016-12-06T10:00Z"/><Direction v="Z03"/><Quantity v="0"/><MeasureUnit v="KW1"/></Period><Period><TimeInterval v="2016-12-06T10:00Z/2016-12-06T11:00Z"/><Direction v="Z03"/><Quantity v="0"/><MeasureUnit v="KW1"/></Period><Period><TimeInterval v="2016-12-06T11:00Z/2016-12-06T12:00Z"/><Direction v="Z03"/><Quantity v="0"/><MeasureUnit v="KW1"/></Period><Period><TimeInterval v="2016-12-06T12:00Z/2016-12-06T13:00Z"/><Direction v="Z03"/><Quantity v="0"/><MeasureUnit v="KW1"/></Period><Period><TimeInterval v="2016-12-06T13:00Z/2016-12-06T14:00Z"/><Direction v="Z03"/><Quantity v="0"/><MeasureUnit v="KW1"/></Period><Period><TimeInterval v="2016-12-06T14:00Z/2016-12-06T15:00Z"/><Direction v="Z03"/><Quantity v="0"/><MeasureUnit v="KW1"/></Period><Period><TimeInterval v="2016-12-06T15:00Z/2016-12-06T16:00Z"/><Direction v="Z03"/><Quantity v="0"/><MeasureUnit v="KW1"/></Period><Period><TimeInterval v="2016-12-06T16:00Z/2016-12-06T17:00Z"/><Direction v="Z03"/><Quantity v="0"/><MeasureUnit v="KW1"/></Period><Period><TimeInterval v="2016-12-06T17:00Z/2016-12-06T18:00Z"/><Direction v="Z03"/><Quantity v="0"/><MeasureUnit v="KW1"/></Period><Period><TimeInterval v="2016-12-06T18:00Z/2016-12-06T19:00Z"/><Direction v="Z03"/><Quantity v="0"/><MeasureUnit v="KW1"/></Period><Period><TimeInterval v="2016-12-06T19:00Z/2016-12-06T20:00Z"/><Direction v="Z03"/><Quantity v="0"/><MeasureUnit v="KW1"/></Period><Period><TimeInterval v="2016-12-06T20:00Z/2016-12-06T21:00Z"/><Direction v="Z03"/><Quantity v="0"/><MeasureUnit v="KW1"/></Period><Period><TimeInterval v="2016-12-06T21:00Z/2016-12-06T22:00Z"/><Direction v="Z03"/><Quantity v="0"/><MeasureUnit v="KW1"/></Period><Period><TimeInterval v="2016-12-06T22:00Z/2016-12-06T23:00Z"/><Direction v="Z03"/><Quantity v="0"/><MeasureUnit v="KW1"/></Period><Period><TimeInterval v="2016-12-06T23:00Z/2016-12-07T00:00Z"/><Direction v="Z03"/><Quantity v="0"/><MeasureUnit v="KW1"/></Period><Period><TimeInterval v="2016-12-07T00:00Z/2016-12-07T01:00Z"/><Direction v="Z03"/><Quantity v="0"/><MeasureUnit v="KW1"/></Period><Period><TimeInterval v="2016-12-07T01:00Z/2016-12-07T02:00Z"/><Direction v="Z03"/><Quantity v="0"/><MeasureUnit v="KW1"/></Period><Period><TimeInterval v="2016-12-07T02:00Z/2016-12-07T03:00Z"/><Direction v="Z03"/><Quantity v="0"/><MeasureUnit v="KW1"/></Period><Period><TimeInterval v="2016-12-07T03:00Z/2016-12-07T04:00Z"/><Direction v="Z03"/><Quantity v="0"/><MeasureUnit v="KW1"/></Period><Period><TimeInterval v="2016-12-07T04:00Z/2016-12-07T05:00Z"/><Direction v="Z03"/><Quantity v="0"/><MeasureUnit v="KW1"/></Period></Category></ConnectionPoint></TransparencyPublication>