<?xml version="1.0" encoding="UTF-8"?><TransparencyPublication Version="EGAS50" Release="A"><Identification v="TRANPB20170102A103968"/><Version v="1"/><Type v="AL6"/><CreationDateTime v="2017-01-02T07:13:36.341Z"/><ValidityPeriod v="2016-12-18T05:00Z/2016-12-19T05:00Z"/><IssuerIdentification v="21X-DE-C-A0A0A-T" codingScheme="305"/><IssuerRole v="ZSO"/><RecipientIdentification v="10X1001A1001A353" codingScheme="305"/><RecipientRole v="ZUA"/><ConnectionPoint><Identification v="37Z000000006231B" codingScheme="305"/><Type v="Z26"/><Category><CapacityCode v="Z08"/><Period><TimeInterval v="2016-12-18T05:00Z/2016-12-18T06:00Z"/><Direction v="Z02"/><Quantity v="0"/><MeasureUnit v="KW1"/></Period><Period><TimeInterval v="2016-12-18T06:00Z/2016-12-18T07:00Z"/><Direction v="Z02"/><Quantity v="0"/><MeasureUnit v="KW1"/></Period><Period><TimeInterval v="2016-12-18T07:00Z/2016-12-18T08:00Z"/><Direction v="Z02"/><Quantity v="0"/><MeasureUnit v="KW1"/></Period><Period><TimeInterval v="2016-12-18T08:00Z/2016-12-18T09:00Z"/><Direction v="Z02"/><Quantity v="0"/><MeasureUnit v="KW1"/></Period><Period><TimeInterval v="2016-12-18T09:00Z/2016-12-18T10:00Z"/><Direction v="Z02"/><Quantity v="0"/><MeasureUnit v="KW1"/></Period><Period><TimeInterval v="2016-12-18T10:00Z/2016-12-18T11:00Z"/><Direction v="Z02"/><Quantity v="0"/><MeasureUnit v="KW1"/></Period><Period><TimeInterval v="2016-12-18T11:00Z/2016-12-18T12:00Z"/><Direction v="Z02"/><Quantity v="0"/><MeasureUnit v="KW1"/></Period><Period><TimeInterval v="2016-12-18T12:00Z/2016-12-18T13:00Z"/><Direction v="Z02"/><Quantity v="0"/><MeasureUnit v="KW1"/></Period><Period><TimeInterval v="2016-12-18T13:00Z/2016-12-18T14:00Z"/><Direction v="Z02"/><Quantity v="0"/><MeasureUnit v="KW1"/></Period><Period><TimeInterval v="2016-12-18T14:00Z/2016-12-18T15:00Z"/><Direction v="Z02"/><Quantity v="0"/><MeasureUnit v="KW1"/></Period><Period><TimeInterval v="2016-12-18T15:00Z/2016-12-18T16:00Z"/><Direction v="Z02"/><Quantity v="0"/><MeasureUnit v="KW1"/></Period><Period><TimeInterval v="2016-12-18T16:00Z/2016-12-18T17:00Z"/><Direction v="Z02"/><Quantity v="0"/><MeasureUnit v="KW1"/></Period><Period><TimeInterval v="2016-12-18T17:00Z/2016-12-18T18:00Z"/><Direction v="Z02"/><Quantity v="0"/><MeasureUnit v="KW1"/></Period><Period><TimeInterval v="2016-12-18T18:00Z/2016-12-18T19:00Z"/><Direction v="Z02"/><Quantity v="0"/><MeasureUnit v="KW1"/></Period><Period><TimeInterval v="2016-12-18T19:00Z/2016-12-18T20:00Z"/><Direction v="Z02"/><Quantity v="0"/><MeasureUnit v="KW1"/></Period><Period><TimeInterval v="2016-12-18T20:00Z/2016-12-18T21:00Z"/><Direction v="Z02"/><Quantity v="0"/><MeasureUnit v="KW1"/></Period><Period><TimeInterval v="2016-12-18T21:00Z/2016-12-18T22:00Z"/><Direction v="Z02"/><Quantity v="0"/><MeasureUnit v="KW1"/></Period><Period><TimeInterval v="2016-12-18T22:00Z/2016-12-18T23:00Z"/><Direction v="Z02"/><Quantity v="0"/><MeasureUnit v="KW1"/></Period><Period><TimeInterval v="2016-12-18T23:00Z/2016-12-19T00:00Z"/><Direction v="Z02"/><Quantity v="0"/><MeasureUnit v="KW1"/></Period><Period><TimeInterval v="2016-12-19T00:00Z/2016-12-19T01:00Z"/><Direction v="Z02"/><Quantity v="0"/><MeasureUnit v="KW1"/></Period><Period><TimeInterval v="2016-12-19T01:00Z/2016-12-19T02:00Z"/><Direction v="Z02"/><Quantity v="0"/><MeasureUnit v="KW1"/></Period><Period><TimeInterval v="2016-12-19T02:00Z/2016-12-19T03:00Z"/><Direction v="Z02"/><Quantity v="0"/><MeasureUnit v="KW1"/></Period><Period><TimeInterval v="2016-12-19T03:00Z/2016-12-19T04:00Z"/><Direction v="Z02"/><Quantity v="0"/><MeasureUnit v="KW1"/></Period><Period><TimeInterval v="2016-12-19T04:00Z/2016-12-19T05:00Z"/><Direction v="Z02"/><Quantity v="0"/><MeasureUnit v="KW1"/></Period></Category></ConnectionPoint><ConnectionPoint><Identification v="21Z000000000071W" codingScheme="305"/><Type v="Z25"/><Category><CapacityCode v="Z08"/><Period><TimeInterval v="2016-12-18T05:00Z/2016-12-18T06:00Z"/><Direction v="Z02"/><Quantity v="8635220"/><MeasureUnit v="KW1"/></Period><Period><TimeInterval v="2016-12-18T06:00Z/2016-12-18T07:00Z"/><Direction v="Z02"/><Quantity v="8627393"/><MeasureUnit v="KW1"/></Period><Period><TimeInterval v="2016-12-18T07:00Z/2016-12-18T08:00Z"/><Direction v="Z02"/><Quantity v="8655857"/><MeasureUnit v="KW1"/></Period><Period><TimeInterval v="2016-12-18T08:00Z/2016-12-18T09:00Z"/><Direction v="Z02"/><Quantity v="8642284"/><MeasureUnit v="KW1"/></Period><Period><TimeInterval v="2016-12-18T09:00Z/2016-12-18T10:00Z"/><Direction v="Z02"/><Quantity v="8620991"/><MeasureUnit v="KW1"/></Period><Period><TimeInterval v="2016-12-18T10:00Z/2016-12-18T11:00Z"/><Direction v="Z02"/><Quantity v="8604157"/><MeasureUnit v="KW1"/></Period><Period><TimeInterval v="2016-12-18T11:00Z/2016-12-18T12:00Z"/><Direction v="Z02"/><Quantity v="8618491"/><MeasureUnit v="KW1"/></Period><Period><TimeInterval v="2016-12-18T12:00Z/2016-12-18T13:00Z"/><Direction v="Z02"/><Quantity v="9283282"/><MeasureUnit v="KW1"/></Period><Period><TimeInterval v="2016-12-18T13:00Z/2016-12-18T14:00Z"/><Direction v="Z02"/><Quantity v="9835158"/><MeasureUnit v="KW1"/></Period><Period><TimeInterval v="2016-12-18T14:00Z/2016-12-18T15:00Z"/><Direction v="Z02"/><Quantity v="9906853"/><MeasureUnit v="KW1"/></Period><Period><TimeInterval v="2016-12-18T15:00Z/2016-12-18T16:00Z"/><Direction v="Z02"/><Quantity v="9885675"/><MeasureUnit v="KW1"/></Period><Period><TimeInterval v="2016-12-18T16:00Z/2016-12-18T17:00Z"/><Direction v="Z02"/><Quantity v="9849375"/><MeasureUnit v="KW1"/></Period><Period><TimeInterval v="2016-12-18T17:00Z/2016-12-18T18:00Z"/><Direction v="Z02"/><Quantity v="9862665"/><MeasureUnit v="KW1"/></Period><Period><TimeInterval v="2016-12-18T18:00Z/2016-12-18T19:00Z"/><Direction v="Z02"/><Quantity v="9848986"/><MeasureUnit v="KW1"/></Period><Period><TimeInterval v="2016-12-18T19:00Z/2016-12-18T20:00Z"/><Direction v="Z02"/><Quantity v="9846656"/><MeasureUnit v="KW1"/></Period><Period><TimeInterval v="2016-12-18T20:00Z/2016-12-18T21:00Z"/><Direction v="Z02"/><Quantity v="9847680"/><MeasureUnit v="KW1"/></Period><Period><TimeInterval v="2016-12-18T21:00Z/2016-12-18T22:00Z"/><Direction v="Z02"/><Quantity v="9803361"/><MeasureUnit v="KW1"/></Period><Period><TimeInterval v="2016-12-18T22:00Z/2016-12-18T23:00Z"/><Direction v="Z02"/><Quantity v="9774212"/><MeasureUnit v="KW1"/></Period><Period><TimeInterval v="2016-12-18T23:00Z/2016-12-19T00:00Z"/><Direction v="Z02"/><Quantity v="9775123"/><MeasureUnit v="KW1"/></Period><Period><TimeInterval v="2016-12-19T00:00Z/2016-12-19T01:00Z"/><Direction v="Z02"/><Quantity v="9800108"/><MeasureUnit v="KW1"/></Period><Period><TimeInterval v="2016-12-19T01:00Z/2016-12-19T02:00Z"/><Direction v="Z02"/><Quantity v="9513908"/><MeasureUnit v="KW1"/></Period><Period><TimeInterval v="2016-12-19T02:00Z/2016-12-19T03:00Z"/><Direction v="Z02"/><Quantity v="9394852"/><MeasureUnit v="KW1"/></Period><Period><TimeInterval v="2016-12-19T03:00Z/2016-12-19T04:00Z"/><Direction v="Z02"/><Quantity v="9401726"/><MeasureUnit v="KW1"/></Period><Period><TimeInterval v="2016-12-19T04:00Z/2016-12-19T05:00Z"/><Direction v="Z02"/><Quantity v="9425580"/><MeasureUnit v="KW1"/></Period></Category></ConnectionPoint><ConnectionPoint><Identification v="21Z0000000000163" codingScheme="305"/><Type v="Z25"/><Category><CapacityCode v="Z08"/><Period><TimeInterval v="2016-12-18T05:00Z/2016-12-18T06:00Z"/><Direction v="Z03"/><Quantity v="3766667"/><MeasureUnit v="KW1"/></Period><Period><TimeInterval v="2016-12-18T06:00Z/2016-12-18T07:00Z"/><Direction v="Z03"/><Quantity v="3769445"/><MeasureUnit v="KW1"/></Period><Period><TimeInterval v="2016-12-18T07:00Z/2016-12-18T08:00Z"/><Direction v="Z03"/><Quantity v="3772222"/><MeasureUnit v="KW1"/></Period><Period><TimeInterval v="2016-12-18T08:00Z/2016-12-18T09:00Z"/><Direction v="Z03"/><Quantity v="3783333"/><MeasureUnit v="KW1"/></Period><Period><TimeInterval v="2016-12-18T09:00Z/2016-12-18T10:00Z"/><Direction v="Z03"/><Quantity v="3783333"/><MeasureUnit v="KW1"/></Period><Period><TimeInterval v="2016-12-18T10:00Z/2016-12-18T11:00Z"/><Direction v="Z03"/><Quantity v="3822223"/><MeasureUnit v="KW1"/></Period><Period><TimeInterval v="2016-12-18T11:00Z/2016-12-18T12:00Z"/><Direction v="Z03"/><Quantity v="3791666"/><MeasureUnit v="KW1"/></Period><Period><TimeInterval v="2016-12-18T12:00Z/2016-12-18T13:00Z"/><Direction v="Z03"/><Quantity v="4775000"/><MeasureUnit v="KW1"/></Period><Period><TimeInterval v="2016-12-18T13:00Z/2016-12-18T14:00Z"/><Direction v="Z03"/><Quantity v="4733334"/><MeasureUnit v="KW1"/></Period><Period><TimeInterval v="2016-12-18T14:00Z/2016-12-18T15:00Z"/><Direction v="Z03"/><Quantity v="4772222"/><MeasureUnit v="KW1"/></Period><Period><TimeInterval v="2016-12-18T15:00Z/2016-12-18T16:00Z"/><Direction v="Z03"/><Quantity v="4741667"/><MeasureUnit v="KW1"/></Period><Period><TimeInterval v="2016-12-18T16:00Z/2016-12-18T17:00Z"/><Direction v="Z03"/><Quantity v="4772222"/><MeasureUnit v="KW1"/></Period><Period><TimeInterval v="2016-12-18T17:00Z/2016-12-18T18:00Z"/><Direction v="Z03"/><Quantity v="4761111"/><MeasureUnit v="KW1"/></Period><Period><TimeInterval v="2016-12-18T18:00Z/2016-12-18T19:00Z"/><Direction v="Z03"/><Quantity v="4791667"/><MeasureUnit v="KW1"/></Period><Period><TimeInterval v="2016-12-18T19:00Z/2016-12-18T20:00Z"/><Direction v="Z03"/><Quantity v="4744444"/><MeasureUnit v="KW1"/></Period><Period><TimeInterval v="2016-12-18T20:00Z/2016-12-18T21:00Z"/><Direction v="Z03"/><Quantity v="4786111"/><MeasureUnit v="KW1"/></Period><Period><TimeInterval v="2016-12-18T21:00Z/2016-12-18T22:00Z"/><Direction v="Z03"/><Quantity v="4761111"/><MeasureUnit v="KW1"/></Period><Period><TimeInterval v="2016-12-18T22:00Z/2016-12-18T23:00Z"/><Direction v="Z03"/><Quantity v="4725000"/><MeasureUnit v="KW1"/></Period><Period><TimeInterval v="2016-12-18T23:00Z/2016-12-19T00:00Z"/><Direction v="Z03"/><Quantity v="4788889"/><MeasureUnit v="KW1"/></Period><Period><TimeInterval v="2016-12-19T00:00Z/2016-12-19T01:00Z"/><Direction v="Z03"/><Quantity v="4794445"/><MeasureUnit v="KW1"/></Period><Period><TimeInterval v="2016-12-19T01:00Z/2016-12-19T02:00Z"/><Direction v="Z03"/><Quantity v="4772223"/><MeasureUnit v="KW1"/></Period><Period><TimeInterval v="2016-12-19T02:00Z/2016-12-19T03:00Z"/><Direction v="Z03"/><Quantity v="4752777"/><MeasureUnit v="KW1"/></Period><Period><TimeInterval v="2016-12-19T03:00Z/2016-12-19T04:00Z"/><Direction v="Z03"/><Quantity v="4747223"/><MeasureUnit v="KW1"/></Period><Period><TimeInterval v="2016-12-19T04:00Z/2016-12-19T05:00Z"/><Direction v="Z03"/><Quantity v="4875000"/><MeasureUnit v="KW1"/></Period></Category></ConnectionPoint><ConnectionPoint><Identification v="21Z000000000343P" codingScheme="305"/><Type v="Z31"/><Category><CapacityCode v="Z08"/><Period><TimeInterval v="2016-12-18T05:00Z/2016-12-18T06:00Z"/><Direction v="Z03"/><Quantity v="25890598"/><MeasureUnit v="KW1"/></Period><Period><TimeInterval v="2016-12-18T06:00Z/2016-12-18T07:00Z"/><Direction v="Z03"/><Quantity v="26242362"/><MeasureUnit v="KW1"/></Period><Period><TimeInterval v="2016-12-18T07:00Z/2016-12-18T08:00Z"/><Direction v="Z03"/><Quantity v="26485420"/><MeasureUnit v="KW1"/></Period><Period><TimeInterval v="2016-12-18T08:00Z/2016-12-18T09:00Z"/><Direction v="Z03"/><Quantity v="27506633"/><MeasureUnit v="KW1"/></Period><Period><TimeInterval v="2016-12-18T09:00Z/2016-12-18T10:00Z"/><Direction v="Z03"/><Quantity v="31203111"/><MeasureUnit v="KW1"/></Period><Period><TimeInterval v="2016-12-18T10:00Z/2016-12-18T11:00Z"/><Direction v="Z03"/><Quantity v="33097724"/><MeasureUnit v="KW1"/></Period><Period><TimeInterval v="2016-12-18T11:00Z/2016-12-18T12:00Z"/><Direction v="Z03"/><Quantity v="33436179"/><MeasureUnit v="KW1"/></Period><Period><TimeInterval v="2016-12-18T12:00Z/2016-12-18T13:00Z"/><Direction v="Z03"/><Quantity v="33540425"/><MeasureUnit v="KW1"/></Period><Period><TimeInterval v="2016-12-18T13:00Z/2016-12-18T14:00Z"/><Direction v="Z03"/><Quantity v="36347445"/><MeasureUnit v="KW1"/></Period><Period><TimeInterval v="2016-12-18T14:00Z/2016-12-18T15:00Z"/><Direction v="Z03"/><Quantity v="36247935"/><MeasureUnit v="KW1"/></Period><Period><TimeInterval v="2016-12-18T15:00Z/2016-12-18T16:00Z"/><Direction v="Z03"/><Quantity v="33736990"/><MeasureUnit v="KW1"/></Period><Period><TimeInterval v="2016-12-18T16:00Z/2016-12-18T17:00Z"/><Direction v="Z03"/><Quantity v="33811188"/><MeasureUnit v="KW1"/></Period><Period><TimeInterval v="2016-12-18T17:00Z/2016-12-18T18:00Z"/><Direction v="Z03"/><Quantity v="34038866"/><MeasureUnit v="KW1"/></Period><Period><TimeInterval v="2016-12-18T18:00Z/2016-12-18T19:00Z"/><Direction v="Z03"/><Quantity v="36853566"/><MeasureUnit v="KW1"/></Period><Period><TimeInterval v="2016-12-18T19:00Z/2016-12-18T20:00Z"/><Direction v="Z03"/><Quantity v="37302538"/><MeasureUnit v="KW1"/></Period><Period><TimeInterval v="2016-12-18T20:00Z/2016-12-18T21:00Z"/><Direction v="Z03"/><Quantity v="35919124"/><MeasureUnit v="KW1"/></Period><Period><TimeInterval v="2016-12-18T21:00Z/2016-12-18T22:00Z"/><Direction v="Z03"/><Quantity v="36467519"/><MeasureUnit v="KW1"/></Period><Period><TimeInterval v="2016-12-18T22:00Z/2016-12-18T23:00Z"/><Direction v="Z03"/><Quantity v="33886853"/><MeasureUnit v="KW1"/></Period><Period><TimeInterval v="2016-12-18T23:00Z/2016-12-19T00:00Z"/><Direction v="Z03"/><Quantity v="34375007"/><MeasureUnit v="KW1"/></Period><Period><TimeInterval v="2016-12-19T00:00Z/2016-12-19T01:00Z"/><Direction v="Z03"/><Quantity v="34755908"/><MeasureUnit v="KW1"/></Period><Period><TimeInterval v="2016-12-19T01:00Z/2016-12-19T02:00Z"/><Direction v="Z03"/><Quantity v="37052682"/><MeasureUnit v="KW1"/></Period><Period><TimeInterval v="2016-12-19T02:00Z/2016-12-19T03:00Z"/><Direction v="Z03"/><Quantity v="36289650"/><MeasureUnit v="KW1"/></Period><Period><TimeInterval v="2016-12-19T03:00Z/2016-12-19T04:00Z"/><Direction v="Z03"/><Quantity v="35080375"/><MeasureUnit v="KW1"/></Period><Period><TimeInterval v="2016-12-19T04:00Z/2016-12-19T05:00Z"/><Direction v="Z03"/><Quantity v="33191866"/><MeasureUnit v="KW1"/></Period></Category></ConnectionPoint></TransparencyPublication>