<?xml version="1.0" encoding="UTF-8"?><TransparencyPublication Version="EGAS50" Release="A"><Identification v="TRANPB20170102A103956"/><Version v="1"/><Type v="AL6"/><CreationDateTime v="2017-01-02T07:13:15.836Z"/><ValidityPeriod v="2016-12-05T05:00Z/2016-12-06T05:00Z"/><IssuerIdentification v="21X-DE-C-A0A0A-T" codingScheme="305"/><IssuerRole v="ZSO"/><RecipientIdentification v="10X1001A1001A353" codingScheme="305"/><RecipientRole v="ZUA"/><ConnectionPoint><Identification v="37Z000000006231B" codingScheme="305"/><Type v="Z26"/><Category><CapacityCode v="Z08"/><Period><TimeInterval v="2016-12-05T05:00Z/2016-12-05T06:00Z"/><Direction v="Z02"/><Quantity v="0"/><MeasureUnit v="KW1"/></Period><Period><TimeInterval v="2016-12-05T06:00Z/2016-12-05T07:00Z"/><Direction v="Z02"/><Quantity v="0"/><MeasureUnit v="KW1"/></Period><Period><TimeInterval v="2016-12-05T07:00Z/2016-12-05T08:00Z"/><Direction v="Z02"/><Quantity v="0"/><MeasureUnit v="KW1"/></Period><Period><TimeInterval v="2016-12-05T08:00Z/2016-12-05T09:00Z"/><Direction v="Z02"/><Quantity v="0"/><MeasureUnit v="KW1"/></Period><Period><TimeInterval v="2016-12-05T09:00Z/2016-12-05T10:00Z"/><Direction v="Z02"/><Quantity v="0"/><MeasureUnit v="KW1"/></Period><Period><TimeInterval v="2016-12-05T10:00Z/2016-12-05T11:00Z"/><Direction v="Z02"/><Quantity v="0"/><MeasureUnit v="KW1"/></Period><Period><TimeInterval v="2016-12-05T11:00Z/2016-12-05T12:00Z"/><Direction v="Z02"/><Quantity v="0"/><MeasureUnit v="KW1"/></Period><Period><TimeInterval v="2016-12-05T12:00Z/2016-12-05T13:00Z"/><Direction v="Z02"/><Quantity v="0"/><MeasureUnit v="KW1"/></Period><Period><TimeInterval v="2016-12-05T13:00Z/2016-12-05T14:00Z"/><Direction v="Z02"/><Quantity v="0"/><MeasureUnit v="KW1"/></Period><Period><TimeInterval v="2016-12-05T14:00Z/2016-12-05T15:00Z"/><Direction v="Z02"/><Quantity v="0"/><MeasureUnit v="KW1"/></Period><Period><TimeInterval v="2016-12-05T15:00Z/2016-12-05T16:00Z"/><Direction v="Z02"/><Quantity v="0"/><MeasureUnit v="KW1"/></Period><Period><TimeInterval v="2016-12-05T16:00Z/2016-12-05T17:00Z"/><Direction v="Z02"/><Quantity v="0"/><MeasureUnit v="KW1"/></Period><Period><TimeInterval v="2016-12-05T17:00Z/2016-12-05T18:00Z"/><Direction v="Z02"/><Quantity v="0"/><MeasureUnit v="KW1"/></Period><Period><TimeInterval v="2016-12-05T18:00Z/2016-12-05T19:00Z"/><Direction v="Z02"/><Quantity v="0"/><MeasureUnit v="KW1"/></Period><Period><TimeInterval v="2016-12-05T19:00Z/2016-12-05T20:00Z"/><Direction v="Z02"/><Quantity v="0"/><MeasureUnit v="KW1"/></Period><Period><TimeInterval v="2016-12-05T20:00Z/2016-12-05T21:00Z"/><Direction v="Z02"/><Quantity v="0"/><MeasureUnit v="KW1"/></Period><Period><TimeInterval v="2016-12-05T21:00Z/2016-12-05T22:00Z"/><Direction v="Z02"/><Quantity v="0"/><MeasureUnit v="KW1"/></Period><Period><TimeInterval v="2016-12-05T22:00Z/2016-12-05T23:00Z"/><Direction v="Z02"/><Quantity v="0"/><MeasureUnit v="KW1"/></Period><Period><TimeInterval v="2016-12-05T23:00Z/2016-12-06T00:00Z"/><Direction v="Z02"/><Quantity v="0"/><MeasureUnit v="KW1"/></Period><Period><TimeInterval v="2016-12-06T00:00Z/2016-12-06T01:00Z"/><Direction v="Z02"/><Quantity v="0"/><MeasureUnit v="KW1"/></Period><Period><TimeInterval v="2016-12-06T01:00Z/2016-12-06T02:00Z"/><Direction v="Z02"/><Quantity v="0"/><MeasureUnit v="KW1"/></Period><Period><TimeInterval v="2016-12-06T02:00Z/2016-12-06T03:00Z"/><Direction v="Z02"/><Quantity v="0"/><MeasureUnit v="KW1"/></Period><Period><TimeInterval v="2016-12-06T03:00Z/2016-12-06T04:00Z"/><Direction v="Z02"/><Quantity v="0"/><MeasureUnit v="KW1"/></Period><Period><TimeInterval v="2016-12-06T04:00Z/2016-12-06T05:00Z"/><Direction v="Z02"/><Quantity v="0"/><MeasureUnit v="KW1"/></Period></Category></ConnectionPoint><ConnectionPoint><Identification v="21Z000000000071W" codingScheme="305"/><Type v="Z25"/><Category><CapacityCode v="Z08"/><Period><TimeInterval v="2016-12-05T05:00Z/2016-12-05T06:00Z"/><Direction v="Z02"/><Quantity v="12152024"/><MeasureUnit v="KW1"/></Period><Period><TimeInterval v="2016-12-05T06:00Z/2016-12-05T07:00Z"/><Direction v="Z02"/><Quantity v="12427110"/><MeasureUnit v="KW1"/></Period><Period><TimeInterval v="2016-12-05T07:00Z/2016-12-05T08:00Z"/><Direction v="Z02"/><Quantity v="12435876"/><MeasureUnit v="KW1"/></Period><Period><TimeInterval v="2016-12-05T08:00Z/2016-12-05T09:00Z"/><Direction v="Z02"/><Quantity v="12376710"/><MeasureUnit v="KW1"/></Period><Period><TimeInterval v="2016-12-05T09:00Z/2016-12-05T10:00Z"/><Direction v="Z02"/><Quantity v="12499162"/><MeasureUnit v="KW1"/></Period><Period><TimeInterval v="2016-12-05T10:00Z/2016-12-05T11:00Z"/><Direction v="Z02"/><Quantity v="12473008"/><MeasureUnit v="KW1"/></Period><Period><TimeInterval v="2016-12-05T11:00Z/2016-12-05T12:00Z"/><Direction v="Z02"/><Quantity v="12337413"/><MeasureUnit v="KW1"/></Period><Period><TimeInterval v="2016-12-05T12:00Z/2016-12-05T13:00Z"/><Direction v="Z02"/><Quantity v="12347983"/><MeasureUnit v="KW1"/></Period><Period><TimeInterval v="2016-12-05T13:00Z/2016-12-05T14:00Z"/><Direction v="Z02"/><Quantity v="12456119"/><MeasureUnit v="KW1"/></Period><Period><TimeInterval v="2016-12-05T14:00Z/2016-12-05T15:00Z"/><Direction v="Z02"/><Quantity v="12602595"/><MeasureUnit v="KW1"/></Period><Period><TimeInterval v="2016-12-05T15:00Z/2016-12-05T16:00Z"/><Direction v="Z02"/><Quantity v="12500276"/><MeasureUnit v="KW1"/></Period><Period><TimeInterval v="2016-12-05T16:00Z/2016-12-05T17:00Z"/><Direction v="Z02"/><Quantity v="10275834"/><MeasureUnit v="KW1"/></Period><Period><TimeInterval v="2016-12-05T17:00Z/2016-12-05T18:00Z"/><Direction v="Z02"/><Quantity v="9861522"/><MeasureUnit v="KW1"/></Period><Period><TimeInterval v="2016-12-05T18:00Z/2016-12-05T19:00Z"/><Direction v="Z02"/><Quantity v="9947970"/><MeasureUnit v="KW1"/></Period><Period><TimeInterval v="2016-12-05T19:00Z/2016-12-05T20:00Z"/><Direction v="Z02"/><Quantity v="9431381"/><MeasureUnit v="KW1"/></Period><Period><TimeInterval v="2016-12-05T20:00Z/2016-12-05T21:00Z"/><Direction v="Z02"/><Quantity v="8944852"/><MeasureUnit v="KW1"/></Period><Period><TimeInterval v="2016-12-05T21:00Z/2016-12-05T22:00Z"/><Direction v="Z02"/><Quantity v="8890240"/><MeasureUnit v="KW1"/></Period><Period><TimeInterval v="2016-12-05T22:00Z/2016-12-05T23:00Z"/><Direction v="Z02"/><Quantity v="9427645"/><MeasureUnit v="KW1"/></Period><Period><TimeInterval v="2016-12-05T23:00Z/2016-12-06T00:00Z"/><Direction v="Z02"/><Quantity v="9441475"/><MeasureUnit v="KW1"/></Period><Period><TimeInterval v="2016-12-06T00:00Z/2016-12-06T01:00Z"/><Direction v="Z02"/><Quantity v="9488419"/><MeasureUnit v="KW1"/></Period><Period><TimeInterval v="2016-12-06T01:00Z/2016-12-06T02:00Z"/><Direction v="Z02"/><Quantity v="9523346"/><MeasureUnit v="KW1"/></Period><Period><TimeInterval v="2016-12-06T02:00Z/2016-12-06T03:00Z"/><Direction v="Z02"/><Quantity v="9564918"/><MeasureUnit v="KW1"/></Period><Period><TimeInterval v="2016-12-06T03:00Z/2016-12-06T04:00Z"/><Direction v="Z02"/><Quantity v="9522379"/><MeasureUnit v="KW1"/></Period><Period><TimeInterval v="2016-12-06T04:00Z/2016-12-06T05:00Z"/><Direction v="Z02"/><Quantity v="9475265"/><MeasureUnit v="KW1"/></Period></Category></ConnectionPoint><ConnectionPoint><Identification v="21Z0000000000163" codingScheme="305"/><Type v="Z25"/><Category><CapacityCode v="Z08"/><Period><TimeInterval v="2016-12-05T05:00Z/2016-12-05T06:00Z"/><Direction v="Z03"/><Quantity v="7258333"/><MeasureUnit v="KW1"/></Period><Period><TimeInterval v="2016-12-05T06:00Z/2016-12-05T07:00Z"/><Direction v="Z03"/><Quantity v="7280556"/><MeasureUnit v="KW1"/></Period><Period><TimeInterval v="2016-12-05T07:00Z/2016-12-05T08:00Z"/><Direction v="Z03"/><Quantity v="7300000"/><MeasureUnit v="KW1"/></Period><Period><TimeInterval v="2016-12-05T08:00Z/2016-12-05T09:00Z"/><Direction v="Z03"/><Quantity v="7255555"/><MeasureUnit v="KW1"/></Period><Period><TimeInterval v="2016-12-05T09:00Z/2016-12-05T10:00Z"/><Direction v="Z03"/><Quantity v="7227778"/><MeasureUnit v="KW1"/></Period><Period><TimeInterval v="2016-12-05T10:00Z/2016-12-05T11:00Z"/><Direction v="Z03"/><Quantity v="7183333"/><MeasureUnit v="KW1"/></Period><Period><TimeInterval v="2016-12-05T11:00Z/2016-12-05T12:00Z"/><Direction v="Z03"/><Quantity v="7177778"/><MeasureUnit v="KW1"/></Period><Period><TimeInterval v="2016-12-05T12:00Z/2016-12-05T13:00Z"/><Direction v="Z03"/><Quantity v="7177778"/><MeasureUnit v="KW1"/></Period><Period><TimeInterval v="2016-12-05T13:00Z/2016-12-05T14:00Z"/><Direction v="Z03"/><Quantity v="7175000"/><MeasureUnit v="KW1"/></Period><Period><TimeInterval v="2016-12-05T14:00Z/2016-12-05T15:00Z"/><Direction v="Z03"/><Quantity v="7400000"/><MeasureUnit v="KW1"/></Period><Period><TimeInterval v="2016-12-05T15:00Z/2016-12-05T16:00Z"/><Direction v="Z03"/><Quantity v="7450000"/><MeasureUnit v="KW1"/></Period><Period><TimeInterval v="2016-12-05T16:00Z/2016-12-05T17:00Z"/><Direction v="Z03"/><Quantity v="7472222"/><MeasureUnit v="KW1"/></Period><Period><TimeInterval v="2016-12-05T17:00Z/2016-12-05T18:00Z"/><Direction v="Z03"/><Quantity v="7466667"/><MeasureUnit v="KW1"/></Period><Period><TimeInterval v="2016-12-05T18:00Z/2016-12-05T19:00Z"/><Direction v="Z03"/><Quantity v="7452777"/><MeasureUnit v="KW1"/></Period><Period><TimeInterval v="2016-12-05T19:00Z/2016-12-05T20:00Z"/><Direction v="Z03"/><Quantity v="7458334"/><MeasureUnit v="KW1"/></Period><Period><TimeInterval v="2016-12-05T20:00Z/2016-12-05T21:00Z"/><Direction v="Z03"/><Quantity v="7402778"/><MeasureUnit v="KW1"/></Period><Period><TimeInterval v="2016-12-05T21:00Z/2016-12-05T22:00Z"/><Direction v="Z03"/><Quantity v="7397222"/><MeasureUnit v="KW1"/></Period><Period><TimeInterval v="2016-12-05T22:00Z/2016-12-05T23:00Z"/><Direction v="Z03"/><Quantity v="7430555"/><MeasureUnit v="KW1"/></Period><Period><TimeInterval v="2016-12-05T23:00Z/2016-12-06T00:00Z"/><Direction v="Z03"/><Quantity v="7400000"/><MeasureUnit v="KW1"/></Period><Period><TimeInterval v="2016-12-06T00:00Z/2016-12-06T01:00Z"/><Direction v="Z03"/><Quantity v="7422223"/><MeasureUnit v="KW1"/></Period><Period><TimeInterval v="2016-12-06T01:00Z/2016-12-06T02:00Z"/><Direction v="Z03"/><Quantity v="7400000"/><MeasureUnit v="KW1"/></Period><Period><TimeInterval v="2016-12-06T02:00Z/2016-12-06T03:00Z"/><Direction v="Z03"/><Quantity v="7425000"/><MeasureUnit v="KW1"/></Period><Period><TimeInterval v="2016-12-06T03:00Z/2016-12-06T04:00Z"/><Direction v="Z03"/><Quantity v="7400000"/><MeasureUnit v="KW1"/></Period><Period><TimeInterval v="2016-12-06T04:00Z/2016-12-06T05:00Z"/><Direction v="Z03"/><Quantity v="7363888"/><MeasureUnit v="KW1"/></Period></Category></ConnectionPoint><ConnectionPoint><Identification v="37Y000000000288Q" codingScheme="305"/><Type v="Z26"/><Category><CapacityCode v="Z08"/><Period><TimeInterval v="2016-12-05T05:00Z/2016-12-05T06:00Z"/><Direction v="Z02"/><Quantity v="2453807"/><MeasureUnit v="KW1"/></Period><Period><TimeInterval v="2016-12-05T06:00Z/2016-12-05T07:00Z"/><Direction v="Z02"/><Quantity v="2741046"/><MeasureUnit v="KW1"/></Period><Period><TimeInterval v="2016-12-05T07:00Z/2016-12-05T08:00Z"/><Direction v="Z02"/><Quantity v="2861605"/><MeasureUnit v="KW1"/></Period><Period><TimeInterval v="2016-12-05T08:00Z/2016-12-05T09:00Z"/><Direction v="Z02"/><Quantity v="3034397"/><MeasureUnit v="KW1"/></Period><Period><TimeInterval v="2016-12-05T09:00Z/2016-12-05T10:00Z"/><Direction v="Z02"/><Quantity v="2950979"/><MeasureUnit v="KW1"/></Period><Period><TimeInterval v="2016-12-05T10:00Z/2016-12-05T11:00Z"/><Direction v="Z02"/><Quantity v="2748098"/><MeasureUnit v="KW1"/></Period><Period><TimeInterval v="2016-12-05T11:00Z/2016-12-05T12:00Z"/><Direction v="Z02"/><Quantity v="2602704"/><MeasureUnit v="KW1"/></Period><Period><TimeInterval v="2016-12-05T12:00Z/2016-12-05T13:00Z"/><Direction v="Z02"/><Quantity v="2202057"/><MeasureUnit v="KW1"/></Period><Period><TimeInterval v="2016-12-05T13:00Z/2016-12-05T14:00Z"/><Direction v="Z02"/><Quantity v="2051200"/><MeasureUnit v="KW1"/></Period><Period><TimeInterval v="2016-12-05T14:00Z/2016-12-05T15:00Z"/><Direction v="Z02"/><Quantity v="2122877"/><MeasureUnit v="KW1"/></Period><Period><TimeInterval v="2016-12-05T15:00Z/2016-12-05T16:00Z"/><Direction v="Z02"/><Quantity v="2338022"/><MeasureUnit v="KW1"/></Period><Period><TimeInterval v="2016-12-05T16:00Z/2016-12-05T17:00Z"/><Direction v="Z02"/><Quantity v="2532049"/><MeasureUnit v="KW1"/></Period><Period><TimeInterval v="2016-12-05T17:00Z/2016-12-05T18:00Z"/><Direction v="Z02"/><Quantity v="2546132"/><MeasureUnit v="KW1"/></Period><Period><TimeInterval v="2016-12-05T18:00Z/2016-12-05T19:00Z"/><Direction v="Z02"/><Quantity v="2468147"/><MeasureUnit v="KW1"/></Period><Period><TimeInterval v="2016-12-05T19:00Z/2016-12-05T20:00Z"/><Direction v="Z02"/><Quantity v="2429386"/><MeasureUnit v="KW1"/></Period><Period><TimeInterval v="2016-12-05T20:00Z/2016-12-05T21:00Z"/><Direction v="Z02"/><Quantity v="2356450"/><MeasureUnit v="KW1"/></Period><Period><TimeInterval v="2016-12-05T21:00Z/2016-12-05T22:00Z"/><Direction v="Z02"/><Quantity v="1944797"/><MeasureUnit v="KW1"/></Period><Period><TimeInterval v="2016-12-05T22:00Z/2016-12-05T23:00Z"/><Direction v="Z02"/><Quantity v="1500127"/><MeasureUnit v="KW1"/></Period><Period><TimeInterval v="2016-12-05T23:00Z/2016-12-06T00:00Z"/><Direction v="Z02"/><Quantity v="1499030"/><MeasureUnit v="KW1"/></Period><Period><TimeInterval v="2016-12-06T00:00Z/2016-12-06T01:00Z"/><Direction v="Z02"/><Quantity v="1850487"/><MeasureUnit v="KW1"/></Period><Period><TimeInterval v="2016-12-06T01:00Z/2016-12-06T02:00Z"/><Direction v="Z02"/><Quantity v="1899072"/><MeasureUnit v="KW1"/></Period><Period><TimeInterval v="2016-12-06T02:00Z/2016-12-06T03:00Z"/><Direction v="Z02"/><Quantity v="1936212"/><MeasureUnit v="KW1"/></Period><Period><TimeInterval v="2016-12-06T03:00Z/2016-12-06T04:00Z"/><Direction v="Z02"/><Quantity v="2013146"/><MeasureUnit v="KW1"/></Period><Period><TimeInterval v="2016-12-06T04:00Z/2016-12-06T05:00Z"/><Direction v="Z02"/><Quantity v="2475931"/><MeasureUnit v="KW1"/></Period></Category></ConnectionPoint><ConnectionPoint><Identification v="21Z000000000343P" codingScheme="305"/><Type v="Z31"/><Category><CapacityCode v="Z08"/><Period><TimeInterval v="2016-12-05T05:00Z/2016-12-05T06:00Z"/><Direction v="Z03"/><Quantity v="20552661"/><MeasureUnit v="KW1"/></Period><Period><TimeInterval v="2016-12-05T06:00Z/2016-12-05T07:00Z"/><Direction v="Z03"/><Quantity v="29949715"/><MeasureUnit v="KW1"/></Period><Period><TimeInterval v="2016-12-05T07:00Z/2016-12-05T08:00Z"/><Direction v="Z03"/><Quantity v="34688873"/><MeasureUnit v="KW1"/></Period><Period><TimeInterval v="2016-12-05T08:00Z/2016-12-05T09:00Z"/><Direction v="Z03"/><Quantity v="34787362"/><MeasureUnit v="KW1"/></Period><Period><TimeInterval v="2016-12-05T09:00Z/2016-12-05T10:00Z"/><Direction v="Z03"/><Quantity v="41358884"/><MeasureUnit v="KW1"/></Period><Period><TimeInterval v="2016-12-05T10:00Z/2016-12-05T11:00Z"/><Direction v="Z03"/><Quantity v="42099176"/><MeasureUnit v="KW1"/></Period><Period><TimeInterval v="2016-12-05T11:00Z/2016-12-05T12:00Z"/><Direction v="Z03"/><Quantity v="41520947"/><MeasureUnit v="KW1"/></Period><Period><TimeInterval v="2016-12-05T12:00Z/2016-12-05T13:00Z"/><Direction v="Z03"/><Quantity v="42030256"/><MeasureUnit v="KW1"/></Period><Period><TimeInterval v="2016-12-05T13:00Z/2016-12-05T14:00Z"/><Direction v="Z03"/><Quantity v="42589897"/><MeasureUnit v="KW1"/></Period><Period><TimeInterval v="2016-12-05T14:00Z/2016-12-05T15:00Z"/><Direction v="Z03"/><Quantity v="40419671"/><MeasureUnit v="KW1"/></Period><Period><TimeInterval v="2016-12-05T15:00Z/2016-12-05T16:00Z"/><Direction v="Z03"/><Quantity v="40247946"/><MeasureUnit v="KW1"/></Period><Period><TimeInterval v="2016-12-05T16:00Z/2016-12-05T17:00Z"/><Direction v="Z03"/><Quantity v="40888771"/><MeasureUnit v="KW1"/></Period><Period><TimeInterval v="2016-12-05T17:00Z/2016-12-05T18:00Z"/><Direction v="Z03"/><Quantity v="42357373"/><MeasureUnit v="KW1"/></Period><Period><TimeInterval v="2016-12-05T18:00Z/2016-12-05T19:00Z"/><Direction v="Z03"/><Quantity v="43515756"/><MeasureUnit v="KW1"/></Period><Period><TimeInterval v="2016-12-05T19:00Z/2016-12-05T20:00Z"/><Direction v="Z03"/><Quantity v="42932096"/><MeasureUnit v="KW1"/></Period><Period><TimeInterval v="2016-12-05T20:00Z/2016-12-05T21:00Z"/><Direction v="Z03"/><Quantity v="42508594"/><MeasureUnit v="KW1"/></Period><Period><TimeInterval v="2016-12-05T21:00Z/2016-12-05T22:00Z"/><Direction v="Z03"/><Quantity v="41589394"/><MeasureUnit v="KW1"/></Period><Period><TimeInterval v="2016-12-05T22:00Z/2016-12-05T23:00Z"/><Direction v="Z03"/><Quantity v="41642400"/><MeasureUnit v="KW1"/></Period><Period><TimeInterval v="2016-12-05T23:00Z/2016-12-06T00:00Z"/><Direction v="Z03"/><Quantity v="38077412"/><MeasureUnit v="KW1"/></Period><Period><TimeInterval v="2016-12-06T00:00Z/2016-12-06T01:00Z"/><Direction v="Z03"/><Quantity v="40077749"/><MeasureUnit v="KW1"/></Period><Period><TimeInterval v="2016-12-06T01:00Z/2016-12-06T02:00Z"/><Direction v="Z03"/><Quantity v="41472256"/><MeasureUnit v="KW1"/></Period><Period><TimeInterval v="2016-12-06T02:00Z/2016-12-06T03:00Z"/><Direction v="Z03"/><Quantity v="36664121"/><MeasureUnit v="KW1"/></Period><Period><TimeInterval v="2016-12-06T03:00Z/2016-12-06T04:00Z"/><Direction v="Z03"/><Quantity v="38594901"/><MeasureUnit v="KW1"/></Period><Period><TimeInterval v="2016-12-06T04:00Z/2016-12-06T05:00Z"/><Direction v="Z03"/><Quantity v="39549380"/><MeasureUnit v="KW1"/></Period></Category></ConnectionPoint></TransparencyPublication>