<?xml version="1.0" encoding="UTF-8"?><TransparencyPublication Version="EGAS50" Release="A"><Identification v="TRANPB20170102A103916"/><Version v="1"/><Type v="AL5"/><CreationDateTime v="2017-01-02T07:11:05.321Z"/><ValidityPeriod v="2016-10-29T04:00Z/2016-10-30T05:00Z"/><IssuerIdentification v="21X-DE-C-A0A0A-T" codingScheme="305"/><IssuerRole v="ZSO"/><RecipientIdentification v="10X1001A1001A353" codingScheme="305"/><RecipientRole v="ZUA"/><ConnectionPoint><Identification v="21Z000000000075O" codingScheme="305"/><Type v="Z25"/><Category><CapacityCode v="Z06"/><Period><TimeInterval v="2016-10-29T04:00Z/2016-10-29T05:00Z"/><Direction v="Z02"/><Quantity v="3468367"/><MeasureUnit v="KW1"/></Period><Period><TimeInterval v="2016-10-29T05:00Z/2016-10-29T06:00Z"/><Direction v="Z02"/><Quantity v="3238137"/><MeasureUnit v="KW1"/></Period><Period><TimeInterval v="2016-10-29T06:00Z/2016-10-29T07:00Z"/><Direction v="Z02"/><Quantity v="3238137"/><MeasureUnit v="KW1"/></Period><Period><TimeInterval v="2016-10-29T07:00Z/2016-10-29T08:00Z"/><Direction v="Z02"/><Quantity v="3238137"/><MeasureUnit v="KW1"/></Period><Period><TimeInterval v="2016-10-29T08:00Z/2016-10-29T09:00Z"/><Direction v="Z02"/><Quantity v="3238137"/><MeasureUnit v="KW1"/></Period><Period><TimeInterval v="2016-10-29T09:00Z/2016-10-29T10:00Z"/><Direction v="Z02"/><Quantity v="3238137"/><MeasureUnit v="KW1"/></Period><Period><TimeInterval v="2016-10-29T10:00Z/2016-10-29T11:00Z"/><Direction v="Z02"/><Quantity v="3238137"/><MeasureUnit v="KW1"/></Period><Period><TimeInterval v="2016-10-29T11:00Z/2016-10-29T12:00Z"/><Direction v="Z02"/><Quantity v="3238137"/><MeasureUnit v="KW1"/></Period><Period><TimeInterval v="2016-10-29T12:00Z/2016-10-29T13:00Z"/><Direction v="Z02"/><Quantity v="3238137"/><MeasureUnit v="KW1"/></Period><Period><TimeInterval v="2016-10-29T13:00Z/2016-10-29T14:00Z"/><Direction v="Z02"/><Quantity v="3238137"/><MeasureUnit v="KW1"/></Period><Period><TimeInterval v="2016-10-29T14:00Z/2016-10-29T15:00Z"/><Direction v="Z02"/><Quantity v="3238137"/><MeasureUnit v="KW1"/></Period><Period><TimeInterval v="2016-10-29T15:00Z/2016-10-29T16:00Z"/><Direction v="Z02"/><Quantity v="3238137"/><MeasureUnit v="KW1"/></Period><Period><TimeInterval v="2016-10-29T16:00Z/2016-10-29T17:00Z"/><Direction v="Z02"/><Quantity v="3238137"/><MeasureUnit v="KW1"/></Period><Period><TimeInterval v="2016-10-29T17:00Z/2016-10-29T18:00Z"/><Direction v="Z02"/><Quantity v="3238137"/><MeasureUnit v="KW1"/></Period><Period><TimeInterval v="2016-10-29T18:00Z/2016-10-29T19:00Z"/><Direction v="Z02"/><Quantity v="3238137"/><MeasureUnit v="KW1"/></Period><Period><TimeInterval v="2016-10-29T19:00Z/2016-10-29T20:00Z"/><Direction v="Z02"/><Quantity v="3238137"/><MeasureUnit v="KW1"/></Period><Period><TimeInterval v="2016-10-29T20:00Z/2016-10-29T21:00Z"/><Direction v="Z02"/><Quantity v="3238137"/><MeasureUnit v="KW1"/></Period><Period><TimeInterval v="2016-10-29T21:00Z/2016-10-29T22:00Z"/><Direction v="Z02"/><Quantity v="3238137"/><MeasureUnit v="KW1"/></Period><Period><TimeInterval v="2016-10-29T22:00Z/2016-10-29T23:00Z"/><Direction v="Z02"/><Quantity v="3238137"/><MeasureUnit v="KW1"/></Period><Period><TimeInterval v="2016-10-29T23:00Z/2016-10-30T00:00Z"/><Direction v="Z02"/><Quantity v="3238137"/><MeasureUnit v="KW1"/></Period><Period><TimeInterval v="2016-10-30T00:00Z/2016-10-30T01:00Z"/><Direction v="Z02"/><Quantity v="6476274"/><MeasureUnit v="KW1"/></Period><Period><TimeInterval v="2016-10-30T01:00Z/2016-10-30T02:00Z"/><Direction v="Z02"/><Quantity v="0"/><MeasureUnit v="KW1"/></Period><Period><TimeInterval v="2016-10-30T02:00Z/2016-10-30T03:00Z"/><Direction v="Z02"/><Quantity v="3238137"/><MeasureUnit v="KW1"/></Period><Period><TimeInterval v="2016-10-30T03:00Z/2016-10-30T04:00Z"/><Direction v="Z02"/><Quantity v="3238137"/><MeasureUnit v="KW1"/></Period><Period><TimeInterval v="2016-10-30T04:00Z/2016-10-30T05:00Z"/><Direction v="Z02"/><Quantity v="3238137"/><MeasureUnit v="KW1"/></Period></Category><Category><CapacityCode v="Z07"/><Period><TimeInterval v="2016-10-29T04:00Z/2016-10-29T05:00Z"/><Direction v="Z02"/><Quantity v="2977731"/><MeasureUnit v="KW1"/></Period><Period><TimeInterval v="2016-10-29T05:00Z/2016-10-29T06:00Z"/><Direction v="Z02"/><Quantity v="2977731"/><MeasureUnit v="KW1"/></Period><Period><TimeInterval v="2016-10-29T06:00Z/2016-10-29T07:00Z"/><Direction v="Z02"/><Quantity v="2977731"/><MeasureUnit v="KW1"/></Period><Period><TimeInterval v="2016-10-29T07:00Z/2016-10-29T08:00Z"/><Direction v="Z02"/><Quantity v="2977731"/><MeasureUnit v="KW1"/></Period><Period><TimeInterval v="2016-10-29T08:00Z/2016-10-29T09:00Z"/><Direction v="Z02"/><Quantity v="2977731"/><MeasureUnit v="KW1"/></Period><Period><TimeInterval v="2016-10-29T09:00Z/2016-10-29T10:00Z"/><Direction v="Z02"/><Quantity v="2977731"/><MeasureUnit v="KW1"/></Period><Period><TimeInterval v="2016-10-29T10:00Z/2016-10-29T11:00Z"/><Direction v="Z02"/><Quantity v="2977731"/><MeasureUnit v="KW1"/></Period><Period><TimeInterval v="2016-10-29T11:00Z/2016-10-29T12:00Z"/><Direction v="Z02"/><Quantity v="2977731"/><MeasureUnit v="KW1"/></Period><Period><TimeInterval v="2016-10-29T12:00Z/2016-10-29T13:00Z"/><Direction v="Z02"/><Quantity v="2977731"/><MeasureUnit v="KW1"/></Period><Period><TimeInterval v="2016-10-29T13:00Z/2016-10-29T14:00Z"/><Direction v="Z02"/><Quantity v="2977731"/><MeasureUnit v="KW1"/></Period><Period><TimeInterval v="2016-10-29T14:00Z/2016-10-29T15:00Z"/><Direction v="Z02"/><Quantity v="2977731"/><MeasureUnit v="KW1"/></Period><Period><TimeInterval v="2016-10-29T15:00Z/2016-10-29T16:00Z"/><Direction v="Z02"/><Quantity v="2977731"/><MeasureUnit v="KW1"/></Period><Period><TimeInterval v="2016-10-29T16:00Z/2016-10-29T17:00Z"/><Direction v="Z02"/><Quantity v="2977731"/><MeasureUnit v="KW1"/></Period><Period><TimeInterval v="2016-10-29T17:00Z/2016-10-29T18:00Z"/><Direction v="Z02"/><Quantity v="2977731"/><MeasureUnit v="KW1"/></Period><Period><TimeInterval v="2016-10-29T18:00Z/2016-10-29T19:00Z"/><Direction v="Z02"/><Quantity v="2977731"/><MeasureUnit v="KW1"/></Period><Period><TimeInterval v="2016-10-29T19:00Z/2016-10-29T20:00Z"/><Direction v="Z02"/><Quantity v="2977731"/><MeasureUnit v="KW1"/></Period><Period><TimeInterval v="2016-10-29T20:00Z/2016-10-29T21:00Z"/><Direction v="Z02"/><Quantity v="2977731"/><MeasureUnit v="KW1"/></Period><Period><TimeInterval v="2016-10-29T21:00Z/2016-10-29T22:00Z"/><Direction v="Z02"/><Quantity v="2977731"/><MeasureUnit v="KW1"/></Period><Period><TimeInterval v="2016-10-29T22:00Z/2016-10-29T23:00Z"/><Direction v="Z02"/><Quantity v="2977731"/><MeasureUnit v="KW1"/></Period><Period><TimeInterval v="2016-10-29T23:00Z/2016-10-30T00:00Z"/><Direction v="Z02"/><Quantity v="2977731"/><MeasureUnit v="KW1"/></Period><Period><TimeInterval v="2016-10-30T00:00Z/2016-10-30T01:00Z"/><Direction v="Z02"/><Quantity v="5955462"/><MeasureUnit v="KW1"/></Period><Period><TimeInterval v="2016-10-30T01:00Z/2016-10-30T02:00Z"/><Direction v="Z02"/><Quantity v="0"/><MeasureUnit v="KW1"/></Period><Period><TimeInterval v="2016-10-30T02:00Z/2016-10-30T03:00Z"/><Direction v="Z02"/><Quantity v="2977731"/><MeasureUnit v="KW1"/></Period><Period><TimeInterval v="2016-10-30T03:00Z/2016-10-30T04:00Z"/><Direction v="Z02"/><Quantity v="2977731"/><MeasureUnit v="KW1"/></Period><Period><TimeInterval v="2016-10-30T04:00Z/2016-10-30T05:00Z"/><Direction v="Z02"/><Quantity v="2977731"/><MeasureUnit v="KW1"/></Period></Category><Category><CapacityCode v="Z09"/><Period><TimeInterval v="2016-10-29T04:00Z/2016-10-29T05:00Z"/><Direction v="Z02"/><Quantity v="27526"/><MeasureUnit v="KW1"/></Period><Period><TimeInterval v="2016-10-29T05:00Z/2016-10-29T06:00Z"/><Direction v="Z02"/><Quantity v="257305"/><MeasureUnit v="KW1"/></Period><Period><TimeInterval v="2016-10-29T06:00Z/2016-10-29T07:00Z"/><Direction v="Z02"/><Quantity v="257753"/><MeasureUnit v="KW1"/></Period><Period><TimeInterval v="2016-10-29T07:00Z/2016-10-29T08:00Z"/><Direction v="Z02"/><Quantity v="257753"/><MeasureUnit v="KW1"/></Period><Period><TimeInterval v="2016-10-29T08:00Z/2016-10-29T09:00Z"/><Direction v="Z02"/><Quantity v="257753"/><MeasureUnit v="KW1"/></Period><Period><TimeInterval v="2016-10-29T09:00Z/2016-10-29T10:00Z"/><Direction v="Z02"/><Quantity v="257753"/><MeasureUnit v="KW1"/></Period><Period><TimeInterval v="2016-10-29T10:00Z/2016-10-29T11:00Z"/><Direction v="Z02"/><Quantity v="257753"/><MeasureUnit v="KW1"/></Period><Period><TimeInterval v="2016-10-29T11:00Z/2016-10-29T12:00Z"/><Direction v="Z02"/><Quantity v="257753"/><MeasureUnit v="KW1"/></Period><Period><TimeInterval v="2016-10-29T12:00Z/2016-10-29T13:00Z"/><Direction v="Z02"/><Quantity v="257753"/><MeasureUnit v="KW1"/></Period><Period><TimeInterval v="2016-10-29T13:00Z/2016-10-29T14:00Z"/><Direction v="Z02"/><Quantity v="257753"/><MeasureUnit v="KW1"/></Period><Period><TimeInterval v="2016-10-29T14:00Z/2016-10-29T15:00Z"/><Direction v="Z02"/><Quantity v="257753"/><MeasureUnit v="KW1"/></Period><Period><TimeInterval v="2016-10-29T15:00Z/2016-10-29T16:00Z"/><Direction v="Z02"/><Quantity v="257753"/><MeasureUnit v="KW1"/></Period><Period><TimeInterval v="2016-10-29T16:00Z/2016-10-29T17:00Z"/><Direction v="Z02"/><Quantity v="257753"/><MeasureUnit v="KW1"/></Period><Period><TimeInterval v="2016-10-29T17:00Z/2016-10-29T18:00Z"/><Direction v="Z02"/><Quantity v="261753"/><MeasureUnit v="KW1"/></Period><Period><TimeInterval v="2016-10-29T18:00Z/2016-10-29T19:00Z"/><Direction v="Z02"/><Quantity v="31753"/><MeasureUnit v="KW1"/></Period><Period><TimeInterval v="2016-10-29T19:00Z/2016-10-29T20:00Z"/><Direction v="Z02"/><Quantity v="31753"/><MeasureUnit v="KW1"/></Period><Period><TimeInterval v="2016-10-29T20:00Z/2016-10-29T21:00Z"/><Direction v="Z02"/><Quantity v="31753"/><MeasureUnit v="KW1"/></Period><Period><TimeInterval v="2016-10-29T21:00Z/2016-10-29T22:00Z"/><Direction v="Z02"/><Quantity v="31753"/><MeasureUnit v="KW1"/></Period><Period><TimeInterval v="2016-10-29T22:00Z/2016-10-29T23:00Z"/><Direction v="Z02"/><Quantity v="31753"/><MeasureUnit v="KW1"/></Period><Period><TimeInterval v="2016-10-29T23:00Z/2016-10-30T00:00Z"/><Direction v="Z02"/><Quantity v="31753"/><MeasureUnit v="KW1"/></Period><Period><TimeInterval v="2016-10-30T00:00Z/2016-10-30T01:00Z"/><Direction v="Z02"/><Quantity v="31753"/><MeasureUnit v="KW1"/></Period><Period><TimeInterval v="2016-10-30T01:00Z/2016-10-30T02:00Z"/><Direction v="Z02"/><Quantity v="31753"/><MeasureUnit v="KW1"/></Period><Period><TimeInterval v="2016-10-30T02:00Z/2016-10-30T03:00Z"/><Direction v="Z02"/><Quantity v="11753"/><MeasureUnit v="KW1"/></Period><Period><TimeInterval v="2016-10-30T03:00Z/2016-10-30T04:00Z"/><Direction v="Z02"/><Quantity v="11753"/><MeasureUnit v="KW1"/></Period><Period><TimeInterval v="2016-10-30T04:00Z/2016-10-30T05:00Z"/><Direction v="Z02"/><Quantity v="11753"/><MeasureUnit v="KW1"/></Period></Category><Category><CapacityCode v="Z10"/><Period><TimeInterval v="2016-10-29T04:00Z/2016-10-29T05:00Z"/><Direction v="Z02"/><Quantity v="1102"/><MeasureUnit v="KW1"/></Period><Period><TimeInterval v="2016-10-29T05:00Z/2016-10-29T06:00Z"/><Direction v="Z02"/><Quantity v="1102"/><MeasureUnit v="KW1"/></Period><Period><TimeInterval v="2016-10-29T06:00Z/2016-10-29T07:00Z"/><Direction v="Z02"/><Quantity v="1102"/><MeasureUnit v="KW1"/></Period><Period><TimeInterval v="2016-10-29T07:00Z/2016-10-29T08:00Z"/><Direction v="Z02"/><Quantity v="1102"/><MeasureUnit v="KW1"/></Period><Period><TimeInterval v="2016-10-29T08:00Z/2016-10-29T09:00Z"/><Direction v="Z02"/><Quantity v="1102"/><MeasureUnit v="KW1"/></Period><Period><TimeInterval v="2016-10-29T09:00Z/2016-10-29T10:00Z"/><Direction v="Z02"/><Quantity v="1102"/><MeasureUnit v="KW1"/></Period><Period><TimeInterval v="2016-10-29T10:00Z/2016-10-29T11:00Z"/><Direction v="Z02"/><Quantity v="1102"/><MeasureUnit v="KW1"/></Period><Period><TimeInterval v="2016-10-29T11:00Z/2016-10-29T12:00Z"/><Direction v="Z02"/><Quantity v="1102"/><MeasureUnit v="KW1"/></Period><Period><TimeInterval v="2016-10-29T12:00Z/2016-10-29T13:00Z"/><Direction v="Z02"/><Quantity v="1102"/><MeasureUnit v="KW1"/></Period><Period><TimeInterval v="2016-10-29T13:00Z/2016-10-29T14:00Z"/><Direction v="Z02"/><Quantity v="1102"/><MeasureUnit v="KW1"/></Period><Period><TimeInterval v="2016-10-29T14:00Z/2016-10-29T15:00Z"/><Direction v="Z02"/><Quantity v="1102"/><MeasureUnit v="KW1"/></Period><Period><TimeInterval v="2016-10-29T15:00Z/2016-10-29T16:00Z"/><Direction v="Z02"/><Quantity v="1102"/><MeasureUnit v="KW1"/></Period><Period><TimeInterval v="2016-10-29T16:00Z/2016-10-29T17:00Z"/><Direction v="Z02"/><Quantity v="1102"/><MeasureUnit v="KW1"/></Period><Period><TimeInterval v="2016-10-29T17:00Z/2016-10-29T18:00Z"/><Direction v="Z02"/><Quantity v="1102"/><MeasureUnit v="KW1"/></Period><Period><TimeInterval v="2016-10-29T18:00Z/2016-10-29T19:00Z"/><Direction v="Z02"/><Quantity v="1102"/><MeasureUnit v="KW1"/></Period><Period><TimeInterval v="2016-10-29T19:00Z/2016-10-29T20:00Z"/><Direction v="Z02"/><Quantity v="1102"/><MeasureUnit v="KW1"/></Period><Period><TimeInterval v="2016-10-29T20:00Z/2016-10-29T21:00Z"/><Direction v="Z02"/><Quantity v="1102"/><MeasureUnit v="KW1"/></Period><Period><TimeInterval v="2016-10-29T21:00Z/2016-10-29T22:00Z"/><Direction v="Z02"/><Quantity v="1102"/><MeasureUnit v="KW1"/></Period><Period><TimeInterval v="2016-10-29T22:00Z/2016-10-29T23:00Z"/><Direction v="Z02"/><Quantity v="1102"/><MeasureUnit v="KW1"/></Period><Period><TimeInterval v="2016-10-29T23:00Z/2016-10-30T00:00Z"/><Direction v="Z02"/><Quantity v="1102"/><MeasureUnit v="KW1"/></Period><Period><TimeInterval v="2016-10-30T00:00Z/2016-10-30T01:00Z"/><Direction v="Z02"/><Quantity v="2204"/><MeasureUnit v="KW1"/></Period><Period><TimeInterval v="2016-10-30T01:00Z/2016-10-30T02:00Z"/><Direction v="Z02"/><Quantity v="0"/><MeasureUnit v="KW1"/></Period><Period><TimeInterval v="2016-10-30T02:00Z/2016-10-30T03:00Z"/><Direction v="Z02"/><Quantity v="1102"/><MeasureUnit v="KW1"/></Period><Period><TimeInterval v="2016-10-30T03:00Z/2016-10-30T04:00Z"/><Direction v="Z02"/><Quantity v="1102"/><MeasureUnit v="KW1"/></Period><Period><TimeInterval v="2016-10-30T04:00Z/2016-10-30T05:00Z"/><Direction v="Z02"/><Quantity v="1102"/><MeasureUnit v="KW1"/></Period></Category><Category><CapacityCode v="Z11"/><Period><TimeInterval v="2016-10-29T04:00Z/2016-10-29T05:00Z"/><Direction v="Z02"/><Quantity v="64364"/><MeasureUnit v="KW1"/></Period><Period><TimeInterval v="2016-10-29T05:00Z/2016-10-29T06:00Z"/><Direction v="Z02"/><Quantity v="294594"/><MeasureUnit v="KW1"/></Period><Period><TimeInterval v="2016-10-29T06:00Z/2016-10-29T07:00Z"/><Direction v="Z02"/><Quantity v="294594"/><MeasureUnit v="KW1"/></Period><Period><TimeInterval v="2016-10-29T07:00Z/2016-10-29T08:00Z"/><Direction v="Z02"/><Quantity v="294594"/><MeasureUnit v="KW1"/></Period><Period><TimeInterval v="2016-10-29T08:00Z/2016-10-29T09:00Z"/><Direction v="Z02"/><Quantity v="294594"/><MeasureUnit v="KW1"/></Period><Period><TimeInterval v="2016-10-29T09:00Z/2016-10-29T10:00Z"/><Direction v="Z02"/><Quantity v="294594"/><MeasureUnit v="KW1"/></Period><Period><TimeInterval v="2016-10-29T10:00Z/2016-10-29T11:00Z"/><Direction v="Z02"/><Quantity v="294594"/><MeasureUnit v="KW1"/></Period><Period><TimeInterval v="2016-10-29T11:00Z/2016-10-29T12:00Z"/><Direction v="Z02"/><Quantity v="294594"/><MeasureUnit v="KW1"/></Period><Period><TimeInterval v="2016-10-29T12:00Z/2016-10-29T13:00Z"/><Direction v="Z02"/><Quantity v="294594"/><MeasureUnit v="KW1"/></Period><Period><TimeInterval v="2016-10-29T13:00Z/2016-10-29T14:00Z"/><Direction v="Z02"/><Quantity v="294594"/><MeasureUnit v="KW1"/></Period><Period><TimeInterval v="2016-10-29T14:00Z/2016-10-29T15:00Z"/><Direction v="Z02"/><Quantity v="294594"/><MeasureUnit v="KW1"/></Period><Period><TimeInterval v="2016-10-29T15:00Z/2016-10-29T16:00Z"/><Direction v="Z02"/><Quantity v="294594"/><MeasureUnit v="KW1"/></Period><Period><TimeInterval v="2016-10-29T16:00Z/2016-10-29T17:00Z"/><Direction v="Z02"/><Quantity v="294594"/><MeasureUnit v="KW1"/></Period><Period><TimeInterval v="2016-10-29T17:00Z/2016-10-29T18:00Z"/><Direction v="Z02"/><Quantity v="294594"/><MeasureUnit v="KW1"/></Period><Period><TimeInterval v="2016-10-29T18:00Z/2016-10-29T19:00Z"/><Direction v="Z02"/><Quantity v="294594"/><MeasureUnit v="KW1"/></Period><Period><TimeInterval v="2016-10-29T19:00Z/2016-10-29T20:00Z"/><Direction v="Z02"/><Quantity v="294594"/><MeasureUnit v="KW1"/></Period><Period><TimeInterval v="2016-10-29T20:00Z/2016-10-29T21:00Z"/><Direction v="Z02"/><Quantity v="294594"/><MeasureUnit v="KW1"/></Period><Period><TimeInterval v="2016-10-29T21:00Z/2016-10-29T22:00Z"/><Direction v="Z02"/><Quantity v="294594"/><MeasureUnit v="KW1"/></Period><Period><TimeInterval v="2016-10-29T22:00Z/2016-10-29T23:00Z"/><Direction v="Z02"/><Quantity v="294594"/><MeasureUnit v="KW1"/></Period><Period><TimeInterval v="2016-10-29T23:00Z/2016-10-30T00:00Z"/><Direction v="Z02"/><Quantity v="294594"/><MeasureUnit v="KW1"/></Period><Period><TimeInterval v="2016-10-30T00:00Z/2016-10-30T01:00Z"/><Direction v="Z02"/><Quantity v="589188"/><MeasureUnit v="KW1"/></Period><Period><TimeInterval v="2016-10-30T01:00Z/2016-10-30T02:00Z"/><Direction v="Z02"/><Quantity v="0"/><MeasureUnit v="KW1"/></Period><Period><TimeInterval v="2016-10-30T02:00Z/2016-10-30T03:00Z"/><Direction v="Z02"/><Quantity v="294594"/><MeasureUnit v="KW1"/></Period><Period><TimeInterval v="2016-10-30T03:00Z/2016-10-30T04:00Z"/><Direction v="Z02"/><Quantity v="294594"/><MeasureUnit v="KW1"/></Period><Period><TimeInterval v="2016-10-30T04:00Z/2016-10-30T05:00Z"/><Direction v="Z02"/><Quantity v="294594"/><MeasureUnit v="KW1"/></Period></Category></ConnectionPoint></TransparencyPublication>