<?xml version="1.0" encoding="UTF-8"?><TransparencyPublication Version="EGAS50" Release="A"><Identification v="TRANPB20170102A103914"/><Version v="1"/><Type v="AL4"/><CreationDateTime v="2017-01-02T07:10:56.344Z"/><ValidityPeriod v="2016-12-30T05:00Z/2016-12-31T05:00Z"/><IssuerIdentification v="21X-DE-C-A0A0A-T" codingScheme="305"/><IssuerRole v="ZSO"/><RecipientIdentification v="10X1001A1001A353" codingScheme="305"/><RecipientRole v="ZUA"/><ConnectionPoint><Identification v="37Z000000006231B" codingScheme="305"/><Type v="Z26"/><Category><CapacityCode v="Z12"/><Period><TimeInterval v="2016-12-30T05:00Z/2016-12-30T06:00Z"/><Direction v="Z02"/><Quantity v="49400"/><MeasureUnit v="KW1"/></Period><Period><TimeInterval v="2016-12-30T06:00Z/2016-12-30T07:00Z"/><Direction v="Z02"/><Quantity v="49400"/><MeasureUnit v="KW1"/></Period><Period><TimeInterval v="2016-12-30T07:00Z/2016-12-30T08:00Z"/><Direction v="Z02"/><Quantity v="49400"/><MeasureUnit v="KW1"/></Period><Period><TimeInterval v="2016-12-30T08:00Z/2016-12-30T09:00Z"/><Direction v="Z02"/><Quantity v="49400"/><MeasureUnit v="KW1"/></Period><Period><TimeInterval v="2016-12-30T09:00Z/2016-12-30T10:00Z"/><Direction v="Z02"/><Quantity v="49400"/><MeasureUnit v="KW1"/></Period><Period><TimeInterval v="2016-12-30T10:00Z/2016-12-30T11:00Z"/><Direction v="Z02"/><Quantity v="49400"/><MeasureUnit v="KW1"/></Period><Period><TimeInterval v="2016-12-30T11:00Z/2016-12-30T12:00Z"/><Direction v="Z02"/><Quantity v="49400"/><MeasureUnit v="KW1"/></Period><Period><TimeInterval v="2016-12-30T12:00Z/2016-12-30T13:00Z"/><Direction v="Z02"/><Quantity v="49400"/><MeasureUnit v="KW1"/></Period><Period><TimeInterval v="2016-12-30T13:00Z/2016-12-30T14:00Z"/><Direction v="Z02"/><Quantity v="49400"/><MeasureUnit v="KW1"/></Period><Period><TimeInterval v="2016-12-30T14:00Z/2016-12-30T15:00Z"/><Direction v="Z02"/><Quantity v="49400"/><MeasureUnit v="KW1"/></Period><Period><TimeInterval v="2016-12-30T15:00Z/2016-12-30T16:00Z"/><Direction v="Z02"/><Quantity v="49400"/><MeasureUnit v="KW1"/></Period><Period><TimeInterval v="2016-12-30T16:00Z/2016-12-30T17:00Z"/><Direction v="Z02"/><Quantity v="49400"/><MeasureUnit v="KW1"/></Period><Period><TimeInterval v="2016-12-30T17:00Z/2016-12-30T18:00Z"/><Direction v="Z02"/><Quantity v="49400"/><MeasureUnit v="KW1"/></Period><Period><TimeInterval v="2016-12-30T18:00Z/2016-12-30T19:00Z"/><Direction v="Z02"/><Quantity v="49400"/><MeasureUnit v="KW1"/></Period><Period><TimeInterval v="2016-12-30T19:00Z/2016-12-30T20:00Z"/><Direction v="Z02"/><Quantity v="49400"/><MeasureUnit v="KW1"/></Period><Period><TimeInterval v="2016-12-30T20:00Z/2016-12-30T21:00Z"/><Direction v="Z02"/><Quantity v="49400"/><MeasureUnit v="KW1"/></Period><Period><TimeInterval v="2016-12-30T21:00Z/2016-12-30T22:00Z"/><Direction v="Z02"/><Quantity v="49400"/><MeasureUnit v="KW1"/></Period><Period><TimeInterval v="2016-12-30T22:00Z/2016-12-30T23:00Z"/><Direction v="Z02"/><Quantity v="49400"/><MeasureUnit v="KW1"/></Period><Period><TimeInterval v="2016-12-30T23:00Z/2016-12-31T00:00Z"/><Direction v="Z02"/><Quantity v="49400"/><MeasureUnit v="KW1"/></Period><Period><TimeInterval v="2016-12-31T00:00Z/2016-12-31T01:00Z"/><Direction v="Z02"/><Quantity v="49400"/><MeasureUnit v="KW1"/></Period><Period><TimeInterval v="2016-12-31T01:00Z/2016-12-31T02:00Z"/><Direction v="Z02"/><Quantity v="49400"/><MeasureUnit v="KW1"/></Period><Period><TimeInterval v="2016-12-31T02:00Z/2016-12-31T03:00Z"/><Direction v="Z02"/><Quantity v="49400"/><MeasureUnit v="KW1"/></Period><Period><TimeInterval v="2016-12-31T03:00Z/2016-12-31T04:00Z"/><Direction v="Z02"/><Quantity v="49400"/><MeasureUnit v="KW1"/></Period><Period><TimeInterval v="2016-12-31T04:00Z/2016-12-31T05:00Z"/><Direction v="Z02"/><Quantity v="49400"/><MeasureUnit v="KW1"/></Period></Category><Category><CapacityCode v="Z14"/><Period><TimeInterval v="2016-12-30T05:00Z/2016-12-30T06:00Z"/><Direction v="Z02"/><Quantity v="49400"/><MeasureUnit v="KW1"/></Period><Period><TimeInterval v="2016-12-30T06:00Z/2016-12-30T07:00Z"/><Direction v="Z02"/><Quantity v="49400"/><MeasureUnit v="KW1"/></Period><Period><TimeInterval v="2016-12-30T07:00Z/2016-12-30T08:00Z"/><Direction v="Z02"/><Quantity v="49400"/><MeasureUnit v="KW1"/></Period><Period><TimeInterval v="2016-12-30T08:00Z/2016-12-30T09:00Z"/><Direction v="Z02"/><Quantity v="49400"/><MeasureUnit v="KW1"/></Period><Period><TimeInterval v="2016-12-30T09:00Z/2016-12-30T10:00Z"/><Direction v="Z02"/><Quantity v="49400"/><MeasureUnit v="KW1"/></Period><Period><TimeInterval v="2016-12-30T10:00Z/2016-12-30T11:00Z"/><Direction v="Z02"/><Quantity v="49400"/><MeasureUnit v="KW1"/></Period><Period><TimeInterval v="2016-12-30T11:00Z/2016-12-30T12:00Z"/><Direction v="Z02"/><Quantity v="49400"/><MeasureUnit v="KW1"/></Period><Period><TimeInterval v="2016-12-30T12:00Z/2016-12-30T13:00Z"/><Direction v="Z02"/><Quantity v="49400"/><MeasureUnit v="KW1"/></Period><Period><TimeInterval v="2016-12-30T13:00Z/2016-12-30T14:00Z"/><Direction v="Z02"/><Quantity v="49400"/><MeasureUnit v="KW1"/></Period><Period><TimeInterval v="2016-12-30T14:00Z/2016-12-30T15:00Z"/><Direction v="Z02"/><Quantity v="49400"/><MeasureUnit v="KW1"/></Period><Period><TimeInterval v="2016-12-30T15:00Z/2016-12-30T16:00Z"/><Direction v="Z02"/><Quantity v="49400"/><MeasureUnit v="KW1"/></Period><Period><TimeInterval v="2016-12-30T16:00Z/2016-12-30T17:00Z"/><Direction v="Z02"/><Quantity v="49400"/><MeasureUnit v="KW1"/></Period><Period><TimeInterval v="2016-12-30T17:00Z/2016-12-30T18:00Z"/><Direction v="Z02"/><Quantity v="49400"/><MeasureUnit v="KW1"/></Period><Period><TimeInterval v="2016-12-30T18:00Z/2016-12-30T19:00Z"/><Direction v="Z02"/><Quantity v="49400"/><MeasureUnit v="KW1"/></Period><Period><TimeInterval v="2016-12-30T19:00Z/2016-12-30T20:00Z"/><Direction v="Z02"/><Quantity v="49400"/><MeasureUnit v="KW1"/></Period><Period><TimeInterval v="2016-12-30T20:00Z/2016-12-30T21:00Z"/><Direction v="Z02"/><Quantity v="49400"/><MeasureUnit v="KW1"/></Period><Period><TimeInterval v="2016-12-30T21:00Z/2016-12-30T22:00Z"/><Direction v="Z02"/><Quantity v="49400"/><MeasureUnit v="KW1"/></Period><Period><TimeInterval v="2016-12-30T22:00Z/2016-12-30T23:00Z"/><Direction v="Z02"/><Quantity v="49400"/><MeasureUnit v="KW1"/></Period><Period><TimeInterval v="2016-12-30T23:00Z/2016-12-31T00:00Z"/><Direction v="Z02"/><Quantity v="49400"/><MeasureUnit v="KW1"/></Period><Period><TimeInterval v="2016-12-31T00:00Z/2016-12-31T01:00Z"/><Direction v="Z02"/><Quantity v="49400"/><MeasureUnit v="KW1"/></Period><Period><TimeInterval v="2016-12-31T01:00Z/2016-12-31T02:00Z"/><Direction v="Z02"/><Quantity v="49400"/><MeasureUnit v="KW1"/></Period><Period><TimeInterval v="2016-12-31T02:00Z/2016-12-31T03:00Z"/><Direction v="Z02"/><Quantity v="49400"/><MeasureUnit v="KW1"/></Period><Period><TimeInterval v="2016-12-31T03:00Z/2016-12-31T04:00Z"/><Direction v="Z02"/><Quantity v="49400"/><MeasureUnit v="KW1"/></Period><Period><TimeInterval v="2016-12-31T04:00Z/2016-12-31T05:00Z"/><Direction v="Z02"/><Quantity v="49400"/><MeasureUnit v="KW1"/></Period></Category><Category><CapacityCode v="Z15"/><Period><TimeInterval v="2016-12-30T05:00Z/2016-12-30T06:00Z"/><Direction v="Z02"/><Quantity v="0"/><MeasureUnit v="KW1"/></Period><Period><TimeInterval v="2016-12-30T06:00Z/2016-12-30T07:00Z"/><Direction v="Z02"/><Quantity v="0"/><MeasureUnit v="KW1"/></Period><Period><TimeInterval v="2016-12-30T07:00Z/2016-12-30T08:00Z"/><Direction v="Z02"/><Quantity v="0"/><MeasureUnit v="KW1"/></Period><Period><TimeInterval v="2016-12-30T08:00Z/2016-12-30T09:00Z"/><Direction v="Z02"/><Quantity v="0"/><MeasureUnit v="KW1"/></Period><Period><TimeInterval v="2016-12-30T09:00Z/2016-12-30T10:00Z"/><Direction v="Z02"/><Quantity v="0"/><MeasureUnit v="KW1"/></Period><Period><TimeInterval v="2016-12-30T10:00Z/2016-12-30T11:00Z"/><Direction v="Z02"/><Quantity v="0"/><MeasureUnit v="KW1"/></Period><Period><TimeInterval v="2016-12-30T11:00Z/2016-12-30T12:00Z"/><Direction v="Z02"/><Quantity v="0"/><MeasureUnit v="KW1"/></Period><Period><TimeInterval v="2016-12-30T12:00Z/2016-12-30T13:00Z"/><Direction v="Z02"/><Quantity v="0"/><MeasureUnit v="KW1"/></Period><Period><TimeInterval v="2016-12-30T13:00Z/2016-12-30T14:00Z"/><Direction v="Z02"/><Quantity v="0"/><MeasureUnit v="KW1"/></Period><Period><TimeInterval v="2016-12-30T14:00Z/2016-12-30T15:00Z"/><Direction v="Z02"/><Quantity v="0"/><MeasureUnit v="KW1"/></Period><Period><TimeInterval v="2016-12-30T15:00Z/2016-12-30T16:00Z"/><Direction v="Z02"/><Quantity v="0"/><MeasureUnit v="KW1"/></Period><Period><TimeInterval v="2016-12-30T16:00Z/2016-12-30T17:00Z"/><Direction v="Z02"/><Quantity v="0"/><MeasureUnit v="KW1"/></Period><Period><TimeInterval v="2016-12-30T17:00Z/2016-12-30T18:00Z"/><Direction v="Z02"/><Quantity v="0"/><MeasureUnit v="KW1"/></Period><Period><TimeInterval v="2016-12-30T18:00Z/2016-12-30T19:00Z"/><Direction v="Z02"/><Quantity v="0"/><MeasureUnit v="KW1"/></Period><Period><TimeInterval v="2016-12-30T19:00Z/2016-12-30T20:00Z"/><Direction v="Z02"/><Quantity v="0"/><MeasureUnit v="KW1"/></Period><Period><TimeInterval v="2016-12-30T20:00Z/2016-12-30T21:00Z"/><Direction v="Z02"/><Quantity v="0"/><MeasureUnit v="KW1"/></Period><Period><TimeInterval v="2016-12-30T21:00Z/2016-12-30T22:00Z"/><Direction v="Z02"/><Quantity v="0"/><MeasureUnit v="KW1"/></Period><Period><TimeInterval v="2016-12-30T22:00Z/2016-12-30T23:00Z"/><Direction v="Z02"/><Quantity v="0"/><MeasureUnit v="KW1"/></Period><Period><TimeInterval v="2016-12-30T23:00Z/2016-12-31T00:00Z"/><Direction v="Z02"/><Quantity v="0"/><MeasureUnit v="KW1"/></Period><Period><TimeInterval v="2016-12-31T00:00Z/2016-12-31T01:00Z"/><Direction v="Z02"/><Quantity v="0"/><MeasureUnit v="KW1"/></Period><Period><TimeInterval v="2016-12-31T01:00Z/2016-12-31T02:00Z"/><Direction v="Z02"/><Quantity v="0"/><MeasureUnit v="KW1"/></Period><Period><TimeInterval v="2016-12-31T02:00Z/2016-12-31T03:00Z"/><Direction v="Z02"/><Quantity v="0"/><MeasureUnit v="KW1"/></Period><Period><TimeInterval v="2016-12-31T03:00Z/2016-12-31T04:00Z"/><Direction v="Z02"/><Quantity v="0"/><MeasureUnit v="KW1"/></Period><Period><TimeInterval v="2016-12-31T04:00Z/2016-12-31T05:00Z"/><Direction v="Z02"/><Quantity v="0"/><MeasureUnit v="KW1"/></Period></Category></ConnectionPoint><ConnectionPoint><Identification v="21Z000000000071W" codingScheme="305"/><Type v="Z25"/><Category><CapacityCode v="Z12"/><Period><TimeInterval v="2016-12-30T05:00Z/2016-12-30T06:00Z"/><Direction v="Z02"/><Quantity v="746876"/><MeasureUnit v="KW1"/></Period><Period><TimeInterval v="2016-12-30T06:00Z/2016-12-30T07:00Z"/><Direction v="Z02"/><Quantity v="746876"/><MeasureUnit v="KW1"/></Period><Period><TimeInterval v="2016-12-30T07:00Z/2016-12-30T08:00Z"/><Direction v="Z02"/><Quantity v="746876"/><MeasureUnit v="KW1"/></Period><Period><TimeInterval v="2016-12-30T08:00Z/2016-12-30T09:00Z"/><Direction v="Z02"/><Quantity v="746876"/><MeasureUnit v="KW1"/></Period><Period><TimeInterval v="2016-12-30T09:00Z/2016-12-30T10:00Z"/><Direction v="Z02"/><Quantity v="746876"/><MeasureUnit v="KW1"/></Period><Period><TimeInterval v="2016-12-30T10:00Z/2016-12-30T11:00Z"/><Direction v="Z02"/><Quantity v="746876"/><MeasureUnit v="KW1"/></Period><Period><TimeInterval v="2016-12-30T11:00Z/2016-12-30T12:00Z"/><Direction v="Z02"/><Quantity v="746876"/><MeasureUnit v="KW1"/></Period><Period><TimeInterval v="2016-12-30T12:00Z/2016-12-30T13:00Z"/><Direction v="Z02"/><Quantity v="746876"/><MeasureUnit v="KW1"/></Period><Period><TimeInterval v="2016-12-30T13:00Z/2016-12-30T14:00Z"/><Direction v="Z02"/><Quantity v="746876"/><MeasureUnit v="KW1"/></Period><Period><TimeInterval v="2016-12-30T14:00Z/2016-12-30T15:00Z"/><Direction v="Z02"/><Quantity v="746876"/><MeasureUnit v="KW1"/></Period><Period><TimeInterval v="2016-12-30T15:00Z/2016-12-30T16:00Z"/><Direction v="Z02"/><Quantity v="746876"/><MeasureUnit v="KW1"/></Period><Period><TimeInterval v="2016-12-30T16:00Z/2016-12-30T17:00Z"/><Direction v="Z02"/><Quantity v="746876"/><MeasureUnit v="KW1"/></Period><Period><TimeInterval v="2016-12-30T17:00Z/2016-12-30T18:00Z"/><Direction v="Z02"/><Quantity v="746876"/><MeasureUnit v="KW1"/></Period><Period><TimeInterval v="2016-12-30T18:00Z/2016-12-30T19:00Z"/><Direction v="Z02"/><Quantity v="746876"/><MeasureUnit v="KW1"/></Period><Period><TimeInterval v="2016-12-30T19:00Z/2016-12-30T20:00Z"/><Direction v="Z02"/><Quantity v="746876"/><MeasureUnit v="KW1"/></Period><Period><TimeInterval v="2016-12-30T20:00Z/2016-12-30T21:00Z"/><Direction v="Z02"/><Quantity v="746876"/><MeasureUnit v="KW1"/></Period><Period><TimeInterval v="2016-12-30T21:00Z/2016-12-30T22:00Z"/><Direction v="Z02"/><Quantity v="746876"/><MeasureUnit v="KW1"/></Period><Period><TimeInterval v="2016-12-30T22:00Z/2016-12-30T23:00Z"/><Direction v="Z02"/><Quantity v="746876"/><MeasureUnit v="KW1"/></Period><Period><TimeInterval v="2016-12-30T23:00Z/2016-12-31T00:00Z"/><Direction v="Z02"/><Quantity v="746876"/><MeasureUnit v="KW1"/></Period><Period><TimeInterval v="2016-12-31T00:00Z/2016-12-31T01:00Z"/><Direction v="Z02"/><Quantity v="746876"/><MeasureUnit v="KW1"/></Period><Period><TimeInterval v="2016-12-31T01:00Z/2016-12-31T02:00Z"/><Direction v="Z02"/><Quantity v="746876"/><MeasureUnit v="KW1"/></Period><Period><TimeInterval v="2016-12-31T02:00Z/2016-12-31T03:00Z"/><Direction v="Z02"/><Quantity v="746876"/><MeasureUnit v="KW1"/></Period><Period><TimeInterval v="2016-12-31T03:00Z/2016-12-31T04:00Z"/><Direction v="Z02"/><Quantity v="746876"/><MeasureUnit v="KW1"/></Period><Period><TimeInterval v="2016-12-31T04:00Z/2016-12-31T05:00Z"/><Direction v="Z02"/><Quantity v="746876"/><MeasureUnit v="KW1"/></Period></Category><Category><CapacityCode v="Z14"/><Period><TimeInterval v="2016-12-30T05:00Z/2016-12-30T06:00Z"/><Direction v="Z02"/><Quantity v="646763"/><MeasureUnit v="KW1"/></Period><Period><TimeInterval v="2016-12-30T06:00Z/2016-12-30T07:00Z"/><Direction v="Z02"/><Quantity v="646763"/><MeasureUnit v="KW1"/></Period><Period><TimeInterval v="2016-12-30T07:00Z/2016-12-30T08:00Z"/><Direction v="Z02"/><Quantity v="646763"/><MeasureUnit v="KW1"/></Period><Period><TimeInterval v="2016-12-30T08:00Z/2016-12-30T09:00Z"/><Direction v="Z02"/><Quantity v="646763"/><MeasureUnit v="KW1"/></Period><Period><TimeInterval v="2016-12-30T09:00Z/2016-12-30T10:00Z"/><Direction v="Z02"/><Quantity v="646763"/><MeasureUnit v="KW1"/></Period><Period><TimeInterval v="2016-12-30T10:00Z/2016-12-30T11:00Z"/><Direction v="Z02"/><Quantity v="646763"/><MeasureUnit v="KW1"/></Period><Period><TimeInterval v="2016-12-30T11:00Z/2016-12-30T12:00Z"/><Direction v="Z02"/><Quantity v="646763"/><MeasureUnit v="KW1"/></Period><Period><TimeInterval v="2016-12-30T12:00Z/2016-12-30T13:00Z"/><Direction v="Z02"/><Quantity v="646763"/><MeasureUnit v="KW1"/></Period><Period><TimeInterval v="2016-12-30T13:00Z/2016-12-30T14:00Z"/><Direction v="Z02"/><Quantity v="646763"/><MeasureUnit v="KW1"/></Period><Period><TimeInterval v="2016-12-30T14:00Z/2016-12-30T15:00Z"/><Direction v="Z02"/><Quantity v="646763"/><MeasureUnit v="KW1"/></Period><Period><TimeInterval v="2016-12-30T15:00Z/2016-12-30T16:00Z"/><Direction v="Z02"/><Quantity v="646763"/><MeasureUnit v="KW1"/></Period><Period><TimeInterval v="2016-12-30T16:00Z/2016-12-30T17:00Z"/><Direction v="Z02"/><Quantity v="646763"/><MeasureUnit v="KW1"/></Period><Period><TimeInterval v="2016-12-30T17:00Z/2016-12-30T18:00Z"/><Direction v="Z02"/><Quantity v="646763"/><MeasureUnit v="KW1"/></Period><Period><TimeInterval v="2016-12-30T18:00Z/2016-12-30T19:00Z"/><Direction v="Z02"/><Quantity v="646763"/><MeasureUnit v="KW1"/></Period><Period><TimeInterval v="2016-12-30T19:00Z/2016-12-30T20:00Z"/><Direction v="Z02"/><Quantity v="646763"/><MeasureUnit v="KW1"/></Period><Period><TimeInterval v="2016-12-30T20:00Z/2016-12-30T21:00Z"/><Direction v="Z02"/><Quantity v="646763"/><MeasureUnit v="KW1"/></Period><Period><TimeInterval v="2016-12-30T21:00Z/2016-12-30T22:00Z"/><Direction v="Z02"/><Quantity v="646763"/><MeasureUnit v="KW1"/></Period><Period><TimeInterval v="2016-12-30T22:00Z/2016-12-30T23:00Z"/><Direction v="Z02"/><Quantity v="646763"/><MeasureUnit v="KW1"/></Period><Period><TimeInterval v="2016-12-30T23:00Z/2016-12-31T00:00Z"/><Direction v="Z02"/><Quantity v="646763"/><MeasureUnit v="KW1"/></Period><Period><TimeInterval v="2016-12-31T00:00Z/2016-12-31T01:00Z"/><Direction v="Z02"/><Quantity v="646763"/><MeasureUnit v="KW1"/></Period><Period><TimeInterval v="2016-12-31T01:00Z/2016-12-31T02:00Z"/><Direction v="Z02"/><Quantity v="646763"/><MeasureUnit v="KW1"/></Period><Period><TimeInterval v="2016-12-31T02:00Z/2016-12-31T03:00Z"/><Direction v="Z02"/><Quantity v="646763"/><MeasureUnit v="KW1"/></Period><Period><TimeInterval v="2016-12-31T03:00Z/2016-12-31T04:00Z"/><Direction v="Z02"/><Quantity v="646763"/><MeasureUnit v="KW1"/></Period><Period><TimeInterval v="2016-12-31T04:00Z/2016-12-31T05:00Z"/><Direction v="Z02"/><Quantity v="646763"/><MeasureUnit v="KW1"/></Period></Category><Category><CapacityCode v="Z15"/><Period><TimeInterval v="2016-12-30T05:00Z/2016-12-30T06:00Z"/><Direction v="Z02"/><Quantity v="0"/><MeasureUnit v="KW1"/></Period><Period><TimeInterval v="2016-12-30T06:00Z/2016-12-30T07:00Z"/><Direction v="Z02"/><Quantity v="0"/><MeasureUnit v="KW1"/></Period><Period><TimeInterval v="2016-12-30T07:00Z/2016-12-30T08:00Z"/><Direction v="Z02"/><Quantity v="0"/><MeasureUnit v="KW1"/></Period><Period><TimeInterval v="2016-12-30T08:00Z/2016-12-30T09:00Z"/><Direction v="Z02"/><Quantity v="0"/><MeasureUnit v="KW1"/></Period><Period><TimeInterval v="2016-12-30T09:00Z/2016-12-30T10:00Z"/><Direction v="Z02"/><Quantity v="0"/><MeasureUnit v="KW1"/></Period><Period><TimeInterval v="2016-12-30T10:00Z/2016-12-30T11:00Z"/><Direction v="Z02"/><Quantity v="0"/><MeasureUnit v="KW1"/></Period><Period><TimeInterval v="2016-12-30T11:00Z/2016-12-30T12:00Z"/><Direction v="Z02"/><Quantity v="0"/><MeasureUnit v="KW1"/></Period><Period><TimeInterval v="2016-12-30T12:00Z/2016-12-30T13:00Z"/><Direction v="Z02"/><Quantity v="0"/><MeasureUnit v="KW1"/></Period><Period><TimeInterval v="2016-12-30T13:00Z/2016-12-30T14:00Z"/><Direction v="Z02"/><Quantity v="0"/><MeasureUnit v="KW1"/></Period><Period><TimeInterval v="2016-12-30T14:00Z/2016-12-30T15:00Z"/><Direction v="Z02"/><Quantity v="0"/><MeasureUnit v="KW1"/></Period><Period><TimeInterval v="2016-12-30T15:00Z/2016-12-30T16:00Z"/><Direction v="Z02"/><Quantity v="0"/><MeasureUnit v="KW1"/></Period><Period><TimeInterval v="2016-12-30T16:00Z/2016-12-30T17:00Z"/><Direction v="Z02"/><Quantity v="0"/><MeasureUnit v="KW1"/></Period><Period><TimeInterval v="2016-12-30T17:00Z/2016-12-30T18:00Z"/><Direction v="Z02"/><Quantity v="0"/><MeasureUnit v="KW1"/></Period><Period><TimeInterval v="2016-12-30T18:00Z/2016-12-30T19:00Z"/><Direction v="Z02"/><Quantity v="0"/><MeasureUnit v="KW1"/></Period><Period><TimeInterval v="2016-12-30T19:00Z/2016-12-30T20:00Z"/><Direction v="Z02"/><Quantity v="0"/><MeasureUnit v="KW1"/></Period><Period><TimeInterval v="2016-12-30T20:00Z/2016-12-30T21:00Z"/><Direction v="Z02"/><Quantity v="0"/><MeasureUnit v="KW1"/></Period><Period><TimeInterval v="2016-12-30T21:00Z/2016-12-30T22:00Z"/><Direction v="Z02"/><Quantity v="0"/><MeasureUnit v="KW1"/></Period><Period><TimeInterval v="2016-12-30T22:00Z/2016-12-30T23:00Z"/><Direction v="Z02"/><Quantity v="0"/><MeasureUnit v="KW1"/></Period><Period><TimeInterval v="2016-12-30T23:00Z/2016-12-31T00:00Z"/><Direction v="Z02"/><Quantity v="0"/><MeasureUnit v="KW1"/></Period><Period><TimeInterval v="2016-12-31T00:00Z/2016-12-31T01:00Z"/><Direction v="Z02"/><Quantity v="0"/><MeasureUnit v="KW1"/></Period><Period><TimeInterval v="2016-12-31T01:00Z/2016-12-31T02:00Z"/><Direction v="Z02"/><Quantity v="0"/><MeasureUnit v="KW1"/></Period><Period><TimeInterval v="2016-12-31T02:00Z/2016-12-31T03:00Z"/><Direction v="Z02"/><Quantity v="0"/><MeasureUnit v="KW1"/></Period><Period><TimeInterval v="2016-12-31T03:00Z/2016-12-31T04:00Z"/><Direction v="Z02"/><Quantity v="0"/><MeasureUnit v="KW1"/></Period><Period><TimeInterval v="2016-12-31T04:00Z/2016-12-31T05:00Z"/><Direction v="Z02"/><Quantity v="0"/><MeasureUnit v="KW1"/></Period></Category></ConnectionPoint><ConnectionPoint><Identification v="21Z0000000000163" codingScheme="305"/><Type v="Z25"/><Category><CapacityCode v="Z12"/><Period><TimeInterval v="2016-12-30T05:00Z/2016-12-30T06:00Z"/><Direction v="Z03"/><Quantity v="3330000"/><MeasureUnit v="KW1"/></Period><Period><TimeInterval v="2016-12-30T06:00Z/2016-12-30T07:00Z"/><Direction v="Z03"/><Quantity v="3330000"/><MeasureUnit v="KW1"/></Period><Period><TimeInterval v="2016-12-30T07:00Z/2016-12-30T08:00Z"/><Direction v="Z03"/><Quantity v="3330000"/><MeasureUnit v="KW1"/></Period><Period><TimeInterval v="2016-12-30T08:00Z/2016-12-30T09:00Z"/><Direction v="Z03"/><Quantity v="3330000"/><MeasureUnit v="KW1"/></Period><Period><TimeInterval v="2016-12-30T09:00Z/2016-12-30T10:00Z"/><Direction v="Z03"/><Quantity v="3330000"/><MeasureUnit v="KW1"/></Period><Period><TimeInterval v="2016-12-30T10:00Z/2016-12-30T11:00Z"/><Direction v="Z03"/><Quantity v="3330000"/><MeasureUnit v="KW1"/></Period><Period><TimeInterval v="2016-12-30T11:00Z/2016-12-30T12:00Z"/><Direction v="Z03"/><Quantity v="3330000"/><MeasureUnit v="KW1"/></Period><Period><TimeInterval v="2016-12-30T12:00Z/2016-12-30T13:00Z"/><Direction v="Z03"/><Quantity v="3330000"/><MeasureUnit v="KW1"/></Period><Period><TimeInterval v="2016-12-30T13:00Z/2016-12-30T14:00Z"/><Direction v="Z03"/><Quantity v="3330000"/><MeasureUnit v="KW1"/></Period><Period><TimeInterval v="2016-12-30T14:00Z/2016-12-30T15:00Z"/><Direction v="Z03"/><Quantity v="3330000"/><MeasureUnit v="KW1"/></Period><Period><TimeInterval v="2016-12-30T15:00Z/2016-12-30T16:00Z"/><Direction v="Z03"/><Quantity v="3330000"/><MeasureUnit v="KW1"/></Period><Period><TimeInterval v="2016-12-30T16:00Z/2016-12-30T17:00Z"/><Direction v="Z03"/><Quantity v="3330000"/><MeasureUnit v="KW1"/></Period><Period><TimeInterval v="2016-12-30T17:00Z/2016-12-30T18:00Z"/><Direction v="Z03"/><Quantity v="3330000"/><MeasureUnit v="KW1"/></Period><Period><TimeInterval v="2016-12-30T18:00Z/2016-12-30T19:00Z"/><Direction v="Z03"/><Quantity v="3330000"/><MeasureUnit v="KW1"/></Period><Period><TimeInterval v="2016-12-30T19:00Z/2016-12-30T20:00Z"/><Direction v="Z03"/><Quantity v="3330000"/><MeasureUnit v="KW1"/></Period><Period><TimeInterval v="2016-12-30T20:00Z/2016-12-30T21:00Z"/><Direction v="Z03"/><Quantity v="3330000"/><MeasureUnit v="KW1"/></Period><Period><TimeInterval v="2016-12-30T21:00Z/2016-12-30T22:00Z"/><Direction v="Z03"/><Quantity v="3330000"/><MeasureUnit v="KW1"/></Period><Period><TimeInterval v="2016-12-30T22:00Z/2016-12-30T23:00Z"/><Direction v="Z03"/><Quantity v="3330000"/><MeasureUnit v="KW1"/></Period><Period><TimeInterval v="2016-12-30T23:00Z/2016-12-31T00:00Z"/><Direction v="Z03"/><Quantity v="3330000"/><MeasureUnit v="KW1"/></Period><Period><TimeInterval v="2016-12-31T00:00Z/2016-12-31T01:00Z"/><Direction v="Z03"/><Quantity v="3330000"/><MeasureUnit v="KW1"/></Period><Period><TimeInterval v="2016-12-31T01:00Z/2016-12-31T02:00Z"/><Direction v="Z03"/><Quantity v="3330000"/><MeasureUnit v="KW1"/></Period><Period><TimeInterval v="2016-12-31T02:00Z/2016-12-31T03:00Z"/><Direction v="Z03"/><Quantity v="3330000"/><MeasureUnit v="KW1"/></Period><Period><TimeInterval v="2016-12-31T03:00Z/2016-12-31T04:00Z"/><Direction v="Z03"/><Quantity v="3330000"/><MeasureUnit v="KW1"/></Period><Period><TimeInterval v="2016-12-31T04:00Z/2016-12-31T05:00Z"/><Direction v="Z03"/><Quantity v="3330000"/><MeasureUnit v="KW1"/></Period></Category><Category><CapacityCode v="Z14"/><Period><TimeInterval v="2016-12-30T05:00Z/2016-12-30T06:00Z"/><Direction v="Z03"/><Quantity v="3330000"/><MeasureUnit v="KW1"/></Period><Period><TimeInterval v="2016-12-30T06:00Z/2016-12-30T07:00Z"/><Direction v="Z03"/><Quantity v="3330000"/><MeasureUnit v="KW1"/></Period><Period><TimeInterval v="2016-12-30T07:00Z/2016-12-30T08:00Z"/><Direction v="Z03"/><Quantity v="3330000"/><MeasureUnit v="KW1"/></Period><Period><TimeInterval v="2016-12-30T08:00Z/2016-12-30T09:00Z"/><Direction v="Z03"/><Quantity v="3330000"/><MeasureUnit v="KW1"/></Period><Period><TimeInterval v="2016-12-30T09:00Z/2016-12-30T10:00Z"/><Direction v="Z03"/><Quantity v="3330000"/><MeasureUnit v="KW1"/></Period><Period><TimeInterval v="2016-12-30T10:00Z/2016-12-30T11:00Z"/><Direction v="Z03"/><Quantity v="3330000"/><MeasureUnit v="KW1"/></Period><Period><TimeInterval v="2016-12-30T11:00Z/2016-12-30T12:00Z"/><Direction v="Z03"/><Quantity v="3330000"/><MeasureUnit v="KW1"/></Period><Period><TimeInterval v="2016-12-30T12:00Z/2016-12-30T13:00Z"/><Direction v="Z03"/><Quantity v="3330000"/><MeasureUnit v="KW1"/></Period><Period><TimeInterval v="2016-12-30T13:00Z/2016-12-30T14:00Z"/><Direction v="Z03"/><Quantity v="3330000"/><MeasureUnit v="KW1"/></Period><Period><TimeInterval v="2016-12-30T14:00Z/2016-12-30T15:00Z"/><Direction v="Z03"/><Quantity v="3330000"/><MeasureUnit v="KW1"/></Period><Period><TimeInterval v="2016-12-30T15:00Z/2016-12-30T16:00Z"/><Direction v="Z03"/><Quantity v="3330000"/><MeasureUnit v="KW1"/></Period><Period><TimeInterval v="2016-12-30T16:00Z/2016-12-30T17:00Z"/><Direction v="Z03"/><Quantity v="3330000"/><MeasureUnit v="KW1"/></Period><Period><TimeInterval v="2016-12-30T17:00Z/2016-12-30T18:00Z"/><Direction v="Z03"/><Quantity v="3330000"/><MeasureUnit v="KW1"/></Period><Period><TimeInterval v="2016-12-30T18:00Z/2016-12-30T19:00Z"/><Direction v="Z03"/><Quantity v="3330000"/><MeasureUnit v="KW1"/></Period><Period><TimeInterval v="2016-12-30T19:00Z/2016-12-30T20:00Z"/><Direction v="Z03"/><Quantity v="3330000"/><MeasureUnit v="KW1"/></Period><Period><TimeInterval v="2016-12-30T20:00Z/2016-12-30T21:00Z"/><Direction v="Z03"/><Quantity v="3330000"/><MeasureUnit v="KW1"/></Period><Period><TimeInterval v="2016-12-30T21:00Z/2016-12-30T22:00Z"/><Direction v="Z03"/><Quantity v="3330000"/><MeasureUnit v="KW1"/></Period><Period><TimeInterval v="2016-12-30T22:00Z/2016-12-30T23:00Z"/><Direction v="Z03"/><Quantity v="3330000"/><MeasureUnit v="KW1"/></Period><Period><TimeInterval v="2016-12-30T23:00Z/2016-12-31T00:00Z"/><Direction v="Z03"/><Quantity v="3330000"/><MeasureUnit v="KW1"/></Period><Period><TimeInterval v="2016-12-31T00:00Z/2016-12-31T01:00Z"/><Direction v="Z03"/><Quantity v="3330000"/><MeasureUnit v="KW1"/></Period><Period><TimeInterval v="2016-12-31T01:00Z/2016-12-31T02:00Z"/><Direction v="Z03"/><Quantity v="3330000"/><MeasureUnit v="KW1"/></Period><Period><TimeInterval v="2016-12-31T02:00Z/2016-12-31T03:00Z"/><Direction v="Z03"/><Quantity v="3330000"/><MeasureUnit v="KW1"/></Period><Period><TimeInterval v="2016-12-31T03:00Z/2016-12-31T04:00Z"/><Direction v="Z03"/><Quantity v="3330000"/><MeasureUnit v="KW1"/></Period><Period><TimeInterval v="2016-12-31T04:00Z/2016-12-31T05:00Z"/><Direction v="Z03"/><Quantity v="3330000"/><MeasureUnit v="KW1"/></Period></Category><Category><CapacityCode v="Z15"/><Period><TimeInterval v="2016-12-30T05:00Z/2016-12-30T06:00Z"/><Direction v="Z03"/><Quantity v="0"/><MeasureUnit v="KW1"/></Period><Period><TimeInterval v="2016-12-30T06:00Z/2016-12-30T07:00Z"/><Direction v="Z03"/><Quantity v="0"/><MeasureUnit v="KW1"/></Period><Period><TimeInterval v="2016-12-30T07:00Z/2016-12-30T08:00Z"/><Direction v="Z03"/><Quantity v="0"/><MeasureUnit v="KW1"/></Period><Period><TimeInterval v="2016-12-30T08:00Z/2016-12-30T09:00Z"/><Direction v="Z03"/><Quantity v="0"/><MeasureUnit v="KW1"/></Period><Period><TimeInterval v="2016-12-30T09:00Z/2016-12-30T10:00Z"/><Direction v="Z03"/><Quantity v="0"/><MeasureUnit v="KW1"/></Period><Period><TimeInterval v="2016-12-30T10:00Z/2016-12-30T11:00Z"/><Direction v="Z03"/><Quantity v="0"/><MeasureUnit v="KW1"/></Period><Period><TimeInterval v="2016-12-30T11:00Z/2016-12-30T12:00Z"/><Direction v="Z03"/><Quantity v="0"/><MeasureUnit v="KW1"/></Period><Period><TimeInterval v="2016-12-30T12:00Z/2016-12-30T13:00Z"/><Direction v="Z03"/><Quantity v="0"/><MeasureUnit v="KW1"/></Period><Period><TimeInterval v="2016-12-30T13:00Z/2016-12-30T14:00Z"/><Direction v="Z03"/><Quantity v="0"/><MeasureUnit v="KW1"/></Period><Period><TimeInterval v="2016-12-30T14:00Z/2016-12-30T15:00Z"/><Direction v="Z03"/><Quantity v="0"/><MeasureUnit v="KW1"/></Period><Period><TimeInterval v="2016-12-30T15:00Z/2016-12-30T16:00Z"/><Direction v="Z03"/><Quantity v="0"/><MeasureUnit v="KW1"/></Period><Period><TimeInterval v="2016-12-30T16:00Z/2016-12-30T17:00Z"/><Direction v="Z03"/><Quantity v="0"/><MeasureUnit v="KW1"/></Period><Period><TimeInterval v="2016-12-30T17:00Z/2016-12-30T18:00Z"/><Direction v="Z03"/><Quantity v="0"/><MeasureUnit v="KW1"/></Period><Period><TimeInterval v="2016-12-30T18:00Z/2016-12-30T19:00Z"/><Direction v="Z03"/><Quantity v="0"/><MeasureUnit v="KW1"/></Period><Period><TimeInterval v="2016-12-30T19:00Z/2016-12-30T20:00Z"/><Direction v="Z03"/><Quantity v="0"/><MeasureUnit v="KW1"/></Period><Period><TimeInterval v="2016-12-30T20:00Z/2016-12-30T21:00Z"/><Direction v="Z03"/><Quantity v="0"/><MeasureUnit v="KW1"/></Period><Period><TimeInterval v="2016-12-30T21:00Z/2016-12-30T22:00Z"/><Direction v="Z03"/><Quantity v="0"/><MeasureUnit v="KW1"/></Period><Period><TimeInterval v="2016-12-30T22:00Z/2016-12-30T23:00Z"/><Direction v="Z03"/><Quantity v="0"/><MeasureUnit v="KW1"/></Period><Period><TimeInterval v="2016-12-30T23:00Z/2016-12-31T00:00Z"/><Direction v="Z03"/><Quantity v="0"/><MeasureUnit v="KW1"/></Period><Period><TimeInterval v="2016-12-31T00:00Z/2016-12-31T01:00Z"/><Direction v="Z03"/><Quantity v="0"/><MeasureUnit v="KW1"/></Period><Period><TimeInterval v="2016-12-31T01:00Z/2016-12-31T02:00Z"/><Direction v="Z03"/><Quantity v="0"/><MeasureUnit v="KW1"/></Period><Period><TimeInterval v="2016-12-31T02:00Z/2016-12-31T03:00Z"/><Direction v="Z03"/><Quantity v="0"/><MeasureUnit v="KW1"/></Period><Period><TimeInterval v="2016-12-31T03:00Z/2016-12-31T04:00Z"/><Direction v="Z03"/><Quantity v="0"/><MeasureUnit v="KW1"/></Period><Period><TimeInterval v="2016-12-31T04:00Z/2016-12-31T05:00Z"/><Direction v="Z03"/><Quantity v="0"/><MeasureUnit v="KW1"/></Period></Category></ConnectionPoint><ConnectionPoint><Identification v="21Z000000000075O" codingScheme="305"/><Type v="Z25"/><Category><CapacityCode v="Z12"/><Period><TimeInterval v="2016-12-30T05:00Z/2016-12-30T06:00Z"/><Direction v="Z02"/><Quantity v="467500"/><MeasureUnit v="KW1"/></Period><Period><TimeInterval v="2016-12-30T06:00Z/2016-12-30T07:00Z"/><Direction v="Z02"/><Quantity v="467500"/><MeasureUnit v="KW1"/></Period><Period><TimeInterval v="2016-12-30T07:00Z/2016-12-30T08:00Z"/><Direction v="Z02"/><Quantity v="467500"/><MeasureUnit v="KW1"/></Period><Period><TimeInterval v="2016-12-30T08:00Z/2016-12-30T09:00Z"/><Direction v="Z02"/><Quantity v="467500"/><MeasureUnit v="KW1"/></Period><Period><TimeInterval v="2016-12-30T09:00Z/2016-12-30T10:00Z"/><Direction v="Z02"/><Quantity v="467500"/><MeasureUnit v="KW1"/></Period><Period><TimeInterval v="2016-12-30T10:00Z/2016-12-30T11:00Z"/><Direction v="Z02"/><Quantity v="467500"/><MeasureUnit v="KW1"/></Period><Period><TimeInterval v="2016-12-30T11:00Z/2016-12-30T12:00Z"/><Direction v="Z02"/><Quantity v="467500"/><MeasureUnit v="KW1"/></Period><Period><TimeInterval v="2016-12-30T12:00Z/2016-12-30T13:00Z"/><Direction v="Z02"/><Quantity v="467500"/><MeasureUnit v="KW1"/></Period><Period><TimeInterval v="2016-12-30T13:00Z/2016-12-30T14:00Z"/><Direction v="Z02"/><Quantity v="467500"/><MeasureUnit v="KW1"/></Period><Period><TimeInterval v="2016-12-30T14:00Z/2016-12-30T15:00Z"/><Direction v="Z02"/><Quantity v="467500"/><MeasureUnit v="KW1"/></Period><Period><TimeInterval v="2016-12-30T15:00Z/2016-12-30T16:00Z"/><Direction v="Z02"/><Quantity v="467500"/><MeasureUnit v="KW1"/></Period><Period><TimeInterval v="2016-12-30T16:00Z/2016-12-30T17:00Z"/><Direction v="Z02"/><Quantity v="467500"/><MeasureUnit v="KW1"/></Period><Period><TimeInterval v="2016-12-30T17:00Z/2016-12-30T18:00Z"/><Direction v="Z02"/><Quantity v="487500"/><MeasureUnit v="KW1"/></Period><Period><TimeInterval v="2016-12-30T18:00Z/2016-12-30T19:00Z"/><Direction v="Z02"/><Quantity v="525500"/><MeasureUnit v="KW1"/></Period><Period><TimeInterval v="2016-12-30T19:00Z/2016-12-30T20:00Z"/><Direction v="Z02"/><Quantity v="525500"/><MeasureUnit v="KW1"/></Period><Period><TimeInterval v="2016-12-30T20:00Z/2016-12-30T21:00Z"/><Direction v="Z02"/><Quantity v="525500"/><MeasureUnit v="KW1"/></Period><Period><TimeInterval v="2016-12-30T21:00Z/2016-12-30T22:00Z"/><Direction v="Z02"/><Quantity v="525500"/><MeasureUnit v="KW1"/></Period><Period><TimeInterval v="2016-12-30T22:00Z/2016-12-30T23:00Z"/><Direction v="Z02"/><Quantity v="525500"/><MeasureUnit v="KW1"/></Period><Period><TimeInterval v="2016-12-30T23:00Z/2016-12-31T00:00Z"/><Direction v="Z02"/><Quantity v="525500"/><MeasureUnit v="KW1"/></Period><Period><TimeInterval v="2016-12-31T00:00Z/2016-12-31T01:00Z"/><Direction v="Z02"/><Quantity v="525500"/><MeasureUnit v="KW1"/></Period><Period><TimeInterval v="2016-12-31T01:00Z/2016-12-31T02:00Z"/><Direction v="Z02"/><Quantity v="525500"/><MeasureUnit v="KW1"/></Period><Period><TimeInterval v="2016-12-31T02:00Z/2016-12-31T03:00Z"/><Direction v="Z02"/><Quantity v="525500"/><MeasureUnit v="KW1"/></Period><Period><TimeInterval v="2016-12-31T03:00Z/2016-12-31T04:00Z"/><Direction v="Z02"/><Quantity v="525500"/><MeasureUnit v="KW1"/></Period><Period><TimeInterval v="2016-12-31T04:00Z/2016-12-31T05:00Z"/><Direction v="Z02"/><Quantity v="525500"/><MeasureUnit v="KW1"/></Period></Category><Category><CapacityCode v="Z14"/><Period><TimeInterval v="2016-12-30T05:00Z/2016-12-30T06:00Z"/><Direction v="Z02"/><Quantity v="0"/><MeasureUnit v="KW1"/></Period><Period><TimeInterval v="2016-12-30T06:00Z/2016-12-30T07:00Z"/><Direction v="Z02"/><Quantity v="0"/><MeasureUnit v="KW1"/></Period><Period><TimeInterval v="2016-12-30T07:00Z/2016-12-30T08:00Z"/><Direction v="Z02"/><Quantity v="0"/><MeasureUnit v="KW1"/></Period><Period><TimeInterval v="2016-12-30T08:00Z/2016-12-30T09:00Z"/><Direction v="Z02"/><Quantity v="0"/><MeasureUnit v="KW1"/></Period><Period><TimeInterval v="2016-12-30T09:00Z/2016-12-30T10:00Z"/><Direction v="Z02"/><Quantity v="0"/><MeasureUnit v="KW1"/></Period><Period><TimeInterval v="2016-12-30T10:00Z/2016-12-30T11:00Z"/><Direction v="Z02"/><Quantity v="0"/><MeasureUnit v="KW1"/></Period><Period><TimeInterval v="2016-12-30T11:00Z/2016-12-30T12:00Z"/><Direction v="Z02"/><Quantity v="0"/><MeasureUnit v="KW1"/></Period><Period><TimeInterval v="2016-12-30T12:00Z/2016-12-30T13:00Z"/><Direction v="Z02"/><Quantity v="0"/><MeasureUnit v="KW1"/></Period><Period><TimeInterval v="2016-12-30T13:00Z/2016-12-30T14:00Z"/><Direction v="Z02"/><Quantity v="0"/><MeasureUnit v="KW1"/></Period><Period><TimeInterval v="2016-12-30T14:00Z/2016-12-30T15:00Z"/><Direction v="Z02"/><Quantity v="0"/><MeasureUnit v="KW1"/></Period><Period><TimeInterval v="2016-12-30T15:00Z/2016-12-30T16:00Z"/><Direction v="Z02"/><Quantity v="0"/><MeasureUnit v="KW1"/></Period><Period><TimeInterval v="2016-12-30T16:00Z/2016-12-30T17:00Z"/><Direction v="Z02"/><Quantity v="0"/><MeasureUnit v="KW1"/></Period><Period><TimeInterval v="2016-12-30T17:00Z/2016-12-30T18:00Z"/><Direction v="Z02"/><Quantity v="0"/><MeasureUnit v="KW1"/></Period><Period><TimeInterval v="2016-12-30T18:00Z/2016-12-30T19:00Z"/><Direction v="Z02"/><Quantity v="0"/><MeasureUnit v="KW1"/></Period><Period><TimeInterval v="2016-12-30T19:00Z/2016-12-30T20:00Z"/><Direction v="Z02"/><Quantity v="0"/><MeasureUnit v="KW1"/></Period><Period><TimeInterval v="2016-12-30T20:00Z/2016-12-30T21:00Z"/><Direction v="Z02"/><Quantity v="0"/><MeasureUnit v="KW1"/></Period><Period><TimeInterval v="2016-12-30T21:00Z/2016-12-30T22:00Z"/><Direction v="Z02"/><Quantity v="0"/><MeasureUnit v="KW1"/></Period><Period><TimeInterval v="2016-12-30T22:00Z/2016-12-30T23:00Z"/><Direction v="Z02"/><Quantity v="0"/><MeasureUnit v="KW1"/></Period><Period><TimeInterval v="2016-12-30T23:00Z/2016-12-31T00:00Z"/><Direction v="Z02"/><Quantity v="0"/><MeasureUnit v="KW1"/></Period><Period><TimeInterval v="2016-12-31T00:00Z/2016-12-31T01:00Z"/><Direction v="Z02"/><Quantity v="0"/><MeasureUnit v="KW1"/></Period><Period><TimeInterval v="2016-12-31T01:00Z/2016-12-31T02:00Z"/><Direction v="Z02"/><Quantity v="0"/><MeasureUnit v="KW1"/></Period><Period><TimeInterval v="2016-12-31T02:00Z/2016-12-31T03:00Z"/><Direction v="Z02"/><Quantity v="0"/><MeasureUnit v="KW1"/></Period><Period><TimeInterval v="2016-12-31T03:00Z/2016-12-31T04:00Z"/><Direction v="Z02"/><Quantity v="0"/><MeasureUnit v="KW1"/></Period><Period><TimeInterval v="2016-12-31T04:00Z/2016-12-31T05:00Z"/><Direction v="Z02"/><Quantity v="0"/><MeasureUnit v="KW1"/></Period></Category><Category><CapacityCode v="Z15"/><Period><TimeInterval v="2016-12-30T05:00Z/2016-12-30T06:00Z"/><Direction v="Z02"/><Quantity v="0"/><MeasureUnit v="KW1"/></Period><Period><TimeInterval v="2016-12-30T06:00Z/2016-12-30T07:00Z"/><Direction v="Z02"/><Quantity v="0"/><MeasureUnit v="KW1"/></Period><Period><TimeInterval v="2016-12-30T07:00Z/2016-12-30T08:00Z"/><Direction v="Z02"/><Quantity v="0"/><MeasureUnit v="KW1"/></Period><Period><TimeInterval v="2016-12-30T08:00Z/2016-12-30T09:00Z"/><Direction v="Z02"/><Quantity v="0"/><MeasureUnit v="KW1"/></Period><Period><TimeInterval v="2016-12-30T09:00Z/2016-12-30T10:00Z"/><Direction v="Z02"/><Quantity v="0"/><MeasureUnit v="KW1"/></Period><Period><TimeInterval v="2016-12-30T10:00Z/2016-12-30T11:00Z"/><Direction v="Z02"/><Quantity v="0"/><MeasureUnit v="KW1"/></Period><Period><TimeInterval v="2016-12-30T11:00Z/2016-12-30T12:00Z"/><Direction v="Z02"/><Quantity v="0"/><MeasureUnit v="KW1"/></Period><Period><TimeInterval v="2016-12-30T12:00Z/2016-12-30T13:00Z"/><Direction v="Z02"/><Quantity v="0"/><MeasureUnit v="KW1"/></Period><Period><TimeInterval v="2016-12-30T13:00Z/2016-12-30T14:00Z"/><Direction v="Z02"/><Quantity v="0"/><MeasureUnit v="KW1"/></Period><Period><TimeInterval v="2016-12-30T14:00Z/2016-12-30T15:00Z"/><Direction v="Z02"/><Quantity v="0"/><MeasureUnit v="KW1"/></Period><Period><TimeInterval v="2016-12-30T15:00Z/2016-12-30T16:00Z"/><Direction v="Z02"/><Quantity v="0"/><MeasureUnit v="KW1"/></Period><Period><TimeInterval v="2016-12-30T16:00Z/2016-12-30T17:00Z"/><Direction v="Z02"/><Quantity v="0"/><MeasureUnit v="KW1"/></Period><Period><TimeInterval v="2016-12-30T17:00Z/2016-12-30T18:00Z"/><Direction v="Z02"/><Quantity v="0"/><MeasureUnit v="KW1"/></Period><Period><TimeInterval v="2016-12-30T18:00Z/2016-12-30T19:00Z"/><Direction v="Z02"/><Quantity v="0"/><MeasureUnit v="KW1"/></Period><Period><TimeInterval v="2016-12-30T19:00Z/2016-12-30T20:00Z"/><Direction v="Z02"/><Quantity v="0"/><MeasureUnit v="KW1"/></Period><Period><TimeInterval v="2016-12-30T20:00Z/2016-12-30T21:00Z"/><Direction v="Z02"/><Quantity v="0"/><MeasureUnit v="KW1"/></Period><Period><TimeInterval v="2016-12-30T21:00Z/2016-12-30T22:00Z"/><Direction v="Z02"/><Quantity v="0"/><MeasureUnit v="KW1"/></Period><Period><TimeInterval v="2016-12-30T22:00Z/2016-12-30T23:00Z"/><Direction v="Z02"/><Quantity v="0"/><MeasureUnit v="KW1"/></Period><Period><TimeInterval v="2016-12-30T23:00Z/2016-12-31T00:00Z"/><Direction v="Z02"/><Quantity v="0"/><MeasureUnit v="KW1"/></Period><Period><TimeInterval v="2016-12-31T00:00Z/2016-12-31T01:00Z"/><Direction v="Z02"/><Quantity v="0"/><MeasureUnit v="KW1"/></Period><Period><TimeInterval v="2016-12-31T01:00Z/2016-12-31T02:00Z"/><Direction v="Z02"/><Quantity v="0"/><MeasureUnit v="KW1"/></Period><Period><TimeInterval v="2016-12-31T02:00Z/2016-12-31T03:00Z"/><Direction v="Z02"/><Quantity v="0"/><MeasureUnit v="KW1"/></Period><Period><TimeInterval v="2016-12-31T03:00Z/2016-12-31T04:00Z"/><Direction v="Z02"/><Quantity v="0"/><MeasureUnit v="KW1"/></Period><Period><TimeInterval v="2016-12-31T04:00Z/2016-12-31T05:00Z"/><Direction v="Z02"/><Quantity v="0"/><MeasureUnit v="KW1"/></Period></Category></ConnectionPoint><ConnectionPoint><Identification v="37Z000000006389D" codingScheme="305"/><Type v="Z26"/><Category><CapacityCode v="Z12"/><Period><TimeInterval v="2016-12-30T05:00Z/2016-12-30T06:00Z"/><Direction v="Z03"/><Quantity v="1200"/><MeasureUnit v="KW1"/></Period><Period><TimeInterval v="2016-12-30T06:00Z/2016-12-30T07:00Z"/><Direction v="Z03"/><Quantity v="1200"/><MeasureUnit v="KW1"/></Period><Period><TimeInterval v="2016-12-30T07:00Z/2016-12-30T08:00Z"/><Direction v="Z03"/><Quantity v="1200"/><MeasureUnit v="KW1"/></Period><Period><TimeInterval v="2016-12-30T08:00Z/2016-12-30T09:00Z"/><Direction v="Z03"/><Quantity v="1200"/><MeasureUnit v="KW1"/></Period><Period><TimeInterval v="2016-12-30T09:00Z/2016-12-30T10:00Z"/><Direction v="Z03"/><Quantity v="1200"/><MeasureUnit v="KW1"/></Period><Period><TimeInterval v="2016-12-30T10:00Z/2016-12-30T11:00Z"/><Direction v="Z03"/><Quantity v="1200"/><MeasureUnit v="KW1"/></Period><Period><TimeInterval v="2016-12-30T11:00Z/2016-12-30T12:00Z"/><Direction v="Z03"/><Quantity v="1200"/><MeasureUnit v="KW1"/></Period><Period><TimeInterval v="2016-12-30T12:00Z/2016-12-30T13:00Z"/><Direction v="Z03"/><Quantity v="1200"/><MeasureUnit v="KW1"/></Period><Period><TimeInterval v="2016-12-30T13:00Z/2016-12-30T14:00Z"/><Direction v="Z03"/><Quantity v="1200"/><MeasureUnit v="KW1"/></Period><Period><TimeInterval v="2016-12-30T14:00Z/2016-12-30T15:00Z"/><Direction v="Z03"/><Quantity v="1200"/><MeasureUnit v="KW1"/></Period><Period><TimeInterval v="2016-12-30T15:00Z/2016-12-30T16:00Z"/><Direction v="Z03"/><Quantity v="1200"/><MeasureUnit v="KW1"/></Period><Period><TimeInterval v="2016-12-30T16:00Z/2016-12-30T17:00Z"/><Direction v="Z03"/><Quantity v="1200"/><MeasureUnit v="KW1"/></Period><Period><TimeInterval v="2016-12-30T17:00Z/2016-12-30T18:00Z"/><Direction v="Z03"/><Quantity v="1200"/><MeasureUnit v="KW1"/></Period><Period><TimeInterval v="2016-12-30T18:00Z/2016-12-30T19:00Z"/><Direction v="Z03"/><Quantity v="1200"/><MeasureUnit v="KW1"/></Period><Period><TimeInterval v="2016-12-30T19:00Z/2016-12-30T20:00Z"/><Direction v="Z03"/><Quantity v="1200"/><MeasureUnit v="KW1"/></Period><Period><TimeInterval v="2016-12-30T20:00Z/2016-12-30T21:00Z"/><Direction v="Z03"/><Quantity v="1200"/><MeasureUnit v="KW1"/></Period><Period><TimeInterval v="2016-12-30T21:00Z/2016-12-30T22:00Z"/><Direction v="Z03"/><Quantity v="1200"/><MeasureUnit v="KW1"/></Period><Period><TimeInterval v="2016-12-30T22:00Z/2016-12-30T23:00Z"/><Direction v="Z03"/><Quantity v="1200"/><MeasureUnit v="KW1"/></Period><Period><TimeInterval v="2016-12-30T23:00Z/2016-12-31T00:00Z"/><Direction v="Z03"/><Quantity v="1200"/><MeasureUnit v="KW1"/></Period><Period><TimeInterval v="2016-12-31T00:00Z/2016-12-31T01:00Z"/><Direction v="Z03"/><Quantity v="1200"/><MeasureUnit v="KW1"/></Period><Period><TimeInterval v="2016-12-31T01:00Z/2016-12-31T02:00Z"/><Direction v="Z03"/><Quantity v="1200"/><MeasureUnit v="KW1"/></Period><Period><TimeInterval v="2016-12-31T02:00Z/2016-12-31T03:00Z"/><Direction v="Z03"/><Quantity v="1200"/><MeasureUnit v="KW1"/></Period><Period><TimeInterval v="2016-12-31T03:00Z/2016-12-31T04:00Z"/><Direction v="Z03"/><Quantity v="1200"/><MeasureUnit v="KW1"/></Period><Period><TimeInterval v="2016-12-31T04:00Z/2016-12-31T05:00Z"/><Direction v="Z03"/><Quantity v="1200"/><MeasureUnit v="KW1"/></Period></Category><Category><CapacityCode v="Z14"/><Period><TimeInterval v="2016-12-30T05:00Z/2016-12-30T06:00Z"/><Direction v="Z03"/><Quantity v="1200"/><MeasureUnit v="KW1"/></Period><Period><TimeInterval v="2016-12-30T06:00Z/2016-12-30T07:00Z"/><Direction v="Z03"/><Quantity v="1200"/><MeasureUnit v="KW1"/></Period><Period><TimeInterval v="2016-12-30T07:00Z/2016-12-30T08:00Z"/><Direction v="Z03"/><Quantity v="1200"/><MeasureUnit v="KW1"/></Period><Period><TimeInterval v="2016-12-30T08:00Z/2016-12-30T09:00Z"/><Direction v="Z03"/><Quantity v="1200"/><MeasureUnit v="KW1"/></Period><Period><TimeInterval v="2016-12-30T09:00Z/2016-12-30T10:00Z"/><Direction v="Z03"/><Quantity v="1200"/><MeasureUnit v="KW1"/></Period><Period><TimeInterval v="2016-12-30T10:00Z/2016-12-30T11:00Z"/><Direction v="Z03"/><Quantity v="1200"/><MeasureUnit v="KW1"/></Period><Period><TimeInterval v="2016-12-30T11:00Z/2016-12-30T12:00Z"/><Direction v="Z03"/><Quantity v="1200"/><MeasureUnit v="KW1"/></Period><Period><TimeInterval v="2016-12-30T12:00Z/2016-12-30T13:00Z"/><Direction v="Z03"/><Quantity v="1200"/><MeasureUnit v="KW1"/></Period><Period><TimeInterval v="2016-12-30T13:00Z/2016-12-30T14:00Z"/><Direction v="Z03"/><Quantity v="1200"/><MeasureUnit v="KW1"/></Period><Period><TimeInterval v="2016-12-30T14:00Z/2016-12-30T15:00Z"/><Direction v="Z03"/><Quantity v="1200"/><MeasureUnit v="KW1"/></Period><Period><TimeInterval v="2016-12-30T15:00Z/2016-12-30T16:00Z"/><Direction v="Z03"/><Quantity v="1200"/><MeasureUnit v="KW1"/></Period><Period><TimeInterval v="2016-12-30T16:00Z/2016-12-30T17:00Z"/><Direction v="Z03"/><Quantity v="1200"/><MeasureUnit v="KW1"/></Period><Period><TimeInterval v="2016-12-30T17:00Z/2016-12-30T18:00Z"/><Direction v="Z03"/><Quantity v="1200"/><MeasureUnit v="KW1"/></Period><Period><TimeInterval v="2016-12-30T18:00Z/2016-12-30T19:00Z"/><Direction v="Z03"/><Quantity v="1200"/><MeasureUnit v="KW1"/></Period><Period><TimeInterval v="2016-12-30T19:00Z/2016-12-30T20:00Z"/><Direction v="Z03"/><Quantity v="1200"/><MeasureUnit v="KW1"/></Period><Period><TimeInterval v="2016-12-30T20:00Z/2016-12-30T21:00Z"/><Direction v="Z03"/><Quantity v="1200"/><MeasureUnit v="KW1"/></Period><Period><TimeInterval v="2016-12-30T21:00Z/2016-12-30T22:00Z"/><Direction v="Z03"/><Quantity v="1200"/><MeasureUnit v="KW1"/></Period><Period><TimeInterval v="2016-12-30T22:00Z/2016-12-30T23:00Z"/><Direction v="Z03"/><Quantity v="1200"/><MeasureUnit v="KW1"/></Period><Period><TimeInterval v="2016-12-30T23:00Z/2016-12-31T00:00Z"/><Direction v="Z03"/><Quantity v="1200"/><MeasureUnit v="KW1"/></Period><Period><TimeInterval v="2016-12-31T00:00Z/2016-12-31T01:00Z"/><Direction v="Z03"/><Quantity v="1200"/><MeasureUnit v="KW1"/></Period><Period><TimeInterval v="2016-12-31T01:00Z/2016-12-31T02:00Z"/><Direction v="Z03"/><Quantity v="1200"/><MeasureUnit v="KW1"/></Period><Period><TimeInterval v="2016-12-31T02:00Z/2016-12-31T03:00Z"/><Direction v="Z03"/><Quantity v="1200"/><MeasureUnit v="KW1"/></Period><Period><TimeInterval v="2016-12-31T03:00Z/2016-12-31T04:00Z"/><Direction v="Z03"/><Quantity v="1200"/><MeasureUnit v="KW1"/></Period><Period><TimeInterval v="2016-12-31T04:00Z/2016-12-31T05:00Z"/><Direction v="Z03"/><Quantity v="1200"/><MeasureUnit v="KW1"/></Period></Category><Category><CapacityCode v="Z15"/><Period><TimeInterval v="2016-12-30T05:00Z/2016-12-30T06:00Z"/><Direction v="Z03"/><Quantity v="0"/><MeasureUnit v="KW1"/></Period><Period><TimeInterval v="2016-12-30T06:00Z/2016-12-30T07:00Z"/><Direction v="Z03"/><Quantity v="0"/><MeasureUnit v="KW1"/></Period><Period><TimeInterval v="2016-12-30T07:00Z/2016-12-30T08:00Z"/><Direction v="Z03"/><Quantity v="0"/><MeasureUnit v="KW1"/></Period><Period><TimeInterval v="2016-12-30T08:00Z/2016-12-30T09:00Z"/><Direction v="Z03"/><Quantity v="0"/><MeasureUnit v="KW1"/></Period><Period><TimeInterval v="2016-12-30T09:00Z/2016-12-30T10:00Z"/><Direction v="Z03"/><Quantity v="0"/><MeasureUnit v="KW1"/></Period><Period><TimeInterval v="2016-12-30T10:00Z/2016-12-30T11:00Z"/><Direction v="Z03"/><Quantity v="0"/><MeasureUnit v="KW1"/></Period><Period><TimeInterval v="2016-12-30T11:00Z/2016-12-30T12:00Z"/><Direction v="Z03"/><Quantity v="0"/><MeasureUnit v="KW1"/></Period><Period><TimeInterval v="2016-12-30T12:00Z/2016-12-30T13:00Z"/><Direction v="Z03"/><Quantity v="0"/><MeasureUnit v="KW1"/></Period><Period><TimeInterval v="2016-12-30T13:00Z/2016-12-30T14:00Z"/><Direction v="Z03"/><Quantity v="0"/><MeasureUnit v="KW1"/></Period><Period><TimeInterval v="2016-12-30T14:00Z/2016-12-30T15:00Z"/><Direction v="Z03"/><Quantity v="0"/><MeasureUnit v="KW1"/></Period><Period><TimeInterval v="2016-12-30T15:00Z/2016-12-30T16:00Z"/><Direction v="Z03"/><Quantity v="0"/><MeasureUnit v="KW1"/></Period><Period><TimeInterval v="2016-12-30T16:00Z/2016-12-30T17:00Z"/><Direction v="Z03"/><Quantity v="0"/><MeasureUnit v="KW1"/></Period><Period><TimeInterval v="2016-12-30T17:00Z/2016-12-30T18:00Z"/><Direction v="Z03"/><Quantity v="0"/><MeasureUnit v="KW1"/></Period><Period><TimeInterval v="2016-12-30T18:00Z/2016-12-30T19:00Z"/><Direction v="Z03"/><Quantity v="0"/><MeasureUnit v="KW1"/></Period><Period><TimeInterval v="2016-12-30T19:00Z/2016-12-30T20:00Z"/><Direction v="Z03"/><Quantity v="0"/><MeasureUnit v="KW1"/></Period><Period><TimeInterval v="2016-12-30T20:00Z/2016-12-30T21:00Z"/><Direction v="Z03"/><Quantity v="0"/><MeasureUnit v="KW1"/></Period><Period><TimeInterval v="2016-12-30T21:00Z/2016-12-30T22:00Z"/><Direction v="Z03"/><Quantity v="0"/><MeasureUnit v="KW1"/></Period><Period><TimeInterval v="2016-12-30T22:00Z/2016-12-30T23:00Z"/><Direction v="Z03"/><Quantity v="0"/><MeasureUnit v="KW1"/></Period><Period><TimeInterval v="2016-12-30T23:00Z/2016-12-31T00:00Z"/><Direction v="Z03"/><Quantity v="0"/><MeasureUnit v="KW1"/></Period><Period><TimeInterval v="2016-12-31T00:00Z/2016-12-31T01:00Z"/><Direction v="Z03"/><Quantity v="0"/><MeasureUnit v="KW1"/></Period><Period><TimeInterval v="2016-12-31T01:00Z/2016-12-31T02:00Z"/><Direction v="Z03"/><Quantity v="0"/><MeasureUnit v="KW1"/></Period><Period><TimeInterval v="2016-12-31T02:00Z/2016-12-31T03:00Z"/><Direction v="Z03"/><Quantity v="0"/><MeasureUnit v="KW1"/></Period><Period><TimeInterval v="2016-12-31T03:00Z/2016-12-31T04:00Z"/><Direction v="Z03"/><Quantity v="0"/><MeasureUnit v="KW1"/></Period><Period><TimeInterval v="2016-12-31T04:00Z/2016-12-31T05:00Z"/><Direction v="Z03"/><Quantity v="0"/><MeasureUnit v="KW1"/></Period></Category></ConnectionPoint><ConnectionPoint><Identification v="21Z000000000039S" codingScheme="305"/><Type v="Z25"/><Category><CapacityCode v="Z12"/><Period><TimeInterval v="2016-12-30T05:00Z/2016-12-30T06:00Z"/><Direction v="Z03"/><Quantity v="5888284"/><MeasureUnit v="KW1"/></Period><Period><TimeInterval v="2016-12-30T06:00Z/2016-12-30T07:00Z"/><Direction v="Z03"/><Quantity v="5888284"/><MeasureUnit v="KW1"/></Period><Period><TimeInterval v="2016-12-30T07:00Z/2016-12-30T08:00Z"/><Direction v="Z03"/><Quantity v="5888284"/><MeasureUnit v="KW1"/></Period><Period><TimeInterval v="2016-12-30T08:00Z/2016-12-30T09:00Z"/><Direction v="Z03"/><Quantity v="5888284"/><MeasureUnit v="KW1"/></Period><Period><TimeInterval v="2016-12-30T09:00Z/2016-12-30T10:00Z"/><Direction v="Z03"/><Quantity v="5888284"/><MeasureUnit v="KW1"/></Period><Period><TimeInterval v="2016-12-30T10:00Z/2016-12-30T11:00Z"/><Direction v="Z03"/><Quantity v="5888284"/><MeasureUnit v="KW1"/></Period><Period><TimeInterval v="2016-12-30T11:00Z/2016-12-30T12:00Z"/><Direction v="Z03"/><Quantity v="5888284"/><MeasureUnit v="KW1"/></Period><Period><TimeInterval v="2016-12-30T12:00Z/2016-12-30T13:00Z"/><Direction v="Z03"/><Quantity v="5888284"/><MeasureUnit v="KW1"/></Period><Period><TimeInterval v="2016-12-30T13:00Z/2016-12-30T14:00Z"/><Direction v="Z03"/><Quantity v="5888284"/><MeasureUnit v="KW1"/></Period><Period><TimeInterval v="2016-12-30T14:00Z/2016-12-30T15:00Z"/><Direction v="Z03"/><Quantity v="5888284"/><MeasureUnit v="KW1"/></Period><Period><TimeInterval v="2016-12-30T15:00Z/2016-12-30T16:00Z"/><Direction v="Z03"/><Quantity v="5888284"/><MeasureUnit v="KW1"/></Period><Period><TimeInterval v="2016-12-30T16:00Z/2016-12-30T17:00Z"/><Direction v="Z03"/><Quantity v="6581284"/><MeasureUnit v="KW1"/></Period><Period><TimeInterval v="2016-12-30T17:00Z/2016-12-30T18:00Z"/><Direction v="Z03"/><Quantity v="6581284"/><MeasureUnit v="KW1"/></Period><Period><TimeInterval v="2016-12-30T18:00Z/2016-12-30T19:00Z"/><Direction v="Z03"/><Quantity v="7031284"/><MeasureUnit v="KW1"/></Period><Period><TimeInterval v="2016-12-30T19:00Z/2016-12-30T20:00Z"/><Direction v="Z03"/><Quantity v="7031284"/><MeasureUnit v="KW1"/></Period><Period><TimeInterval v="2016-12-30T20:00Z/2016-12-30T21:00Z"/><Direction v="Z03"/><Quantity v="7031284"/><MeasureUnit v="KW1"/></Period><Period><TimeInterval v="2016-12-30T21:00Z/2016-12-30T22:00Z"/><Direction v="Z03"/><Quantity v="7031284"/><MeasureUnit v="KW1"/></Period><Period><TimeInterval v="2016-12-30T22:00Z/2016-12-30T23:00Z"/><Direction v="Z03"/><Quantity v="7031284"/><MeasureUnit v="KW1"/></Period><Period><TimeInterval v="2016-12-30T23:00Z/2016-12-31T00:00Z"/><Direction v="Z03"/><Quantity v="7031284"/><MeasureUnit v="KW1"/></Period><Period><TimeInterval v="2016-12-31T00:00Z/2016-12-31T01:00Z"/><Direction v="Z03"/><Quantity v="7031284"/><MeasureUnit v="KW1"/></Period><Period><TimeInterval v="2016-12-31T01:00Z/2016-12-31T02:00Z"/><Direction v="Z03"/><Quantity v="7031284"/><MeasureUnit v="KW1"/></Period><Period><TimeInterval v="2016-12-31T02:00Z/2016-12-31T03:00Z"/><Direction v="Z03"/><Quantity v="7031284"/><MeasureUnit v="KW1"/></Period><Period><TimeInterval v="2016-12-31T03:00Z/2016-12-31T04:00Z"/><Direction v="Z03"/><Quantity v="7031284"/><MeasureUnit v="KW1"/></Period><Period><TimeInterval v="2016-12-31T04:00Z/2016-12-31T05:00Z"/><Direction v="Z03"/><Quantity v="7031284"/><MeasureUnit v="KW1"/></Period></Category><Category><CapacityCode v="Z14"/><Period><TimeInterval v="2016-12-30T05:00Z/2016-12-30T06:00Z"/><Direction v="Z03"/><Quantity v="1276500"/><MeasureUnit v="KW1"/></Period><Period><TimeInterval v="2016-12-30T06:00Z/2016-12-30T07:00Z"/><Direction v="Z03"/><Quantity v="1276500"/><MeasureUnit v="KW1"/></Period><Period><TimeInterval v="2016-12-30T07:00Z/2016-12-30T08:00Z"/><Direction v="Z03"/><Quantity v="1276500"/><MeasureUnit v="KW1"/></Period><Period><TimeInterval v="2016-12-30T08:00Z/2016-12-30T09:00Z"/><Direction v="Z03"/><Quantity v="1276500"/><MeasureUnit v="KW1"/></Period><Period><TimeInterval v="2016-12-30T09:00Z/2016-12-30T10:00Z"/><Direction v="Z03"/><Quantity v="1276500"/><MeasureUnit v="KW1"/></Period><Period><TimeInterval v="2016-12-30T10:00Z/2016-12-30T11:00Z"/><Direction v="Z03"/><Quantity v="1276500"/><MeasureUnit v="KW1"/></Period><Period><TimeInterval v="2016-12-30T11:00Z/2016-12-30T12:00Z"/><Direction v="Z03"/><Quantity v="1276500"/><MeasureUnit v="KW1"/></Period><Period><TimeInterval v="2016-12-30T12:00Z/2016-12-30T13:00Z"/><Direction v="Z03"/><Quantity v="1276500"/><MeasureUnit v="KW1"/></Period><Period><TimeInterval v="2016-12-30T13:00Z/2016-12-30T14:00Z"/><Direction v="Z03"/><Quantity v="1276500"/><MeasureUnit v="KW1"/></Period><Period><TimeInterval v="2016-12-30T14:00Z/2016-12-30T15:00Z"/><Direction v="Z03"/><Quantity v="1276500"/><MeasureUnit v="KW1"/></Period><Period><TimeInterval v="2016-12-30T15:00Z/2016-12-30T16:00Z"/><Direction v="Z03"/><Quantity v="1276500"/><MeasureUnit v="KW1"/></Period><Period><TimeInterval v="2016-12-30T16:00Z/2016-12-30T17:00Z"/><Direction v="Z03"/><Quantity v="1276500"/><MeasureUnit v="KW1"/></Period><Period><TimeInterval v="2016-12-30T17:00Z/2016-12-30T18:00Z"/><Direction v="Z03"/><Quantity v="1276500"/><MeasureUnit v="KW1"/></Period><Period><TimeInterval v="2016-12-30T18:00Z/2016-12-30T19:00Z"/><Direction v="Z03"/><Quantity v="1276500"/><MeasureUnit v="KW1"/></Period><Period><TimeInterval v="2016-12-30T19:00Z/2016-12-30T20:00Z"/><Direction v="Z03"/><Quantity v="1276500"/><MeasureUnit v="KW1"/></Period><Period><TimeInterval v="2016-12-30T20:00Z/2016-12-30T21:00Z"/><Direction v="Z03"/><Quantity v="1276500"/><MeasureUnit v="KW1"/></Period><Period><TimeInterval v="2016-12-30T21:00Z/2016-12-30T22:00Z"/><Direction v="Z03"/><Quantity v="1276500"/><MeasureUnit v="KW1"/></Period><Period><TimeInterval v="2016-12-30T22:00Z/2016-12-30T23:00Z"/><Direction v="Z03"/><Quantity v="1276500"/><MeasureUnit v="KW1"/></Period><Period><TimeInterval v="2016-12-30T23:00Z/2016-12-31T00:00Z"/><Direction v="Z03"/><Quantity v="1276500"/><MeasureUnit v="KW1"/></Period><Period><TimeInterval v="2016-12-31T00:00Z/2016-12-31T01:00Z"/><Direction v="Z03"/><Quantity v="1276500"/><MeasureUnit v="KW1"/></Period><Period><TimeInterval v="2016-12-31T01:00Z/2016-12-31T02:00Z"/><Direction v="Z03"/><Quantity v="1276500"/><MeasureUnit v="KW1"/></Period><Period><TimeInterval v="2016-12-31T02:00Z/2016-12-31T03:00Z"/><Direction v="Z03"/><Quantity v="1276500"/><MeasureUnit v="KW1"/></Period><Period><TimeInterval v="2016-12-31T03:00Z/2016-12-31T04:00Z"/><Direction v="Z03"/><Quantity v="1276500"/><MeasureUnit v="KW1"/></Period><Period><TimeInterval v="2016-12-31T04:00Z/2016-12-31T05:00Z"/><Direction v="Z03"/><Quantity v="1276500"/><MeasureUnit v="KW1"/></Period></Category><Category><CapacityCode v="Z15"/><Period><TimeInterval v="2016-12-30T05:00Z/2016-12-30T06:00Z"/><Direction v="Z03"/><Quantity v="0"/><MeasureUnit v="KW1"/></Period><Period><TimeInterval v="2016-12-30T06:00Z/2016-12-30T07:00Z"/><Direction v="Z03"/><Quantity v="0"/><MeasureUnit v="KW1"/></Period><Period><TimeInterval v="2016-12-30T07:00Z/2016-12-30T08:00Z"/><Direction v="Z03"/><Quantity v="0"/><MeasureUnit v="KW1"/></Period><Period><TimeInterval v="2016-12-30T08:00Z/2016-12-30T09:00Z"/><Direction v="Z03"/><Quantity v="0"/><MeasureUnit v="KW1"/></Period><Period><TimeInterval v="2016-12-30T09:00Z/2016-12-30T10:00Z"/><Direction v="Z03"/><Quantity v="0"/><MeasureUnit v="KW1"/></Period><Period><TimeInterval v="2016-12-30T10:00Z/2016-12-30T11:00Z"/><Direction v="Z03"/><Quantity v="0"/><MeasureUnit v="KW1"/></Period><Period><TimeInterval v="2016-12-30T11:00Z/2016-12-30T12:00Z"/><Direction v="Z03"/><Quantity v="0"/><MeasureUnit v="KW1"/></Period><Period><TimeInterval v="2016-12-30T12:00Z/2016-12-30T13:00Z"/><Direction v="Z03"/><Quantity v="0"/><MeasureUnit v="KW1"/></Period><Period><TimeInterval v="2016-12-30T13:00Z/2016-12-30T14:00Z"/><Direction v="Z03"/><Quantity v="0"/><MeasureUnit v="KW1"/></Period><Period><TimeInterval v="2016-12-30T14:00Z/2016-12-30T15:00Z"/><Direction v="Z03"/><Quantity v="0"/><MeasureUnit v="KW1"/></Period><Period><TimeInterval v="2016-12-30T15:00Z/2016-12-30T16:00Z"/><Direction v="Z03"/><Quantity v="0"/><MeasureUnit v="KW1"/></Period><Period><TimeInterval v="2016-12-30T16:00Z/2016-12-30T17:00Z"/><Direction v="Z03"/><Quantity v="0"/><MeasureUnit v="KW1"/></Period><Period><TimeInterval v="2016-12-30T17:00Z/2016-12-30T18:00Z"/><Direction v="Z03"/><Quantity v="0"/><MeasureUnit v="KW1"/></Period><Period><TimeInterval v="2016-12-30T18:00Z/2016-12-30T19:00Z"/><Direction v="Z03"/><Quantity v="0"/><MeasureUnit v="KW1"/></Period><Period><TimeInterval v="2016-12-30T19:00Z/2016-12-30T20:00Z"/><Direction v="Z03"/><Quantity v="0"/><MeasureUnit v="KW1"/></Period><Period><TimeInterval v="2016-12-30T20:00Z/2016-12-30T21:00Z"/><Direction v="Z03"/><Quantity v="0"/><MeasureUnit v="KW1"/></Period><Period><TimeInterval v="2016-12-30T21:00Z/2016-12-30T22:00Z"/><Direction v="Z03"/><Quantity v="0"/><MeasureUnit v="KW1"/></Period><Period><TimeInterval v="2016-12-30T22:00Z/2016-12-30T23:00Z"/><Direction v="Z03"/><Quantity v="0"/><MeasureUnit v="KW1"/></Period><Period><TimeInterval v="2016-12-30T23:00Z/2016-12-31T00:00Z"/><Direction v="Z03"/><Quantity v="0"/><MeasureUnit v="KW1"/></Period><Period><TimeInterval v="2016-12-31T00:00Z/2016-12-31T01:00Z"/><Direction v="Z03"/><Quantity v="0"/><MeasureUnit v="KW1"/></Period><Period><TimeInterval v="2016-12-31T01:00Z/2016-12-31T02:00Z"/><Direction v="Z03"/><Quantity v="0"/><MeasureUnit v="KW1"/></Period><Period><TimeInterval v="2016-12-31T02:00Z/2016-12-31T03:00Z"/><Direction v="Z03"/><Quantity v="0"/><MeasureUnit v="KW1"/></Period><Period><TimeInterval v="2016-12-31T03:00Z/2016-12-31T04:00Z"/><Direction v="Z03"/><Quantity v="0"/><MeasureUnit v="KW1"/></Period><Period><TimeInterval v="2016-12-31T04:00Z/2016-12-31T05:00Z"/><Direction v="Z03"/><Quantity v="0"/><MeasureUnit v="KW1"/></Period></Category></ConnectionPoint><ConnectionPoint><Identification v="21Z0000000000260" codingScheme="305"/><Type v="Z25"/><Category><CapacityCode v="Z12"/><Period><TimeInterval v="2016-12-30T05:00Z/2016-12-30T06:00Z"/><Direction v="Z02"/><Quantity v="3749"/><MeasureUnit v="KW1"/></Period><Period><TimeInterval v="2016-12-30T06:00Z/2016-12-30T07:00Z"/><Direction v="Z02"/><Quantity v="3749"/><MeasureUnit v="KW1"/></Period><Period><TimeInterval v="2016-12-30T07:00Z/2016-12-30T08:00Z"/><Direction v="Z02"/><Quantity v="3749"/><MeasureUnit v="KW1"/></Period><Period><TimeInterval v="2016-12-30T08:00Z/2016-12-30T09:00Z"/><Direction v="Z02"/><Quantity v="3749"/><MeasureUnit v="KW1"/></Period><Period><TimeInterval v="2016-12-30T09:00Z/2016-12-30T10:00Z"/><Direction v="Z02"/><Quantity v="3749"/><MeasureUnit v="KW1"/></Period><Period><TimeInterval v="2016-12-30T10:00Z/2016-12-30T11:00Z"/><Direction v="Z02"/><Quantity v="3749"/><MeasureUnit v="KW1"/></Period><Period><TimeInterval v="2016-12-30T11:00Z/2016-12-30T12:00Z"/><Direction v="Z02"/><Quantity v="3749"/><MeasureUnit v="KW1"/></Period><Period><TimeInterval v="2016-12-30T12:00Z/2016-12-30T13:00Z"/><Direction v="Z02"/><Quantity v="3749"/><MeasureUnit v="KW1"/></Period><Period><TimeInterval v="2016-12-30T13:00Z/2016-12-30T14:00Z"/><Direction v="Z02"/><Quantity v="174749"/><MeasureUnit v="KW1"/></Period><Period><TimeInterval v="2016-12-30T14:00Z/2016-12-30T15:00Z"/><Direction v="Z02"/><Quantity v="174749"/><MeasureUnit v="KW1"/></Period><Period><TimeInterval v="2016-12-30T15:00Z/2016-12-30T16:00Z"/><Direction v="Z02"/><Quantity v="174749"/><MeasureUnit v="KW1"/></Period><Period><TimeInterval v="2016-12-30T16:00Z/2016-12-30T17:00Z"/><Direction v="Z02"/><Quantity v="174749"/><MeasureUnit v="KW1"/></Period><Period><TimeInterval v="2016-12-30T17:00Z/2016-12-30T18:00Z"/><Direction v="Z02"/><Quantity v="174749"/><MeasureUnit v="KW1"/></Period><Period><TimeInterval v="2016-12-30T18:00Z/2016-12-30T19:00Z"/><Direction v="Z02"/><Quantity v="174749"/><MeasureUnit v="KW1"/></Period><Period><TimeInterval v="2016-12-30T19:00Z/2016-12-30T20:00Z"/><Direction v="Z02"/><Quantity v="941749"/><MeasureUnit v="KW1"/></Period><Period><TimeInterval v="2016-12-30T20:00Z/2016-12-30T21:00Z"/><Direction v="Z02"/><Quantity v="941749"/><MeasureUnit v="KW1"/></Period><Period><TimeInterval v="2016-12-30T21:00Z/2016-12-30T22:00Z"/><Direction v="Z02"/><Quantity v="941749"/><MeasureUnit v="KW1"/></Period><Period><TimeInterval v="2016-12-30T22:00Z/2016-12-30T23:00Z"/><Direction v="Z02"/><Quantity v="941749"/><MeasureUnit v="KW1"/></Period><Period><TimeInterval v="2016-12-30T23:00Z/2016-12-31T00:00Z"/><Direction v="Z02"/><Quantity v="941749"/><MeasureUnit v="KW1"/></Period><Period><TimeInterval v="2016-12-31T00:00Z/2016-12-31T01:00Z"/><Direction v="Z02"/><Quantity v="941749"/><MeasureUnit v="KW1"/></Period><Period><TimeInterval v="2016-12-31T01:00Z/2016-12-31T02:00Z"/><Direction v="Z02"/><Quantity v="941749"/><MeasureUnit v="KW1"/></Period><Period><TimeInterval v="2016-12-31T02:00Z/2016-12-31T03:00Z"/><Direction v="Z02"/><Quantity v="941749"/><MeasureUnit v="KW1"/></Period><Period><TimeInterval v="2016-12-31T03:00Z/2016-12-31T04:00Z"/><Direction v="Z02"/><Quantity v="941749"/><MeasureUnit v="KW1"/></Period><Period><TimeInterval v="2016-12-31T04:00Z/2016-12-31T05:00Z"/><Direction v="Z02"/><Quantity v="941749"/><MeasureUnit v="KW1"/></Period></Category><Category><CapacityCode v="Z14"/><Period><TimeInterval v="2016-12-30T05:00Z/2016-12-30T06:00Z"/><Direction v="Z02"/><Quantity v="3749"/><MeasureUnit v="KW1"/></Period><Period><TimeInterval v="2016-12-30T06:00Z/2016-12-30T07:00Z"/><Direction v="Z02"/><Quantity v="3749"/><MeasureUnit v="KW1"/></Period><Period><TimeInterval v="2016-12-30T07:00Z/2016-12-30T08:00Z"/><Direction v="Z02"/><Quantity v="3749"/><MeasureUnit v="KW1"/></Period><Period><TimeInterval v="2016-12-30T08:00Z/2016-12-30T09:00Z"/><Direction v="Z02"/><Quantity v="3749"/><MeasureUnit v="KW1"/></Period><Period><TimeInterval v="2016-12-30T09:00Z/2016-12-30T10:00Z"/><Direction v="Z02"/><Quantity v="3749"/><MeasureUnit v="KW1"/></Period><Period><TimeInterval v="2016-12-30T10:00Z/2016-12-30T11:00Z"/><Direction v="Z02"/><Quantity v="3749"/><MeasureUnit v="KW1"/></Period><Period><TimeInterval v="2016-12-30T11:00Z/2016-12-30T12:00Z"/><Direction v="Z02"/><Quantity v="3749"/><MeasureUnit v="KW1"/></Period><Period><TimeInterval v="2016-12-30T12:00Z/2016-12-30T13:00Z"/><Direction v="Z02"/><Quantity v="3749"/><MeasureUnit v="KW1"/></Period><Period><TimeInterval v="2016-12-30T13:00Z/2016-12-30T14:00Z"/><Direction v="Z02"/><Quantity v="3749"/><MeasureUnit v="KW1"/></Period><Period><TimeInterval v="2016-12-30T14:00Z/2016-12-30T15:00Z"/><Direction v="Z02"/><Quantity v="3749"/><MeasureUnit v="KW1"/></Period><Period><TimeInterval v="2016-12-30T15:00Z/2016-12-30T16:00Z"/><Direction v="Z02"/><Quantity v="3749"/><MeasureUnit v="KW1"/></Period><Period><TimeInterval v="2016-12-30T16:00Z/2016-12-30T17:00Z"/><Direction v="Z02"/><Quantity v="3749"/><MeasureUnit v="KW1"/></Period><Period><TimeInterval v="2016-12-30T17:00Z/2016-12-30T18:00Z"/><Direction v="Z02"/><Quantity v="3749"/><MeasureUnit v="KW1"/></Period><Period><TimeInterval v="2016-12-30T18:00Z/2016-12-30T19:00Z"/><Direction v="Z02"/><Quantity v="3749"/><MeasureUnit v="KW1"/></Period><Period><TimeInterval v="2016-12-30T19:00Z/2016-12-30T20:00Z"/><Direction v="Z02"/><Quantity v="3749"/><MeasureUnit v="KW1"/></Period><Period><TimeInterval v="2016-12-30T20:00Z/2016-12-30T21:00Z"/><Direction v="Z02"/><Quantity v="3749"/><MeasureUnit v="KW1"/></Period><Period><TimeInterval v="2016-12-30T21:00Z/2016-12-30T22:00Z"/><Direction v="Z02"/><Quantity v="3749"/><MeasureUnit v="KW1"/></Period><Period><TimeInterval v="2016-12-30T22:00Z/2016-12-30T23:00Z"/><Direction v="Z02"/><Quantity v="3749"/><MeasureUnit v="KW1"/></Period><Period><TimeInterval v="2016-12-30T23:00Z/2016-12-31T00:00Z"/><Direction v="Z02"/><Quantity v="3749"/><MeasureUnit v="KW1"/></Period><Period><TimeInterval v="2016-12-31T00:00Z/2016-12-31T01:00Z"/><Direction v="Z02"/><Quantity v="3749"/><MeasureUnit v="KW1"/></Period><Period><TimeInterval v="2016-12-31T01:00Z/2016-12-31T02:00Z"/><Direction v="Z02"/><Quantity v="3749"/><MeasureUnit v="KW1"/></Period><Period><TimeInterval v="2016-12-31T02:00Z/2016-12-31T03:00Z"/><Direction v="Z02"/><Quantity v="3749"/><MeasureUnit v="KW1"/></Period><Period><TimeInterval v="2016-12-31T03:00Z/2016-12-31T04:00Z"/><Direction v="Z02"/><Quantity v="3749"/><MeasureUnit v="KW1"/></Period><Period><TimeInterval v="2016-12-31T04:00Z/2016-12-31T05:00Z"/><Direction v="Z02"/><Quantity v="3749"/><MeasureUnit v="KW1"/></Period></Category><Category><CapacityCode v="Z15"/><Period><TimeInterval v="2016-12-30T05:00Z/2016-12-30T06:00Z"/><Direction v="Z02"/><Quantity v="0"/><MeasureUnit v="KW1"/></Period><Period><TimeInterval v="2016-12-30T06:00Z/2016-12-30T07:00Z"/><Direction v="Z02"/><Quantity v="0"/><MeasureUnit v="KW1"/></Period><Period><TimeInterval v="2016-12-30T07:00Z/2016-12-30T08:00Z"/><Direction v="Z02"/><Quantity v="0"/><MeasureUnit v="KW1"/></Period><Period><TimeInterval v="2016-12-30T08:00Z/2016-12-30T09:00Z"/><Direction v="Z02"/><Quantity v="0"/><MeasureUnit v="KW1"/></Period><Period><TimeInterval v="2016-12-30T09:00Z/2016-12-30T10:00Z"/><Direction v="Z02"/><Quantity v="0"/><MeasureUnit v="KW1"/></Period><Period><TimeInterval v="2016-12-30T10:00Z/2016-12-30T11:00Z"/><Direction v="Z02"/><Quantity v="0"/><MeasureUnit v="KW1"/></Period><Period><TimeInterval v="2016-12-30T11:00Z/2016-12-30T12:00Z"/><Direction v="Z02"/><Quantity v="0"/><MeasureUnit v="KW1"/></Period><Period><TimeInterval v="2016-12-30T12:00Z/2016-12-30T13:00Z"/><Direction v="Z02"/><Quantity v="0"/><MeasureUnit v="KW1"/></Period><Period><TimeInterval v="2016-12-30T13:00Z/2016-12-30T14:00Z"/><Direction v="Z02"/><Quantity v="0"/><MeasureUnit v="KW1"/></Period><Period><TimeInterval v="2016-12-30T14:00Z/2016-12-30T15:00Z"/><Direction v="Z02"/><Quantity v="0"/><MeasureUnit v="KW1"/></Period><Period><TimeInterval v="2016-12-30T15:00Z/2016-12-30T16:00Z"/><Direction v="Z02"/><Quantity v="0"/><MeasureUnit v="KW1"/></Period><Period><TimeInterval v="2016-12-30T16:00Z/2016-12-30T17:00Z"/><Direction v="Z02"/><Quantity v="0"/><MeasureUnit v="KW1"/></Period><Period><TimeInterval v="2016-12-30T17:00Z/2016-12-30T18:00Z"/><Direction v="Z02"/><Quantity v="0"/><MeasureUnit v="KW1"/></Period><Period><TimeInterval v="2016-12-30T18:00Z/2016-12-30T19:00Z"/><Direction v="Z02"/><Quantity v="0"/><MeasureUnit v="KW1"/></Period><Period><TimeInterval v="2016-12-30T19:00Z/2016-12-30T20:00Z"/><Direction v="Z02"/><Quantity v="0"/><MeasureUnit v="KW1"/></Period><Period><TimeInterval v="2016-12-30T20:00Z/2016-12-30T21:00Z"/><Direction v="Z02"/><Quantity v="0"/><MeasureUnit v="KW1"/></Period><Period><TimeInterval v="2016-12-30T21:00Z/2016-12-30T22:00Z"/><Direction v="Z02"/><Quantity v="0"/><MeasureUnit v="KW1"/></Period><Period><TimeInterval v="2016-12-30T22:00Z/2016-12-30T23:00Z"/><Direction v="Z02"/><Quantity v="0"/><MeasureUnit v="KW1"/></Period><Period><TimeInterval v="2016-12-30T23:00Z/2016-12-31T00:00Z"/><Direction v="Z02"/><Quantity v="0"/><MeasureUnit v="KW1"/></Period><Period><TimeInterval v="2016-12-31T00:00Z/2016-12-31T01:00Z"/><Direction v="Z02"/><Quantity v="0"/><MeasureUnit v="KW1"/></Period><Period><TimeInterval v="2016-12-31T01:00Z/2016-12-31T02:00Z"/><Direction v="Z02"/><Quantity v="0"/><MeasureUnit v="KW1"/></Period><Period><TimeInterval v="2016-12-31T02:00Z/2016-12-31T03:00Z"/><Direction v="Z02"/><Quantity v="0"/><MeasureUnit v="KW1"/></Period><Period><TimeInterval v="2016-12-31T03:00Z/2016-12-31T04:00Z"/><Direction v="Z02"/><Quantity v="0"/><MeasureUnit v="KW1"/></Period><Period><TimeInterval v="2016-12-31T04:00Z/2016-12-31T05:00Z"/><Direction v="Z02"/><Quantity v="0"/><MeasureUnit v="KW1"/></Period></Category></ConnectionPoint><ConnectionPoint><Identification v="37Z000000006559E" codingScheme="305"/><Type v="Z26"/><Category><CapacityCode v="Z12"/><Period><TimeInterval v="2016-12-30T05:00Z/2016-12-30T06:00Z"/><Direction v="Z02"/><Quantity v="0"/><MeasureUnit v="KW1"/></Period><Period><TimeInterval v="2016-12-30T06:00Z/2016-12-30T07:00Z"/><Direction v="Z02"/><Quantity v="0"/><MeasureUnit v="KW1"/></Period><Period><TimeInterval v="2016-12-30T07:00Z/2016-12-30T08:00Z"/><Direction v="Z02"/><Quantity v="0"/><MeasureUnit v="KW1"/></Period><Period><TimeInterval v="2016-12-30T08:00Z/2016-12-30T09:00Z"/><Direction v="Z02"/><Quantity v="0"/><MeasureUnit v="KW1"/></Period><Period><TimeInterval v="2016-12-30T09:00Z/2016-12-30T10:00Z"/><Direction v="Z02"/><Quantity v="0"/><MeasureUnit v="KW1"/></Period><Period><TimeInterval v="2016-12-30T10:00Z/2016-12-30T11:00Z"/><Direction v="Z02"/><Quantity v="0"/><MeasureUnit v="KW1"/></Period><Period><TimeInterval v="2016-12-30T11:00Z/2016-12-30T12:00Z"/><Direction v="Z02"/><Quantity v="0"/><MeasureUnit v="KW1"/></Period><Period><TimeInterval v="2016-12-30T12:00Z/2016-12-30T13:00Z"/><Direction v="Z02"/><Quantity v="0"/><MeasureUnit v="KW1"/></Period><Period><TimeInterval v="2016-12-30T13:00Z/2016-12-30T14:00Z"/><Direction v="Z02"/><Quantity v="0"/><MeasureUnit v="KW1"/></Period><Period><TimeInterval v="2016-12-30T14:00Z/2016-12-30T15:00Z"/><Direction v="Z02"/><Quantity v="0"/><MeasureUnit v="KW1"/></Period><Period><TimeInterval v="2016-12-30T15:00Z/2016-12-30T16:00Z"/><Direction v="Z02"/><Quantity v="400000"/><MeasureUnit v="KW1"/></Period><Period><TimeInterval v="2016-12-30T16:00Z/2016-12-30T17:00Z"/><Direction v="Z02"/><Quantity v="400000"/><MeasureUnit v="KW1"/></Period><Period><TimeInterval v="2016-12-30T17:00Z/2016-12-30T18:00Z"/><Direction v="Z02"/><Quantity v="400000"/><MeasureUnit v="KW1"/></Period><Period><TimeInterval v="2016-12-30T18:00Z/2016-12-30T19:00Z"/><Direction v="Z02"/><Quantity v="400000"/><MeasureUnit v="KW1"/></Period><Period><TimeInterval v="2016-12-30T19:00Z/2016-12-30T20:00Z"/><Direction v="Z02"/><Quantity v="400000"/><MeasureUnit v="KW1"/></Period><Period><TimeInterval v="2016-12-30T20:00Z/2016-12-30T21:00Z"/><Direction v="Z02"/><Quantity v="400000"/><MeasureUnit v="KW1"/></Period><Period><TimeInterval v="2016-12-30T21:00Z/2016-12-30T22:00Z"/><Direction v="Z02"/><Quantity v="400000"/><MeasureUnit v="KW1"/></Period><Period><TimeInterval v="2016-12-30T22:00Z/2016-12-30T23:00Z"/><Direction v="Z02"/><Quantity v="400000"/><MeasureUnit v="KW1"/></Period><Period><TimeInterval v="2016-12-30T23:00Z/2016-12-31T00:00Z"/><Direction v="Z02"/><Quantity v="400000"/><MeasureUnit v="KW1"/></Period><Period><TimeInterval v="2016-12-31T00:00Z/2016-12-31T01:00Z"/><Direction v="Z02"/><Quantity v="400000"/><MeasureUnit v="KW1"/></Period><Period><TimeInterval v="2016-12-31T01:00Z/2016-12-31T02:00Z"/><Direction v="Z02"/><Quantity v="400000"/><MeasureUnit v="KW1"/></Period><Period><TimeInterval v="2016-12-31T02:00Z/2016-12-31T03:00Z"/><Direction v="Z02"/><Quantity v="400000"/><MeasureUnit v="KW1"/></Period><Period><TimeInterval v="2016-12-31T03:00Z/2016-12-31T04:00Z"/><Direction v="Z02"/><Quantity v="400000"/><MeasureUnit v="KW1"/></Period><Period><TimeInterval v="2016-12-31T04:00Z/2016-12-31T05:00Z"/><Direction v="Z02"/><Quantity v="400000"/><MeasureUnit v="KW1"/></Period></Category><Category><CapacityCode v="Z14"/><Period><TimeInterval v="2016-12-30T05:00Z/2016-12-30T06:00Z"/><Direction v="Z02"/><Quantity v="0"/><MeasureUnit v="KW1"/></Period><Period><TimeInterval v="2016-12-30T06:00Z/2016-12-30T07:00Z"/><Direction v="Z02"/><Quantity v="0"/><MeasureUnit v="KW1"/></Period><Period><TimeInterval v="2016-12-30T07:00Z/2016-12-30T08:00Z"/><Direction v="Z02"/><Quantity v="0"/><MeasureUnit v="KW1"/></Period><Period><TimeInterval v="2016-12-30T08:00Z/2016-12-30T09:00Z"/><Direction v="Z02"/><Quantity v="0"/><MeasureUnit v="KW1"/></Period><Period><TimeInterval v="2016-12-30T09:00Z/2016-12-30T10:00Z"/><Direction v="Z02"/><Quantity v="0"/><MeasureUnit v="KW1"/></Period><Period><TimeInterval v="2016-12-30T10:00Z/2016-12-30T11:00Z"/><Direction v="Z02"/><Quantity v="0"/><MeasureUnit v="KW1"/></Period><Period><TimeInterval v="2016-12-30T11:00Z/2016-12-30T12:00Z"/><Direction v="Z02"/><Quantity v="0"/><MeasureUnit v="KW1"/></Period><Period><TimeInterval v="2016-12-30T12:00Z/2016-12-30T13:00Z"/><Direction v="Z02"/><Quantity v="0"/><MeasureUnit v="KW1"/></Period><Period><TimeInterval v="2016-12-30T13:00Z/2016-12-30T14:00Z"/><Direction v="Z02"/><Quantity v="0"/><MeasureUnit v="KW1"/></Period><Period><TimeInterval v="2016-12-30T14:00Z/2016-12-30T15:00Z"/><Direction v="Z02"/><Quantity v="0"/><MeasureUnit v="KW1"/></Period><Period><TimeInterval v="2016-12-30T15:00Z/2016-12-30T16:00Z"/><Direction v="Z02"/><Quantity v="0"/><MeasureUnit v="KW1"/></Period><Period><TimeInterval v="2016-12-30T16:00Z/2016-12-30T17:00Z"/><Direction v="Z02"/><Quantity v="0"/><MeasureUnit v="KW1"/></Period><Period><TimeInterval v="2016-12-30T17:00Z/2016-12-30T18:00Z"/><Direction v="Z02"/><Quantity v="0"/><MeasureUnit v="KW1"/></Period><Period><TimeInterval v="2016-12-30T18:00Z/2016-12-30T19:00Z"/><Direction v="Z02"/><Quantity v="0"/><MeasureUnit v="KW1"/></Period><Period><TimeInterval v="2016-12-30T19:00Z/2016-12-30T20:00Z"/><Direction v="Z02"/><Quantity v="0"/><MeasureUnit v="KW1"/></Period><Period><TimeInterval v="2016-12-30T20:00Z/2016-12-30T21:00Z"/><Direction v="Z02"/><Quantity v="0"/><MeasureUnit v="KW1"/></Period><Period><TimeInterval v="2016-12-30T21:00Z/2016-12-30T22:00Z"/><Direction v="Z02"/><Quantity v="0"/><MeasureUnit v="KW1"/></Period><Period><TimeInterval v="2016-12-30T22:00Z/2016-12-30T23:00Z"/><Direction v="Z02"/><Quantity v="0"/><MeasureUnit v="KW1"/></Period><Period><TimeInterval v="2016-12-30T23:00Z/2016-12-31T00:00Z"/><Direction v="Z02"/><Quantity v="0"/><MeasureUnit v="KW1"/></Period><Period><TimeInterval v="2016-12-31T00:00Z/2016-12-31T01:00Z"/><Direction v="Z02"/><Quantity v="0"/><MeasureUnit v="KW1"/></Period><Period><TimeInterval v="2016-12-31T01:00Z/2016-12-31T02:00Z"/><Direction v="Z02"/><Quantity v="0"/><MeasureUnit v="KW1"/></Period><Period><TimeInterval v="2016-12-31T02:00Z/2016-12-31T03:00Z"/><Direction v="Z02"/><Quantity v="0"/><MeasureUnit v="KW1"/></Period><Period><TimeInterval v="2016-12-31T03:00Z/2016-12-31T04:00Z"/><Direction v="Z02"/><Quantity v="0"/><MeasureUnit v="KW1"/></Period><Period><TimeInterval v="2016-12-31T04:00Z/2016-12-31T05:00Z"/><Direction v="Z02"/><Quantity v="0"/><MeasureUnit v="KW1"/></Period></Category><Category><CapacityCode v="Z15"/><Period><TimeInterval v="2016-12-30T05:00Z/2016-12-30T06:00Z"/><Direction v="Z02"/><Quantity v="0"/><MeasureUnit v="KW1"/></Period><Period><TimeInterval v="2016-12-30T06:00Z/2016-12-30T07:00Z"/><Direction v="Z02"/><Quantity v="0"/><MeasureUnit v="KW1"/></Period><Period><TimeInterval v="2016-12-30T07:00Z/2016-12-30T08:00Z"/><Direction v="Z02"/><Quantity v="0"/><MeasureUnit v="KW1"/></Period><Period><TimeInterval v="2016-12-30T08:00Z/2016-12-30T09:00Z"/><Direction v="Z02"/><Quantity v="0"/><MeasureUnit v="KW1"/></Period><Period><TimeInterval v="2016-12-30T09:00Z/2016-12-30T10:00Z"/><Direction v="Z02"/><Quantity v="0"/><MeasureUnit v="KW1"/></Period><Period><TimeInterval v="2016-12-30T10:00Z/2016-12-30T11:00Z"/><Direction v="Z02"/><Quantity v="0"/><MeasureUnit v="KW1"/></Period><Period><TimeInterval v="2016-12-30T11:00Z/2016-12-30T12:00Z"/><Direction v="Z02"/><Quantity v="0"/><MeasureUnit v="KW1"/></Period><Period><TimeInterval v="2016-12-30T12:00Z/2016-12-30T13:00Z"/><Direction v="Z02"/><Quantity v="0"/><MeasureUnit v="KW1"/></Period><Period><TimeInterval v="2016-12-30T13:00Z/2016-12-30T14:00Z"/><Direction v="Z02"/><Quantity v="0"/><MeasureUnit v="KW1"/></Period><Period><TimeInterval v="2016-12-30T14:00Z/2016-12-30T15:00Z"/><Direction v="Z02"/><Quantity v="0"/><MeasureUnit v="KW1"/></Period><Period><TimeInterval v="2016-12-30T15:00Z/2016-12-30T16:00Z"/><Direction v="Z02"/><Quantity v="0"/><MeasureUnit v="KW1"/></Period><Period><TimeInterval v="2016-12-30T16:00Z/2016-12-30T17:00Z"/><Direction v="Z02"/><Quantity v="0"/><MeasureUnit v="KW1"/></Period><Period><TimeInterval v="2016-12-30T17:00Z/2016-12-30T18:00Z"/><Direction v="Z02"/><Quantity v="0"/><MeasureUnit v="KW1"/></Period><Period><TimeInterval v="2016-12-30T18:00Z/2016-12-30T19:00Z"/><Direction v="Z02"/><Quantity v="0"/><MeasureUnit v="KW1"/></Period><Period><TimeInterval v="2016-12-30T19:00Z/2016-12-30T20:00Z"/><Direction v="Z02"/><Quantity v="0"/><MeasureUnit v="KW1"/></Period><Period><TimeInterval v="2016-12-30T20:00Z/2016-12-30T21:00Z"/><Direction v="Z02"/><Quantity v="0"/><MeasureUnit v="KW1"/></Period><Period><TimeInterval v="2016-12-30T21:00Z/2016-12-30T22:00Z"/><Direction v="Z02"/><Quantity v="0"/><MeasureUnit v="KW1"/></Period><Period><TimeInterval v="2016-12-30T22:00Z/2016-12-30T23:00Z"/><Direction v="Z02"/><Quantity v="0"/><MeasureUnit v="KW1"/></Period><Period><TimeInterval v="2016-12-30T23:00Z/2016-12-31T00:00Z"/><Direction v="Z02"/><Quantity v="0"/><MeasureUnit v="KW1"/></Period><Period><TimeInterval v="2016-12-31T00:00Z/2016-12-31T01:00Z"/><Direction v="Z02"/><Quantity v="0"/><MeasureUnit v="KW1"/></Period><Period><TimeInterval v="2016-12-31T01:00Z/2016-12-31T02:00Z"/><Direction v="Z02"/><Quantity v="0"/><MeasureUnit v="KW1"/></Period><Period><TimeInterval v="2016-12-31T02:00Z/2016-12-31T03:00Z"/><Direction v="Z02"/><Quantity v="0"/><MeasureUnit v="KW1"/></Period><Period><TimeInterval v="2016-12-31T03:00Z/2016-12-31T04:00Z"/><Direction v="Z02"/><Quantity v="0"/><MeasureUnit v="KW1"/></Period><Period><TimeInterval v="2016-12-31T04:00Z/2016-12-31T05:00Z"/><Direction v="Z02"/><Quantity v="0"/><MeasureUnit v="KW1"/></Period></Category></ConnectionPoint><ConnectionPoint><Identification v="21Z000000000342R" codingScheme="305"/><Type v="Z28"/><Category><CapacityCode v="Z12"/><Period><TimeInterval v="2016-12-30T05:00Z/2016-12-30T06:00Z"/><Direction v="Z02"/><Quantity v="6000"/><MeasureUnit v="KW1"/></Period><Period><TimeInterval v="2016-12-30T06:00Z/2016-12-30T07:00Z"/><Direction v="Z02"/><Quantity v="6000"/><MeasureUnit v="KW1"/></Period><Period><TimeInterval v="2016-12-30T07:00Z/2016-12-30T08:00Z"/><Direction v="Z02"/><Quantity v="6000"/><MeasureUnit v="KW1"/></Period><Period><TimeInterval v="2016-12-30T08:00Z/2016-12-30T09:00Z"/><Direction v="Z02"/><Quantity v="6000"/><MeasureUnit v="KW1"/></Period><Period><TimeInterval v="2016-12-30T09:00Z/2016-12-30T10:00Z"/><Direction v="Z02"/><Quantity v="6000"/><MeasureUnit v="KW1"/></Period><Period><TimeInterval v="2016-12-30T10:00Z/2016-12-30T11:00Z"/><Direction v="Z02"/><Quantity v="6000"/><MeasureUnit v="KW1"/></Period><Period><TimeInterval v="2016-12-30T11:00Z/2016-12-30T12:00Z"/><Direction v="Z02"/><Quantity v="6000"/><MeasureUnit v="KW1"/></Period><Period><TimeInterval v="2016-12-30T12:00Z/2016-12-30T13:00Z"/><Direction v="Z02"/><Quantity v="6000"/><MeasureUnit v="KW1"/></Period><Period><TimeInterval v="2016-12-30T13:00Z/2016-12-30T14:00Z"/><Direction v="Z02"/><Quantity v="6000"/><MeasureUnit v="KW1"/></Period><Period><TimeInterval v="2016-12-30T14:00Z/2016-12-30T15:00Z"/><Direction v="Z02"/><Quantity v="6000"/><MeasureUnit v="KW1"/></Period><Period><TimeInterval v="2016-12-30T15:00Z/2016-12-30T16:00Z"/><Direction v="Z02"/><Quantity v="6000"/><MeasureUnit v="KW1"/></Period><Period><TimeInterval v="2016-12-30T16:00Z/2016-12-30T17:00Z"/><Direction v="Z02"/><Quantity v="6000"/><MeasureUnit v="KW1"/></Period><Period><TimeInterval v="2016-12-30T17:00Z/2016-12-30T18:00Z"/><Direction v="Z02"/><Quantity v="6000"/><MeasureUnit v="KW1"/></Period><Period><TimeInterval v="2016-12-30T18:00Z/2016-12-30T19:00Z"/><Direction v="Z02"/><Quantity v="6000"/><MeasureUnit v="KW1"/></Period><Period><TimeInterval v="2016-12-30T19:00Z/2016-12-30T20:00Z"/><Direction v="Z02"/><Quantity v="6000"/><MeasureUnit v="KW1"/></Period><Period><TimeInterval v="2016-12-30T20:00Z/2016-12-30T21:00Z"/><Direction v="Z02"/><Quantity v="6000"/><MeasureUnit v="KW1"/></Period><Period><TimeInterval v="2016-12-30T21:00Z/2016-12-30T22:00Z"/><Direction v="Z02"/><Quantity v="6000"/><MeasureUnit v="KW1"/></Period><Period><TimeInterval v="2016-12-30T22:00Z/2016-12-30T23:00Z"/><Direction v="Z02"/><Quantity v="6000"/><MeasureUnit v="KW1"/></Period><Period><TimeInterval v="2016-12-30T23:00Z/2016-12-31T00:00Z"/><Direction v="Z02"/><Quantity v="6000"/><MeasureUnit v="KW1"/></Period><Period><TimeInterval v="2016-12-31T00:00Z/2016-12-31T01:00Z"/><Direction v="Z02"/><Quantity v="6000"/><MeasureUnit v="KW1"/></Period><Period><TimeInterval v="2016-12-31T01:00Z/2016-12-31T02:00Z"/><Direction v="Z02"/><Quantity v="6000"/><MeasureUnit v="KW1"/></Period><Period><TimeInterval v="2016-12-31T02:00Z/2016-12-31T03:00Z"/><Direction v="Z02"/><Quantity v="6000"/><MeasureUnit v="KW1"/></Period><Period><TimeInterval v="2016-12-31T03:00Z/2016-12-31T04:00Z"/><Direction v="Z02"/><Quantity v="6000"/><MeasureUnit v="KW1"/></Period><Period><TimeInterval v="2016-12-31T04:00Z/2016-12-31T05:00Z"/><Direction v="Z02"/><Quantity v="6000"/><MeasureUnit v="KW1"/></Period></Category><Category><CapacityCode v="Z14"/><Period><TimeInterval v="2016-12-30T05:00Z/2016-12-30T06:00Z"/><Direction v="Z02"/><Quantity v="6000"/><MeasureUnit v="KW1"/></Period><Period><TimeInterval v="2016-12-30T06:00Z/2016-12-30T07:00Z"/><Direction v="Z02"/><Quantity v="6000"/><MeasureUnit v="KW1"/></Period><Period><TimeInterval v="2016-12-30T07:00Z/2016-12-30T08:00Z"/><Direction v="Z02"/><Quantity v="6000"/><MeasureUnit v="KW1"/></Period><Period><TimeInterval v="2016-12-30T08:00Z/2016-12-30T09:00Z"/><Direction v="Z02"/><Quantity v="6000"/><MeasureUnit v="KW1"/></Period><Period><TimeInterval v="2016-12-30T09:00Z/2016-12-30T10:00Z"/><Direction v="Z02"/><Quantity v="6000"/><MeasureUnit v="KW1"/></Period><Period><TimeInterval v="2016-12-30T10:00Z/2016-12-30T11:00Z"/><Direction v="Z02"/><Quantity v="6000"/><MeasureUnit v="KW1"/></Period><Period><TimeInterval v="2016-12-30T11:00Z/2016-12-30T12:00Z"/><Direction v="Z02"/><Quantity v="6000"/><MeasureUnit v="KW1"/></Period><Period><TimeInterval v="2016-12-30T12:00Z/2016-12-30T13:00Z"/><Direction v="Z02"/><Quantity v="6000"/><MeasureUnit v="KW1"/></Period><Period><TimeInterval v="2016-12-30T13:00Z/2016-12-30T14:00Z"/><Direction v="Z02"/><Quantity v="6000"/><MeasureUnit v="KW1"/></Period><Period><TimeInterval v="2016-12-30T14:00Z/2016-12-30T15:00Z"/><Direction v="Z02"/><Quantity v="6000"/><MeasureUnit v="KW1"/></Period><Period><TimeInterval v="2016-12-30T15:00Z/2016-12-30T16:00Z"/><Direction v="Z02"/><Quantity v="6000"/><MeasureUnit v="KW1"/></Period><Period><TimeInterval v="2016-12-30T16:00Z/2016-12-30T17:00Z"/><Direction v="Z02"/><Quantity v="6000"/><MeasureUnit v="KW1"/></Period><Period><TimeInterval v="2016-12-30T17:00Z/2016-12-30T18:00Z"/><Direction v="Z02"/><Quantity v="6000"/><MeasureUnit v="KW1"/></Period><Period><TimeInterval v="2016-12-30T18:00Z/2016-12-30T19:00Z"/><Direction v="Z02"/><Quantity v="6000"/><MeasureUnit v="KW1"/></Period><Period><TimeInterval v="2016-12-30T19:00Z/2016-12-30T20:00Z"/><Direction v="Z02"/><Quantity v="6000"/><MeasureUnit v="KW1"/></Period><Period><TimeInterval v="2016-12-30T20:00Z/2016-12-30T21:00Z"/><Direction v="Z02"/><Quantity v="6000"/><MeasureUnit v="KW1"/></Period><Period><TimeInterval v="2016-12-30T21:00Z/2016-12-30T22:00Z"/><Direction v="Z02"/><Quantity v="6000"/><MeasureUnit v="KW1"/></Period><Period><TimeInterval v="2016-12-30T22:00Z/2016-12-30T23:00Z"/><Direction v="Z02"/><Quantity v="6000"/><MeasureUnit v="KW1"/></Period><Period><TimeInterval v="2016-12-30T23:00Z/2016-12-31T00:00Z"/><Direction v="Z02"/><Quantity v="6000"/><MeasureUnit v="KW1"/></Period><Period><TimeInterval v="2016-12-31T00:00Z/2016-12-31T01:00Z"/><Direction v="Z02"/><Quantity v="6000"/><MeasureUnit v="KW1"/></Period><Period><TimeInterval v="2016-12-31T01:00Z/2016-12-31T02:00Z"/><Direction v="Z02"/><Quantity v="6000"/><MeasureUnit v="KW1"/></Period><Period><TimeInterval v="2016-12-31T02:00Z/2016-12-31T03:00Z"/><Direction v="Z02"/><Quantity v="6000"/><MeasureUnit v="KW1"/></Period><Period><TimeInterval v="2016-12-31T03:00Z/2016-12-31T04:00Z"/><Direction v="Z02"/><Quantity v="6000"/><MeasureUnit v="KW1"/></Period><Period><TimeInterval v="2016-12-31T04:00Z/2016-12-31T05:00Z"/><Direction v="Z02"/><Quantity v="6000"/><MeasureUnit v="KW1"/></Period></Category><Category><CapacityCode v="Z15"/><Period><TimeInterval v="2016-12-30T05:00Z/2016-12-30T06:00Z"/><Direction v="Z02"/><Quantity v="0"/><MeasureUnit v="KW1"/></Period><Period><TimeInterval v="2016-12-30T06:00Z/2016-12-30T07:00Z"/><Direction v="Z02"/><Quantity v="0"/><MeasureUnit v="KW1"/></Period><Period><TimeInterval v="2016-12-30T07:00Z/2016-12-30T08:00Z"/><Direction v="Z02"/><Quantity v="0"/><MeasureUnit v="KW1"/></Period><Period><TimeInterval v="2016-12-30T08:00Z/2016-12-30T09:00Z"/><Direction v="Z02"/><Quantity v="0"/><MeasureUnit v="KW1"/></Period><Period><TimeInterval v="2016-12-30T09:00Z/2016-12-30T10:00Z"/><Direction v="Z02"/><Quantity v="0"/><MeasureUnit v="KW1"/></Period><Period><TimeInterval v="2016-12-30T10:00Z/2016-12-30T11:00Z"/><Direction v="Z02"/><Quantity v="0"/><MeasureUnit v="KW1"/></Period><Period><TimeInterval v="2016-12-30T11:00Z/2016-12-30T12:00Z"/><Direction v="Z02"/><Quantity v="0"/><MeasureUnit v="KW1"/></Period><Period><TimeInterval v="2016-12-30T12:00Z/2016-12-30T13:00Z"/><Direction v="Z02"/><Quantity v="0"/><MeasureUnit v="KW1"/></Period><Period><TimeInterval v="2016-12-30T13:00Z/2016-12-30T14:00Z"/><Direction v="Z02"/><Quantity v="0"/><MeasureUnit v="KW1"/></Period><Period><TimeInterval v="2016-12-30T14:00Z/2016-12-30T15:00Z"/><Direction v="Z02"/><Quantity v="0"/><MeasureUnit v="KW1"/></Period><Period><TimeInterval v="2016-12-30T15:00Z/2016-12-30T16:00Z"/><Direction v="Z02"/><Quantity v="0"/><MeasureUnit v="KW1"/></Period><Period><TimeInterval v="2016-12-30T16:00Z/2016-12-30T17:00Z"/><Direction v="Z02"/><Quantity v="0"/><MeasureUnit v="KW1"/></Period><Period><TimeInterval v="2016-12-30T17:00Z/2016-12-30T18:00Z"/><Direction v="Z02"/><Quantity v="0"/><MeasureUnit v="KW1"/></Period><Period><TimeInterval v="2016-12-30T18:00Z/2016-12-30T19:00Z"/><Direction v="Z02"/><Quantity v="0"/><MeasureUnit v="KW1"/></Period><Period><TimeInterval v="2016-12-30T19:00Z/2016-12-30T20:00Z"/><Direction v="Z02"/><Quantity v="0"/><MeasureUnit v="KW1"/></Period><Period><TimeInterval v="2016-12-30T20:00Z/2016-12-30T21:00Z"/><Direction v="Z02"/><Quantity v="0"/><MeasureUnit v="KW1"/></Period><Period><TimeInterval v="2016-12-30T21:00Z/2016-12-30T22:00Z"/><Direction v="Z02"/><Quantity v="0"/><MeasureUnit v="KW1"/></Period><Period><TimeInterval v="2016-12-30T22:00Z/2016-12-30T23:00Z"/><Direction v="Z02"/><Quantity v="0"/><MeasureUnit v="KW1"/></Period><Period><TimeInterval v="2016-12-30T23:00Z/2016-12-31T00:00Z"/><Direction v="Z02"/><Quantity v="0"/><MeasureUnit v="KW1"/></Period><Period><TimeInterval v="2016-12-31T00:00Z/2016-12-31T01:00Z"/><Direction v="Z02"/><Quantity v="0"/><MeasureUnit v="KW1"/></Period><Period><TimeInterval v="2016-12-31T01:00Z/2016-12-31T02:00Z"/><Direction v="Z02"/><Quantity v="0"/><MeasureUnit v="KW1"/></Period><Period><TimeInterval v="2016-12-31T02:00Z/2016-12-31T03:00Z"/><Direction v="Z02"/><Quantity v="0"/><MeasureUnit v="KW1"/></Period><Period><TimeInterval v="2016-12-31T03:00Z/2016-12-31T04:00Z"/><Direction v="Z02"/><Quantity v="0"/><MeasureUnit v="KW1"/></Period><Period><TimeInterval v="2016-12-31T04:00Z/2016-12-31T05:00Z"/><Direction v="Z02"/><Quantity v="0"/><MeasureUnit v="KW1"/></Period></Category></ConnectionPoint><ConnectionPoint><Identification v="21Z000000000343P" codingScheme="305"/><Type v="Z31"/><Category><CapacityCode v="Z12"/><Period><TimeInterval v="2016-12-30T05:00Z/2016-12-30T06:00Z"/><Direction v="Z03"/><Quantity v="6498759"/><MeasureUnit v="KW1"/></Period><Period><TimeInterval v="2016-12-30T06:00Z/2016-12-30T07:00Z"/><Direction v="Z03"/><Quantity v="6876223"/><MeasureUnit v="KW1"/></Period><Period><TimeInterval v="2016-12-30T07:00Z/2016-12-30T08:00Z"/><Direction v="Z03"/><Quantity v="7246509"/><MeasureUnit v="KW1"/></Period><Period><TimeInterval v="2016-12-30T08:00Z/2016-12-30T09:00Z"/><Direction v="Z03"/><Quantity v="7294559"/><MeasureUnit v="KW1"/></Period><Period><TimeInterval v="2016-12-30T09:00Z/2016-12-30T10:00Z"/><Direction v="Z03"/><Quantity v="7498832"/><MeasureUnit v="KW1"/></Period><Period><TimeInterval v="2016-12-30T10:00Z/2016-12-30T11:00Z"/><Direction v="Z03"/><Quantity v="7267994"/><MeasureUnit v="KW1"/></Period><Period><TimeInterval v="2016-12-30T11:00Z/2016-12-30T12:00Z"/><Direction v="Z03"/><Quantity v="6844107"/><MeasureUnit v="KW1"/></Period><Period><TimeInterval v="2016-12-30T12:00Z/2016-12-30T13:00Z"/><Direction v="Z03"/><Quantity v="7269136"/><MeasureUnit v="KW1"/></Period><Period><TimeInterval v="2016-12-30T13:00Z/2016-12-30T14:00Z"/><Direction v="Z03"/><Quantity v="7393391"/><MeasureUnit v="KW1"/></Period><Period><TimeInterval v="2016-12-30T14:00Z/2016-12-30T15:00Z"/><Direction v="Z03"/><Quantity v="7305488"/><MeasureUnit v="KW1"/></Period><Period><TimeInterval v="2016-12-30T15:00Z/2016-12-30T16:00Z"/><Direction v="Z03"/><Quantity v="7179974"/><MeasureUnit v="KW1"/></Period><Period><TimeInterval v="2016-12-30T16:00Z/2016-12-30T17:00Z"/><Direction v="Z03"/><Quantity v="7393692"/><MeasureUnit v="KW1"/></Period><Period><TimeInterval v="2016-12-30T17:00Z/2016-12-30T18:00Z"/><Direction v="Z03"/><Quantity v="7483445"/><MeasureUnit v="KW1"/></Period><Period><TimeInterval v="2016-12-30T18:00Z/2016-12-30T19:00Z"/><Direction v="Z03"/><Quantity v="7491712"/><MeasureUnit v="KW1"/></Period><Period><TimeInterval v="2016-12-30T19:00Z/2016-12-30T20:00Z"/><Direction v="Z03"/><Quantity v="7472475"/><MeasureUnit v="KW1"/></Period><Period><TimeInterval v="2016-12-30T20:00Z/2016-12-30T21:00Z"/><Direction v="Z03"/><Quantity v="7070893"/><MeasureUnit v="KW1"/></Period><Period><TimeInterval v="2016-12-30T21:00Z/2016-12-30T22:00Z"/><Direction v="Z03"/><Quantity v="6488696"/><MeasureUnit v="KW1"/></Period><Period><TimeInterval v="2016-12-30T22:00Z/2016-12-30T23:00Z"/><Direction v="Z03"/><Quantity v="5771969"/><MeasureUnit v="KW1"/></Period><Period><TimeInterval v="2016-12-30T23:00Z/2016-12-31T00:00Z"/><Direction v="Z03"/><Quantity v="5852209"/><MeasureUnit v="KW1"/></Period><Period><TimeInterval v="2016-12-31T00:00Z/2016-12-31T01:00Z"/><Direction v="Z03"/><Quantity v="5596409"/><MeasureUnit v="KW1"/></Period><Period><TimeInterval v="2016-12-31T01:00Z/2016-12-31T02:00Z"/><Direction v="Z03"/><Quantity v="5210430"/><MeasureUnit v="KW1"/></Period><Period><TimeInterval v="2016-12-31T02:00Z/2016-12-31T03:00Z"/><Direction v="Z03"/><Quantity v="5202870"/><MeasureUnit v="KW1"/></Period><Period><TimeInterval v="2016-12-31T03:00Z/2016-12-31T04:00Z"/><Direction v="Z03"/><Quantity v="5415339"/><MeasureUnit v="KW1"/></Period><Period><TimeInterval v="2016-12-31T04:00Z/2016-12-31T05:00Z"/><Direction v="Z03"/><Quantity v="5531066"/><MeasureUnit v="KW1"/></Period></Category><Category><CapacityCode v="Z15"/><Period><TimeInterval v="2016-12-30T05:00Z/2016-12-30T06:00Z"/><Direction v="Z03"/><Quantity v="0"/><MeasureUnit v="KW1"/></Period><Period><TimeInterval v="2016-12-30T06:00Z/2016-12-30T07:00Z"/><Direction v="Z03"/><Quantity v="0"/><MeasureUnit v="KW1"/></Period><Period><TimeInterval v="2016-12-30T07:00Z/2016-12-30T08:00Z"/><Direction v="Z03"/><Quantity v="0"/><MeasureUnit v="KW1"/></Period><Period><TimeInterval v="2016-12-30T08:00Z/2016-12-30T09:00Z"/><Direction v="Z03"/><Quantity v="0"/><MeasureUnit v="KW1"/></Period><Period><TimeInterval v="2016-12-30T09:00Z/2016-12-30T10:00Z"/><Direction v="Z03"/><Quantity v="0"/><MeasureUnit v="KW1"/></Period><Period><TimeInterval v="2016-12-30T10:00Z/2016-12-30T11:00Z"/><Direction v="Z03"/><Quantity v="0"/><MeasureUnit v="KW1"/></Period><Period><TimeInterval v="2016-12-30T11:00Z/2016-12-30T12:00Z"/><Direction v="Z03"/><Quantity v="0"/><MeasureUnit v="KW1"/></Period><Period><TimeInterval v="2016-12-30T12:00Z/2016-12-30T13:00Z"/><Direction v="Z03"/><Quantity v="0"/><MeasureUnit v="KW1"/></Period><Period><TimeInterval v="2016-12-30T13:00Z/2016-12-30T14:00Z"/><Direction v="Z03"/><Quantity v="0"/><MeasureUnit v="KW1"/></Period><Period><TimeInterval v="2016-12-30T14:00Z/2016-12-30T15:00Z"/><Direction v="Z03"/><Quantity v="0"/><MeasureUnit v="KW1"/></Period><Period><TimeInterval v="2016-12-30T15:00Z/2016-12-30T16:00Z"/><Direction v="Z03"/><Quantity v="0"/><MeasureUnit v="KW1"/></Period><Period><TimeInterval v="2016-12-30T16:00Z/2016-12-30T17:00Z"/><Direction v="Z03"/><Quantity v="0"/><MeasureUnit v="KW1"/></Period><Period><TimeInterval v="2016-12-30T17:00Z/2016-12-30T18:00Z"/><Direction v="Z03"/><Quantity v="0"/><MeasureUnit v="KW1"/></Period><Period><TimeInterval v="2016-12-30T18:00Z/2016-12-30T19:00Z"/><Direction v="Z03"/><Quantity v="0"/><MeasureUnit v="KW1"/></Period><Period><TimeInterval v="2016-12-30T19:00Z/2016-12-30T20:00Z"/><Direction v="Z03"/><Quantity v="0"/><MeasureUnit v="KW1"/></Period><Period><TimeInterval v="2016-12-30T20:00Z/2016-12-30T21:00Z"/><Direction v="Z03"/><Quantity v="0"/><MeasureUnit v="KW1"/></Period><Period><TimeInterval v="2016-12-30T21:00Z/2016-12-30T22:00Z"/><Direction v="Z03"/><Quantity v="0"/><MeasureUnit v="KW1"/></Period><Period><TimeInterval v="2016-12-30T22:00Z/2016-12-30T23:00Z"/><Direction v="Z03"/><Quantity v="0"/><MeasureUnit v="KW1"/></Period><Period><TimeInterval v="2016-12-30T23:00Z/2016-12-31T00:00Z"/><Direction v="Z03"/><Quantity v="0"/><MeasureUnit v="KW1"/></Period><Period><TimeInterval v="2016-12-31T00:00Z/2016-12-31T01:00Z"/><Direction v="Z03"/><Quantity v="0"/><MeasureUnit v="KW1"/></Period><Period><TimeInterval v="2016-12-31T01:00Z/2016-12-31T02:00Z"/><Direction v="Z03"/><Quantity v="0"/><MeasureUnit v="KW1"/></Period><Period><TimeInterval v="2016-12-31T02:00Z/2016-12-31T03:00Z"/><Direction v="Z03"/><Quantity v="0"/><MeasureUnit v="KW1"/></Period><Period><TimeInterval v="2016-12-31T03:00Z/2016-12-31T04:00Z"/><Direction v="Z03"/><Quantity v="0"/><MeasureUnit v="KW1"/></Period><Period><TimeInterval v="2016-12-31T04:00Z/2016-12-31T05:00Z"/><Direction v="Z03"/><Quantity v="0"/><MeasureUnit v="KW1"/></Period></Category></ConnectionPoint></TransparencyPublication>