<?xml version="1.0" encoding="UTF-8"?><TransparencyPublication Version="EGAS50" Release="A"><Identification v="TRANPB20170102A103892"/><Version v="1"/><Type v="AL4"/><CreationDateTime v="2017-01-02T07:10:07.635Z"/><ValidityPeriod v="2016-12-08T05:00Z/2016-12-09T05:00Z"/><IssuerIdentification v="21X-DE-C-A0A0A-T" codingScheme="305"/><IssuerRole v="ZSO"/><RecipientIdentification v="10X1001A1001A353" codingScheme="305"/><RecipientRole v="ZUA"/><ConnectionPoint><Identification v="37Z000000006231B" codingScheme="305"/><Type v="Z26"/><Category><CapacityCode v="Z12"/><Period><TimeInterval v="2016-12-08T05:00Z/2016-12-08T06:00Z"/><Direction v="Z02"/><Quantity v="49400"/><MeasureUnit v="KW1"/></Period><Period><TimeInterval v="2016-12-08T06:00Z/2016-12-08T07:00Z"/><Direction v="Z02"/><Quantity v="49400"/><MeasureUnit v="KW1"/></Period><Period><TimeInterval v="2016-12-08T07:00Z/2016-12-08T08:00Z"/><Direction v="Z02"/><Quantity v="49400"/><MeasureUnit v="KW1"/></Period><Period><TimeInterval v="2016-12-08T08:00Z/2016-12-08T09:00Z"/><Direction v="Z02"/><Quantity v="49400"/><MeasureUnit v="KW1"/></Period><Period><TimeInterval v="2016-12-08T09:00Z/2016-12-08T10:00Z"/><Direction v="Z02"/><Quantity v="49400"/><MeasureUnit v="KW1"/></Period><Period><TimeInterval v="2016-12-08T10:00Z/2016-12-08T11:00Z"/><Direction v="Z02"/><Quantity v="49400"/><MeasureUnit v="KW1"/></Period><Period><TimeInterval v="2016-12-08T11:00Z/2016-12-08T12:00Z"/><Direction v="Z02"/><Quantity v="49400"/><MeasureUnit v="KW1"/></Period><Period><TimeInterval v="2016-12-08T12:00Z/2016-12-08T13:00Z"/><Direction v="Z02"/><Quantity v="49400"/><MeasureUnit v="KW1"/></Period><Period><TimeInterval v="2016-12-08T13:00Z/2016-12-08T14:00Z"/><Direction v="Z02"/><Quantity v="49400"/><MeasureUnit v="KW1"/></Period><Period><TimeInterval v="2016-12-08T14:00Z/2016-12-08T15:00Z"/><Direction v="Z02"/><Quantity v="49400"/><MeasureUnit v="KW1"/></Period><Period><TimeInterval v="2016-12-08T15:00Z/2016-12-08T16:00Z"/><Direction v="Z02"/><Quantity v="49400"/><MeasureUnit v="KW1"/></Period><Period><TimeInterval v="2016-12-08T16:00Z/2016-12-08T17:00Z"/><Direction v="Z02"/><Quantity v="49400"/><MeasureUnit v="KW1"/></Period><Period><TimeInterval v="2016-12-08T17:00Z/2016-12-08T18:00Z"/><Direction v="Z02"/><Quantity v="49400"/><MeasureUnit v="KW1"/></Period><Period><TimeInterval v="2016-12-08T18:00Z/2016-12-08T19:00Z"/><Direction v="Z02"/><Quantity v="49400"/><MeasureUnit v="KW1"/></Period><Period><TimeInterval v="2016-12-08T19:00Z/2016-12-08T20:00Z"/><Direction v="Z02"/><Quantity v="49400"/><MeasureUnit v="KW1"/></Period><Period><TimeInterval v="2016-12-08T20:00Z/2016-12-08T21:00Z"/><Direction v="Z02"/><Quantity v="49400"/><MeasureUnit v="KW1"/></Period><Period><TimeInterval v="2016-12-08T21:00Z/2016-12-08T22:00Z"/><Direction v="Z02"/><Quantity v="49400"/><MeasureUnit v="KW1"/></Period><Period><TimeInterval v="2016-12-08T22:00Z/2016-12-08T23:00Z"/><Direction v="Z02"/><Quantity v="49400"/><MeasureUnit v="KW1"/></Period><Period><TimeInterval v="2016-12-08T23:00Z/2016-12-09T00:00Z"/><Direction v="Z02"/><Quantity v="49400"/><MeasureUnit v="KW1"/></Period><Period><TimeInterval v="2016-12-09T00:00Z/2016-12-09T01:00Z"/><Direction v="Z02"/><Quantity v="49400"/><MeasureUnit v="KW1"/></Period><Period><TimeInterval v="2016-12-09T01:00Z/2016-12-09T02:00Z"/><Direction v="Z02"/><Quantity v="49400"/><MeasureUnit v="KW1"/></Period><Period><TimeInterval v="2016-12-09T02:00Z/2016-12-09T03:00Z"/><Direction v="Z02"/><Quantity v="49400"/><MeasureUnit v="KW1"/></Period><Period><TimeInterval v="2016-12-09T03:00Z/2016-12-09T04:00Z"/><Direction v="Z02"/><Quantity v="49400"/><MeasureUnit v="KW1"/></Period><Period><TimeInterval v="2016-12-09T04:00Z/2016-12-09T05:00Z"/><Direction v="Z02"/><Quantity v="49400"/><MeasureUnit v="KW1"/></Period></Category><Category><CapacityCode v="Z14"/><Period><TimeInterval v="2016-12-08T05:00Z/2016-12-08T06:00Z"/><Direction v="Z02"/><Quantity v="49400"/><MeasureUnit v="KW1"/></Period><Period><TimeInterval v="2016-12-08T06:00Z/2016-12-08T07:00Z"/><Direction v="Z02"/><Quantity v="49400"/><MeasureUnit v="KW1"/></Period><Period><TimeInterval v="2016-12-08T07:00Z/2016-12-08T08:00Z"/><Direction v="Z02"/><Quantity v="49400"/><MeasureUnit v="KW1"/></Period><Period><TimeInterval v="2016-12-08T08:00Z/2016-12-08T09:00Z"/><Direction v="Z02"/><Quantity v="49400"/><MeasureUnit v="KW1"/></Period><Period><TimeInterval v="2016-12-08T09:00Z/2016-12-08T10:00Z"/><Direction v="Z02"/><Quantity v="49400"/><MeasureUnit v="KW1"/></Period><Period><TimeInterval v="2016-12-08T10:00Z/2016-12-08T11:00Z"/><Direction v="Z02"/><Quantity v="49400"/><MeasureUnit v="KW1"/></Period><Period><TimeInterval v="2016-12-08T11:00Z/2016-12-08T12:00Z"/><Direction v="Z02"/><Quantity v="49400"/><MeasureUnit v="KW1"/></Period><Period><TimeInterval v="2016-12-08T12:00Z/2016-12-08T13:00Z"/><Direction v="Z02"/><Quantity v="49400"/><MeasureUnit v="KW1"/></Period><Period><TimeInterval v="2016-12-08T13:00Z/2016-12-08T14:00Z"/><Direction v="Z02"/><Quantity v="49400"/><MeasureUnit v="KW1"/></Period><Period><TimeInterval v="2016-12-08T14:00Z/2016-12-08T15:00Z"/><Direction v="Z02"/><Quantity v="49400"/><MeasureUnit v="KW1"/></Period><Period><TimeInterval v="2016-12-08T15:00Z/2016-12-08T16:00Z"/><Direction v="Z02"/><Quantity v="49400"/><MeasureUnit v="KW1"/></Period><Period><TimeInterval v="2016-12-08T16:00Z/2016-12-08T17:00Z"/><Direction v="Z02"/><Quantity v="49400"/><MeasureUnit v="KW1"/></Period><Period><TimeInterval v="2016-12-08T17:00Z/2016-12-08T18:00Z"/><Direction v="Z02"/><Quantity v="49400"/><MeasureUnit v="KW1"/></Period><Period><TimeInterval v="2016-12-08T18:00Z/2016-12-08T19:00Z"/><Direction v="Z02"/><Quantity v="49400"/><MeasureUnit v="KW1"/></Period><Period><TimeInterval v="2016-12-08T19:00Z/2016-12-08T20:00Z"/><Direction v="Z02"/><Quantity v="49400"/><MeasureUnit v="KW1"/></Period><Period><TimeInterval v="2016-12-08T20:00Z/2016-12-08T21:00Z"/><Direction v="Z02"/><Quantity v="49400"/><MeasureUnit v="KW1"/></Period><Period><TimeInterval v="2016-12-08T21:00Z/2016-12-08T22:00Z"/><Direction v="Z02"/><Quantity v="49400"/><MeasureUnit v="KW1"/></Period><Period><TimeInterval v="2016-12-08T22:00Z/2016-12-08T23:00Z"/><Direction v="Z02"/><Quantity v="49400"/><MeasureUnit v="KW1"/></Period><Period><TimeInterval v="2016-12-08T23:00Z/2016-12-09T00:00Z"/><Direction v="Z02"/><Quantity v="49400"/><MeasureUnit v="KW1"/></Period><Period><TimeInterval v="2016-12-09T00:00Z/2016-12-09T01:00Z"/><Direction v="Z02"/><Quantity v="49400"/><MeasureUnit v="KW1"/></Period><Period><TimeInterval v="2016-12-09T01:00Z/2016-12-09T02:00Z"/><Direction v="Z02"/><Quantity v="49400"/><MeasureUnit v="KW1"/></Period><Period><TimeInterval v="2016-12-09T02:00Z/2016-12-09T03:00Z"/><Direction v="Z02"/><Quantity v="49400"/><MeasureUnit v="KW1"/></Period><Period><TimeInterval v="2016-12-09T03:00Z/2016-12-09T04:00Z"/><Direction v="Z02"/><Quantity v="49400"/><MeasureUnit v="KW1"/></Period><Period><TimeInterval v="2016-12-09T04:00Z/2016-12-09T05:00Z"/><Direction v="Z02"/><Quantity v="49400"/><MeasureUnit v="KW1"/></Period></Category><Category><CapacityCode v="Z15"/><Period><TimeInterval v="2016-12-08T05:00Z/2016-12-08T06:00Z"/><Direction v="Z02"/><Quantity v="0"/><MeasureUnit v="KW1"/></Period><Period><TimeInterval v="2016-12-08T06:00Z/2016-12-08T07:00Z"/><Direction v="Z02"/><Quantity v="0"/><MeasureUnit v="KW1"/></Period><Period><TimeInterval v="2016-12-08T07:00Z/2016-12-08T08:00Z"/><Direction v="Z02"/><Quantity v="0"/><MeasureUnit v="KW1"/></Period><Period><TimeInterval v="2016-12-08T08:00Z/2016-12-08T09:00Z"/><Direction v="Z02"/><Quantity v="0"/><MeasureUnit v="KW1"/></Period><Period><TimeInterval v="2016-12-08T09:00Z/2016-12-08T10:00Z"/><Direction v="Z02"/><Quantity v="0"/><MeasureUnit v="KW1"/></Period><Period><TimeInterval v="2016-12-08T10:00Z/2016-12-08T11:00Z"/><Direction v="Z02"/><Quantity v="0"/><MeasureUnit v="KW1"/></Period><Period><TimeInterval v="2016-12-08T11:00Z/2016-12-08T12:00Z"/><Direction v="Z02"/><Quantity v="0"/><MeasureUnit v="KW1"/></Period><Period><TimeInterval v="2016-12-08T12:00Z/2016-12-08T13:00Z"/><Direction v="Z02"/><Quantity v="0"/><MeasureUnit v="KW1"/></Period><Period><TimeInterval v="2016-12-08T13:00Z/2016-12-08T14:00Z"/><Direction v="Z02"/><Quantity v="0"/><MeasureUnit v="KW1"/></Period><Period><TimeInterval v="2016-12-08T14:00Z/2016-12-08T15:00Z"/><Direction v="Z02"/><Quantity v="0"/><MeasureUnit v="KW1"/></Period><Period><TimeInterval v="2016-12-08T15:00Z/2016-12-08T16:00Z"/><Direction v="Z02"/><Quantity v="0"/><MeasureUnit v="KW1"/></Period><Period><TimeInterval v="2016-12-08T16:00Z/2016-12-08T17:00Z"/><Direction v="Z02"/><Quantity v="0"/><MeasureUnit v="KW1"/></Period><Period><TimeInterval v="2016-12-08T17:00Z/2016-12-08T18:00Z"/><Direction v="Z02"/><Quantity v="0"/><MeasureUnit v="KW1"/></Period><Period><TimeInterval v="2016-12-08T18:00Z/2016-12-08T19:00Z"/><Direction v="Z02"/><Quantity v="0"/><MeasureUnit v="KW1"/></Period><Period><TimeInterval v="2016-12-08T19:00Z/2016-12-08T20:00Z"/><Direction v="Z02"/><Quantity v="0"/><MeasureUnit v="KW1"/></Period><Period><TimeInterval v="2016-12-08T20:00Z/2016-12-08T21:00Z"/><Direction v="Z02"/><Quantity v="0"/><MeasureUnit v="KW1"/></Period><Period><TimeInterval v="2016-12-08T21:00Z/2016-12-08T22:00Z"/><Direction v="Z02"/><Quantity v="0"/><MeasureUnit v="KW1"/></Period><Period><TimeInterval v="2016-12-08T22:00Z/2016-12-08T23:00Z"/><Direction v="Z02"/><Quantity v="0"/><MeasureUnit v="KW1"/></Period><Period><TimeInterval v="2016-12-08T23:00Z/2016-12-09T00:00Z"/><Direction v="Z02"/><Quantity v="0"/><MeasureUnit v="KW1"/></Period><Period><TimeInterval v="2016-12-09T00:00Z/2016-12-09T01:00Z"/><Direction v="Z02"/><Quantity v="0"/><MeasureUnit v="KW1"/></Period><Period><TimeInterval v="2016-12-09T01:00Z/2016-12-09T02:00Z"/><Direction v="Z02"/><Quantity v="0"/><MeasureUnit v="KW1"/></Period><Period><TimeInterval v="2016-12-09T02:00Z/2016-12-09T03:00Z"/><Direction v="Z02"/><Quantity v="0"/><MeasureUnit v="KW1"/></Period><Period><TimeInterval v="2016-12-09T03:00Z/2016-12-09T04:00Z"/><Direction v="Z02"/><Quantity v="0"/><MeasureUnit v="KW1"/></Period><Period><TimeInterval v="2016-12-09T04:00Z/2016-12-09T05:00Z"/><Direction v="Z02"/><Quantity v="0"/><MeasureUnit v="KW1"/></Period></Category></ConnectionPoint><ConnectionPoint><Identification v="21Z000000000071W" codingScheme="305"/><Type v="Z25"/><Category><CapacityCode v="Z12"/><Period><TimeInterval v="2016-12-08T05:00Z/2016-12-08T06:00Z"/><Direction v="Z02"/><Quantity v="80193"/><MeasureUnit v="KW1"/></Period><Period><TimeInterval v="2016-12-08T06:00Z/2016-12-08T07:00Z"/><Direction v="Z02"/><Quantity v="80193"/><MeasureUnit v="KW1"/></Period><Period><TimeInterval v="2016-12-08T07:00Z/2016-12-08T08:00Z"/><Direction v="Z02"/><Quantity v="80193"/><MeasureUnit v="KW1"/></Period><Period><TimeInterval v="2016-12-08T08:00Z/2016-12-08T09:00Z"/><Direction v="Z02"/><Quantity v="80193"/><MeasureUnit v="KW1"/></Period><Period><TimeInterval v="2016-12-08T09:00Z/2016-12-08T10:00Z"/><Direction v="Z02"/><Quantity v="80193"/><MeasureUnit v="KW1"/></Period><Period><TimeInterval v="2016-12-08T10:00Z/2016-12-08T11:00Z"/><Direction v="Z02"/><Quantity v="80193"/><MeasureUnit v="KW1"/></Period><Period><TimeInterval v="2016-12-08T11:00Z/2016-12-08T12:00Z"/><Direction v="Z02"/><Quantity v="80193"/><MeasureUnit v="KW1"/></Period><Period><TimeInterval v="2016-12-08T12:00Z/2016-12-08T13:00Z"/><Direction v="Z02"/><Quantity v="80193"/><MeasureUnit v="KW1"/></Period><Period><TimeInterval v="2016-12-08T13:00Z/2016-12-08T14:00Z"/><Direction v="Z02"/><Quantity v="80193"/><MeasureUnit v="KW1"/></Period><Period><TimeInterval v="2016-12-08T14:00Z/2016-12-08T15:00Z"/><Direction v="Z02"/><Quantity v="80193"/><MeasureUnit v="KW1"/></Period><Period><TimeInterval v="2016-12-08T15:00Z/2016-12-08T16:00Z"/><Direction v="Z02"/><Quantity v="80193"/><MeasureUnit v="KW1"/></Period><Period><TimeInterval v="2016-12-08T16:00Z/2016-12-08T17:00Z"/><Direction v="Z02"/><Quantity v="80193"/><MeasureUnit v="KW1"/></Period><Period><TimeInterval v="2016-12-08T17:00Z/2016-12-08T18:00Z"/><Direction v="Z02"/><Quantity v="80193"/><MeasureUnit v="KW1"/></Period><Period><TimeInterval v="2016-12-08T18:00Z/2016-12-08T19:00Z"/><Direction v="Z02"/><Quantity v="80193"/><MeasureUnit v="KW1"/></Period><Period><TimeInterval v="2016-12-08T19:00Z/2016-12-08T20:00Z"/><Direction v="Z02"/><Quantity v="80193"/><MeasureUnit v="KW1"/></Period><Period><TimeInterval v="2016-12-08T20:00Z/2016-12-08T21:00Z"/><Direction v="Z02"/><Quantity v="80193"/><MeasureUnit v="KW1"/></Period><Period><TimeInterval v="2016-12-08T21:00Z/2016-12-08T22:00Z"/><Direction v="Z02"/><Quantity v="80193"/><MeasureUnit v="KW1"/></Period><Period><TimeInterval v="2016-12-08T22:00Z/2016-12-08T23:00Z"/><Direction v="Z02"/><Quantity v="80193"/><MeasureUnit v="KW1"/></Period><Period><TimeInterval v="2016-12-08T23:00Z/2016-12-09T00:00Z"/><Direction v="Z02"/><Quantity v="80193"/><MeasureUnit v="KW1"/></Period><Period><TimeInterval v="2016-12-09T00:00Z/2016-12-09T01:00Z"/><Direction v="Z02"/><Quantity v="80193"/><MeasureUnit v="KW1"/></Period><Period><TimeInterval v="2016-12-09T01:00Z/2016-12-09T02:00Z"/><Direction v="Z02"/><Quantity v="80193"/><MeasureUnit v="KW1"/></Period><Period><TimeInterval v="2016-12-09T02:00Z/2016-12-09T03:00Z"/><Direction v="Z02"/><Quantity v="80193"/><MeasureUnit v="KW1"/></Period><Period><TimeInterval v="2016-12-09T03:00Z/2016-12-09T04:00Z"/><Direction v="Z02"/><Quantity v="80193"/><MeasureUnit v="KW1"/></Period><Period><TimeInterval v="2016-12-09T04:00Z/2016-12-09T05:00Z"/><Direction v="Z02"/><Quantity v="80193"/><MeasureUnit v="KW1"/></Period></Category><Category><CapacityCode v="Z14"/><Period><TimeInterval v="2016-12-08T05:00Z/2016-12-08T06:00Z"/><Direction v="Z02"/><Quantity v="923193"/><MeasureUnit v="KW1"/></Period><Period><TimeInterval v="2016-12-08T06:00Z/2016-12-08T07:00Z"/><Direction v="Z02"/><Quantity v="923193"/><MeasureUnit v="KW1"/></Period><Period><TimeInterval v="2016-12-08T07:00Z/2016-12-08T08:00Z"/><Direction v="Z02"/><Quantity v="923193"/><MeasureUnit v="KW1"/></Period><Period><TimeInterval v="2016-12-08T08:00Z/2016-12-08T09:00Z"/><Direction v="Z02"/><Quantity v="923193"/><MeasureUnit v="KW1"/></Period><Period><TimeInterval v="2016-12-08T09:00Z/2016-12-08T10:00Z"/><Direction v="Z02"/><Quantity v="923193"/><MeasureUnit v="KW1"/></Period><Period><TimeInterval v="2016-12-08T10:00Z/2016-12-08T11:00Z"/><Direction v="Z02"/><Quantity v="923193"/><MeasureUnit v="KW1"/></Period><Period><TimeInterval v="2016-12-08T11:00Z/2016-12-08T12:00Z"/><Direction v="Z02"/><Quantity v="923193"/><MeasureUnit v="KW1"/></Period><Period><TimeInterval v="2016-12-08T12:00Z/2016-12-08T13:00Z"/><Direction v="Z02"/><Quantity v="923193"/><MeasureUnit v="KW1"/></Period><Period><TimeInterval v="2016-12-08T13:00Z/2016-12-08T14:00Z"/><Direction v="Z02"/><Quantity v="923193"/><MeasureUnit v="KW1"/></Period><Period><TimeInterval v="2016-12-08T14:00Z/2016-12-08T15:00Z"/><Direction v="Z02"/><Quantity v="923193"/><MeasureUnit v="KW1"/></Period><Period><TimeInterval v="2016-12-08T15:00Z/2016-12-08T16:00Z"/><Direction v="Z02"/><Quantity v="923193"/><MeasureUnit v="KW1"/></Period><Period><TimeInterval v="2016-12-08T16:00Z/2016-12-08T17:00Z"/><Direction v="Z02"/><Quantity v="923193"/><MeasureUnit v="KW1"/></Period><Period><TimeInterval v="2016-12-08T17:00Z/2016-12-08T18:00Z"/><Direction v="Z02"/><Quantity v="923193"/><MeasureUnit v="KW1"/></Period><Period><TimeInterval v="2016-12-08T18:00Z/2016-12-08T19:00Z"/><Direction v="Z02"/><Quantity v="923193"/><MeasureUnit v="KW1"/></Period><Period><TimeInterval v="2016-12-08T19:00Z/2016-12-08T20:00Z"/><Direction v="Z02"/><Quantity v="923193"/><MeasureUnit v="KW1"/></Period><Period><TimeInterval v="2016-12-08T20:00Z/2016-12-08T21:00Z"/><Direction v="Z02"/><Quantity v="923193"/><MeasureUnit v="KW1"/></Period><Period><TimeInterval v="2016-12-08T21:00Z/2016-12-08T22:00Z"/><Direction v="Z02"/><Quantity v="923193"/><MeasureUnit v="KW1"/></Period><Period><TimeInterval v="2016-12-08T22:00Z/2016-12-08T23:00Z"/><Direction v="Z02"/><Quantity v="923193"/><MeasureUnit v="KW1"/></Period><Period><TimeInterval v="2016-12-08T23:00Z/2016-12-09T00:00Z"/><Direction v="Z02"/><Quantity v="923193"/><MeasureUnit v="KW1"/></Period><Period><TimeInterval v="2016-12-09T00:00Z/2016-12-09T01:00Z"/><Direction v="Z02"/><Quantity v="923193"/><MeasureUnit v="KW1"/></Period><Period><TimeInterval v="2016-12-09T01:00Z/2016-12-09T02:00Z"/><Direction v="Z02"/><Quantity v="923193"/><MeasureUnit v="KW1"/></Period><Period><TimeInterval v="2016-12-09T02:00Z/2016-12-09T03:00Z"/><Direction v="Z02"/><Quantity v="923193"/><MeasureUnit v="KW1"/></Period><Period><TimeInterval v="2016-12-09T03:00Z/2016-12-09T04:00Z"/><Direction v="Z02"/><Quantity v="923193"/><MeasureUnit v="KW1"/></Period><Period><TimeInterval v="2016-12-09T04:00Z/2016-12-09T05:00Z"/><Direction v="Z02"/><Quantity v="923193"/><MeasureUnit v="KW1"/></Period></Category><Category><CapacityCode v="Z15"/><Period><TimeInterval v="2016-12-08T05:00Z/2016-12-08T06:00Z"/><Direction v="Z02"/><Quantity v="0"/><MeasureUnit v="KW1"/></Period><Period><TimeInterval v="2016-12-08T06:00Z/2016-12-08T07:00Z"/><Direction v="Z02"/><Quantity v="0"/><MeasureUnit v="KW1"/></Period><Period><TimeInterval v="2016-12-08T07:00Z/2016-12-08T08:00Z"/><Direction v="Z02"/><Quantity v="0"/><MeasureUnit v="KW1"/></Period><Period><TimeInterval v="2016-12-08T08:00Z/2016-12-08T09:00Z"/><Direction v="Z02"/><Quantity v="0"/><MeasureUnit v="KW1"/></Period><Period><TimeInterval v="2016-12-08T09:00Z/2016-12-08T10:00Z"/><Direction v="Z02"/><Quantity v="0"/><MeasureUnit v="KW1"/></Period><Period><TimeInterval v="2016-12-08T10:00Z/2016-12-08T11:00Z"/><Direction v="Z02"/><Quantity v="0"/><MeasureUnit v="KW1"/></Period><Period><TimeInterval v="2016-12-08T11:00Z/2016-12-08T12:00Z"/><Direction v="Z02"/><Quantity v="0"/><MeasureUnit v="KW1"/></Period><Period><TimeInterval v="2016-12-08T12:00Z/2016-12-08T13:00Z"/><Direction v="Z02"/><Quantity v="0"/><MeasureUnit v="KW1"/></Period><Period><TimeInterval v="2016-12-08T13:00Z/2016-12-08T14:00Z"/><Direction v="Z02"/><Quantity v="0"/><MeasureUnit v="KW1"/></Period><Period><TimeInterval v="2016-12-08T14:00Z/2016-12-08T15:00Z"/><Direction v="Z02"/><Quantity v="0"/><MeasureUnit v="KW1"/></Period><Period><TimeInterval v="2016-12-08T15:00Z/2016-12-08T16:00Z"/><Direction v="Z02"/><Quantity v="0"/><MeasureUnit v="KW1"/></Period><Period><TimeInterval v="2016-12-08T16:00Z/2016-12-08T17:00Z"/><Direction v="Z02"/><Quantity v="0"/><MeasureUnit v="KW1"/></Period><Period><TimeInterval v="2016-12-08T17:00Z/2016-12-08T18:00Z"/><Direction v="Z02"/><Quantity v="0"/><MeasureUnit v="KW1"/></Period><Period><TimeInterval v="2016-12-08T18:00Z/2016-12-08T19:00Z"/><Direction v="Z02"/><Quantity v="0"/><MeasureUnit v="KW1"/></Period><Period><TimeInterval v="2016-12-08T19:00Z/2016-12-08T20:00Z"/><Direction v="Z02"/><Quantity v="0"/><MeasureUnit v="KW1"/></Period><Period><TimeInterval v="2016-12-08T20:00Z/2016-12-08T21:00Z"/><Direction v="Z02"/><Quantity v="0"/><MeasureUnit v="KW1"/></Period><Period><TimeInterval v="2016-12-08T21:00Z/2016-12-08T22:00Z"/><Direction v="Z02"/><Quantity v="0"/><MeasureUnit v="KW1"/></Period><Period><TimeInterval v="2016-12-08T22:00Z/2016-12-08T23:00Z"/><Direction v="Z02"/><Quantity v="0"/><MeasureUnit v="KW1"/></Period><Period><TimeInterval v="2016-12-08T23:00Z/2016-12-09T00:00Z"/><Direction v="Z02"/><Quantity v="0"/><MeasureUnit v="KW1"/></Period><Period><TimeInterval v="2016-12-09T00:00Z/2016-12-09T01:00Z"/><Direction v="Z02"/><Quantity v="0"/><MeasureUnit v="KW1"/></Period><Period><TimeInterval v="2016-12-09T01:00Z/2016-12-09T02:00Z"/><Direction v="Z02"/><Quantity v="0"/><MeasureUnit v="KW1"/></Period><Period><TimeInterval v="2016-12-09T02:00Z/2016-12-09T03:00Z"/><Direction v="Z02"/><Quantity v="0"/><MeasureUnit v="KW1"/></Period><Period><TimeInterval v="2016-12-09T03:00Z/2016-12-09T04:00Z"/><Direction v="Z02"/><Quantity v="0"/><MeasureUnit v="KW1"/></Period><Period><TimeInterval v="2016-12-09T04:00Z/2016-12-09T05:00Z"/><Direction v="Z02"/><Quantity v="0"/><MeasureUnit v="KW1"/></Period></Category></ConnectionPoint><ConnectionPoint><Identification v="21Z0000000000163" codingScheme="305"/><Type v="Z25"/><Category><CapacityCode v="Z12"/><Period><TimeInterval v="2016-12-08T05:00Z/2016-12-08T06:00Z"/><Direction v="Z02"/><Quantity v="245000"/><MeasureUnit v="KW1"/></Period><Period><TimeInterval v="2016-12-08T06:00Z/2016-12-08T07:00Z"/><Direction v="Z02"/><Quantity v="245000"/><MeasureUnit v="KW1"/></Period><Period><TimeInterval v="2016-12-08T07:00Z/2016-12-08T08:00Z"/><Direction v="Z02"/><Quantity v="245000"/><MeasureUnit v="KW1"/></Period><Period><TimeInterval v="2016-12-08T08:00Z/2016-12-08T09:00Z"/><Direction v="Z02"/><Quantity v="245000"/><MeasureUnit v="KW1"/></Period><Period><TimeInterval v="2016-12-08T09:00Z/2016-12-08T10:00Z"/><Direction v="Z02"/><Quantity v="245000"/><MeasureUnit v="KW1"/></Period><Period><TimeInterval v="2016-12-08T10:00Z/2016-12-08T11:00Z"/><Direction v="Z02"/><Quantity v="245000"/><MeasureUnit v="KW1"/></Period><Period><TimeInterval v="2016-12-08T11:00Z/2016-12-08T12:00Z"/><Direction v="Z02"/><Quantity v="245000"/><MeasureUnit v="KW1"/></Period><Period><TimeInterval v="2016-12-08T12:00Z/2016-12-08T13:00Z"/><Direction v="Z02"/><Quantity v="245000"/><MeasureUnit v="KW1"/></Period><Period><TimeInterval v="2016-12-08T13:00Z/2016-12-08T14:00Z"/><Direction v="Z02"/><Quantity v="245000"/><MeasureUnit v="KW1"/></Period><Period><TimeInterval v="2016-12-08T14:00Z/2016-12-08T15:00Z"/><Direction v="Z02"/><Quantity v="245000"/><MeasureUnit v="KW1"/></Period><Period><TimeInterval v="2016-12-08T15:00Z/2016-12-08T16:00Z"/><Direction v="Z02"/><Quantity v="245000"/><MeasureUnit v="KW1"/></Period><Period><TimeInterval v="2016-12-08T16:00Z/2016-12-08T17:00Z"/><Direction v="Z02"/><Quantity v="245000"/><MeasureUnit v="KW1"/></Period><Period><TimeInterval v="2016-12-08T17:00Z/2016-12-08T18:00Z"/><Direction v="Z02"/><Quantity v="245000"/><MeasureUnit v="KW1"/></Period><Period><TimeInterval v="2016-12-08T18:00Z/2016-12-08T19:00Z"/><Direction v="Z02"/><Quantity v="245000"/><MeasureUnit v="KW1"/></Period><Period><TimeInterval v="2016-12-08T19:00Z/2016-12-08T20:00Z"/><Direction v="Z02"/><Quantity v="245000"/><MeasureUnit v="KW1"/></Period><Period><TimeInterval v="2016-12-08T20:00Z/2016-12-08T21:00Z"/><Direction v="Z02"/><Quantity v="245000"/><MeasureUnit v="KW1"/></Period><Period><TimeInterval v="2016-12-08T21:00Z/2016-12-08T22:00Z"/><Direction v="Z02"/><Quantity v="245000"/><MeasureUnit v="KW1"/></Period><Period><TimeInterval v="2016-12-08T22:00Z/2016-12-08T23:00Z"/><Direction v="Z02"/><Quantity v="245000"/><MeasureUnit v="KW1"/></Period><Period><TimeInterval v="2016-12-08T23:00Z/2016-12-09T00:00Z"/><Direction v="Z02"/><Quantity v="245000"/><MeasureUnit v="KW1"/></Period><Period><TimeInterval v="2016-12-09T00:00Z/2016-12-09T01:00Z"/><Direction v="Z02"/><Quantity v="245000"/><MeasureUnit v="KW1"/></Period><Period><TimeInterval v="2016-12-09T01:00Z/2016-12-09T02:00Z"/><Direction v="Z02"/><Quantity v="245000"/><MeasureUnit v="KW1"/></Period><Period><TimeInterval v="2016-12-09T02:00Z/2016-12-09T03:00Z"/><Direction v="Z02"/><Quantity v="245000"/><MeasureUnit v="KW1"/></Period><Period><TimeInterval v="2016-12-09T03:00Z/2016-12-09T04:00Z"/><Direction v="Z02"/><Quantity v="245000"/><MeasureUnit v="KW1"/></Period><Period><TimeInterval v="2016-12-09T04:00Z/2016-12-09T05:00Z"/><Direction v="Z02"/><Quantity v="245000"/><MeasureUnit v="KW1"/></Period><Period><TimeInterval v="2016-12-08T05:00Z/2016-12-08T06:00Z"/><Direction v="Z03"/><Quantity v="3330000"/><MeasureUnit v="KW1"/></Period><Period><TimeInterval v="2016-12-08T06:00Z/2016-12-08T07:00Z"/><Direction v="Z03"/><Quantity v="3330000"/><MeasureUnit v="KW1"/></Period><Period><TimeInterval v="2016-12-08T07:00Z/2016-12-08T08:00Z"/><Direction v="Z03"/><Quantity v="3330000"/><MeasureUnit v="KW1"/></Period><Period><TimeInterval v="2016-12-08T08:00Z/2016-12-08T09:00Z"/><Direction v="Z03"/><Quantity v="3330000"/><MeasureUnit v="KW1"/></Period><Period><TimeInterval v="2016-12-08T09:00Z/2016-12-08T10:00Z"/><Direction v="Z03"/><Quantity v="3330000"/><MeasureUnit v="KW1"/></Period><Period><TimeInterval v="2016-12-08T10:00Z/2016-12-08T11:00Z"/><Direction v="Z03"/><Quantity v="3330000"/><MeasureUnit v="KW1"/></Period><Period><TimeInterval v="2016-12-08T11:00Z/2016-12-08T12:00Z"/><Direction v="Z03"/><Quantity v="3330000"/><MeasureUnit v="KW1"/></Period><Period><TimeInterval v="2016-12-08T12:00Z/2016-12-08T13:00Z"/><Direction v="Z03"/><Quantity v="3330000"/><MeasureUnit v="KW1"/></Period><Period><TimeInterval v="2016-12-08T13:00Z/2016-12-08T14:00Z"/><Direction v="Z03"/><Quantity v="3330000"/><MeasureUnit v="KW1"/></Period><Period><TimeInterval v="2016-12-08T14:00Z/2016-12-08T15:00Z"/><Direction v="Z03"/><Quantity v="3330000"/><MeasureUnit v="KW1"/></Period><Period><TimeInterval v="2016-12-08T15:00Z/2016-12-08T16:00Z"/><Direction v="Z03"/><Quantity v="3330000"/><MeasureUnit v="KW1"/></Period><Period><TimeInterval v="2016-12-08T16:00Z/2016-12-08T17:00Z"/><Direction v="Z03"/><Quantity v="3330000"/><MeasureUnit v="KW1"/></Period><Period><TimeInterval v="2016-12-08T17:00Z/2016-12-08T18:00Z"/><Direction v="Z03"/><Quantity v="3330000"/><MeasureUnit v="KW1"/></Period><Period><TimeInterval v="2016-12-08T18:00Z/2016-12-08T19:00Z"/><Direction v="Z03"/><Quantity v="3330000"/><MeasureUnit v="KW1"/></Period><Period><TimeInterval v="2016-12-08T19:00Z/2016-12-08T20:00Z"/><Direction v="Z03"/><Quantity v="3330000"/><MeasureUnit v="KW1"/></Period><Period><TimeInterval v="2016-12-08T20:00Z/2016-12-08T21:00Z"/><Direction v="Z03"/><Quantity v="3330000"/><MeasureUnit v="KW1"/></Period><Period><TimeInterval v="2016-12-08T21:00Z/2016-12-08T22:00Z"/><Direction v="Z03"/><Quantity v="3330000"/><MeasureUnit v="KW1"/></Period><Period><TimeInterval v="2016-12-08T22:00Z/2016-12-08T23:00Z"/><Direction v="Z03"/><Quantity v="3330000"/><MeasureUnit v="KW1"/></Period><Period><TimeInterval v="2016-12-08T23:00Z/2016-12-09T00:00Z"/><Direction v="Z03"/><Quantity v="3330000"/><MeasureUnit v="KW1"/></Period><Period><TimeInterval v="2016-12-09T00:00Z/2016-12-09T01:00Z"/><Direction v="Z03"/><Quantity v="3330000"/><MeasureUnit v="KW1"/></Period><Period><TimeInterval v="2016-12-09T01:00Z/2016-12-09T02:00Z"/><Direction v="Z03"/><Quantity v="3330000"/><MeasureUnit v="KW1"/></Period><Period><TimeInterval v="2016-12-09T02:00Z/2016-12-09T03:00Z"/><Direction v="Z03"/><Quantity v="3330000"/><MeasureUnit v="KW1"/></Period><Period><TimeInterval v="2016-12-09T03:00Z/2016-12-09T04:00Z"/><Direction v="Z03"/><Quantity v="3330000"/><MeasureUnit v="KW1"/></Period><Period><TimeInterval v="2016-12-09T04:00Z/2016-12-09T05:00Z"/><Direction v="Z03"/><Quantity v="3330000"/><MeasureUnit v="KW1"/></Period></Category><Category><CapacityCode v="Z14"/><Period><TimeInterval v="2016-12-08T05:00Z/2016-12-08T06:00Z"/><Direction v="Z02"/><Quantity v="0"/><MeasureUnit v="KW1"/></Period><Period><TimeInterval v="2016-12-08T06:00Z/2016-12-08T07:00Z"/><Direction v="Z02"/><Quantity v="0"/><MeasureUnit v="KW1"/></Period><Period><TimeInterval v="2016-12-08T07:00Z/2016-12-08T08:00Z"/><Direction v="Z02"/><Quantity v="0"/><MeasureUnit v="KW1"/></Period><Period><TimeInterval v="2016-12-08T08:00Z/2016-12-08T09:00Z"/><Direction v="Z02"/><Quantity v="0"/><MeasureUnit v="KW1"/></Period><Period><TimeInterval v="2016-12-08T09:00Z/2016-12-08T10:00Z"/><Direction v="Z02"/><Quantity v="0"/><MeasureUnit v="KW1"/></Period><Period><TimeInterval v="2016-12-08T10:00Z/2016-12-08T11:00Z"/><Direction v="Z02"/><Quantity v="0"/><MeasureUnit v="KW1"/></Period><Period><TimeInterval v="2016-12-08T11:00Z/2016-12-08T12:00Z"/><Direction v="Z02"/><Quantity v="0"/><MeasureUnit v="KW1"/></Period><Period><TimeInterval v="2016-12-08T12:00Z/2016-12-08T13:00Z"/><Direction v="Z02"/><Quantity v="0"/><MeasureUnit v="KW1"/></Period><Period><TimeInterval v="2016-12-08T13:00Z/2016-12-08T14:00Z"/><Direction v="Z02"/><Quantity v="0"/><MeasureUnit v="KW1"/></Period><Period><TimeInterval v="2016-12-08T14:00Z/2016-12-08T15:00Z"/><Direction v="Z02"/><Quantity v="0"/><MeasureUnit v="KW1"/></Period><Period><TimeInterval v="2016-12-08T15:00Z/2016-12-08T16:00Z"/><Direction v="Z02"/><Quantity v="0"/><MeasureUnit v="KW1"/></Period><Period><TimeInterval v="2016-12-08T16:00Z/2016-12-08T17:00Z"/><Direction v="Z02"/><Quantity v="0"/><MeasureUnit v="KW1"/></Period><Period><TimeInterval v="2016-12-08T17:00Z/2016-12-08T18:00Z"/><Direction v="Z02"/><Quantity v="0"/><MeasureUnit v="KW1"/></Period><Period><TimeInterval v="2016-12-08T18:00Z/2016-12-08T19:00Z"/><Direction v="Z02"/><Quantity v="0"/><MeasureUnit v="KW1"/></Period><Period><TimeInterval v="2016-12-08T19:00Z/2016-12-08T20:00Z"/><Direction v="Z02"/><Quantity v="0"/><MeasureUnit v="KW1"/></Period><Period><TimeInterval v="2016-12-08T20:00Z/2016-12-08T21:00Z"/><Direction v="Z02"/><Quantity v="0"/><MeasureUnit v="KW1"/></Period><Period><TimeInterval v="2016-12-08T21:00Z/2016-12-08T22:00Z"/><Direction v="Z02"/><Quantity v="0"/><MeasureUnit v="KW1"/></Period><Period><TimeInterval v="2016-12-08T22:00Z/2016-12-08T23:00Z"/><Direction v="Z02"/><Quantity v="0"/><MeasureUnit v="KW1"/></Period><Period><TimeInterval v="2016-12-08T23:00Z/2016-12-09T00:00Z"/><Direction v="Z02"/><Quantity v="0"/><MeasureUnit v="KW1"/></Period><Period><TimeInterval v="2016-12-09T00:00Z/2016-12-09T01:00Z"/><Direction v="Z02"/><Quantity v="0"/><MeasureUnit v="KW1"/></Period><Period><TimeInterval v="2016-12-09T01:00Z/2016-12-09T02:00Z"/><Direction v="Z02"/><Quantity v="0"/><MeasureUnit v="KW1"/></Period><Period><TimeInterval v="2016-12-09T02:00Z/2016-12-09T03:00Z"/><Direction v="Z02"/><Quantity v="0"/><MeasureUnit v="KW1"/></Period><Period><TimeInterval v="2016-12-09T03:00Z/2016-12-09T04:00Z"/><Direction v="Z02"/><Quantity v="0"/><MeasureUnit v="KW1"/></Period><Period><TimeInterval v="2016-12-09T04:00Z/2016-12-09T05:00Z"/><Direction v="Z02"/><Quantity v="0"/><MeasureUnit v="KW1"/></Period><Period><TimeInterval v="2016-12-08T05:00Z/2016-12-08T06:00Z"/><Direction v="Z03"/><Quantity v="3330000"/><MeasureUnit v="KW1"/></Period><Period><TimeInterval v="2016-12-08T06:00Z/2016-12-08T07:00Z"/><Direction v="Z03"/><Quantity v="3330000"/><MeasureUnit v="KW1"/></Period><Period><TimeInterval v="2016-12-08T07:00Z/2016-12-08T08:00Z"/><Direction v="Z03"/><Quantity v="3330000"/><MeasureUnit v="KW1"/></Period><Period><TimeInterval v="2016-12-08T08:00Z/2016-12-08T09:00Z"/><Direction v="Z03"/><Quantity v="3330000"/><MeasureUnit v="KW1"/></Period><Period><TimeInterval v="2016-12-08T09:00Z/2016-12-08T10:00Z"/><Direction v="Z03"/><Quantity v="3330000"/><MeasureUnit v="KW1"/></Period><Period><TimeInterval v="2016-12-08T10:00Z/2016-12-08T11:00Z"/><Direction v="Z03"/><Quantity v="3330000"/><MeasureUnit v="KW1"/></Period><Period><TimeInterval v="2016-12-08T11:00Z/2016-12-08T12:00Z"/><Direction v="Z03"/><Quantity v="3330000"/><MeasureUnit v="KW1"/></Period><Period><TimeInterval v="2016-12-08T12:00Z/2016-12-08T13:00Z"/><Direction v="Z03"/><Quantity v="3330000"/><MeasureUnit v="KW1"/></Period><Period><TimeInterval v="2016-12-08T13:00Z/2016-12-08T14:00Z"/><Direction v="Z03"/><Quantity v="3330000"/><MeasureUnit v="KW1"/></Period><Period><TimeInterval v="2016-12-08T14:00Z/2016-12-08T15:00Z"/><Direction v="Z03"/><Quantity v="3330000"/><MeasureUnit v="KW1"/></Period><Period><TimeInterval v="2016-12-08T15:00Z/2016-12-08T16:00Z"/><Direction v="Z03"/><Quantity v="3330000"/><MeasureUnit v="KW1"/></Period><Period><TimeInterval v="2016-12-08T16:00Z/2016-12-08T17:00Z"/><Direction v="Z03"/><Quantity v="3330000"/><MeasureUnit v="KW1"/></Period><Period><TimeInterval v="2016-12-08T17:00Z/2016-12-08T18:00Z"/><Direction v="Z03"/><Quantity v="3330000"/><MeasureUnit v="KW1"/></Period><Period><TimeInterval v="2016-12-08T18:00Z/2016-12-08T19:00Z"/><Direction v="Z03"/><Quantity v="3330000"/><MeasureUnit v="KW1"/></Period><Period><TimeInterval v="2016-12-08T19:00Z/2016-12-08T20:00Z"/><Direction v="Z03"/><Quantity v="3330000"/><MeasureUnit v="KW1"/></Period><Period><TimeInterval v="2016-12-08T20:00Z/2016-12-08T21:00Z"/><Direction v="Z03"/><Quantity v="3330000"/><MeasureUnit v="KW1"/></Period><Period><TimeInterval v="2016-12-08T21:00Z/2016-12-08T22:00Z"/><Direction v="Z03"/><Quantity v="3330000"/><MeasureUnit v="KW1"/></Period><Period><TimeInterval v="2016-12-08T22:00Z/2016-12-08T23:00Z"/><Direction v="Z03"/><Quantity v="3330000"/><MeasureUnit v="KW1"/></Period><Period><TimeInterval v="2016-12-08T23:00Z/2016-12-09T00:00Z"/><Direction v="Z03"/><Quantity v="3330000"/><MeasureUnit v="KW1"/></Period><Period><TimeInterval v="2016-12-09T00:00Z/2016-12-09T01:00Z"/><Direction v="Z03"/><Quantity v="3330000"/><MeasureUnit v="KW1"/></Period><Period><TimeInterval v="2016-12-09T01:00Z/2016-12-09T02:00Z"/><Direction v="Z03"/><Quantity v="3330000"/><MeasureUnit v="KW1"/></Period><Period><TimeInterval v="2016-12-09T02:00Z/2016-12-09T03:00Z"/><Direction v="Z03"/><Quantity v="3330000"/><MeasureUnit v="KW1"/></Period><Period><TimeInterval v="2016-12-09T03:00Z/2016-12-09T04:00Z"/><Direction v="Z03"/><Quantity v="3330000"/><MeasureUnit v="KW1"/></Period><Period><TimeInterval v="2016-12-09T04:00Z/2016-12-09T05:00Z"/><Direction v="Z03"/><Quantity v="3330000"/><MeasureUnit v="KW1"/></Period></Category><Category><CapacityCode v="Z15"/><Period><TimeInterval v="2016-12-08T05:00Z/2016-12-08T06:00Z"/><Direction v="Z02"/><Quantity v="0"/><MeasureUnit v="KW1"/></Period><Period><TimeInterval v="2016-12-08T06:00Z/2016-12-08T07:00Z"/><Direction v="Z02"/><Quantity v="0"/><MeasureUnit v="KW1"/></Period><Period><TimeInterval v="2016-12-08T07:00Z/2016-12-08T08:00Z"/><Direction v="Z02"/><Quantity v="0"/><MeasureUnit v="KW1"/></Period><Period><TimeInterval v="2016-12-08T08:00Z/2016-12-08T09:00Z"/><Direction v="Z02"/><Quantity v="0"/><MeasureUnit v="KW1"/></Period><Period><TimeInterval v="2016-12-08T09:00Z/2016-12-08T10:00Z"/><Direction v="Z02"/><Quantity v="0"/><MeasureUnit v="KW1"/></Period><Period><TimeInterval v="2016-12-08T10:00Z/2016-12-08T11:00Z"/><Direction v="Z02"/><Quantity v="0"/><MeasureUnit v="KW1"/></Period><Period><TimeInterval v="2016-12-08T11:00Z/2016-12-08T12:00Z"/><Direction v="Z02"/><Quantity v="0"/><MeasureUnit v="KW1"/></Period><Period><TimeInterval v="2016-12-08T12:00Z/2016-12-08T13:00Z"/><Direction v="Z02"/><Quantity v="0"/><MeasureUnit v="KW1"/></Period><Period><TimeInterval v="2016-12-08T13:00Z/2016-12-08T14:00Z"/><Direction v="Z02"/><Quantity v="0"/><MeasureUnit v="KW1"/></Period><Period><TimeInterval v="2016-12-08T14:00Z/2016-12-08T15:00Z"/><Direction v="Z02"/><Quantity v="0"/><MeasureUnit v="KW1"/></Period><Period><TimeInterval v="2016-12-08T15:00Z/2016-12-08T16:00Z"/><Direction v="Z02"/><Quantity v="0"/><MeasureUnit v="KW1"/></Period><Period><TimeInterval v="2016-12-08T16:00Z/2016-12-08T17:00Z"/><Direction v="Z02"/><Quantity v="0"/><MeasureUnit v="KW1"/></Period><Period><TimeInterval v="2016-12-08T17:00Z/2016-12-08T18:00Z"/><Direction v="Z02"/><Quantity v="0"/><MeasureUnit v="KW1"/></Period><Period><TimeInterval v="2016-12-08T18:00Z/2016-12-08T19:00Z"/><Direction v="Z02"/><Quantity v="0"/><MeasureUnit v="KW1"/></Period><Period><TimeInterval v="2016-12-08T19:00Z/2016-12-08T20:00Z"/><Direction v="Z02"/><Quantity v="0"/><MeasureUnit v="KW1"/></Period><Period><TimeInterval v="2016-12-08T20:00Z/2016-12-08T21:00Z"/><Direction v="Z02"/><Quantity v="0"/><MeasureUnit v="KW1"/></Period><Period><TimeInterval v="2016-12-08T21:00Z/2016-12-08T22:00Z"/><Direction v="Z02"/><Quantity v="0"/><MeasureUnit v="KW1"/></Period><Period><TimeInterval v="2016-12-08T22:00Z/2016-12-08T23:00Z"/><Direction v="Z02"/><Quantity v="0"/><MeasureUnit v="KW1"/></Period><Period><TimeInterval v="2016-12-08T23:00Z/2016-12-09T00:00Z"/><Direction v="Z02"/><Quantity v="0"/><MeasureUnit v="KW1"/></Period><Period><TimeInterval v="2016-12-09T00:00Z/2016-12-09T01:00Z"/><Direction v="Z02"/><Quantity v="0"/><MeasureUnit v="KW1"/></Period><Period><TimeInterval v="2016-12-09T01:00Z/2016-12-09T02:00Z"/><Direction v="Z02"/><Quantity v="0"/><MeasureUnit v="KW1"/></Period><Period><TimeInterval v="2016-12-09T02:00Z/2016-12-09T03:00Z"/><Direction v="Z02"/><Quantity v="0"/><MeasureUnit v="KW1"/></Period><Period><TimeInterval v="2016-12-09T03:00Z/2016-12-09T04:00Z"/><Direction v="Z02"/><Quantity v="0"/><MeasureUnit v="KW1"/></Period><Period><TimeInterval v="2016-12-09T04:00Z/2016-12-09T05:00Z"/><Direction v="Z02"/><Quantity v="0"/><MeasureUnit v="KW1"/></Period><Period><TimeInterval v="2016-12-08T05:00Z/2016-12-08T06:00Z"/><Direction v="Z03"/><Quantity v="0"/><MeasureUnit v="KW1"/></Period><Period><TimeInterval v="2016-12-08T06:00Z/2016-12-08T07:00Z"/><Direction v="Z03"/><Quantity v="0"/><MeasureUnit v="KW1"/></Period><Period><TimeInterval v="2016-12-08T07:00Z/2016-12-08T08:00Z"/><Direction v="Z03"/><Quantity v="0"/><MeasureUnit v="KW1"/></Period><Period><TimeInterval v="2016-12-08T08:00Z/2016-12-08T09:00Z"/><Direction v="Z03"/><Quantity v="0"/><MeasureUnit v="KW1"/></Period><Period><TimeInterval v="2016-12-08T09:00Z/2016-12-08T10:00Z"/><Direction v="Z03"/><Quantity v="0"/><MeasureUnit v="KW1"/></Period><Period><TimeInterval v="2016-12-08T10:00Z/2016-12-08T11:00Z"/><Direction v="Z03"/><Quantity v="0"/><MeasureUnit v="KW1"/></Period><Period><TimeInterval v="2016-12-08T11:00Z/2016-12-08T12:00Z"/><Direction v="Z03"/><Quantity v="0"/><MeasureUnit v="KW1"/></Period><Period><TimeInterval v="2016-12-08T12:00Z/2016-12-08T13:00Z"/><Direction v="Z03"/><Quantity v="0"/><MeasureUnit v="KW1"/></Period><Period><TimeInterval v="2016-12-08T13:00Z/2016-12-08T14:00Z"/><Direction v="Z03"/><Quantity v="0"/><MeasureUnit v="KW1"/></Period><Period><TimeInterval v="2016-12-08T14:00Z/2016-12-08T15:00Z"/><Direction v="Z03"/><Quantity v="0"/><MeasureUnit v="KW1"/></Period><Period><TimeInterval v="2016-12-08T15:00Z/2016-12-08T16:00Z"/><Direction v="Z03"/><Quantity v="0"/><MeasureUnit v="KW1"/></Period><Period><TimeInterval v="2016-12-08T16:00Z/2016-12-08T17:00Z"/><Direction v="Z03"/><Quantity v="0"/><MeasureUnit v="KW1"/></Period><Period><TimeInterval v="2016-12-08T17:00Z/2016-12-08T18:00Z"/><Direction v="Z03"/><Quantity v="0"/><MeasureUnit v="KW1"/></Period><Period><TimeInterval v="2016-12-08T18:00Z/2016-12-08T19:00Z"/><Direction v="Z03"/><Quantity v="0"/><MeasureUnit v="KW1"/></Period><Period><TimeInterval v="2016-12-08T19:00Z/2016-12-08T20:00Z"/><Direction v="Z03"/><Quantity v="0"/><MeasureUnit v="KW1"/></Period><Period><TimeInterval v="2016-12-08T20:00Z/2016-12-08T21:00Z"/><Direction v="Z03"/><Quantity v="0"/><MeasureUnit v="KW1"/></Period><Period><TimeInterval v="2016-12-08T21:00Z/2016-12-08T22:00Z"/><Direction v="Z03"/><Quantity v="0"/><MeasureUnit v="KW1"/></Period><Period><TimeInterval v="2016-12-08T22:00Z/2016-12-08T23:00Z"/><Direction v="Z03"/><Quantity v="0"/><MeasureUnit v="KW1"/></Period><Period><TimeInterval v="2016-12-08T23:00Z/2016-12-09T00:00Z"/><Direction v="Z03"/><Quantity v="0"/><MeasureUnit v="KW1"/></Period><Period><TimeInterval v="2016-12-09T00:00Z/2016-12-09T01:00Z"/><Direction v="Z03"/><Quantity v="0"/><MeasureUnit v="KW1"/></Period><Period><TimeInterval v="2016-12-09T01:00Z/2016-12-09T02:00Z"/><Direction v="Z03"/><Quantity v="0"/><MeasureUnit v="KW1"/></Period><Period><TimeInterval v="2016-12-09T02:00Z/2016-12-09T03:00Z"/><Direction v="Z03"/><Quantity v="0"/><MeasureUnit v="KW1"/></Period><Period><TimeInterval v="2016-12-09T03:00Z/2016-12-09T04:00Z"/><Direction v="Z03"/><Quantity v="0"/><MeasureUnit v="KW1"/></Period><Period><TimeInterval v="2016-12-09T04:00Z/2016-12-09T05:00Z"/><Direction v="Z03"/><Quantity v="0"/><MeasureUnit v="KW1"/></Period></Category></ConnectionPoint><ConnectionPoint><Identification v="21Z000000000343P" codingScheme="305"/><Type v="Z31"/><Category><CapacityCode v="Z12"/><Period><TimeInterval v="2016-12-08T05:00Z/2016-12-08T06:00Z"/><Direction v="Z03"/><Quantity v="8349993"/><MeasureUnit v="KW1"/></Period><Period><TimeInterval v="2016-12-08T06:00Z/2016-12-08T07:00Z"/><Direction v="Z03"/><Quantity v="8991675"/><MeasureUnit v="KW1"/></Period><Period><TimeInterval v="2016-12-08T07:00Z/2016-12-08T08:00Z"/><Direction v="Z03"/><Quantity v="9074775"/><MeasureUnit v="KW1"/></Period><Period><TimeInterval v="2016-12-08T08:00Z/2016-12-08T09:00Z"/><Direction v="Z03"/><Quantity v="9099895"/><MeasureUnit v="KW1"/></Period><Period><TimeInterval v="2016-12-08T09:00Z/2016-12-08T10:00Z"/><Direction v="Z03"/><Quantity v="9062732"/><MeasureUnit v="KW1"/></Period><Period><TimeInterval v="2016-12-08T10:00Z/2016-12-08T11:00Z"/><Direction v="Z03"/><Quantity v="8891188"/><MeasureUnit v="KW1"/></Period><Period><TimeInterval v="2016-12-08T11:00Z/2016-12-08T12:00Z"/><Direction v="Z03"/><Quantity v="8081919"/><MeasureUnit v="KW1"/></Period><Period><TimeInterval v="2016-12-08T12:00Z/2016-12-08T13:00Z"/><Direction v="Z03"/><Quantity v="7894658"/><MeasureUnit v="KW1"/></Period><Period><TimeInterval v="2016-12-08T13:00Z/2016-12-08T14:00Z"/><Direction v="Z03"/><Quantity v="7872287"/><MeasureUnit v="KW1"/></Period><Period><TimeInterval v="2016-12-08T14:00Z/2016-12-08T15:00Z"/><Direction v="Z03"/><Quantity v="7789696"/><MeasureUnit v="KW1"/></Period><Period><TimeInterval v="2016-12-08T15:00Z/2016-12-08T16:00Z"/><Direction v="Z03"/><Quantity v="7840720"/><MeasureUnit v="KW1"/></Period><Period><TimeInterval v="2016-12-08T16:00Z/2016-12-08T17:00Z"/><Direction v="Z03"/><Quantity v="7702413"/><MeasureUnit v="KW1"/></Period><Period><TimeInterval v="2016-12-08T17:00Z/2016-12-08T18:00Z"/><Direction v="Z03"/><Quantity v="7631758"/><MeasureUnit v="KW1"/></Period><Period><TimeInterval v="2016-12-08T18:00Z/2016-12-08T19:00Z"/><Direction v="Z03"/><Quantity v="7680763"/><MeasureUnit v="KW1"/></Period><Period><TimeInterval v="2016-12-08T19:00Z/2016-12-08T20:00Z"/><Direction v="Z03"/><Quantity v="7764744"/><MeasureUnit v="KW1"/></Period><Period><TimeInterval v="2016-12-08T20:00Z/2016-12-08T21:00Z"/><Direction v="Z03"/><Quantity v="7620893"/><MeasureUnit v="KW1"/></Period><Period><TimeInterval v="2016-12-08T21:00Z/2016-12-08T22:00Z"/><Direction v="Z03"/><Quantity v="7203114"/><MeasureUnit v="KW1"/></Period><Period><TimeInterval v="2016-12-08T22:00Z/2016-12-08T23:00Z"/><Direction v="Z03"/><Quantity v="6717104"/><MeasureUnit v="KW1"/></Period><Period><TimeInterval v="2016-12-08T23:00Z/2016-12-09T00:00Z"/><Direction v="Z03"/><Quantity v="6481484"/><MeasureUnit v="KW1"/></Period><Period><TimeInterval v="2016-12-09T00:00Z/2016-12-09T01:00Z"/><Direction v="Z03"/><Quantity v="6340498"/><MeasureUnit v="KW1"/></Period><Period><TimeInterval v="2016-12-09T01:00Z/2016-12-09T02:00Z"/><Direction v="Z03"/><Quantity v="6209129"/><MeasureUnit v="KW1"/></Period><Period><TimeInterval v="2016-12-09T02:00Z/2016-12-09T03:00Z"/><Direction v="Z03"/><Quantity v="6170777"/><MeasureUnit v="KW1"/></Period><Period><TimeInterval v="2016-12-09T03:00Z/2016-12-09T04:00Z"/><Direction v="Z03"/><Quantity v="6446541"/><MeasureUnit v="KW1"/></Period><Period><TimeInterval v="2016-12-09T04:00Z/2016-12-09T05:00Z"/><Direction v="Z03"/><Quantity v="6660884"/><MeasureUnit v="KW1"/></Period></Category><Category><CapacityCode v="Z15"/><Period><TimeInterval v="2016-12-08T05:00Z/2016-12-08T06:00Z"/><Direction v="Z03"/><Quantity v="0"/><MeasureUnit v="KW1"/></Period><Period><TimeInterval v="2016-12-08T06:00Z/2016-12-08T07:00Z"/><Direction v="Z03"/><Quantity v="0"/><MeasureUnit v="KW1"/></Period><Period><TimeInterval v="2016-12-08T07:00Z/2016-12-08T08:00Z"/><Direction v="Z03"/><Quantity v="0"/><MeasureUnit v="KW1"/></Period><Period><TimeInterval v="2016-12-08T08:00Z/2016-12-08T09:00Z"/><Direction v="Z03"/><Quantity v="0"/><MeasureUnit v="KW1"/></Period><Period><TimeInterval v="2016-12-08T09:00Z/2016-12-08T10:00Z"/><Direction v="Z03"/><Quantity v="0"/><MeasureUnit v="KW1"/></Period><Period><TimeInterval v="2016-12-08T10:00Z/2016-12-08T11:00Z"/><Direction v="Z03"/><Quantity v="0"/><MeasureUnit v="KW1"/></Period><Period><TimeInterval v="2016-12-08T11:00Z/2016-12-08T12:00Z"/><Direction v="Z03"/><Quantity v="0"/><MeasureUnit v="KW1"/></Period><Period><TimeInterval v="2016-12-08T12:00Z/2016-12-08T13:00Z"/><Direction v="Z03"/><Quantity v="0"/><MeasureUnit v="KW1"/></Period><Period><TimeInterval v="2016-12-08T13:00Z/2016-12-08T14:00Z"/><Direction v="Z03"/><Quantity v="0"/><MeasureUnit v="KW1"/></Period><Period><TimeInterval v="2016-12-08T14:00Z/2016-12-08T15:00Z"/><Direction v="Z03"/><Quantity v="0"/><MeasureUnit v="KW1"/></Period><Period><TimeInterval v="2016-12-08T15:00Z/2016-12-08T16:00Z"/><Direction v="Z03"/><Quantity v="0"/><MeasureUnit v="KW1"/></Period><Period><TimeInterval v="2016-12-08T16:00Z/2016-12-08T17:00Z"/><Direction v="Z03"/><Quantity v="0"/><MeasureUnit v="KW1"/></Period><Period><TimeInterval v="2016-12-08T17:00Z/2016-12-08T18:00Z"/><Direction v="Z03"/><Quantity v="0"/><MeasureUnit v="KW1"/></Period><Period><TimeInterval v="2016-12-08T18:00Z/2016-12-08T19:00Z"/><Direction v="Z03"/><Quantity v="0"/><MeasureUnit v="KW1"/></Period><Period><TimeInterval v="2016-12-08T19:00Z/2016-12-08T20:00Z"/><Direction v="Z03"/><Quantity v="0"/><MeasureUnit v="KW1"/></Period><Period><TimeInterval v="2016-12-08T20:00Z/2016-12-08T21:00Z"/><Direction v="Z03"/><Quantity v="0"/><MeasureUnit v="KW1"/></Period><Period><TimeInterval v="2016-12-08T21:00Z/2016-12-08T22:00Z"/><Direction v="Z03"/><Quantity v="0"/><MeasureUnit v="KW1"/></Period><Period><TimeInterval v="2016-12-08T22:00Z/2016-12-08T23:00Z"/><Direction v="Z03"/><Quantity v="0"/><MeasureUnit v="KW1"/></Period><Period><TimeInterval v="2016-12-08T23:00Z/2016-12-09T00:00Z"/><Direction v="Z03"/><Quantity v="0"/><MeasureUnit v="KW1"/></Period><Period><TimeInterval v="2016-12-09T00:00Z/2016-12-09T01:00Z"/><Direction v="Z03"/><Quantity v="0"/><MeasureUnit v="KW1"/></Period><Period><TimeInterval v="2016-12-09T01:00Z/2016-12-09T02:00Z"/><Direction v="Z03"/><Quantity v="0"/><MeasureUnit v="KW1"/></Period><Period><TimeInterval v="2016-12-09T02:00Z/2016-12-09T03:00Z"/><Direction v="Z03"/><Quantity v="0"/><MeasureUnit v="KW1"/></Period><Period><TimeInterval v="2016-12-09T03:00Z/2016-12-09T04:00Z"/><Direction v="Z03"/><Quantity v="0"/><MeasureUnit v="KW1"/></Period><Period><TimeInterval v="2016-12-09T04:00Z/2016-12-09T05:00Z"/><Direction v="Z03"/><Quantity v="0"/><MeasureUnit v="KW1"/></Period></Category></ConnectionPoint></TransparencyPublication>