<?xml version="1.0" encoding="UTF-8"?><TransparencyPublication Version="EGAS50" Release="A"><Identification v="TRANPB20170102A103899"/><Version v="1"/><Type v="AL4"/><CreationDateTime v="2017-01-02T07:10:22.329Z"/><ValidityPeriod v="2016-12-15T05:00Z/2016-12-16T05:00Z"/><IssuerIdentification v="21X-DE-C-A0A0A-T" codingScheme="305"/><IssuerRole v="ZSO"/><RecipientIdentification v="10X1001A1001A353" codingScheme="305"/><RecipientRole v="ZUA"/><ConnectionPoint><Identification v="37Z000000006231B" codingScheme="305"/><Type v="Z26"/><Category><CapacityCode v="Z12"/><Period><TimeInterval v="2016-12-15T05:00Z/2016-12-15T06:00Z"/><Direction v="Z02"/><Quantity v="49400"/><MeasureUnit v="KW1"/></Period><Period><TimeInterval v="2016-12-15T06:00Z/2016-12-15T07:00Z"/><Direction v="Z02"/><Quantity v="49400"/><MeasureUnit v="KW1"/></Period><Period><TimeInterval v="2016-12-15T07:00Z/2016-12-15T08:00Z"/><Direction v="Z02"/><Quantity v="49400"/><MeasureUnit v="KW1"/></Period><Period><TimeInterval v="2016-12-15T08:00Z/2016-12-15T09:00Z"/><Direction v="Z02"/><Quantity v="49400"/><MeasureUnit v="KW1"/></Period><Period><TimeInterval v="2016-12-15T09:00Z/2016-12-15T10:00Z"/><Direction v="Z02"/><Quantity v="49400"/><MeasureUnit v="KW1"/></Period><Period><TimeInterval v="2016-12-15T10:00Z/2016-12-15T11:00Z"/><Direction v="Z02"/><Quantity v="49400"/><MeasureUnit v="KW1"/></Period><Period><TimeInterval v="2016-12-15T11:00Z/2016-12-15T12:00Z"/><Direction v="Z02"/><Quantity v="49400"/><MeasureUnit v="KW1"/></Period><Period><TimeInterval v="2016-12-15T12:00Z/2016-12-15T13:00Z"/><Direction v="Z02"/><Quantity v="49400"/><MeasureUnit v="KW1"/></Period><Period><TimeInterval v="2016-12-15T13:00Z/2016-12-15T14:00Z"/><Direction v="Z02"/><Quantity v="49400"/><MeasureUnit v="KW1"/></Period><Period><TimeInterval v="2016-12-15T14:00Z/2016-12-15T15:00Z"/><Direction v="Z02"/><Quantity v="49400"/><MeasureUnit v="KW1"/></Period><Period><TimeInterval v="2016-12-15T15:00Z/2016-12-15T16:00Z"/><Direction v="Z02"/><Quantity v="49400"/><MeasureUnit v="KW1"/></Period><Period><TimeInterval v="2016-12-15T16:00Z/2016-12-15T17:00Z"/><Direction v="Z02"/><Quantity v="49400"/><MeasureUnit v="KW1"/></Period><Period><TimeInterval v="2016-12-15T17:00Z/2016-12-15T18:00Z"/><Direction v="Z02"/><Quantity v="49400"/><MeasureUnit v="KW1"/></Period><Period><TimeInterval v="2016-12-15T18:00Z/2016-12-15T19:00Z"/><Direction v="Z02"/><Quantity v="49400"/><MeasureUnit v="KW1"/></Period><Period><TimeInterval v="2016-12-15T19:00Z/2016-12-15T20:00Z"/><Direction v="Z02"/><Quantity v="49400"/><MeasureUnit v="KW1"/></Period><Period><TimeInterval v="2016-12-15T20:00Z/2016-12-15T21:00Z"/><Direction v="Z02"/><Quantity v="49400"/><MeasureUnit v="KW1"/></Period><Period><TimeInterval v="2016-12-15T21:00Z/2016-12-15T22:00Z"/><Direction v="Z02"/><Quantity v="49400"/><MeasureUnit v="KW1"/></Period><Period><TimeInterval v="2016-12-15T22:00Z/2016-12-15T23:00Z"/><Direction v="Z02"/><Quantity v="49400"/><MeasureUnit v="KW1"/></Period><Period><TimeInterval v="2016-12-15T23:00Z/2016-12-16T00:00Z"/><Direction v="Z02"/><Quantity v="49400"/><MeasureUnit v="KW1"/></Period><Period><TimeInterval v="2016-12-16T00:00Z/2016-12-16T01:00Z"/><Direction v="Z02"/><Quantity v="49400"/><MeasureUnit v="KW1"/></Period><Period><TimeInterval v="2016-12-16T01:00Z/2016-12-16T02:00Z"/><Direction v="Z02"/><Quantity v="49400"/><MeasureUnit v="KW1"/></Period><Period><TimeInterval v="2016-12-16T02:00Z/2016-12-16T03:00Z"/><Direction v="Z02"/><Quantity v="49400"/><MeasureUnit v="KW1"/></Period><Period><TimeInterval v="2016-12-16T03:00Z/2016-12-16T04:00Z"/><Direction v="Z02"/><Quantity v="49400"/><MeasureUnit v="KW1"/></Period><Period><TimeInterval v="2016-12-16T04:00Z/2016-12-16T05:00Z"/><Direction v="Z02"/><Quantity v="149400"/><MeasureUnit v="KW1"/></Period></Category><Category><CapacityCode v="Z14"/><Period><TimeInterval v="2016-12-15T05:00Z/2016-12-15T06:00Z"/><Direction v="Z02"/><Quantity v="49400"/><MeasureUnit v="KW1"/></Period><Period><TimeInterval v="2016-12-15T06:00Z/2016-12-15T07:00Z"/><Direction v="Z02"/><Quantity v="49400"/><MeasureUnit v="KW1"/></Period><Period><TimeInterval v="2016-12-15T07:00Z/2016-12-15T08:00Z"/><Direction v="Z02"/><Quantity v="49400"/><MeasureUnit v="KW1"/></Period><Period><TimeInterval v="2016-12-15T08:00Z/2016-12-15T09:00Z"/><Direction v="Z02"/><Quantity v="49400"/><MeasureUnit v="KW1"/></Period><Period><TimeInterval v="2016-12-15T09:00Z/2016-12-15T10:00Z"/><Direction v="Z02"/><Quantity v="49400"/><MeasureUnit v="KW1"/></Period><Period><TimeInterval v="2016-12-15T10:00Z/2016-12-15T11:00Z"/><Direction v="Z02"/><Quantity v="49400"/><MeasureUnit v="KW1"/></Period><Period><TimeInterval v="2016-12-15T11:00Z/2016-12-15T12:00Z"/><Direction v="Z02"/><Quantity v="49400"/><MeasureUnit v="KW1"/></Period><Period><TimeInterval v="2016-12-15T12:00Z/2016-12-15T13:00Z"/><Direction v="Z02"/><Quantity v="49400"/><MeasureUnit v="KW1"/></Period><Period><TimeInterval v="2016-12-15T13:00Z/2016-12-15T14:00Z"/><Direction v="Z02"/><Quantity v="49400"/><MeasureUnit v="KW1"/></Period><Period><TimeInterval v="2016-12-15T14:00Z/2016-12-15T15:00Z"/><Direction v="Z02"/><Quantity v="49400"/><MeasureUnit v="KW1"/></Period><Period><TimeInterval v="2016-12-15T15:00Z/2016-12-15T16:00Z"/><Direction v="Z02"/><Quantity v="49400"/><MeasureUnit v="KW1"/></Period><Period><TimeInterval v="2016-12-15T16:00Z/2016-12-15T17:00Z"/><Direction v="Z02"/><Quantity v="49400"/><MeasureUnit v="KW1"/></Period><Period><TimeInterval v="2016-12-15T17:00Z/2016-12-15T18:00Z"/><Direction v="Z02"/><Quantity v="49400"/><MeasureUnit v="KW1"/></Period><Period><TimeInterval v="2016-12-15T18:00Z/2016-12-15T19:00Z"/><Direction v="Z02"/><Quantity v="49400"/><MeasureUnit v="KW1"/></Period><Period><TimeInterval v="2016-12-15T19:00Z/2016-12-15T20:00Z"/><Direction v="Z02"/><Quantity v="49400"/><MeasureUnit v="KW1"/></Period><Period><TimeInterval v="2016-12-15T20:00Z/2016-12-15T21:00Z"/><Direction v="Z02"/><Quantity v="49400"/><MeasureUnit v="KW1"/></Period><Period><TimeInterval v="2016-12-15T21:00Z/2016-12-15T22:00Z"/><Direction v="Z02"/><Quantity v="49400"/><MeasureUnit v="KW1"/></Period><Period><TimeInterval v="2016-12-15T22:00Z/2016-12-15T23:00Z"/><Direction v="Z02"/><Quantity v="49400"/><MeasureUnit v="KW1"/></Period><Period><TimeInterval v="2016-12-15T23:00Z/2016-12-16T00:00Z"/><Direction v="Z02"/><Quantity v="49400"/><MeasureUnit v="KW1"/></Period><Period><TimeInterval v="2016-12-16T00:00Z/2016-12-16T01:00Z"/><Direction v="Z02"/><Quantity v="49400"/><MeasureUnit v="KW1"/></Period><Period><TimeInterval v="2016-12-16T01:00Z/2016-12-16T02:00Z"/><Direction v="Z02"/><Quantity v="49400"/><MeasureUnit v="KW1"/></Period><Period><TimeInterval v="2016-12-16T02:00Z/2016-12-16T03:00Z"/><Direction v="Z02"/><Quantity v="49400"/><MeasureUnit v="KW1"/></Period><Period><TimeInterval v="2016-12-16T03:00Z/2016-12-16T04:00Z"/><Direction v="Z02"/><Quantity v="49400"/><MeasureUnit v="KW1"/></Period><Period><TimeInterval v="2016-12-16T04:00Z/2016-12-16T05:00Z"/><Direction v="Z02"/><Quantity v="49400"/><MeasureUnit v="KW1"/></Period></Category><Category><CapacityCode v="Z15"/><Period><TimeInterval v="2016-12-15T05:00Z/2016-12-15T06:00Z"/><Direction v="Z02"/><Quantity v="0"/><MeasureUnit v="KW1"/></Period><Period><TimeInterval v="2016-12-15T06:00Z/2016-12-15T07:00Z"/><Direction v="Z02"/><Quantity v="0"/><MeasureUnit v="KW1"/></Period><Period><TimeInterval v="2016-12-15T07:00Z/2016-12-15T08:00Z"/><Direction v="Z02"/><Quantity v="0"/><MeasureUnit v="KW1"/></Period><Period><TimeInterval v="2016-12-15T08:00Z/2016-12-15T09:00Z"/><Direction v="Z02"/><Quantity v="0"/><MeasureUnit v="KW1"/></Period><Period><TimeInterval v="2016-12-15T09:00Z/2016-12-15T10:00Z"/><Direction v="Z02"/><Quantity v="0"/><MeasureUnit v="KW1"/></Period><Period><TimeInterval v="2016-12-15T10:00Z/2016-12-15T11:00Z"/><Direction v="Z02"/><Quantity v="0"/><MeasureUnit v="KW1"/></Period><Period><TimeInterval v="2016-12-15T11:00Z/2016-12-15T12:00Z"/><Direction v="Z02"/><Quantity v="0"/><MeasureUnit v="KW1"/></Period><Period><TimeInterval v="2016-12-15T12:00Z/2016-12-15T13:00Z"/><Direction v="Z02"/><Quantity v="0"/><MeasureUnit v="KW1"/></Period><Period><TimeInterval v="2016-12-15T13:00Z/2016-12-15T14:00Z"/><Direction v="Z02"/><Quantity v="0"/><MeasureUnit v="KW1"/></Period><Period><TimeInterval v="2016-12-15T14:00Z/2016-12-15T15:00Z"/><Direction v="Z02"/><Quantity v="0"/><MeasureUnit v="KW1"/></Period><Period><TimeInterval v="2016-12-15T15:00Z/2016-12-15T16:00Z"/><Direction v="Z02"/><Quantity v="0"/><MeasureUnit v="KW1"/></Period><Period><TimeInterval v="2016-12-15T16:00Z/2016-12-15T17:00Z"/><Direction v="Z02"/><Quantity v="0"/><MeasureUnit v="KW1"/></Period><Period><TimeInterval v="2016-12-15T17:00Z/2016-12-15T18:00Z"/><Direction v="Z02"/><Quantity v="0"/><MeasureUnit v="KW1"/></Period><Period><TimeInterval v="2016-12-15T18:00Z/2016-12-15T19:00Z"/><Direction v="Z02"/><Quantity v="0"/><MeasureUnit v="KW1"/></Period><Period><TimeInterval v="2016-12-15T19:00Z/2016-12-15T20:00Z"/><Direction v="Z02"/><Quantity v="0"/><MeasureUnit v="KW1"/></Period><Period><TimeInterval v="2016-12-15T20:00Z/2016-12-15T21:00Z"/><Direction v="Z02"/><Quantity v="0"/><MeasureUnit v="KW1"/></Period><Period><TimeInterval v="2016-12-15T21:00Z/2016-12-15T22:00Z"/><Direction v="Z02"/><Quantity v="0"/><MeasureUnit v="KW1"/></Period><Period><TimeInterval v="2016-12-15T22:00Z/2016-12-15T23:00Z"/><Direction v="Z02"/><Quantity v="0"/><MeasureUnit v="KW1"/></Period><Period><TimeInterval v="2016-12-15T23:00Z/2016-12-16T00:00Z"/><Direction v="Z02"/><Quantity v="0"/><MeasureUnit v="KW1"/></Period><Period><TimeInterval v="2016-12-16T00:00Z/2016-12-16T01:00Z"/><Direction v="Z02"/><Quantity v="0"/><MeasureUnit v="KW1"/></Period><Period><TimeInterval v="2016-12-16T01:00Z/2016-12-16T02:00Z"/><Direction v="Z02"/><Quantity v="0"/><MeasureUnit v="KW1"/></Period><Period><TimeInterval v="2016-12-16T02:00Z/2016-12-16T03:00Z"/><Direction v="Z02"/><Quantity v="0"/><MeasureUnit v="KW1"/></Period><Period><TimeInterval v="2016-12-16T03:00Z/2016-12-16T04:00Z"/><Direction v="Z02"/><Quantity v="0"/><MeasureUnit v="KW1"/></Period><Period><TimeInterval v="2016-12-16T04:00Z/2016-12-16T05:00Z"/><Direction v="Z02"/><Quantity v="0"/><MeasureUnit v="KW1"/></Period></Category></ConnectionPoint><ConnectionPoint><Identification v="21Z000000000071W" codingScheme="305"/><Type v="Z25"/><Category><CapacityCode v="Z12"/><Period><TimeInterval v="2016-12-15T05:00Z/2016-12-15T06:00Z"/><Direction v="Z02"/><Quantity v="1413193"/><MeasureUnit v="KW1"/></Period><Period><TimeInterval v="2016-12-15T06:00Z/2016-12-15T07:00Z"/><Direction v="Z02"/><Quantity v="1413193"/><MeasureUnit v="KW1"/></Period><Period><TimeInterval v="2016-12-15T07:00Z/2016-12-15T08:00Z"/><Direction v="Z02"/><Quantity v="1413193"/><MeasureUnit v="KW1"/></Period><Period><TimeInterval v="2016-12-15T08:00Z/2016-12-15T09:00Z"/><Direction v="Z02"/><Quantity v="1413193"/><MeasureUnit v="KW1"/></Period><Period><TimeInterval v="2016-12-15T09:00Z/2016-12-15T10:00Z"/><Direction v="Z02"/><Quantity v="1413193"/><MeasureUnit v="KW1"/></Period><Period><TimeInterval v="2016-12-15T10:00Z/2016-12-15T11:00Z"/><Direction v="Z02"/><Quantity v="1413193"/><MeasureUnit v="KW1"/></Period><Period><TimeInterval v="2016-12-15T11:00Z/2016-12-15T12:00Z"/><Direction v="Z02"/><Quantity v="1413193"/><MeasureUnit v="KW1"/></Period><Period><TimeInterval v="2016-12-15T12:00Z/2016-12-15T13:00Z"/><Direction v="Z02"/><Quantity v="1413193"/><MeasureUnit v="KW1"/></Period><Period><TimeInterval v="2016-12-15T13:00Z/2016-12-15T14:00Z"/><Direction v="Z02"/><Quantity v="1413193"/><MeasureUnit v="KW1"/></Period><Period><TimeInterval v="2016-12-15T14:00Z/2016-12-15T15:00Z"/><Direction v="Z02"/><Quantity v="1413193"/><MeasureUnit v="KW1"/></Period><Period><TimeInterval v="2016-12-15T15:00Z/2016-12-15T16:00Z"/><Direction v="Z02"/><Quantity v="1413193"/><MeasureUnit v="KW1"/></Period><Period><TimeInterval v="2016-12-15T16:00Z/2016-12-15T17:00Z"/><Direction v="Z02"/><Quantity v="1413193"/><MeasureUnit v="KW1"/></Period><Period><TimeInterval v="2016-12-15T17:00Z/2016-12-15T18:00Z"/><Direction v="Z02"/><Quantity v="1413193"/><MeasureUnit v="KW1"/></Period><Period><TimeInterval v="2016-12-15T18:00Z/2016-12-15T19:00Z"/><Direction v="Z02"/><Quantity v="1413193"/><MeasureUnit v="KW1"/></Period><Period><TimeInterval v="2016-12-15T19:00Z/2016-12-15T20:00Z"/><Direction v="Z02"/><Quantity v="1413193"/><MeasureUnit v="KW1"/></Period><Period><TimeInterval v="2016-12-15T20:00Z/2016-12-15T21:00Z"/><Direction v="Z02"/><Quantity v="1413193"/><MeasureUnit v="KW1"/></Period><Period><TimeInterval v="2016-12-15T21:00Z/2016-12-15T22:00Z"/><Direction v="Z02"/><Quantity v="1413193"/><MeasureUnit v="KW1"/></Period><Period><TimeInterval v="2016-12-15T22:00Z/2016-12-15T23:00Z"/><Direction v="Z02"/><Quantity v="1413193"/><MeasureUnit v="KW1"/></Period><Period><TimeInterval v="2016-12-15T23:00Z/2016-12-16T00:00Z"/><Direction v="Z02"/><Quantity v="1413193"/><MeasureUnit v="KW1"/></Period><Period><TimeInterval v="2016-12-16T00:00Z/2016-12-16T01:00Z"/><Direction v="Z02"/><Quantity v="1413193"/><MeasureUnit v="KW1"/></Period><Period><TimeInterval v="2016-12-16T01:00Z/2016-12-16T02:00Z"/><Direction v="Z02"/><Quantity v="1413193"/><MeasureUnit v="KW1"/></Period><Period><TimeInterval v="2016-12-16T02:00Z/2016-12-16T03:00Z"/><Direction v="Z02"/><Quantity v="1413193"/><MeasureUnit v="KW1"/></Period><Period><TimeInterval v="2016-12-16T03:00Z/2016-12-16T04:00Z"/><Direction v="Z02"/><Quantity v="1413193"/><MeasureUnit v="KW1"/></Period><Period><TimeInterval v="2016-12-16T04:00Z/2016-12-16T05:00Z"/><Direction v="Z02"/><Quantity v="1413193"/><MeasureUnit v="KW1"/></Period></Category><Category><CapacityCode v="Z14"/><Period><TimeInterval v="2016-12-15T05:00Z/2016-12-15T06:00Z"/><Direction v="Z02"/><Quantity v="878193"/><MeasureUnit v="KW1"/></Period><Period><TimeInterval v="2016-12-15T06:00Z/2016-12-15T07:00Z"/><Direction v="Z02"/><Quantity v="878193"/><MeasureUnit v="KW1"/></Period><Period><TimeInterval v="2016-12-15T07:00Z/2016-12-15T08:00Z"/><Direction v="Z02"/><Quantity v="878193"/><MeasureUnit v="KW1"/></Period><Period><TimeInterval v="2016-12-15T08:00Z/2016-12-15T09:00Z"/><Direction v="Z02"/><Quantity v="878193"/><MeasureUnit v="KW1"/></Period><Period><TimeInterval v="2016-12-15T09:00Z/2016-12-15T10:00Z"/><Direction v="Z02"/><Quantity v="878193"/><MeasureUnit v="KW1"/></Period><Period><TimeInterval v="2016-12-15T10:00Z/2016-12-15T11:00Z"/><Direction v="Z02"/><Quantity v="878193"/><MeasureUnit v="KW1"/></Period><Period><TimeInterval v="2016-12-15T11:00Z/2016-12-15T12:00Z"/><Direction v="Z02"/><Quantity v="878193"/><MeasureUnit v="KW1"/></Period><Period><TimeInterval v="2016-12-15T12:00Z/2016-12-15T13:00Z"/><Direction v="Z02"/><Quantity v="878193"/><MeasureUnit v="KW1"/></Period><Period><TimeInterval v="2016-12-15T13:00Z/2016-12-15T14:00Z"/><Direction v="Z02"/><Quantity v="878193"/><MeasureUnit v="KW1"/></Period><Period><TimeInterval v="2016-12-15T14:00Z/2016-12-15T15:00Z"/><Direction v="Z02"/><Quantity v="878193"/><MeasureUnit v="KW1"/></Period><Period><TimeInterval v="2016-12-15T15:00Z/2016-12-15T16:00Z"/><Direction v="Z02"/><Quantity v="878193"/><MeasureUnit v="KW1"/></Period><Period><TimeInterval v="2016-12-15T16:00Z/2016-12-15T17:00Z"/><Direction v="Z02"/><Quantity v="878193"/><MeasureUnit v="KW1"/></Period><Period><TimeInterval v="2016-12-15T17:00Z/2016-12-15T18:00Z"/><Direction v="Z02"/><Quantity v="878193"/><MeasureUnit v="KW1"/></Period><Period><TimeInterval v="2016-12-15T18:00Z/2016-12-15T19:00Z"/><Direction v="Z02"/><Quantity v="878193"/><MeasureUnit v="KW1"/></Period><Period><TimeInterval v="2016-12-15T19:00Z/2016-12-15T20:00Z"/><Direction v="Z02"/><Quantity v="878193"/><MeasureUnit v="KW1"/></Period><Period><TimeInterval v="2016-12-15T20:00Z/2016-12-15T21:00Z"/><Direction v="Z02"/><Quantity v="878193"/><MeasureUnit v="KW1"/></Period><Period><TimeInterval v="2016-12-15T21:00Z/2016-12-15T22:00Z"/><Direction v="Z02"/><Quantity v="878193"/><MeasureUnit v="KW1"/></Period><Period><TimeInterval v="2016-12-15T22:00Z/2016-12-15T23:00Z"/><Direction v="Z02"/><Quantity v="878193"/><MeasureUnit v="KW1"/></Period><Period><TimeInterval v="2016-12-15T23:00Z/2016-12-16T00:00Z"/><Direction v="Z02"/><Quantity v="878193"/><MeasureUnit v="KW1"/></Period><Period><TimeInterval v="2016-12-16T00:00Z/2016-12-16T01:00Z"/><Direction v="Z02"/><Quantity v="878193"/><MeasureUnit v="KW1"/></Period><Period><TimeInterval v="2016-12-16T01:00Z/2016-12-16T02:00Z"/><Direction v="Z02"/><Quantity v="878193"/><MeasureUnit v="KW1"/></Period><Period><TimeInterval v="2016-12-16T02:00Z/2016-12-16T03:00Z"/><Direction v="Z02"/><Quantity v="878193"/><MeasureUnit v="KW1"/></Period><Period><TimeInterval v="2016-12-16T03:00Z/2016-12-16T04:00Z"/><Direction v="Z02"/><Quantity v="878193"/><MeasureUnit v="KW1"/></Period><Period><TimeInterval v="2016-12-16T04:00Z/2016-12-16T05:00Z"/><Direction v="Z02"/><Quantity v="878193"/><MeasureUnit v="KW1"/></Period></Category><Category><CapacityCode v="Z15"/><Period><TimeInterval v="2016-12-15T05:00Z/2016-12-15T06:00Z"/><Direction v="Z02"/><Quantity v="0"/><MeasureUnit v="KW1"/></Period><Period><TimeInterval v="2016-12-15T06:00Z/2016-12-15T07:00Z"/><Direction v="Z02"/><Quantity v="0"/><MeasureUnit v="KW1"/></Period><Period><TimeInterval v="2016-12-15T07:00Z/2016-12-15T08:00Z"/><Direction v="Z02"/><Quantity v="0"/><MeasureUnit v="KW1"/></Period><Period><TimeInterval v="2016-12-15T08:00Z/2016-12-15T09:00Z"/><Direction v="Z02"/><Quantity v="0"/><MeasureUnit v="KW1"/></Period><Period><TimeInterval v="2016-12-15T09:00Z/2016-12-15T10:00Z"/><Direction v="Z02"/><Quantity v="0"/><MeasureUnit v="KW1"/></Period><Period><TimeInterval v="2016-12-15T10:00Z/2016-12-15T11:00Z"/><Direction v="Z02"/><Quantity v="0"/><MeasureUnit v="KW1"/></Period><Period><TimeInterval v="2016-12-15T11:00Z/2016-12-15T12:00Z"/><Direction v="Z02"/><Quantity v="0"/><MeasureUnit v="KW1"/></Period><Period><TimeInterval v="2016-12-15T12:00Z/2016-12-15T13:00Z"/><Direction v="Z02"/><Quantity v="0"/><MeasureUnit v="KW1"/></Period><Period><TimeInterval v="2016-12-15T13:00Z/2016-12-15T14:00Z"/><Direction v="Z02"/><Quantity v="0"/><MeasureUnit v="KW1"/></Period><Period><TimeInterval v="2016-12-15T14:00Z/2016-12-15T15:00Z"/><Direction v="Z02"/><Quantity v="0"/><MeasureUnit v="KW1"/></Period><Period><TimeInterval v="2016-12-15T15:00Z/2016-12-15T16:00Z"/><Direction v="Z02"/><Quantity v="0"/><MeasureUnit v="KW1"/></Period><Period><TimeInterval v="2016-12-15T16:00Z/2016-12-15T17:00Z"/><Direction v="Z02"/><Quantity v="0"/><MeasureUnit v="KW1"/></Period><Period><TimeInterval v="2016-12-15T17:00Z/2016-12-15T18:00Z"/><Direction v="Z02"/><Quantity v="0"/><MeasureUnit v="KW1"/></Period><Period><TimeInterval v="2016-12-15T18:00Z/2016-12-15T19:00Z"/><Direction v="Z02"/><Quantity v="0"/><MeasureUnit v="KW1"/></Period><Period><TimeInterval v="2016-12-15T19:00Z/2016-12-15T20:00Z"/><Direction v="Z02"/><Quantity v="0"/><MeasureUnit v="KW1"/></Period><Period><TimeInterval v="2016-12-15T20:00Z/2016-12-15T21:00Z"/><Direction v="Z02"/><Quantity v="0"/><MeasureUnit v="KW1"/></Period><Period><TimeInterval v="2016-12-15T21:00Z/2016-12-15T22:00Z"/><Direction v="Z02"/><Quantity v="0"/><MeasureUnit v="KW1"/></Period><Period><TimeInterval v="2016-12-15T22:00Z/2016-12-15T23:00Z"/><Direction v="Z02"/><Quantity v="0"/><MeasureUnit v="KW1"/></Period><Period><TimeInterval v="2016-12-15T23:00Z/2016-12-16T00:00Z"/><Direction v="Z02"/><Quantity v="0"/><MeasureUnit v="KW1"/></Period><Period><TimeInterval v="2016-12-16T00:00Z/2016-12-16T01:00Z"/><Direction v="Z02"/><Quantity v="0"/><MeasureUnit v="KW1"/></Period><Period><TimeInterval v="2016-12-16T01:00Z/2016-12-16T02:00Z"/><Direction v="Z02"/><Quantity v="0"/><MeasureUnit v="KW1"/></Period><Period><TimeInterval v="2016-12-16T02:00Z/2016-12-16T03:00Z"/><Direction v="Z02"/><Quantity v="0"/><MeasureUnit v="KW1"/></Period><Period><TimeInterval v="2016-12-16T03:00Z/2016-12-16T04:00Z"/><Direction v="Z02"/><Quantity v="0"/><MeasureUnit v="KW1"/></Period><Period><TimeInterval v="2016-12-16T04:00Z/2016-12-16T05:00Z"/><Direction v="Z02"/><Quantity v="0"/><MeasureUnit v="KW1"/></Period></Category></ConnectionPoint><ConnectionPoint><Identification v="21Z0000000000163" codingScheme="305"/><Type v="Z25"/><Category><CapacityCode v="Z12"/><Period><TimeInterval v="2016-12-15T05:00Z/2016-12-15T06:00Z"/><Direction v="Z02"/><Quantity v="245000"/><MeasureUnit v="KW1"/></Period><Period><TimeInterval v="2016-12-15T06:00Z/2016-12-15T07:00Z"/><Direction v="Z02"/><Quantity v="245000"/><MeasureUnit v="KW1"/></Period><Period><TimeInterval v="2016-12-15T07:00Z/2016-12-15T08:00Z"/><Direction v="Z02"/><Quantity v="245000"/><MeasureUnit v="KW1"/></Period><Period><TimeInterval v="2016-12-15T08:00Z/2016-12-15T09:00Z"/><Direction v="Z02"/><Quantity v="245000"/><MeasureUnit v="KW1"/></Period><Period><TimeInterval v="2016-12-15T09:00Z/2016-12-15T10:00Z"/><Direction v="Z02"/><Quantity v="245000"/><MeasureUnit v="KW1"/></Period><Period><TimeInterval v="2016-12-15T10:00Z/2016-12-15T11:00Z"/><Direction v="Z02"/><Quantity v="245000"/><MeasureUnit v="KW1"/></Period><Period><TimeInterval v="2016-12-15T11:00Z/2016-12-15T12:00Z"/><Direction v="Z02"/><Quantity v="245000"/><MeasureUnit v="KW1"/></Period><Period><TimeInterval v="2016-12-15T12:00Z/2016-12-15T13:00Z"/><Direction v="Z02"/><Quantity v="245000"/><MeasureUnit v="KW1"/></Period><Period><TimeInterval v="2016-12-15T13:00Z/2016-12-15T14:00Z"/><Direction v="Z02"/><Quantity v="245000"/><MeasureUnit v="KW1"/></Period><Period><TimeInterval v="2016-12-15T14:00Z/2016-12-15T15:00Z"/><Direction v="Z02"/><Quantity v="245000"/><MeasureUnit v="KW1"/></Period><Period><TimeInterval v="2016-12-15T15:00Z/2016-12-15T16:00Z"/><Direction v="Z02"/><Quantity v="245000"/><MeasureUnit v="KW1"/></Period><Period><TimeInterval v="2016-12-15T16:00Z/2016-12-15T17:00Z"/><Direction v="Z02"/><Quantity v="245000"/><MeasureUnit v="KW1"/></Period><Period><TimeInterval v="2016-12-15T17:00Z/2016-12-15T18:00Z"/><Direction v="Z02"/><Quantity v="245000"/><MeasureUnit v="KW1"/></Period><Period><TimeInterval v="2016-12-15T18:00Z/2016-12-15T19:00Z"/><Direction v="Z02"/><Quantity v="245000"/><MeasureUnit v="KW1"/></Period><Period><TimeInterval v="2016-12-15T19:00Z/2016-12-15T20:00Z"/><Direction v="Z02"/><Quantity v="245000"/><MeasureUnit v="KW1"/></Period><Period><TimeInterval v="2016-12-15T20:00Z/2016-12-15T21:00Z"/><Direction v="Z02"/><Quantity v="245000"/><MeasureUnit v="KW1"/></Period><Period><TimeInterval v="2016-12-15T21:00Z/2016-12-15T22:00Z"/><Direction v="Z02"/><Quantity v="245000"/><MeasureUnit v="KW1"/></Period><Period><TimeInterval v="2016-12-15T22:00Z/2016-12-15T23:00Z"/><Direction v="Z02"/><Quantity v="245000"/><MeasureUnit v="KW1"/></Period><Period><TimeInterval v="2016-12-15T23:00Z/2016-12-16T00:00Z"/><Direction v="Z02"/><Quantity v="245000"/><MeasureUnit v="KW1"/></Period><Period><TimeInterval v="2016-12-16T00:00Z/2016-12-16T01:00Z"/><Direction v="Z02"/><Quantity v="245000"/><MeasureUnit v="KW1"/></Period><Period><TimeInterval v="2016-12-16T01:00Z/2016-12-16T02:00Z"/><Direction v="Z02"/><Quantity v="245000"/><MeasureUnit v="KW1"/></Period><Period><TimeInterval v="2016-12-16T02:00Z/2016-12-16T03:00Z"/><Direction v="Z02"/><Quantity v="245000"/><MeasureUnit v="KW1"/></Period><Period><TimeInterval v="2016-12-16T03:00Z/2016-12-16T04:00Z"/><Direction v="Z02"/><Quantity v="245000"/><MeasureUnit v="KW1"/></Period><Period><TimeInterval v="2016-12-16T04:00Z/2016-12-16T05:00Z"/><Direction v="Z02"/><Quantity v="245000"/><MeasureUnit v="KW1"/></Period><Period><TimeInterval v="2016-12-15T05:00Z/2016-12-15T06:00Z"/><Direction v="Z03"/><Quantity v="3330000"/><MeasureUnit v="KW1"/></Period><Period><TimeInterval v="2016-12-15T06:00Z/2016-12-15T07:00Z"/><Direction v="Z03"/><Quantity v="3330000"/><MeasureUnit v="KW1"/></Period><Period><TimeInterval v="2016-12-15T07:00Z/2016-12-15T08:00Z"/><Direction v="Z03"/><Quantity v="3330000"/><MeasureUnit v="KW1"/></Period><Period><TimeInterval v="2016-12-15T08:00Z/2016-12-15T09:00Z"/><Direction v="Z03"/><Quantity v="3330000"/><MeasureUnit v="KW1"/></Period><Period><TimeInterval v="2016-12-15T09:00Z/2016-12-15T10:00Z"/><Direction v="Z03"/><Quantity v="3330000"/><MeasureUnit v="KW1"/></Period><Period><TimeInterval v="2016-12-15T10:00Z/2016-12-15T11:00Z"/><Direction v="Z03"/><Quantity v="3330000"/><MeasureUnit v="KW1"/></Period><Period><TimeInterval v="2016-12-15T11:00Z/2016-12-15T12:00Z"/><Direction v="Z03"/><Quantity v="3330000"/><MeasureUnit v="KW1"/></Period><Period><TimeInterval v="2016-12-15T12:00Z/2016-12-15T13:00Z"/><Direction v="Z03"/><Quantity v="3330000"/><MeasureUnit v="KW1"/></Period><Period><TimeInterval v="2016-12-15T13:00Z/2016-12-15T14:00Z"/><Direction v="Z03"/><Quantity v="3330000"/><MeasureUnit v="KW1"/></Period><Period><TimeInterval v="2016-12-15T14:00Z/2016-12-15T15:00Z"/><Direction v="Z03"/><Quantity v="3330000"/><MeasureUnit v="KW1"/></Period><Period><TimeInterval v="2016-12-15T15:00Z/2016-12-15T16:00Z"/><Direction v="Z03"/><Quantity v="3330000"/><MeasureUnit v="KW1"/></Period><Period><TimeInterval v="2016-12-15T16:00Z/2016-12-15T17:00Z"/><Direction v="Z03"/><Quantity v="3330000"/><MeasureUnit v="KW1"/></Period><Period><TimeInterval v="2016-12-15T17:00Z/2016-12-15T18:00Z"/><Direction v="Z03"/><Quantity v="3330000"/><MeasureUnit v="KW1"/></Period><Period><TimeInterval v="2016-12-15T18:00Z/2016-12-15T19:00Z"/><Direction v="Z03"/><Quantity v="3330000"/><MeasureUnit v="KW1"/></Period><Period><TimeInterval v="2016-12-15T19:00Z/2016-12-15T20:00Z"/><Direction v="Z03"/><Quantity v="3330000"/><MeasureUnit v="KW1"/></Period><Period><TimeInterval v="2016-12-15T20:00Z/2016-12-15T21:00Z"/><Direction v="Z03"/><Quantity v="3330000"/><MeasureUnit v="KW1"/></Period><Period><TimeInterval v="2016-12-15T21:00Z/2016-12-15T22:00Z"/><Direction v="Z03"/><Quantity v="3330000"/><MeasureUnit v="KW1"/></Period><Period><TimeInterval v="2016-12-15T22:00Z/2016-12-15T23:00Z"/><Direction v="Z03"/><Quantity v="3330000"/><MeasureUnit v="KW1"/></Period><Period><TimeInterval v="2016-12-15T23:00Z/2016-12-16T00:00Z"/><Direction v="Z03"/><Quantity v="3330000"/><MeasureUnit v="KW1"/></Period><Period><TimeInterval v="2016-12-16T00:00Z/2016-12-16T01:00Z"/><Direction v="Z03"/><Quantity v="3330000"/><MeasureUnit v="KW1"/></Period><Period><TimeInterval v="2016-12-16T01:00Z/2016-12-16T02:00Z"/><Direction v="Z03"/><Quantity v="3330000"/><MeasureUnit v="KW1"/></Period><Period><TimeInterval v="2016-12-16T02:00Z/2016-12-16T03:00Z"/><Direction v="Z03"/><Quantity v="3330000"/><MeasureUnit v="KW1"/></Period><Period><TimeInterval v="2016-12-16T03:00Z/2016-12-16T04:00Z"/><Direction v="Z03"/><Quantity v="3330000"/><MeasureUnit v="KW1"/></Period><Period><TimeInterval v="2016-12-16T04:00Z/2016-12-16T05:00Z"/><Direction v="Z03"/><Quantity v="3330000"/><MeasureUnit v="KW1"/></Period></Category><Category><CapacityCode v="Z14"/><Period><TimeInterval v="2016-12-15T05:00Z/2016-12-15T06:00Z"/><Direction v="Z02"/><Quantity v="0"/><MeasureUnit v="KW1"/></Period><Period><TimeInterval v="2016-12-15T06:00Z/2016-12-15T07:00Z"/><Direction v="Z02"/><Quantity v="0"/><MeasureUnit v="KW1"/></Period><Period><TimeInterval v="2016-12-15T07:00Z/2016-12-15T08:00Z"/><Direction v="Z02"/><Quantity v="0"/><MeasureUnit v="KW1"/></Period><Period><TimeInterval v="2016-12-15T08:00Z/2016-12-15T09:00Z"/><Direction v="Z02"/><Quantity v="0"/><MeasureUnit v="KW1"/></Period><Period><TimeInterval v="2016-12-15T09:00Z/2016-12-15T10:00Z"/><Direction v="Z02"/><Quantity v="0"/><MeasureUnit v="KW1"/></Period><Period><TimeInterval v="2016-12-15T10:00Z/2016-12-15T11:00Z"/><Direction v="Z02"/><Quantity v="0"/><MeasureUnit v="KW1"/></Period><Period><TimeInterval v="2016-12-15T11:00Z/2016-12-15T12:00Z"/><Direction v="Z02"/><Quantity v="0"/><MeasureUnit v="KW1"/></Period><Period><TimeInterval v="2016-12-15T12:00Z/2016-12-15T13:00Z"/><Direction v="Z02"/><Quantity v="0"/><MeasureUnit v="KW1"/></Period><Period><TimeInterval v="2016-12-15T13:00Z/2016-12-15T14:00Z"/><Direction v="Z02"/><Quantity v="0"/><MeasureUnit v="KW1"/></Period><Period><TimeInterval v="2016-12-15T14:00Z/2016-12-15T15:00Z"/><Direction v="Z02"/><Quantity v="0"/><MeasureUnit v="KW1"/></Period><Period><TimeInterval v="2016-12-15T15:00Z/2016-12-15T16:00Z"/><Direction v="Z02"/><Quantity v="0"/><MeasureUnit v="KW1"/></Period><Period><TimeInterval v="2016-12-15T16:00Z/2016-12-15T17:00Z"/><Direction v="Z02"/><Quantity v="0"/><MeasureUnit v="KW1"/></Period><Period><TimeInterval v="2016-12-15T17:00Z/2016-12-15T18:00Z"/><Direction v="Z02"/><Quantity v="0"/><MeasureUnit v="KW1"/></Period><Period><TimeInterval v="2016-12-15T18:00Z/2016-12-15T19:00Z"/><Direction v="Z02"/><Quantity v="0"/><MeasureUnit v="KW1"/></Period><Period><TimeInterval v="2016-12-15T19:00Z/2016-12-15T20:00Z"/><Direction v="Z02"/><Quantity v="0"/><MeasureUnit v="KW1"/></Period><Period><TimeInterval v="2016-12-15T20:00Z/2016-12-15T21:00Z"/><Direction v="Z02"/><Quantity v="0"/><MeasureUnit v="KW1"/></Period><Period><TimeInterval v="2016-12-15T21:00Z/2016-12-15T22:00Z"/><Direction v="Z02"/><Quantity v="0"/><MeasureUnit v="KW1"/></Period><Period><TimeInterval v="2016-12-15T22:00Z/2016-12-15T23:00Z"/><Direction v="Z02"/><Quantity v="0"/><MeasureUnit v="KW1"/></Period><Period><TimeInterval v="2016-12-15T23:00Z/2016-12-16T00:00Z"/><Direction v="Z02"/><Quantity v="0"/><MeasureUnit v="KW1"/></Period><Period><TimeInterval v="2016-12-16T00:00Z/2016-12-16T01:00Z"/><Direction v="Z02"/><Quantity v="0"/><MeasureUnit v="KW1"/></Period><Period><TimeInterval v="2016-12-16T01:00Z/2016-12-16T02:00Z"/><Direction v="Z02"/><Quantity v="0"/><MeasureUnit v="KW1"/></Period><Period><TimeInterval v="2016-12-16T02:00Z/2016-12-16T03:00Z"/><Direction v="Z02"/><Quantity v="0"/><MeasureUnit v="KW1"/></Period><Period><TimeInterval v="2016-12-16T03:00Z/2016-12-16T04:00Z"/><Direction v="Z02"/><Quantity v="0"/><MeasureUnit v="KW1"/></Period><Period><TimeInterval v="2016-12-16T04:00Z/2016-12-16T05:00Z"/><Direction v="Z02"/><Quantity v="0"/><MeasureUnit v="KW1"/></Period><Period><TimeInterval v="2016-12-15T05:00Z/2016-12-15T06:00Z"/><Direction v="Z03"/><Quantity v="3330000"/><MeasureUnit v="KW1"/></Period><Period><TimeInterval v="2016-12-15T06:00Z/2016-12-15T07:00Z"/><Direction v="Z03"/><Quantity v="3330000"/><MeasureUnit v="KW1"/></Period><Period><TimeInterval v="2016-12-15T07:00Z/2016-12-15T08:00Z"/><Direction v="Z03"/><Quantity v="3330000"/><MeasureUnit v="KW1"/></Period><Period><TimeInterval v="2016-12-15T08:00Z/2016-12-15T09:00Z"/><Direction v="Z03"/><Quantity v="3330000"/><MeasureUnit v="KW1"/></Period><Period><TimeInterval v="2016-12-15T09:00Z/2016-12-15T10:00Z"/><Direction v="Z03"/><Quantity v="3330000"/><MeasureUnit v="KW1"/></Period><Period><TimeInterval v="2016-12-15T10:00Z/2016-12-15T11:00Z"/><Direction v="Z03"/><Quantity v="3330000"/><MeasureUnit v="KW1"/></Period><Period><TimeInterval v="2016-12-15T11:00Z/2016-12-15T12:00Z"/><Direction v="Z03"/><Quantity v="3330000"/><MeasureUnit v="KW1"/></Period><Period><TimeInterval v="2016-12-15T12:00Z/2016-12-15T13:00Z"/><Direction v="Z03"/><Quantity v="3330000"/><MeasureUnit v="KW1"/></Period><Period><TimeInterval v="2016-12-15T13:00Z/2016-12-15T14:00Z"/><Direction v="Z03"/><Quantity v="3330000"/><MeasureUnit v="KW1"/></Period><Period><TimeInterval v="2016-12-15T14:00Z/2016-12-15T15:00Z"/><Direction v="Z03"/><Quantity v="3330000"/><MeasureUnit v="KW1"/></Period><Period><TimeInterval v="2016-12-15T15:00Z/2016-12-15T16:00Z"/><Direction v="Z03"/><Quantity v="3330000"/><MeasureUnit v="KW1"/></Period><Period><TimeInterval v="2016-12-15T16:00Z/2016-12-15T17:00Z"/><Direction v="Z03"/><Quantity v="3330000"/><MeasureUnit v="KW1"/></Period><Period><TimeInterval v="2016-12-15T17:00Z/2016-12-15T18:00Z"/><Direction v="Z03"/><Quantity v="3330000"/><MeasureUnit v="KW1"/></Period><Period><TimeInterval v="2016-12-15T18:00Z/2016-12-15T19:00Z"/><Direction v="Z03"/><Quantity v="3330000"/><MeasureUnit v="KW1"/></Period><Period><TimeInterval v="2016-12-15T19:00Z/2016-12-15T20:00Z"/><Direction v="Z03"/><Quantity v="3330000"/><MeasureUnit v="KW1"/></Period><Period><TimeInterval v="2016-12-15T20:00Z/2016-12-15T21:00Z"/><Direction v="Z03"/><Quantity v="3330000"/><MeasureUnit v="KW1"/></Period><Period><TimeInterval v="2016-12-15T21:00Z/2016-12-15T22:00Z"/><Direction v="Z03"/><Quantity v="3330000"/><MeasureUnit v="KW1"/></Period><Period><TimeInterval v="2016-12-15T22:00Z/2016-12-15T23:00Z"/><Direction v="Z03"/><Quantity v="3330000"/><MeasureUnit v="KW1"/></Period><Period><TimeInterval v="2016-12-15T23:00Z/2016-12-16T00:00Z"/><Direction v="Z03"/><Quantity v="3330000"/><MeasureUnit v="KW1"/></Period><Period><TimeInterval v="2016-12-16T00:00Z/2016-12-16T01:00Z"/><Direction v="Z03"/><Quantity v="3330000"/><MeasureUnit v="KW1"/></Period><Period><TimeInterval v="2016-12-16T01:00Z/2016-12-16T02:00Z"/><Direction v="Z03"/><Quantity v="3330000"/><MeasureUnit v="KW1"/></Period><Period><TimeInterval v="2016-12-16T02:00Z/2016-12-16T03:00Z"/><Direction v="Z03"/><Quantity v="3330000"/><MeasureUnit v="KW1"/></Period><Period><TimeInterval v="2016-12-16T03:00Z/2016-12-16T04:00Z"/><Direction v="Z03"/><Quantity v="3330000"/><MeasureUnit v="KW1"/></Period><Period><TimeInterval v="2016-12-16T04:00Z/2016-12-16T05:00Z"/><Direction v="Z03"/><Quantity v="3330000"/><MeasureUnit v="KW1"/></Period></Category><Category><CapacityCode v="Z15"/><Period><TimeInterval v="2016-12-15T05:00Z/2016-12-15T06:00Z"/><Direction v="Z02"/><Quantity v="0"/><MeasureUnit v="KW1"/></Period><Period><TimeInterval v="2016-12-15T06:00Z/2016-12-15T07:00Z"/><Direction v="Z02"/><Quantity v="0"/><MeasureUnit v="KW1"/></Period><Period><TimeInterval v="2016-12-15T07:00Z/2016-12-15T08:00Z"/><Direction v="Z02"/><Quantity v="0"/><MeasureUnit v="KW1"/></Period><Period><TimeInterval v="2016-12-15T08:00Z/2016-12-15T09:00Z"/><Direction v="Z02"/><Quantity v="0"/><MeasureUnit v="KW1"/></Period><Period><TimeInterval v="2016-12-15T09:00Z/2016-12-15T10:00Z"/><Direction v="Z02"/><Quantity v="0"/><MeasureUnit v="KW1"/></Period><Period><TimeInterval v="2016-12-15T10:00Z/2016-12-15T11:00Z"/><Direction v="Z02"/><Quantity v="0"/><MeasureUnit v="KW1"/></Period><Period><TimeInterval v="2016-12-15T11:00Z/2016-12-15T12:00Z"/><Direction v="Z02"/><Quantity v="0"/><MeasureUnit v="KW1"/></Period><Period><TimeInterval v="2016-12-15T12:00Z/2016-12-15T13:00Z"/><Direction v="Z02"/><Quantity v="0"/><MeasureUnit v="KW1"/></Period><Period><TimeInterval v="2016-12-15T13:00Z/2016-12-15T14:00Z"/><Direction v="Z02"/><Quantity v="0"/><MeasureUnit v="KW1"/></Period><Period><TimeInterval v="2016-12-15T14:00Z/2016-12-15T15:00Z"/><Direction v="Z02"/><Quantity v="0"/><MeasureUnit v="KW1"/></Period><Period><TimeInterval v="2016-12-15T15:00Z/2016-12-15T16:00Z"/><Direction v="Z02"/><Quantity v="0"/><MeasureUnit v="KW1"/></Period><Period><TimeInterval v="2016-12-15T16:00Z/2016-12-15T17:00Z"/><Direction v="Z02"/><Quantity v="0"/><MeasureUnit v="KW1"/></Period><Period><TimeInterval v="2016-12-15T17:00Z/2016-12-15T18:00Z"/><Direction v="Z02"/><Quantity v="0"/><MeasureUnit v="KW1"/></Period><Period><TimeInterval v="2016-12-15T18:00Z/2016-12-15T19:00Z"/><Direction v="Z02"/><Quantity v="0"/><MeasureUnit v="KW1"/></Period><Period><TimeInterval v="2016-12-15T19:00Z/2016-12-15T20:00Z"/><Direction v="Z02"/><Quantity v="0"/><MeasureUnit v="KW1"/></Period><Period><TimeInterval v="2016-12-15T20:00Z/2016-12-15T21:00Z"/><Direction v="Z02"/><Quantity v="0"/><MeasureUnit v="KW1"/></Period><Period><TimeInterval v="2016-12-15T21:00Z/2016-12-15T22:00Z"/><Direction v="Z02"/><Quantity v="0"/><MeasureUnit v="KW1"/></Period><Period><TimeInterval v="2016-12-15T22:00Z/2016-12-15T23:00Z"/><Direction v="Z02"/><Quantity v="0"/><MeasureUnit v="KW1"/></Period><Period><TimeInterval v="2016-12-15T23:00Z/2016-12-16T00:00Z"/><Direction v="Z02"/><Quantity v="0"/><MeasureUnit v="KW1"/></Period><Period><TimeInterval v="2016-12-16T00:00Z/2016-12-16T01:00Z"/><Direction v="Z02"/><Quantity v="0"/><MeasureUnit v="KW1"/></Period><Period><TimeInterval v="2016-12-16T01:00Z/2016-12-16T02:00Z"/><Direction v="Z02"/><Quantity v="0"/><MeasureUnit v="KW1"/></Period><Period><TimeInterval v="2016-12-16T02:00Z/2016-12-16T03:00Z"/><Direction v="Z02"/><Quantity v="0"/><MeasureUnit v="KW1"/></Period><Period><TimeInterval v="2016-12-16T03:00Z/2016-12-16T04:00Z"/><Direction v="Z02"/><Quantity v="0"/><MeasureUnit v="KW1"/></Period><Period><TimeInterval v="2016-12-16T04:00Z/2016-12-16T05:00Z"/><Direction v="Z02"/><Quantity v="0"/><MeasureUnit v="KW1"/></Period><Period><TimeInterval v="2016-12-15T05:00Z/2016-12-15T06:00Z"/><Direction v="Z03"/><Quantity v="0"/><MeasureUnit v="KW1"/></Period><Period><TimeInterval v="2016-12-15T06:00Z/2016-12-15T07:00Z"/><Direction v="Z03"/><Quantity v="0"/><MeasureUnit v="KW1"/></Period><Period><TimeInterval v="2016-12-15T07:00Z/2016-12-15T08:00Z"/><Direction v="Z03"/><Quantity v="0"/><MeasureUnit v="KW1"/></Period><Period><TimeInterval v="2016-12-15T08:00Z/2016-12-15T09:00Z"/><Direction v="Z03"/><Quantity v="0"/><MeasureUnit v="KW1"/></Period><Period><TimeInterval v="2016-12-15T09:00Z/2016-12-15T10:00Z"/><Direction v="Z03"/><Quantity v="0"/><MeasureUnit v="KW1"/></Period><Period><TimeInterval v="2016-12-15T10:00Z/2016-12-15T11:00Z"/><Direction v="Z03"/><Quantity v="0"/><MeasureUnit v="KW1"/></Period><Period><TimeInterval v="2016-12-15T11:00Z/2016-12-15T12:00Z"/><Direction v="Z03"/><Quantity v="0"/><MeasureUnit v="KW1"/></Period><Period><TimeInterval v="2016-12-15T12:00Z/2016-12-15T13:00Z"/><Direction v="Z03"/><Quantity v="0"/><MeasureUnit v="KW1"/></Period><Period><TimeInterval v="2016-12-15T13:00Z/2016-12-15T14:00Z"/><Direction v="Z03"/><Quantity v="0"/><MeasureUnit v="KW1"/></Period><Period><TimeInterval v="2016-12-15T14:00Z/2016-12-15T15:00Z"/><Direction v="Z03"/><Quantity v="0"/><MeasureUnit v="KW1"/></Period><Period><TimeInterval v="2016-12-15T15:00Z/2016-12-15T16:00Z"/><Direction v="Z03"/><Quantity v="0"/><MeasureUnit v="KW1"/></Period><Period><TimeInterval v="2016-12-15T16:00Z/2016-12-15T17:00Z"/><Direction v="Z03"/><Quantity v="0"/><MeasureUnit v="KW1"/></Period><Period><TimeInterval v="2016-12-15T17:00Z/2016-12-15T18:00Z"/><Direction v="Z03"/><Quantity v="0"/><MeasureUnit v="KW1"/></Period><Period><TimeInterval v="2016-12-15T18:00Z/2016-12-15T19:00Z"/><Direction v="Z03"/><Quantity v="0"/><MeasureUnit v="KW1"/></Period><Period><TimeInterval v="2016-12-15T19:00Z/2016-12-15T20:00Z"/><Direction v="Z03"/><Quantity v="0"/><MeasureUnit v="KW1"/></Period><Period><TimeInterval v="2016-12-15T20:00Z/2016-12-15T21:00Z"/><Direction v="Z03"/><Quantity v="0"/><MeasureUnit v="KW1"/></Period><Period><TimeInterval v="2016-12-15T21:00Z/2016-12-15T22:00Z"/><Direction v="Z03"/><Quantity v="0"/><MeasureUnit v="KW1"/></Period><Period><TimeInterval v="2016-12-15T22:00Z/2016-12-15T23:00Z"/><Direction v="Z03"/><Quantity v="0"/><MeasureUnit v="KW1"/></Period><Period><TimeInterval v="2016-12-15T23:00Z/2016-12-16T00:00Z"/><Direction v="Z03"/><Quantity v="0"/><MeasureUnit v="KW1"/></Period><Period><TimeInterval v="2016-12-16T00:00Z/2016-12-16T01:00Z"/><Direction v="Z03"/><Quantity v="0"/><MeasureUnit v="KW1"/></Period><Period><TimeInterval v="2016-12-16T01:00Z/2016-12-16T02:00Z"/><Direction v="Z03"/><Quantity v="0"/><MeasureUnit v="KW1"/></Period><Period><TimeInterval v="2016-12-16T02:00Z/2016-12-16T03:00Z"/><Direction v="Z03"/><Quantity v="0"/><MeasureUnit v="KW1"/></Period><Period><TimeInterval v="2016-12-16T03:00Z/2016-12-16T04:00Z"/><Direction v="Z03"/><Quantity v="0"/><MeasureUnit v="KW1"/></Period><Period><TimeInterval v="2016-12-16T04:00Z/2016-12-16T05:00Z"/><Direction v="Z03"/><Quantity v="0"/><MeasureUnit v="KW1"/></Period></Category></ConnectionPoint><ConnectionPoint><Identification v="21Z000000000343P" codingScheme="305"/><Type v="Z31"/><Category><CapacityCode v="Z12"/><Period><TimeInterval v="2016-12-15T05:00Z/2016-12-15T06:00Z"/><Direction v="Z03"/><Quantity v="9187154"/><MeasureUnit v="KW1"/></Period><Period><TimeInterval v="2016-12-15T06:00Z/2016-12-15T07:00Z"/><Direction v="Z03"/><Quantity v="9593539"/><MeasureUnit v="KW1"/></Period><Period><TimeInterval v="2016-12-15T07:00Z/2016-12-15T08:00Z"/><Direction v="Z03"/><Quantity v="10294874"/><MeasureUnit v="KW1"/></Period><Period><TimeInterval v="2016-12-15T08:00Z/2016-12-15T09:00Z"/><Direction v="Z03"/><Quantity v="9563391"/><MeasureUnit v="KW1"/></Period><Period><TimeInterval v="2016-12-15T09:00Z/2016-12-15T10:00Z"/><Direction v="Z03"/><Quantity v="9578688"/><MeasureUnit v="KW1"/></Period><Period><TimeInterval v="2016-12-15T10:00Z/2016-12-15T11:00Z"/><Direction v="Z03"/><Quantity v="9722548"/><MeasureUnit v="KW1"/></Period><Period><TimeInterval v="2016-12-15T11:00Z/2016-12-15T12:00Z"/><Direction v="Z03"/><Quantity v="9313711"/><MeasureUnit v="KW1"/></Period><Period><TimeInterval v="2016-12-15T12:00Z/2016-12-15T13:00Z"/><Direction v="Z03"/><Quantity v="9271649"/><MeasureUnit v="KW1"/></Period><Period><TimeInterval v="2016-12-15T13:00Z/2016-12-15T14:00Z"/><Direction v="Z03"/><Quantity v="9175216"/><MeasureUnit v="KW1"/></Period><Period><TimeInterval v="2016-12-15T14:00Z/2016-12-15T15:00Z"/><Direction v="Z03"/><Quantity v="9133539"/><MeasureUnit v="KW1"/></Period><Period><TimeInterval v="2016-12-15T15:00Z/2016-12-15T16:00Z"/><Direction v="Z03"/><Quantity v="9286388"/><MeasureUnit v="KW1"/></Period><Period><TimeInterval v="2016-12-15T16:00Z/2016-12-15T17:00Z"/><Direction v="Z03"/><Quantity v="10043894"/><MeasureUnit v="KW1"/></Period><Period><TimeInterval v="2016-12-15T17:00Z/2016-12-15T18:00Z"/><Direction v="Z03"/><Quantity v="9956347"/><MeasureUnit v="KW1"/></Period><Period><TimeInterval v="2016-12-15T18:00Z/2016-12-15T19:00Z"/><Direction v="Z03"/><Quantity v="9438487"/><MeasureUnit v="KW1"/></Period><Period><TimeInterval v="2016-12-15T19:00Z/2016-12-15T20:00Z"/><Direction v="Z03"/><Quantity v="8667694"/><MeasureUnit v="KW1"/></Period><Period><TimeInterval v="2016-12-15T20:00Z/2016-12-15T21:00Z"/><Direction v="Z03"/><Quantity v="8566017"/><MeasureUnit v="KW1"/></Period><Period><TimeInterval v="2016-12-15T21:00Z/2016-12-15T22:00Z"/><Direction v="Z03"/><Quantity v="7670259"/><MeasureUnit v="KW1"/></Period><Period><TimeInterval v="2016-12-15T22:00Z/2016-12-15T23:00Z"/><Direction v="Z03"/><Quantity v="6565970"/><MeasureUnit v="KW1"/></Period><Period><TimeInterval v="2016-12-15T23:00Z/2016-12-16T00:00Z"/><Direction v="Z03"/><Quantity v="6512919"/><MeasureUnit v="KW1"/></Period><Period><TimeInterval v="2016-12-16T00:00Z/2016-12-16T01:00Z"/><Direction v="Z03"/><Quantity v="6504267"/><MeasureUnit v="KW1"/></Period><Period><TimeInterval v="2016-12-16T01:00Z/2016-12-16T02:00Z"/><Direction v="Z03"/><Quantity v="6406740"/><MeasureUnit v="KW1"/></Period><Period><TimeInterval v="2016-12-16T02:00Z/2016-12-16T03:00Z"/><Direction v="Z03"/><Quantity v="6489494"/><MeasureUnit v="KW1"/></Period><Period><TimeInterval v="2016-12-16T03:00Z/2016-12-16T04:00Z"/><Direction v="Z03"/><Quantity v="6966853"/><MeasureUnit v="KW1"/></Period><Period><TimeInterval v="2016-12-16T04:00Z/2016-12-16T05:00Z"/><Direction v="Z03"/><Quantity v="7925084"/><MeasureUnit v="KW1"/></Period></Category><Category><CapacityCode v="Z15"/><Period><TimeInterval v="2016-12-15T05:00Z/2016-12-15T06:00Z"/><Direction v="Z03"/><Quantity v="0"/><MeasureUnit v="KW1"/></Period><Period><TimeInterval v="2016-12-15T06:00Z/2016-12-15T07:00Z"/><Direction v="Z03"/><Quantity v="0"/><MeasureUnit v="KW1"/></Period><Period><TimeInterval v="2016-12-15T07:00Z/2016-12-15T08:00Z"/><Direction v="Z03"/><Quantity v="0"/><MeasureUnit v="KW1"/></Period><Period><TimeInterval v="2016-12-15T08:00Z/2016-12-15T09:00Z"/><Direction v="Z03"/><Quantity v="0"/><MeasureUnit v="KW1"/></Period><Period><TimeInterval v="2016-12-15T09:00Z/2016-12-15T10:00Z"/><Direction v="Z03"/><Quantity v="0"/><MeasureUnit v="KW1"/></Period><Period><TimeInterval v="2016-12-15T10:00Z/2016-12-15T11:00Z"/><Direction v="Z03"/><Quantity v="0"/><MeasureUnit v="KW1"/></Period><Period><TimeInterval v="2016-12-15T11:00Z/2016-12-15T12:00Z"/><Direction v="Z03"/><Quantity v="0"/><MeasureUnit v="KW1"/></Period><Period><TimeInterval v="2016-12-15T12:00Z/2016-12-15T13:00Z"/><Direction v="Z03"/><Quantity v="0"/><MeasureUnit v="KW1"/></Period><Period><TimeInterval v="2016-12-15T13:00Z/2016-12-15T14:00Z"/><Direction v="Z03"/><Quantity v="0"/><MeasureUnit v="KW1"/></Period><Period><TimeInterval v="2016-12-15T14:00Z/2016-12-15T15:00Z"/><Direction v="Z03"/><Quantity v="0"/><MeasureUnit v="KW1"/></Period><Period><TimeInterval v="2016-12-15T15:00Z/2016-12-15T16:00Z"/><Direction v="Z03"/><Quantity v="0"/><MeasureUnit v="KW1"/></Period><Period><TimeInterval v="2016-12-15T16:00Z/2016-12-15T17:00Z"/><Direction v="Z03"/><Quantity v="0"/><MeasureUnit v="KW1"/></Period><Period><TimeInterval v="2016-12-15T17:00Z/2016-12-15T18:00Z"/><Direction v="Z03"/><Quantity v="0"/><MeasureUnit v="KW1"/></Period><Period><TimeInterval v="2016-12-15T18:00Z/2016-12-15T19:00Z"/><Direction v="Z03"/><Quantity v="0"/><MeasureUnit v="KW1"/></Period><Period><TimeInterval v="2016-12-15T19:00Z/2016-12-15T20:00Z"/><Direction v="Z03"/><Quantity v="0"/><MeasureUnit v="KW1"/></Period><Period><TimeInterval v="2016-12-15T20:00Z/2016-12-15T21:00Z"/><Direction v="Z03"/><Quantity v="0"/><MeasureUnit v="KW1"/></Period><Period><TimeInterval v="2016-12-15T21:00Z/2016-12-15T22:00Z"/><Direction v="Z03"/><Quantity v="0"/><MeasureUnit v="KW1"/></Period><Period><TimeInterval v="2016-12-15T22:00Z/2016-12-15T23:00Z"/><Direction v="Z03"/><Quantity v="0"/><MeasureUnit v="KW1"/></Period><Period><TimeInterval v="2016-12-15T23:00Z/2016-12-16T00:00Z"/><Direction v="Z03"/><Quantity v="0"/><MeasureUnit v="KW1"/></Period><Period><TimeInterval v="2016-12-16T00:00Z/2016-12-16T01:00Z"/><Direction v="Z03"/><Quantity v="0"/><MeasureUnit v="KW1"/></Period><Period><TimeInterval v="2016-12-16T01:00Z/2016-12-16T02:00Z"/><Direction v="Z03"/><Quantity v="0"/><MeasureUnit v="KW1"/></Period><Period><TimeInterval v="2016-12-16T02:00Z/2016-12-16T03:00Z"/><Direction v="Z03"/><Quantity v="0"/><MeasureUnit v="KW1"/></Period><Period><TimeInterval v="2016-12-16T03:00Z/2016-12-16T04:00Z"/><Direction v="Z03"/><Quantity v="0"/><MeasureUnit v="KW1"/></Period><Period><TimeInterval v="2016-12-16T04:00Z/2016-12-16T05:00Z"/><Direction v="Z03"/><Quantity v="0"/><MeasureUnit v="KW1"/></Period></Category></ConnectionPoint></TransparencyPublication>