<?xml version="1.0" encoding="UTF-8"?><TransparencyPublication Version="EGAS50" Release="A"><Identification v="TRANPB20170102A104069"/><Version v="1"/><Type v="AL6"/><CreationDateTime v="2017-01-02T08:04:50.158Z"/><ValidityPeriod v="2016-12-24T05:00Z/2016-12-25T05:00Z"/><IssuerIdentification v="21X-DE-C-A0A0A-T" codingScheme="305"/><IssuerRole v="ZSO"/><RecipientIdentification v="10X1001A1001A353" codingScheme="305"/><RecipientRole v="ZUA"/><ConnectionPoint><Identification v="21Z0000000000236" codingScheme="305"/><Type v="Z25"/><Category><CapacityCode v="Z08"/><Period><TimeInterval v="2016-12-24T05:00Z/2016-12-24T06:00Z"/><Direction v="Z02"/><Quantity v="37017300"/><MeasureUnit v="KW1"/></Period><Period><TimeInterval v="2016-12-24T06:00Z/2016-12-24T07:00Z"/><Direction v="Z02"/><Quantity v="36962943"/><MeasureUnit v="KW1"/></Period><Period><TimeInterval v="2016-12-24T07:00Z/2016-12-24T08:00Z"/><Direction v="Z02"/><Quantity v="36935272"/><MeasureUnit v="KW1"/></Period><Period><TimeInterval v="2016-12-24T08:00Z/2016-12-24T09:00Z"/><Direction v="Z02"/><Quantity v="36932931"/><MeasureUnit v="KW1"/></Period><Period><TimeInterval v="2016-12-24T09:00Z/2016-12-24T10:00Z"/><Direction v="Z02"/><Quantity v="36917691"/><MeasureUnit v="KW1"/></Period><Period><TimeInterval v="2016-12-24T10:00Z/2016-12-24T11:00Z"/><Direction v="Z02"/><Quantity v="37477721"/><MeasureUnit v="KW1"/></Period><Period><TimeInterval v="2016-12-24T11:00Z/2016-12-24T12:00Z"/><Direction v="Z02"/><Quantity v="37473976"/><MeasureUnit v="KW1"/></Period><Period><TimeInterval v="2016-12-24T12:00Z/2016-12-24T13:00Z"/><Direction v="Z02"/><Quantity v="37343135"/><MeasureUnit v="KW1"/></Period><Period><TimeInterval v="2016-12-24T13:00Z/2016-12-24T14:00Z"/><Direction v="Z02"/><Quantity v="37247447"/><MeasureUnit v="KW1"/></Period><Period><TimeInterval v="2016-12-24T14:00Z/2016-12-24T15:00Z"/><Direction v="Z02"/><Quantity v="37263040"/><MeasureUnit v="KW1"/></Period><Period><TimeInterval v="2016-12-24T15:00Z/2016-12-24T16:00Z"/><Direction v="Z02"/><Quantity v="37329384"/><MeasureUnit v="KW1"/></Period><Period><TimeInterval v="2016-12-24T16:00Z/2016-12-24T17:00Z"/><Direction v="Z02"/><Quantity v="37407844"/><MeasureUnit v="KW1"/></Period><Period><TimeInterval v="2016-12-24T17:00Z/2016-12-24T18:00Z"/><Direction v="Z02"/><Quantity v="37473251"/><MeasureUnit v="KW1"/></Period><Period><TimeInterval v="2016-12-24T18:00Z/2016-12-24T19:00Z"/><Direction v="Z02"/><Quantity v="37540372"/><MeasureUnit v="KW1"/></Period><Period><TimeInterval v="2016-12-24T19:00Z/2016-12-24T20:00Z"/><Direction v="Z02"/><Quantity v="37593796"/><MeasureUnit v="KW1"/></Period><Period><TimeInterval v="2016-12-24T20:00Z/2016-12-24T21:00Z"/><Direction v="Z02"/><Quantity v="37587753"/><MeasureUnit v="KW1"/></Period><Period><TimeInterval v="2016-12-24T21:00Z/2016-12-24T22:00Z"/><Direction v="Z02"/><Quantity v="37584677"/><MeasureUnit v="KW1"/></Period><Period><TimeInterval v="2016-12-24T22:00Z/2016-12-24T23:00Z"/><Direction v="Z02"/><Quantity v="37553974"/><MeasureUnit v="KW1"/></Period><Period><TimeInterval v="2016-12-24T23:00Z/2016-12-25T00:00Z"/><Direction v="Z02"/><Quantity v="37536392"/><MeasureUnit v="KW1"/></Period><Period><TimeInterval v="2016-12-25T00:00Z/2016-12-25T01:00Z"/><Direction v="Z02"/><Quantity v="37525215"/><MeasureUnit v="KW1"/></Period><Period><TimeInterval v="2016-12-25T01:00Z/2016-12-25T02:00Z"/><Direction v="Z02"/><Quantity v="37554330"/><MeasureUnit v="KW1"/></Period><Period><TimeInterval v="2016-12-25T02:00Z/2016-12-25T03:00Z"/><Direction v="Z02"/><Quantity v="37514611"/><MeasureUnit v="KW1"/></Period><Period><TimeInterval v="2016-12-25T03:00Z/2016-12-25T04:00Z"/><Direction v="Z02"/><Quantity v="37522407"/><MeasureUnit v="KW1"/></Period><Period><TimeInterval v="2016-12-25T04:00Z/2016-12-25T05:00Z"/><Direction v="Z02"/><Quantity v="37539329"/><MeasureUnit v="KW1"/></Period><Period><TimeInterval v="2016-12-24T05:00Z/2016-12-24T06:00Z"/><Direction v="Z03"/><Quantity v="0"/><MeasureUnit v="KW1"/></Period><Period><TimeInterval v="2016-12-24T06:00Z/2016-12-24T07:00Z"/><Direction v="Z03"/><Quantity v="0"/><MeasureUnit v="KW1"/></Period><Period><TimeInterval v="2016-12-24T07:00Z/2016-12-24T08:00Z"/><Direction v="Z03"/><Quantity v="0"/><MeasureUnit v="KW1"/></Period><Period><TimeInterval v="2016-12-24T08:00Z/2016-12-24T09:00Z"/><Direction v="Z03"/><Quantity v="0"/><MeasureUnit v="KW1"/></Period><Period><TimeInterval v="2016-12-24T09:00Z/2016-12-24T10:00Z"/><Direction v="Z03"/><Quantity v="0"/><MeasureUnit v="KW1"/></Period><Period><TimeInterval v="2016-12-24T10:00Z/2016-12-24T11:00Z"/><Direction v="Z03"/><Quantity v="0"/><MeasureUnit v="KW1"/></Period><Period><TimeInterval v="2016-12-24T11:00Z/2016-12-24T12:00Z"/><Direction v="Z03"/><Quantity v="0"/><MeasureUnit v="KW1"/></Period><Period><TimeInterval v="2016-12-24T12:00Z/2016-12-24T13:00Z"/><Direction v="Z03"/><Quantity v="0"/><MeasureUnit v="KW1"/></Period><Period><TimeInterval v="2016-12-24T13:00Z/2016-12-24T14:00Z"/><Direction v="Z03"/><Quantity v="0"/><MeasureUnit v="KW1"/></Period><Period><TimeInterval v="2016-12-24T14:00Z/2016-12-24T15:00Z"/><Direction v="Z03"/><Quantity v="0"/><MeasureUnit v="KW1"/></Period><Period><TimeInterval v="2016-12-24T15:00Z/2016-12-24T16:00Z"/><Direction v="Z03"/><Quantity v="0"/><MeasureUnit v="KW1"/></Period><Period><TimeInterval v="2016-12-24T16:00Z/2016-12-24T17:00Z"/><Direction v="Z03"/><Quantity v="0"/><MeasureUnit v="KW1"/></Period><Period><TimeInterval v="2016-12-24T17:00Z/2016-12-24T18:00Z"/><Direction v="Z03"/><Quantity v="0"/><MeasureUnit v="KW1"/></Period><Period><TimeInterval v="2016-12-24T18:00Z/2016-12-24T19:00Z"/><Direction v="Z03"/><Quantity v="0"/><MeasureUnit v="KW1"/></Period><Period><TimeInterval v="2016-12-24T19:00Z/2016-12-24T20:00Z"/><Direction v="Z03"/><Quantity v="0"/><MeasureUnit v="KW1"/></Period><Period><TimeInterval v="2016-12-24T20:00Z/2016-12-24T21:00Z"/><Direction v="Z03"/><Quantity v="0"/><MeasureUnit v="KW1"/></Period><Period><TimeInterval v="2016-12-24T21:00Z/2016-12-24T22:00Z"/><Direction v="Z03"/><Quantity v="0"/><MeasureUnit v="KW1"/></Period><Period><TimeInterval v="2016-12-24T22:00Z/2016-12-24T23:00Z"/><Direction v="Z03"/><Quantity v="0"/><MeasureUnit v="KW1"/></Period><Period><TimeInterval v="2016-12-24T23:00Z/2016-12-25T00:00Z"/><Direction v="Z03"/><Quantity v="0"/><MeasureUnit v="KW1"/></Period><Period><TimeInterval v="2016-12-25T00:00Z/2016-12-25T01:00Z"/><Direction v="Z03"/><Quantity v="0"/><MeasureUnit v="KW1"/></Period><Period><TimeInterval v="2016-12-25T01:00Z/2016-12-25T02:00Z"/><Direction v="Z03"/><Quantity v="0"/><MeasureUnit v="KW1"/></Period><Period><TimeInterval v="2016-12-25T02:00Z/2016-12-25T03:00Z"/><Direction v="Z03"/><Quantity v="0"/><MeasureUnit v="KW1"/></Period><Period><TimeInterval v="2016-12-25T03:00Z/2016-12-25T04:00Z"/><Direction v="Z03"/><Quantity v="0"/><MeasureUnit v="KW1"/></Period><Period><TimeInterval v="2016-12-25T04:00Z/2016-12-25T05:00Z"/><Direction v="Z03"/><Quantity v="0"/><MeasureUnit v="KW1"/></Period></Category></ConnectionPoint><ConnectionPoint><Identification v="21Z0000000000406" codingScheme="305"/><Type v="Z25"/><Category><CapacityCode v="Z08"/><Period><TimeInterval v="2016-12-24T05:00Z/2016-12-24T06:00Z"/><Direction v="Z03"/><Quantity v="520436"/><MeasureUnit v="KW1"/></Period><Period><TimeInterval v="2016-12-24T06:00Z/2016-12-24T07:00Z"/><Direction v="Z03"/><Quantity v="644544"/><MeasureUnit v="KW1"/></Period><Period><TimeInterval v="2016-12-24T07:00Z/2016-12-24T08:00Z"/><Direction v="Z03"/><Quantity v="645873"/><MeasureUnit v="KW1"/></Period><Period><TimeInterval v="2016-12-24T08:00Z/2016-12-24T09:00Z"/><Direction v="Z03"/><Quantity v="647826"/><MeasureUnit v="KW1"/></Period><Period><TimeInterval v="2016-12-24T09:00Z/2016-12-24T10:00Z"/><Direction v="Z03"/><Quantity v="645231"/><MeasureUnit v="KW1"/></Period><Period><TimeInterval v="2016-12-24T10:00Z/2016-12-24T11:00Z"/><Direction v="Z03"/><Quantity v="646873"/><MeasureUnit v="KW1"/></Period><Period><TimeInterval v="2016-12-24T11:00Z/2016-12-24T12:00Z"/><Direction v="Z03"/><Quantity v="746819"/><MeasureUnit v="KW1"/></Period><Period><TimeInterval v="2016-12-24T12:00Z/2016-12-24T13:00Z"/><Direction v="Z03"/><Quantity v="767531"/><MeasureUnit v="KW1"/></Period><Period><TimeInterval v="2016-12-24T13:00Z/2016-12-24T14:00Z"/><Direction v="Z03"/><Quantity v="767528"/><MeasureUnit v="KW1"/></Period><Period><TimeInterval v="2016-12-24T14:00Z/2016-12-24T15:00Z"/><Direction v="Z03"/><Quantity v="776876"/><MeasureUnit v="KW1"/></Period><Period><TimeInterval v="2016-12-24T15:00Z/2016-12-24T16:00Z"/><Direction v="Z03"/><Quantity v="783064"/><MeasureUnit v="KW1"/></Period><Period><TimeInterval v="2016-12-24T16:00Z/2016-12-24T17:00Z"/><Direction v="Z03"/><Quantity v="970955"/><MeasureUnit v="KW1"/></Period><Period><TimeInterval v="2016-12-24T17:00Z/2016-12-24T18:00Z"/><Direction v="Z03"/><Quantity v="997364"/><MeasureUnit v="KW1"/></Period><Period><TimeInterval v="2016-12-24T18:00Z/2016-12-24T19:00Z"/><Direction v="Z03"/><Quantity v="1001332"/><MeasureUnit v="KW1"/></Period><Period><TimeInterval v="2016-12-24T19:00Z/2016-12-24T20:00Z"/><Direction v="Z03"/><Quantity v="1000803"/><MeasureUnit v="KW1"/></Period><Period><TimeInterval v="2016-12-24T20:00Z/2016-12-24T21:00Z"/><Direction v="Z03"/><Quantity v="1000075"/><MeasureUnit v="KW1"/></Period><Period><TimeInterval v="2016-12-24T21:00Z/2016-12-24T22:00Z"/><Direction v="Z03"/><Quantity v="1030220"/><MeasureUnit v="KW1"/></Period><Period><TimeInterval v="2016-12-24T22:00Z/2016-12-24T23:00Z"/><Direction v="Z03"/><Quantity v="1029783"/><MeasureUnit v="KW1"/></Period><Period><TimeInterval v="2016-12-24T23:00Z/2016-12-25T00:00Z"/><Direction v="Z03"/><Quantity v="1024390"/><MeasureUnit v="KW1"/></Period><Period><TimeInterval v="2016-12-25T00:00Z/2016-12-25T01:00Z"/><Direction v="Z03"/><Quantity v="1023560"/><MeasureUnit v="KW1"/></Period><Period><TimeInterval v="2016-12-25T01:00Z/2016-12-25T02:00Z"/><Direction v="Z03"/><Quantity v="1023212"/><MeasureUnit v="KW1"/></Period><Period><TimeInterval v="2016-12-25T02:00Z/2016-12-25T03:00Z"/><Direction v="Z03"/><Quantity v="1023754"/><MeasureUnit v="KW1"/></Period><Period><TimeInterval v="2016-12-25T03:00Z/2016-12-25T04:00Z"/><Direction v="Z03"/><Quantity v="1024272"/><MeasureUnit v="KW1"/></Period><Period><TimeInterval v="2016-12-25T04:00Z/2016-12-25T05:00Z"/><Direction v="Z03"/><Quantity v="1024542"/><MeasureUnit v="KW1"/></Period></Category></ConnectionPoint><ConnectionPoint><Identification v="21Z000000000073S" codingScheme="305"/><Type v="Z25"/><Category><CapacityCode v="Z08"/><Period><TimeInterval v="2016-12-24T05:00Z/2016-12-24T06:00Z"/><Direction v="Z02"/><Quantity v="11161818"/><MeasureUnit v="KW1"/></Period><Period><TimeInterval v="2016-12-24T06:00Z/2016-12-24T07:00Z"/><Direction v="Z02"/><Quantity v="11352485"/><MeasureUnit v="KW1"/></Period><Period><TimeInterval v="2016-12-24T07:00Z/2016-12-24T08:00Z"/><Direction v="Z02"/><Quantity v="11737718"/><MeasureUnit v="KW1"/></Period><Period><TimeInterval v="2016-12-24T08:00Z/2016-12-24T09:00Z"/><Direction v="Z02"/><Quantity v="11693912"/><MeasureUnit v="KW1"/></Period><Period><TimeInterval v="2016-12-24T09:00Z/2016-12-24T10:00Z"/><Direction v="Z02"/><Quantity v="11494814"/><MeasureUnit v="KW1"/></Period><Period><TimeInterval v="2016-12-24T10:00Z/2016-12-24T11:00Z"/><Direction v="Z02"/><Quantity v="11348261"/><MeasureUnit v="KW1"/></Period><Period><TimeInterval v="2016-12-24T11:00Z/2016-12-24T12:00Z"/><Direction v="Z02"/><Quantity v="10875770"/><MeasureUnit v="KW1"/></Period><Period><TimeInterval v="2016-12-24T12:00Z/2016-12-24T13:00Z"/><Direction v="Z02"/><Quantity v="10844520"/><MeasureUnit v="KW1"/></Period><Period><TimeInterval v="2016-12-24T13:00Z/2016-12-24T14:00Z"/><Direction v="Z02"/><Quantity v="10972248"/><MeasureUnit v="KW1"/></Period><Period><TimeInterval v="2016-12-24T14:00Z/2016-12-24T15:00Z"/><Direction v="Z02"/><Quantity v="11097007"/><MeasureUnit v="KW1"/></Period><Period><TimeInterval v="2016-12-24T15:00Z/2016-12-24T16:00Z"/><Direction v="Z02"/><Quantity v="8571981"/><MeasureUnit v="KW1"/></Period><Period><TimeInterval v="2016-12-24T16:00Z/2016-12-24T17:00Z"/><Direction v="Z02"/><Quantity v="8243607"/><MeasureUnit v="KW1"/></Period><Period><TimeInterval v="2016-12-24T17:00Z/2016-12-24T18:00Z"/><Direction v="Z02"/><Quantity v="8629038"/><MeasureUnit v="KW1"/></Period><Period><TimeInterval v="2016-12-24T18:00Z/2016-12-24T19:00Z"/><Direction v="Z02"/><Quantity v="8598680"/><MeasureUnit v="KW1"/></Period><Period><TimeInterval v="2016-12-24T19:00Z/2016-12-24T20:00Z"/><Direction v="Z02"/><Quantity v="8945313"/><MeasureUnit v="KW1"/></Period><Period><TimeInterval v="2016-12-24T20:00Z/2016-12-24T21:00Z"/><Direction v="Z02"/><Quantity v="7984296"/><MeasureUnit v="KW1"/></Period><Period><TimeInterval v="2016-12-24T21:00Z/2016-12-24T22:00Z"/><Direction v="Z02"/><Quantity v="7913346"/><MeasureUnit v="KW1"/></Period><Period><TimeInterval v="2016-12-24T22:00Z/2016-12-24T23:00Z"/><Direction v="Z02"/><Quantity v="4385395"/><MeasureUnit v="KW1"/></Period><Period><TimeInterval v="2016-12-24T23:00Z/2016-12-25T00:00Z"/><Direction v="Z02"/><Quantity v="5079577"/><MeasureUnit v="KW1"/></Period><Period><TimeInterval v="2016-12-25T00:00Z/2016-12-25T01:00Z"/><Direction v="Z02"/><Quantity v="4603264"/><MeasureUnit v="KW1"/></Period><Period><TimeInterval v="2016-12-25T01:00Z/2016-12-25T02:00Z"/><Direction v="Z02"/><Quantity v="5658764"/><MeasureUnit v="KW1"/></Period><Period><TimeInterval v="2016-12-25T02:00Z/2016-12-25T03:00Z"/><Direction v="Z02"/><Quantity v="6241588"/><MeasureUnit v="KW1"/></Period><Period><TimeInterval v="2016-12-25T03:00Z/2016-12-25T04:00Z"/><Direction v="Z02"/><Quantity v="5832643"/><MeasureUnit v="KW1"/></Period><Period><TimeInterval v="2016-12-25T04:00Z/2016-12-25T05:00Z"/><Direction v="Z02"/><Quantity v="5735631"/><MeasureUnit v="KW1"/></Period></Category></ConnectionPoint><ConnectionPoint><Identification v="21Z0000000001232" codingScheme="305"/><Type v="Z25"/><Category><CapacityCode v="Z08"/><Period><TimeInterval v="2016-12-24T05:00Z/2016-12-24T06:00Z"/><Direction v="Z03"/><Quantity v="15125382"/><MeasureUnit v="KW1"/></Period><Period><TimeInterval v="2016-12-24T06:00Z/2016-12-24T07:00Z"/><Direction v="Z03"/><Quantity v="12281784"/><MeasureUnit v="KW1"/></Period><Period><TimeInterval v="2016-12-24T07:00Z/2016-12-24T08:00Z"/><Direction v="Z03"/><Quantity v="11542451"/><MeasureUnit v="KW1"/></Period><Period><TimeInterval v="2016-12-24T08:00Z/2016-12-24T09:00Z"/><Direction v="Z03"/><Quantity v="11458393"/><MeasureUnit v="KW1"/></Period><Period><TimeInterval v="2016-12-24T09:00Z/2016-12-24T10:00Z"/><Direction v="Z03"/><Quantity v="11530176"/><MeasureUnit v="KW1"/></Period><Period><TimeInterval v="2016-12-24T10:00Z/2016-12-24T11:00Z"/><Direction v="Z03"/><Quantity v="11549251"/><MeasureUnit v="KW1"/></Period><Period><TimeInterval v="2016-12-24T11:00Z/2016-12-24T12:00Z"/><Direction v="Z03"/><Quantity v="11512516"/><MeasureUnit v="KW1"/></Period><Period><TimeInterval v="2016-12-24T12:00Z/2016-12-24T13:00Z"/><Direction v="Z03"/><Quantity v="11532537"/><MeasureUnit v="KW1"/></Period><Period><TimeInterval v="2016-12-24T13:00Z/2016-12-24T14:00Z"/><Direction v="Z03"/><Quantity v="11472797"/><MeasureUnit v="KW1"/></Period><Period><TimeInterval v="2016-12-24T14:00Z/2016-12-24T15:00Z"/><Direction v="Z03"/><Quantity v="11236086"/><MeasureUnit v="KW1"/></Period><Period><TimeInterval v="2016-12-24T15:00Z/2016-12-24T16:00Z"/><Direction v="Z03"/><Quantity v="10467838"/><MeasureUnit v="KW1"/></Period><Period><TimeInterval v="2016-12-24T16:00Z/2016-12-24T17:00Z"/><Direction v="Z03"/><Quantity v="10128016"/><MeasureUnit v="KW1"/></Period><Period><TimeInterval v="2016-12-24T17:00Z/2016-12-24T18:00Z"/><Direction v="Z03"/><Quantity v="10058198"/><MeasureUnit v="KW1"/></Period><Period><TimeInterval v="2016-12-24T18:00Z/2016-12-24T19:00Z"/><Direction v="Z03"/><Quantity v="10025947"/><MeasureUnit v="KW1"/></Period><Period><TimeInterval v="2016-12-24T19:00Z/2016-12-24T20:00Z"/><Direction v="Z03"/><Quantity v="10031394"/><MeasureUnit v="KW1"/></Period><Period><TimeInterval v="2016-12-24T20:00Z/2016-12-24T21:00Z"/><Direction v="Z03"/><Quantity v="10058237"/><MeasureUnit v="KW1"/></Period><Period><TimeInterval v="2016-12-24T21:00Z/2016-12-24T22:00Z"/><Direction v="Z03"/><Quantity v="10126521"/><MeasureUnit v="KW1"/></Period><Period><TimeInterval v="2016-12-24T22:00Z/2016-12-24T23:00Z"/><Direction v="Z03"/><Quantity v="10156745"/><MeasureUnit v="KW1"/></Period><Period><TimeInterval v="2016-12-24T23:00Z/2016-12-25T00:00Z"/><Direction v="Z03"/><Quantity v="10100878"/><MeasureUnit v="KW1"/></Period><Period><TimeInterval v="2016-12-25T00:00Z/2016-12-25T01:00Z"/><Direction v="Z03"/><Quantity v="10022431"/><MeasureUnit v="KW1"/></Period><Period><TimeInterval v="2016-12-25T01:00Z/2016-12-25T02:00Z"/><Direction v="Z03"/><Quantity v="9964967"/><MeasureUnit v="KW1"/></Period><Period><TimeInterval v="2016-12-25T02:00Z/2016-12-25T03:00Z"/><Direction v="Z03"/><Quantity v="9101235"/><MeasureUnit v="KW1"/></Period><Period><TimeInterval v="2016-12-25T03:00Z/2016-12-25T04:00Z"/><Direction v="Z03"/><Quantity v="8871669"/><MeasureUnit v="KW1"/></Period><Period><TimeInterval v="2016-12-25T04:00Z/2016-12-25T05:00Z"/><Direction v="Z03"/><Quantity v="8763496"/><MeasureUnit v="KW1"/></Period></Category></ConnectionPoint><ConnectionPoint><Identification v="21Z000000000075O" codingScheme="305"/><Type v="Z25"/><Category><CapacityCode v="Z08"/><Period><TimeInterval v="2016-12-24T05:00Z/2016-12-24T06:00Z"/><Direction v="Z02"/><Quantity v="0"/><MeasureUnit v="KW1"/></Period><Period><TimeInterval v="2016-12-24T06:00Z/2016-12-24T07:00Z"/><Direction v="Z02"/><Quantity v="0"/><MeasureUnit v="KW1"/></Period><Period><TimeInterval v="2016-12-24T07:00Z/2016-12-24T08:00Z"/><Direction v="Z02"/><Quantity v="0"/><MeasureUnit v="KW1"/></Period><Period><TimeInterval v="2016-12-24T08:00Z/2016-12-24T09:00Z"/><Direction v="Z02"/><Quantity v="0"/><MeasureUnit v="KW1"/></Period><Period><TimeInterval v="2016-12-24T09:00Z/2016-12-24T10:00Z"/><Direction v="Z02"/><Quantity v="0"/><MeasureUnit v="KW1"/></Period><Period><TimeInterval v="2016-12-24T10:00Z/2016-12-24T11:00Z"/><Direction v="Z02"/><Quantity v="0"/><MeasureUnit v="KW1"/></Period><Period><TimeInterval v="2016-12-24T11:00Z/2016-12-24T12:00Z"/><Direction v="Z02"/><Quantity v="0"/><MeasureUnit v="KW1"/></Period><Period><TimeInterval v="2016-12-24T12:00Z/2016-12-24T13:00Z"/><Direction v="Z02"/><Quantity v="0"/><MeasureUnit v="KW1"/></Period><Period><TimeInterval v="2016-12-24T13:00Z/2016-12-24T14:00Z"/><Direction v="Z02"/><Quantity v="0"/><MeasureUnit v="KW1"/></Period><Period><TimeInterval v="2016-12-24T14:00Z/2016-12-24T15:00Z"/><Direction v="Z02"/><Quantity v="0"/><MeasureUnit v="KW1"/></Period><Period><TimeInterval v="2016-12-24T15:00Z/2016-12-24T16:00Z"/><Direction v="Z02"/><Quantity v="0"/><MeasureUnit v="KW1"/></Period><Period><TimeInterval v="2016-12-24T16:00Z/2016-12-24T17:00Z"/><Direction v="Z02"/><Quantity v="0"/><MeasureUnit v="KW1"/></Period><Period><TimeInterval v="2016-12-24T17:00Z/2016-12-24T18:00Z"/><Direction v="Z02"/><Quantity v="0"/><MeasureUnit v="KW1"/></Period><Period><TimeInterval v="2016-12-24T18:00Z/2016-12-24T19:00Z"/><Direction v="Z02"/><Quantity v="0"/><MeasureUnit v="KW1"/></Period><Period><TimeInterval v="2016-12-24T19:00Z/2016-12-24T20:00Z"/><Direction v="Z02"/><Quantity v="0"/><MeasureUnit v="KW1"/></Period><Period><TimeInterval v="2016-12-24T20:00Z/2016-12-24T21:00Z"/><Direction v="Z02"/><Quantity v="0"/><MeasureUnit v="KW1"/></Period><Period><TimeInterval v="2016-12-24T21:00Z/2016-12-24T22:00Z"/><Direction v="Z02"/><Quantity v="0"/><MeasureUnit v="KW1"/></Period><Period><TimeInterval v="2016-12-24T22:00Z/2016-12-24T23:00Z"/><Direction v="Z02"/><Quantity v="0"/><MeasureUnit v="KW1"/></Period><Period><TimeInterval v="2016-12-24T23:00Z/2016-12-25T00:00Z"/><Direction v="Z02"/><Quantity v="0"/><MeasureUnit v="KW1"/></Period><Period><TimeInterval v="2016-12-25T00:00Z/2016-12-25T01:00Z"/><Direction v="Z02"/><Quantity v="0"/><MeasureUnit v="KW1"/></Period><Period><TimeInterval v="2016-12-25T01:00Z/2016-12-25T02:00Z"/><Direction v="Z02"/><Quantity v="0"/><MeasureUnit v="KW1"/></Period><Period><TimeInterval v="2016-12-25T02:00Z/2016-12-25T03:00Z"/><Direction v="Z02"/><Quantity v="0"/><MeasureUnit v="KW1"/></Period><Period><TimeInterval v="2016-12-25T03:00Z/2016-12-25T04:00Z"/><Direction v="Z02"/><Quantity v="0"/><MeasureUnit v="KW1"/></Period><Period><TimeInterval v="2016-12-25T04:00Z/2016-12-25T05:00Z"/><Direction v="Z02"/><Quantity v="0"/><MeasureUnit v="KW1"/></Period><Period><TimeInterval v="2016-12-24T05:00Z/2016-12-24T06:00Z"/><Direction v="Z03"/><Quantity v="7712635"/><MeasureUnit v="KW1"/></Period><Period><TimeInterval v="2016-12-24T06:00Z/2016-12-24T07:00Z"/><Direction v="Z03"/><Quantity v="8012885"/><MeasureUnit v="KW1"/></Period><Period><TimeInterval v="2016-12-24T07:00Z/2016-12-24T08:00Z"/><Direction v="Z03"/><Quantity v="8079809"/><MeasureUnit v="KW1"/></Period><Period><TimeInterval v="2016-12-24T08:00Z/2016-12-24T09:00Z"/><Direction v="Z03"/><Quantity v="8000479"/><MeasureUnit v="KW1"/></Period><Period><TimeInterval v="2016-12-24T09:00Z/2016-12-24T10:00Z"/><Direction v="Z03"/><Quantity v="7986230"/><MeasureUnit v="KW1"/></Period><Period><TimeInterval v="2016-12-24T10:00Z/2016-12-24T11:00Z"/><Direction v="Z03"/><Quantity v="7977439"/><MeasureUnit v="KW1"/></Period><Period><TimeInterval v="2016-12-24T11:00Z/2016-12-24T12:00Z"/><Direction v="Z03"/><Quantity v="7999196"/><MeasureUnit v="KW1"/></Period><Period><TimeInterval v="2016-12-24T12:00Z/2016-12-24T13:00Z"/><Direction v="Z03"/><Quantity v="7965513"/><MeasureUnit v="KW1"/></Period><Period><TimeInterval v="2016-12-24T13:00Z/2016-12-24T14:00Z"/><Direction v="Z03"/><Quantity v="9823034"/><MeasureUnit v="KW1"/></Period><Period><TimeInterval v="2016-12-24T14:00Z/2016-12-24T15:00Z"/><Direction v="Z03"/><Quantity v="9688308"/><MeasureUnit v="KW1"/></Period><Period><TimeInterval v="2016-12-24T15:00Z/2016-12-24T16:00Z"/><Direction v="Z03"/><Quantity v="9966041"/><MeasureUnit v="KW1"/></Period><Period><TimeInterval v="2016-12-24T16:00Z/2016-12-24T17:00Z"/><Direction v="Z03"/><Quantity v="9984287"/><MeasureUnit v="KW1"/></Period><Period><TimeInterval v="2016-12-24T17:00Z/2016-12-24T18:00Z"/><Direction v="Z03"/><Quantity v="9978308"/><MeasureUnit v="KW1"/></Period><Period><TimeInterval v="2016-12-24T18:00Z/2016-12-24T19:00Z"/><Direction v="Z03"/><Quantity v="10553191"/><MeasureUnit v="KW1"/></Period><Period><TimeInterval v="2016-12-24T19:00Z/2016-12-24T20:00Z"/><Direction v="Z03"/><Quantity v="10619721"/><MeasureUnit v="KW1"/></Period><Period><TimeInterval v="2016-12-24T20:00Z/2016-12-24T21:00Z"/><Direction v="Z03"/><Quantity v="10596707"/><MeasureUnit v="KW1"/></Period><Period><TimeInterval v="2016-12-24T21:00Z/2016-12-24T22:00Z"/><Direction v="Z03"/><Quantity v="10587927"/><MeasureUnit v="KW1"/></Period><Period><TimeInterval v="2016-12-24T22:00Z/2016-12-24T23:00Z"/><Direction v="Z03"/><Quantity v="10643253"/><MeasureUnit v="KW1"/></Period><Period><TimeInterval v="2016-12-24T23:00Z/2016-12-25T00:00Z"/><Direction v="Z03"/><Quantity v="10644180"/><MeasureUnit v="KW1"/></Period><Period><TimeInterval v="2016-12-25T00:00Z/2016-12-25T01:00Z"/><Direction v="Z03"/><Quantity v="10607433"/><MeasureUnit v="KW1"/></Period><Period><TimeInterval v="2016-12-25T01:00Z/2016-12-25T02:00Z"/><Direction v="Z03"/><Quantity v="10595666"/><MeasureUnit v="KW1"/></Period><Period><TimeInterval v="2016-12-25T02:00Z/2016-12-25T03:00Z"/><Direction v="Z03"/><Quantity v="10626690"/><MeasureUnit v="KW1"/></Period><Period><TimeInterval v="2016-12-25T03:00Z/2016-12-25T04:00Z"/><Direction v="Z03"/><Quantity v="10638453"/><MeasureUnit v="KW1"/></Period><Period><TimeInterval v="2016-12-25T04:00Z/2016-12-25T05:00Z"/><Direction v="Z03"/><Quantity v="10612336"/><MeasureUnit v="KW1"/></Period></Category></ConnectionPoint><ConnectionPoint><Identification v="21Z000000000053Y" codingScheme="305"/><Type v="Z25"/><Category><CapacityCode v="Z08"/><Period><TimeInterval v="2016-12-24T05:00Z/2016-12-24T06:00Z"/><Direction v="Z02"/><Quantity v="25869486"/><MeasureUnit v="KW1"/></Period><Period><TimeInterval v="2016-12-24T06:00Z/2016-12-24T07:00Z"/><Direction v="Z02"/><Quantity v="25424194"/><MeasureUnit v="KW1"/></Period><Period><TimeInterval v="2016-12-24T07:00Z/2016-12-24T08:00Z"/><Direction v="Z02"/><Quantity v="25363906"/><MeasureUnit v="KW1"/></Period><Period><TimeInterval v="2016-12-24T08:00Z/2016-12-24T09:00Z"/><Direction v="Z02"/><Quantity v="25344930"/><MeasureUnit v="KW1"/></Period><Period><TimeInterval v="2016-12-24T09:00Z/2016-12-24T10:00Z"/><Direction v="Z02"/><Quantity v="25323030"/><MeasureUnit v="KW1"/></Period><Period><TimeInterval v="2016-12-24T10:00Z/2016-12-24T11:00Z"/><Direction v="Z02"/><Quantity v="25287386"/><MeasureUnit v="KW1"/></Period><Period><TimeInterval v="2016-12-24T11:00Z/2016-12-24T12:00Z"/><Direction v="Z02"/><Quantity v="25364719"/><MeasureUnit v="KW1"/></Period><Period><TimeInterval v="2016-12-24T12:00Z/2016-12-24T13:00Z"/><Direction v="Z02"/><Quantity v="25369886"/><MeasureUnit v="KW1"/></Period><Period><TimeInterval v="2016-12-24T13:00Z/2016-12-24T14:00Z"/><Direction v="Z02"/><Quantity v="25307587"/><MeasureUnit v="KW1"/></Period><Period><TimeInterval v="2016-12-24T14:00Z/2016-12-24T15:00Z"/><Direction v="Z02"/><Quantity v="25295557"/><MeasureUnit v="KW1"/></Period><Period><TimeInterval v="2016-12-24T15:00Z/2016-12-24T16:00Z"/><Direction v="Z02"/><Quantity v="25344421"/><MeasureUnit v="KW1"/></Period><Period><TimeInterval v="2016-12-24T16:00Z/2016-12-24T17:00Z"/><Direction v="Z02"/><Quantity v="25336741"/><MeasureUnit v="KW1"/></Period><Period><TimeInterval v="2016-12-24T17:00Z/2016-12-24T18:00Z"/><Direction v="Z02"/><Quantity v="25343723"/><MeasureUnit v="KW1"/></Period><Period><TimeInterval v="2016-12-24T18:00Z/2016-12-24T19:00Z"/><Direction v="Z02"/><Quantity v="25910490"/><MeasureUnit v="KW1"/></Period><Period><TimeInterval v="2016-12-24T19:00Z/2016-12-24T20:00Z"/><Direction v="Z02"/><Quantity v="25944770"/><MeasureUnit v="KW1"/></Period><Period><TimeInterval v="2016-12-24T20:00Z/2016-12-24T21:00Z"/><Direction v="Z02"/><Quantity v="25953149"/><MeasureUnit v="KW1"/></Period><Period><TimeInterval v="2016-12-24T21:00Z/2016-12-24T22:00Z"/><Direction v="Z02"/><Quantity v="25959996"/><MeasureUnit v="KW1"/></Period><Period><TimeInterval v="2016-12-24T22:00Z/2016-12-24T23:00Z"/><Direction v="Z02"/><Quantity v="25950240"/><MeasureUnit v="KW1"/></Period><Period><TimeInterval v="2016-12-24T23:00Z/2016-12-25T00:00Z"/><Direction v="Z02"/><Quantity v="25962045"/><MeasureUnit v="KW1"/></Period><Period><TimeInterval v="2016-12-25T00:00Z/2016-12-25T01:00Z"/><Direction v="Z02"/><Quantity v="25956504"/><MeasureUnit v="KW1"/></Period><Period><TimeInterval v="2016-12-25T01:00Z/2016-12-25T02:00Z"/><Direction v="Z02"/><Quantity v="25951104"/><MeasureUnit v="KW1"/></Period><Period><TimeInterval v="2016-12-25T02:00Z/2016-12-25T03:00Z"/><Direction v="Z02"/><Quantity v="25963457"/><MeasureUnit v="KW1"/></Period><Period><TimeInterval v="2016-12-25T03:00Z/2016-12-25T04:00Z"/><Direction v="Z02"/><Quantity v="25945049"/><MeasureUnit v="KW1"/></Period><Period><TimeInterval v="2016-12-25T04:00Z/2016-12-25T05:00Z"/><Direction v="Z02"/><Quantity v="25971523"/><MeasureUnit v="KW1"/></Period></Category></ConnectionPoint><ConnectionPoint><Identification v="21Z0000000000503" codingScheme="305"/><Type v="Z25"/><Category><CapacityCode v="Z08"/><Period><TimeInterval v="2016-12-24T05:00Z/2016-12-24T06:00Z"/><Direction v="Z02"/><Quantity v="0"/><MeasureUnit v="KW1"/></Period><Period><TimeInterval v="2016-12-24T06:00Z/2016-12-24T07:00Z"/><Direction v="Z02"/><Quantity v="0"/><MeasureUnit v="KW1"/></Period><Period><TimeInterval v="2016-12-24T07:00Z/2016-12-24T08:00Z"/><Direction v="Z02"/><Quantity v="0"/><MeasureUnit v="KW1"/></Period><Period><TimeInterval v="2016-12-24T08:00Z/2016-12-24T09:00Z"/><Direction v="Z02"/><Quantity v="0"/><MeasureUnit v="KW1"/></Period><Period><TimeInterval v="2016-12-24T09:00Z/2016-12-24T10:00Z"/><Direction v="Z02"/><Quantity v="0"/><MeasureUnit v="KW1"/></Period><Period><TimeInterval v="2016-12-24T10:00Z/2016-12-24T11:00Z"/><Direction v="Z02"/><Quantity v="0"/><MeasureUnit v="KW1"/></Period><Period><TimeInterval v="2016-12-24T11:00Z/2016-12-24T12:00Z"/><Direction v="Z02"/><Quantity v="0"/><MeasureUnit v="KW1"/></Period><Period><TimeInterval v="2016-12-24T12:00Z/2016-12-24T13:00Z"/><Direction v="Z02"/><Quantity v="0"/><MeasureUnit v="KW1"/></Period><Period><TimeInterval v="2016-12-24T13:00Z/2016-12-24T14:00Z"/><Direction v="Z02"/><Quantity v="0"/><MeasureUnit v="KW1"/></Period><Period><TimeInterval v="2016-12-24T14:00Z/2016-12-24T15:00Z"/><Direction v="Z02"/><Quantity v="0"/><MeasureUnit v="KW1"/></Period><Period><TimeInterval v="2016-12-24T15:00Z/2016-12-24T16:00Z"/><Direction v="Z02"/><Quantity v="0"/><MeasureUnit v="KW1"/></Period><Period><TimeInterval v="2016-12-24T16:00Z/2016-12-24T17:00Z"/><Direction v="Z02"/><Quantity v="0"/><MeasureUnit v="KW1"/></Period><Period><TimeInterval v="2016-12-24T17:00Z/2016-12-24T18:00Z"/><Direction v="Z02"/><Quantity v="0"/><MeasureUnit v="KW1"/></Period><Period><TimeInterval v="2016-12-24T18:00Z/2016-12-24T19:00Z"/><Direction v="Z02"/><Quantity v="0"/><MeasureUnit v="KW1"/></Period><Period><TimeInterval v="2016-12-24T19:00Z/2016-12-24T20:00Z"/><Direction v="Z02"/><Quantity v="0"/><MeasureUnit v="KW1"/></Period><Period><TimeInterval v="2016-12-24T20:00Z/2016-12-24T21:00Z"/><Direction v="Z02"/><Quantity v="0"/><MeasureUnit v="KW1"/></Period><Period><TimeInterval v="2016-12-24T21:00Z/2016-12-24T22:00Z"/><Direction v="Z02"/><Quantity v="0"/><MeasureUnit v="KW1"/></Period><Period><TimeInterval v="2016-12-24T22:00Z/2016-12-24T23:00Z"/><Direction v="Z02"/><Quantity v="0"/><MeasureUnit v="KW1"/></Period><Period><TimeInterval v="2016-12-24T23:00Z/2016-12-25T00:00Z"/><Direction v="Z02"/><Quantity v="0"/><MeasureUnit v="KW1"/></Period><Period><TimeInterval v="2016-12-25T00:00Z/2016-12-25T01:00Z"/><Direction v="Z02"/><Quantity v="0"/><MeasureUnit v="KW1"/></Period><Period><TimeInterval v="2016-12-25T01:00Z/2016-12-25T02:00Z"/><Direction v="Z02"/><Quantity v="0"/><MeasureUnit v="KW1"/></Period><Period><TimeInterval v="2016-12-25T02:00Z/2016-12-25T03:00Z"/><Direction v="Z02"/><Quantity v="0"/><MeasureUnit v="KW1"/></Period><Period><TimeInterval v="2016-12-25T03:00Z/2016-12-25T04:00Z"/><Direction v="Z02"/><Quantity v="0"/><MeasureUnit v="KW1"/></Period><Period><TimeInterval v="2016-12-25T04:00Z/2016-12-25T05:00Z"/><Direction v="Z02"/><Quantity v="0"/><MeasureUnit v="KW1"/></Period></Category></ConnectionPoint><ConnectionPoint><Identification v="37Z000000006389D" codingScheme="305"/><Type v="Z26"/><Category><CapacityCode v="Z08"/><Period><TimeInterval v="2016-12-24T05:00Z/2016-12-24T06:00Z"/><Direction v="Z03"/><Quantity v="79520"/><MeasureUnit v="KW1"/></Period><Period><TimeInterval v="2016-12-24T06:00Z/2016-12-24T07:00Z"/><Direction v="Z03"/><Quantity v="150809"/><MeasureUnit v="KW1"/></Period><Period><TimeInterval v="2016-12-24T07:00Z/2016-12-24T08:00Z"/><Direction v="Z03"/><Quantity v="0"/><MeasureUnit v="KW1"/></Period><Period><TimeInterval v="2016-12-24T08:00Z/2016-12-24T09:00Z"/><Direction v="Z03"/><Quantity v="0"/><MeasureUnit v="KW1"/></Period><Period><TimeInterval v="2016-12-24T09:00Z/2016-12-24T10:00Z"/><Direction v="Z03"/><Quantity v="0"/><MeasureUnit v="KW1"/></Period><Period><TimeInterval v="2016-12-24T10:00Z/2016-12-24T11:00Z"/><Direction v="Z03"/><Quantity v="0"/><MeasureUnit v="KW1"/></Period><Period><TimeInterval v="2016-12-24T11:00Z/2016-12-24T12:00Z"/><Direction v="Z03"/><Quantity v="65277"/><MeasureUnit v="KW1"/></Period><Period><TimeInterval v="2016-12-24T12:00Z/2016-12-24T13:00Z"/><Direction v="Z03"/><Quantity v="65366"/><MeasureUnit v="KW1"/></Period><Period><TimeInterval v="2016-12-24T13:00Z/2016-12-24T14:00Z"/><Direction v="Z03"/><Quantity v="0"/><MeasureUnit v="KW1"/></Period><Period><TimeInterval v="2016-12-24T14:00Z/2016-12-24T15:00Z"/><Direction v="Z03"/><Quantity v="0"/><MeasureUnit v="KW1"/></Period><Period><TimeInterval v="2016-12-24T15:00Z/2016-12-24T16:00Z"/><Direction v="Z03"/><Quantity v="0"/><MeasureUnit v="KW1"/></Period><Period><TimeInterval v="2016-12-24T16:00Z/2016-12-24T17:00Z"/><Direction v="Z03"/><Quantity v="0"/><MeasureUnit v="KW1"/></Period><Period><TimeInterval v="2016-12-24T17:00Z/2016-12-24T18:00Z"/><Direction v="Z03"/><Quantity v="0"/><MeasureUnit v="KW1"/></Period><Period><TimeInterval v="2016-12-24T18:00Z/2016-12-24T19:00Z"/><Direction v="Z03"/><Quantity v="0"/><MeasureUnit v="KW1"/></Period><Period><TimeInterval v="2016-12-24T19:00Z/2016-12-24T20:00Z"/><Direction v="Z03"/><Quantity v="0"/><MeasureUnit v="KW1"/></Period><Period><TimeInterval v="2016-12-24T20:00Z/2016-12-24T21:00Z"/><Direction v="Z03"/><Quantity v="0"/><MeasureUnit v="KW1"/></Period><Period><TimeInterval v="2016-12-24T21:00Z/2016-12-24T22:00Z"/><Direction v="Z03"/><Quantity v="0"/><MeasureUnit v="KW1"/></Period><Period><TimeInterval v="2016-12-24T22:00Z/2016-12-24T23:00Z"/><Direction v="Z03"/><Quantity v="0"/><MeasureUnit v="KW1"/></Period><Period><TimeInterval v="2016-12-24T23:00Z/2016-12-25T00:00Z"/><Direction v="Z03"/><Quantity v="0"/><MeasureUnit v="KW1"/></Period><Period><TimeInterval v="2016-12-25T00:00Z/2016-12-25T01:00Z"/><Direction v="Z03"/><Quantity v="0"/><MeasureUnit v="KW1"/></Period><Period><TimeInterval v="2016-12-25T01:00Z/2016-12-25T02:00Z"/><Direction v="Z03"/><Quantity v="0"/><MeasureUnit v="KW1"/></Period><Period><TimeInterval v="2016-12-25T02:00Z/2016-12-25T03:00Z"/><Direction v="Z03"/><Quantity v="0"/><MeasureUnit v="KW1"/></Period><Period><TimeInterval v="2016-12-25T03:00Z/2016-12-25T04:00Z"/><Direction v="Z03"/><Quantity v="0"/><MeasureUnit v="KW1"/></Period><Period><TimeInterval v="2016-12-25T04:00Z/2016-12-25T05:00Z"/><Direction v="Z03"/><Quantity v="0"/><MeasureUnit v="KW1"/></Period></Category></ConnectionPoint><ConnectionPoint><Identification v="21Z000000000001G" codingScheme="305"/><Type v="Z25"/><Category><CapacityCode v="Z08"/><Period><TimeInterval v="2016-12-24T05:00Z/2016-12-24T06:00Z"/><Direction v="Z03"/><Quantity v="6041148"/><MeasureUnit v="KW1"/></Period><Period><TimeInterval v="2016-12-24T06:00Z/2016-12-24T07:00Z"/><Direction v="Z03"/><Quantity v="5692339"/><MeasureUnit v="KW1"/></Period><Period><TimeInterval v="2016-12-24T07:00Z/2016-12-24T08:00Z"/><Direction v="Z03"/><Quantity v="5719598"/><MeasureUnit v="KW1"/></Period><Period><TimeInterval v="2016-12-24T08:00Z/2016-12-24T09:00Z"/><Direction v="Z03"/><Quantity v="5735753"/><MeasureUnit v="KW1"/></Period><Period><TimeInterval v="2016-12-24T09:00Z/2016-12-24T10:00Z"/><Direction v="Z03"/><Quantity v="5718967"/><MeasureUnit v="KW1"/></Period><Period><TimeInterval v="2016-12-24T10:00Z/2016-12-24T11:00Z"/><Direction v="Z03"/><Quantity v="5732045"/><MeasureUnit v="KW1"/></Period><Period><TimeInterval v="2016-12-24T11:00Z/2016-12-24T12:00Z"/><Direction v="Z03"/><Quantity v="5719394"/><MeasureUnit v="KW1"/></Period><Period><TimeInterval v="2016-12-24T12:00Z/2016-12-24T13:00Z"/><Direction v="Z03"/><Quantity v="5737855"/><MeasureUnit v="KW1"/></Period><Period><TimeInterval v="2016-12-24T13:00Z/2016-12-24T14:00Z"/><Direction v="Z03"/><Quantity v="5725757"/><MeasureUnit v="KW1"/></Period><Period><TimeInterval v="2016-12-24T14:00Z/2016-12-24T15:00Z"/><Direction v="Z03"/><Quantity v="5750091"/><MeasureUnit v="KW1"/></Period><Period><TimeInterval v="2016-12-24T15:00Z/2016-12-24T16:00Z"/><Direction v="Z03"/><Quantity v="5794037"/><MeasureUnit v="KW1"/></Period><Period><TimeInterval v="2016-12-24T16:00Z/2016-12-24T17:00Z"/><Direction v="Z03"/><Quantity v="5834403"/><MeasureUnit v="KW1"/></Period><Period><TimeInterval v="2016-12-24T17:00Z/2016-12-24T18:00Z"/><Direction v="Z03"/><Quantity v="5895943"/><MeasureUnit v="KW1"/></Period><Period><TimeInterval v="2016-12-24T18:00Z/2016-12-24T19:00Z"/><Direction v="Z03"/><Quantity v="5812526"/><MeasureUnit v="KW1"/></Period><Period><TimeInterval v="2016-12-24T19:00Z/2016-12-24T20:00Z"/><Direction v="Z03"/><Quantity v="5773998"/><MeasureUnit v="KW1"/></Period><Period><TimeInterval v="2016-12-24T20:00Z/2016-12-24T21:00Z"/><Direction v="Z03"/><Quantity v="5818456"/><MeasureUnit v="KW1"/></Period><Period><TimeInterval v="2016-12-24T21:00Z/2016-12-24T22:00Z"/><Direction v="Z03"/><Quantity v="5873736"/><MeasureUnit v="KW1"/></Period><Period><TimeInterval v="2016-12-24T22:00Z/2016-12-24T23:00Z"/><Direction v="Z03"/><Quantity v="5885270"/><MeasureUnit v="KW1"/></Period><Period><TimeInterval v="2016-12-24T23:00Z/2016-12-25T00:00Z"/><Direction v="Z03"/><Quantity v="5897319"/><MeasureUnit v="KW1"/></Period><Period><TimeInterval v="2016-12-25T00:00Z/2016-12-25T01:00Z"/><Direction v="Z03"/><Quantity v="5972184"/><MeasureUnit v="KW1"/></Period><Period><TimeInterval v="2016-12-25T01:00Z/2016-12-25T02:00Z"/><Direction v="Z03"/><Quantity v="5957990"/><MeasureUnit v="KW1"/></Period><Period><TimeInterval v="2016-12-25T02:00Z/2016-12-25T03:00Z"/><Direction v="Z03"/><Quantity v="5883693"/><MeasureUnit v="KW1"/></Period><Period><TimeInterval v="2016-12-25T03:00Z/2016-12-25T04:00Z"/><Direction v="Z03"/><Quantity v="5858384"/><MeasureUnit v="KW1"/></Period><Period><TimeInterval v="2016-12-25T04:00Z/2016-12-25T05:00Z"/><Direction v="Z03"/><Quantity v="5850022"/><MeasureUnit v="KW1"/></Period></Category></ConnectionPoint><ConnectionPoint><Identification v="21Z000000000039S" codingScheme="305"/><Type v="Z25"/><Category><CapacityCode v="Z08"/><Period><TimeInterval v="2016-12-24T05:00Z/2016-12-24T06:00Z"/><Direction v="Z03"/><Quantity v="14605186"/><MeasureUnit v="KW1"/></Period><Period><TimeInterval v="2016-12-24T06:00Z/2016-12-24T07:00Z"/><Direction v="Z03"/><Quantity v="14367245"/><MeasureUnit v="KW1"/></Period><Period><TimeInterval v="2016-12-24T07:00Z/2016-12-24T08:00Z"/><Direction v="Z03"/><Quantity v="13937158"/><MeasureUnit v="KW1"/></Period><Period><TimeInterval v="2016-12-24T08:00Z/2016-12-24T09:00Z"/><Direction v="Z03"/><Quantity v="14117375"/><MeasureUnit v="KW1"/></Period><Period><TimeInterval v="2016-12-24T09:00Z/2016-12-24T10:00Z"/><Direction v="Z03"/><Quantity v="14032376"/><MeasureUnit v="KW1"/></Period><Period><TimeInterval v="2016-12-24T10:00Z/2016-12-24T11:00Z"/><Direction v="Z03"/><Quantity v="13966748"/><MeasureUnit v="KW1"/></Period><Period><TimeInterval v="2016-12-24T11:00Z/2016-12-24T12:00Z"/><Direction v="Z03"/><Quantity v="13533792"/><MeasureUnit v="KW1"/></Period><Period><TimeInterval v="2016-12-24T12:00Z/2016-12-24T13:00Z"/><Direction v="Z03"/><Quantity v="13618398"/><MeasureUnit v="KW1"/></Period><Period><TimeInterval v="2016-12-24T13:00Z/2016-12-24T14:00Z"/><Direction v="Z03"/><Quantity v="13630942"/><MeasureUnit v="KW1"/></Period><Period><TimeInterval v="2016-12-24T14:00Z/2016-12-24T15:00Z"/><Direction v="Z03"/><Quantity v="13663155"/><MeasureUnit v="KW1"/></Period><Period><TimeInterval v="2016-12-24T15:00Z/2016-12-24T16:00Z"/><Direction v="Z03"/><Quantity v="13648649"/><MeasureUnit v="KW1"/></Period><Period><TimeInterval v="2016-12-24T16:00Z/2016-12-24T17:00Z"/><Direction v="Z03"/><Quantity v="13648446"/><MeasureUnit v="KW1"/></Period><Period><TimeInterval v="2016-12-24T17:00Z/2016-12-24T18:00Z"/><Direction v="Z03"/><Quantity v="13664599"/><MeasureUnit v="KW1"/></Period><Period><TimeInterval v="2016-12-24T18:00Z/2016-12-24T19:00Z"/><Direction v="Z03"/><Quantity v="13992766"/><MeasureUnit v="KW1"/></Period><Period><TimeInterval v="2016-12-24T19:00Z/2016-12-24T20:00Z"/><Direction v="Z03"/><Quantity v="14713373"/><MeasureUnit v="KW1"/></Period><Period><TimeInterval v="2016-12-24T20:00Z/2016-12-24T21:00Z"/><Direction v="Z03"/><Quantity v="14741965"/><MeasureUnit v="KW1"/></Period><Period><TimeInterval v="2016-12-24T21:00Z/2016-12-24T22:00Z"/><Direction v="Z03"/><Quantity v="14797224"/><MeasureUnit v="KW1"/></Period><Period><TimeInterval v="2016-12-24T22:00Z/2016-12-24T23:00Z"/><Direction v="Z03"/><Quantity v="14819900"/><MeasureUnit v="KW1"/></Period><Period><TimeInterval v="2016-12-24T23:00Z/2016-12-25T00:00Z"/><Direction v="Z03"/><Quantity v="14887958"/><MeasureUnit v="KW1"/></Period><Period><TimeInterval v="2016-12-25T00:00Z/2016-12-25T01:00Z"/><Direction v="Z03"/><Quantity v="14949186"/><MeasureUnit v="KW1"/></Period><Period><TimeInterval v="2016-12-25T01:00Z/2016-12-25T02:00Z"/><Direction v="Z03"/><Quantity v="15044221"/><MeasureUnit v="KW1"/></Period><Period><TimeInterval v="2016-12-25T02:00Z/2016-12-25T03:00Z"/><Direction v="Z03"/><Quantity v="15036655"/><MeasureUnit v="KW1"/></Period><Period><TimeInterval v="2016-12-25T03:00Z/2016-12-25T04:00Z"/><Direction v="Z03"/><Quantity v="14943157"/><MeasureUnit v="KW1"/></Period><Period><TimeInterval v="2016-12-25T04:00Z/2016-12-25T05:00Z"/><Direction v="Z03"/><Quantity v="14610654"/><MeasureUnit v="KW1"/></Period></Category></ConnectionPoint><ConnectionPoint><Identification v="21Z000000000072U" codingScheme="305"/><Type v="Z25"/><Category><CapacityCode v="Z08"/><Period><TimeInterval v="2016-12-24T05:00Z/2016-12-24T06:00Z"/><Direction v="Z02"/><Quantity v="9929071"/><MeasureUnit v="KW1"/></Period><Period><TimeInterval v="2016-12-24T06:00Z/2016-12-24T07:00Z"/><Direction v="Z02"/><Quantity v="12082982"/><MeasureUnit v="KW1"/></Period><Period><TimeInterval v="2016-12-24T07:00Z/2016-12-24T08:00Z"/><Direction v="Z02"/><Quantity v="12267687"/><MeasureUnit v="KW1"/></Period><Period><TimeInterval v="2016-12-24T08:00Z/2016-12-24T09:00Z"/><Direction v="Z02"/><Quantity v="12108622"/><MeasureUnit v="KW1"/></Period><Period><TimeInterval v="2016-12-24T09:00Z/2016-12-24T10:00Z"/><Direction v="Z02"/><Quantity v="11767258"/><MeasureUnit v="KW1"/></Period><Period><TimeInterval v="2016-12-24T10:00Z/2016-12-24T11:00Z"/><Direction v="Z02"/><Quantity v="12226882"/><MeasureUnit v="KW1"/></Period><Period><TimeInterval v="2016-12-24T11:00Z/2016-12-24T12:00Z"/><Direction v="Z02"/><Quantity v="11507589"/><MeasureUnit v="KW1"/></Period><Period><TimeInterval v="2016-12-24T12:00Z/2016-12-24T13:00Z"/><Direction v="Z02"/><Quantity v="10810625"/><MeasureUnit v="KW1"/></Period><Period><TimeInterval v="2016-12-24T13:00Z/2016-12-24T14:00Z"/><Direction v="Z02"/><Quantity v="11949315"/><MeasureUnit v="KW1"/></Period><Period><TimeInterval v="2016-12-24T14:00Z/2016-12-24T15:00Z"/><Direction v="Z02"/><Quantity v="11436129"/><MeasureUnit v="KW1"/></Period><Period><TimeInterval v="2016-12-24T15:00Z/2016-12-24T16:00Z"/><Direction v="Z02"/><Quantity v="11830243"/><MeasureUnit v="KW1"/></Period><Period><TimeInterval v="2016-12-24T16:00Z/2016-12-24T17:00Z"/><Direction v="Z02"/><Quantity v="12048683"/><MeasureUnit v="KW1"/></Period><Period><TimeInterval v="2016-12-24T17:00Z/2016-12-24T18:00Z"/><Direction v="Z02"/><Quantity v="11797879"/><MeasureUnit v="KW1"/></Period><Period><TimeInterval v="2016-12-24T18:00Z/2016-12-24T19:00Z"/><Direction v="Z02"/><Quantity v="11505453"/><MeasureUnit v="KW1"/></Period><Period><TimeInterval v="2016-12-24T19:00Z/2016-12-24T20:00Z"/><Direction v="Z02"/><Quantity v="10141599"/><MeasureUnit v="KW1"/></Period><Period><TimeInterval v="2016-12-24T20:00Z/2016-12-24T21:00Z"/><Direction v="Z02"/><Quantity v="9522924"/><MeasureUnit v="KW1"/></Period><Period><TimeInterval v="2016-12-24T21:00Z/2016-12-24T22:00Z"/><Direction v="Z02"/><Quantity v="8706597"/><MeasureUnit v="KW1"/></Period><Period><TimeInterval v="2016-12-24T22:00Z/2016-12-24T23:00Z"/><Direction v="Z02"/><Quantity v="8927105"/><MeasureUnit v="KW1"/></Period><Period><TimeInterval v="2016-12-24T23:00Z/2016-12-25T00:00Z"/><Direction v="Z02"/><Quantity v="8372712"/><MeasureUnit v="KW1"/></Period><Period><TimeInterval v="2016-12-25T00:00Z/2016-12-25T01:00Z"/><Direction v="Z02"/><Quantity v="8529543"/><MeasureUnit v="KW1"/></Period><Period><TimeInterval v="2016-12-25T01:00Z/2016-12-25T02:00Z"/><Direction v="Z02"/><Quantity v="8551064"/><MeasureUnit v="KW1"/></Period><Period><TimeInterval v="2016-12-25T02:00Z/2016-12-25T03:00Z"/><Direction v="Z02"/><Quantity v="8516542"/><MeasureUnit v="KW1"/></Period><Period><TimeInterval v="2016-12-25T03:00Z/2016-12-25T04:00Z"/><Direction v="Z02"/><Quantity v="8690738"/><MeasureUnit v="KW1"/></Period><Period><TimeInterval v="2016-12-25T04:00Z/2016-12-25T05:00Z"/><Direction v="Z02"/><Quantity v="8461746"/><MeasureUnit v="KW1"/></Period></Category></ConnectionPoint><ConnectionPoint><Identification v="37Z000000001078I" codingScheme="305"/><Type v="Z26"/><Category><CapacityCode v="Z08"/><Period><TimeInterval v="2016-12-24T05:00Z/2016-12-24T06:00Z"/><Direction v="Z02"/><Quantity v="0"/><MeasureUnit v="KW1"/></Period><Period><TimeInterval v="2016-12-24T06:00Z/2016-12-24T07:00Z"/><Direction v="Z02"/><Quantity v="0"/><MeasureUnit v="KW1"/></Period><Period><TimeInterval v="2016-12-24T07:00Z/2016-12-24T08:00Z"/><Direction v="Z02"/><Quantity v="0"/><MeasureUnit v="KW1"/></Period><Period><TimeInterval v="2016-12-24T08:00Z/2016-12-24T09:00Z"/><Direction v="Z02"/><Quantity v="0"/><MeasureUnit v="KW1"/></Period><Period><TimeInterval v="2016-12-24T09:00Z/2016-12-24T10:00Z"/><Direction v="Z02"/><Quantity v="0"/><MeasureUnit v="KW1"/></Period><Period><TimeInterval v="2016-12-24T10:00Z/2016-12-24T11:00Z"/><Direction v="Z02"/><Quantity v="0"/><MeasureUnit v="KW1"/></Period><Period><TimeInterval v="2016-12-24T11:00Z/2016-12-24T12:00Z"/><Direction v="Z02"/><Quantity v="0"/><MeasureUnit v="KW1"/></Period><Period><TimeInterval v="2016-12-24T12:00Z/2016-12-24T13:00Z"/><Direction v="Z02"/><Quantity v="0"/><MeasureUnit v="KW1"/></Period><Period><TimeInterval v="2016-12-24T13:00Z/2016-12-24T14:00Z"/><Direction v="Z02"/><Quantity v="0"/><MeasureUnit v="KW1"/></Period><Period><TimeInterval v="2016-12-24T14:00Z/2016-12-24T15:00Z"/><Direction v="Z02"/><Quantity v="0"/><MeasureUnit v="KW1"/></Period><Period><TimeInterval v="2016-12-24T15:00Z/2016-12-24T16:00Z"/><Direction v="Z02"/><Quantity v="0"/><MeasureUnit v="KW1"/></Period><Period><TimeInterval v="2016-12-24T16:00Z/2016-12-24T17:00Z"/><Direction v="Z02"/><Quantity v="0"/><MeasureUnit v="KW1"/></Period><Period><TimeInterval v="2016-12-24T17:00Z/2016-12-24T18:00Z"/><Direction v="Z02"/><Quantity v="0"/><MeasureUnit v="KW1"/></Period><Period><TimeInterval v="2016-12-24T18:00Z/2016-12-24T19:00Z"/><Direction v="Z02"/><Quantity v="0"/><MeasureUnit v="KW1"/></Period><Period><TimeInterval v="2016-12-24T19:00Z/2016-12-24T20:00Z"/><Direction v="Z02"/><Quantity v="0"/><MeasureUnit v="KW1"/></Period><Period><TimeInterval v="2016-12-24T20:00Z/2016-12-24T21:00Z"/><Direction v="Z02"/><Quantity v="0"/><MeasureUnit v="KW1"/></Period><Period><TimeInterval v="2016-12-24T21:00Z/2016-12-24T22:00Z"/><Direction v="Z02"/><Quantity v="0"/><MeasureUnit v="KW1"/></Period><Period><TimeInterval v="2016-12-24T22:00Z/2016-12-24T23:00Z"/><Direction v="Z02"/><Quantity v="0"/><MeasureUnit v="KW1"/></Period><Period><TimeInterval v="2016-12-24T23:00Z/2016-12-25T00:00Z"/><Direction v="Z02"/><Quantity v="0"/><MeasureUnit v="KW1"/></Period><Period><TimeInterval v="2016-12-25T00:00Z/2016-12-25T01:00Z"/><Direction v="Z02"/><Quantity v="0"/><MeasureUnit v="KW1"/></Period><Period><TimeInterval v="2016-12-25T01:00Z/2016-12-25T02:00Z"/><Direction v="Z02"/><Quantity v="0"/><MeasureUnit v="KW1"/></Period><Period><TimeInterval v="2016-12-25T02:00Z/2016-12-25T03:00Z"/><Direction v="Z02"/><Quantity v="0"/><MeasureUnit v="KW1"/></Period><Period><TimeInterval v="2016-12-25T03:00Z/2016-12-25T04:00Z"/><Direction v="Z02"/><Quantity v="0"/><MeasureUnit v="KW1"/></Period><Period><TimeInterval v="2016-12-25T04:00Z/2016-12-25T05:00Z"/><Direction v="Z02"/><Quantity v="0"/><MeasureUnit v="KW1"/></Period></Category></ConnectionPoint><ConnectionPoint><Identification v="37Z000000006390S" codingScheme="305"/><Type v="Z26"/><Category><CapacityCode v="Z08"/><Period><TimeInterval v="2016-12-24T05:00Z/2016-12-24T06:00Z"/><Direction v="Z02"/><Quantity v="0"/><MeasureUnit v="KW1"/></Period><Period><TimeInterval v="2016-12-24T06:00Z/2016-12-24T07:00Z"/><Direction v="Z02"/><Quantity v="0"/><MeasureUnit v="KW1"/></Period><Period><TimeInterval v="2016-12-24T07:00Z/2016-12-24T08:00Z"/><Direction v="Z02"/><Quantity v="0"/><MeasureUnit v="KW1"/></Period><Period><TimeInterval v="2016-12-24T08:00Z/2016-12-24T09:00Z"/><Direction v="Z02"/><Quantity v="0"/><MeasureUnit v="KW1"/></Period><Period><TimeInterval v="2016-12-24T09:00Z/2016-12-24T10:00Z"/><Direction v="Z02"/><Quantity v="0"/><MeasureUnit v="KW1"/></Period><Period><TimeInterval v="2016-12-24T10:00Z/2016-12-24T11:00Z"/><Direction v="Z02"/><Quantity v="0"/><MeasureUnit v="KW1"/></Period><Period><TimeInterval v="2016-12-24T11:00Z/2016-12-24T12:00Z"/><Direction v="Z02"/><Quantity v="0"/><MeasureUnit v="KW1"/></Period><Period><TimeInterval v="2016-12-24T12:00Z/2016-12-24T13:00Z"/><Direction v="Z02"/><Quantity v="0"/><MeasureUnit v="KW1"/></Period><Period><TimeInterval v="2016-12-24T13:00Z/2016-12-24T14:00Z"/><Direction v="Z02"/><Quantity v="0"/><MeasureUnit v="KW1"/></Period><Period><TimeInterval v="2016-12-24T14:00Z/2016-12-24T15:00Z"/><Direction v="Z02"/><Quantity v="0"/><MeasureUnit v="KW1"/></Period><Period><TimeInterval v="2016-12-24T15:00Z/2016-12-24T16:00Z"/><Direction v="Z02"/><Quantity v="0"/><MeasureUnit v="KW1"/></Period><Period><TimeInterval v="2016-12-24T16:00Z/2016-12-24T17:00Z"/><Direction v="Z02"/><Quantity v="0"/><MeasureUnit v="KW1"/></Period><Period><TimeInterval v="2016-12-24T17:00Z/2016-12-24T18:00Z"/><Direction v="Z02"/><Quantity v="0"/><MeasureUnit v="KW1"/></Period><Period><TimeInterval v="2016-12-24T18:00Z/2016-12-24T19:00Z"/><Direction v="Z02"/><Quantity v="0"/><MeasureUnit v="KW1"/></Period><Period><TimeInterval v="2016-12-24T19:00Z/2016-12-24T20:00Z"/><Direction v="Z02"/><Quantity v="0"/><MeasureUnit v="KW1"/></Period><Period><TimeInterval v="2016-12-24T20:00Z/2016-12-24T21:00Z"/><Direction v="Z02"/><Quantity v="0"/><MeasureUnit v="KW1"/></Period><Period><TimeInterval v="2016-12-24T21:00Z/2016-12-24T22:00Z"/><Direction v="Z02"/><Quantity v="0"/><MeasureUnit v="KW1"/></Period><Period><TimeInterval v="2016-12-24T22:00Z/2016-12-24T23:00Z"/><Direction v="Z02"/><Quantity v="0"/><MeasureUnit v="KW1"/></Period><Period><TimeInterval v="2016-12-24T23:00Z/2016-12-25T00:00Z"/><Direction v="Z02"/><Quantity v="0"/><MeasureUnit v="KW1"/></Period><Period><TimeInterval v="2016-12-25T00:00Z/2016-12-25T01:00Z"/><Direction v="Z02"/><Quantity v="0"/><MeasureUnit v="KW1"/></Period><Period><TimeInterval v="2016-12-25T01:00Z/2016-12-25T02:00Z"/><Direction v="Z02"/><Quantity v="0"/><MeasureUnit v="KW1"/></Period><Period><TimeInterval v="2016-12-25T02:00Z/2016-12-25T03:00Z"/><Direction v="Z02"/><Quantity v="0"/><MeasureUnit v="KW1"/></Period><Period><TimeInterval v="2016-12-25T03:00Z/2016-12-25T04:00Z"/><Direction v="Z02"/><Quantity v="0"/><MeasureUnit v="KW1"/></Period><Period><TimeInterval v="2016-12-25T04:00Z/2016-12-25T05:00Z"/><Direction v="Z02"/><Quantity v="0"/><MeasureUnit v="KW1"/></Period></Category></ConnectionPoint><ConnectionPoint><Identification v="37Y000000000288Q" codingScheme="305"/><Type v="Z26"/><Category><CapacityCode v="Z08"/><Period><TimeInterval v="2016-12-24T05:00Z/2016-12-24T06:00Z"/><Direction v="Z02"/><Quantity v="1339498"/><MeasureUnit v="KW1"/></Period><Period><TimeInterval v="2016-12-24T06:00Z/2016-12-24T07:00Z"/><Direction v="Z02"/><Quantity v="1320662"/><MeasureUnit v="KW1"/></Period><Period><TimeInterval v="2016-12-24T07:00Z/2016-12-24T08:00Z"/><Direction v="Z02"/><Quantity v="1367684"/><MeasureUnit v="KW1"/></Period><Period><TimeInterval v="2016-12-24T08:00Z/2016-12-24T09:00Z"/><Direction v="Z02"/><Quantity v="1320241"/><MeasureUnit v="KW1"/></Period><Period><TimeInterval v="2016-12-24T09:00Z/2016-12-24T10:00Z"/><Direction v="Z02"/><Quantity v="1318904"/><MeasureUnit v="KW1"/></Period><Period><TimeInterval v="2016-12-24T10:00Z/2016-12-24T11:00Z"/><Direction v="Z02"/><Quantity v="1269122"/><MeasureUnit v="KW1"/></Period><Period><TimeInterval v="2016-12-24T11:00Z/2016-12-24T12:00Z"/><Direction v="Z02"/><Quantity v="1248733"/><MeasureUnit v="KW1"/></Period><Period><TimeInterval v="2016-12-24T12:00Z/2016-12-24T13:00Z"/><Direction v="Z02"/><Quantity v="1219767"/><MeasureUnit v="KW1"/></Period><Period><TimeInterval v="2016-12-24T13:00Z/2016-12-24T14:00Z"/><Direction v="Z02"/><Quantity v="1254409"/><MeasureUnit v="KW1"/></Period><Period><TimeInterval v="2016-12-24T14:00Z/2016-12-24T15:00Z"/><Direction v="Z02"/><Quantity v="1250187"/><MeasureUnit v="KW1"/></Period><Period><TimeInterval v="2016-12-24T15:00Z/2016-12-24T16:00Z"/><Direction v="Z02"/><Quantity v="1181255"/><MeasureUnit v="KW1"/></Period><Period><TimeInterval v="2016-12-24T16:00Z/2016-12-24T17:00Z"/><Direction v="Z02"/><Quantity v="1138728"/><MeasureUnit v="KW1"/></Period><Period><TimeInterval v="2016-12-24T17:00Z/2016-12-24T18:00Z"/><Direction v="Z02"/><Quantity v="1114284"/><MeasureUnit v="KW1"/></Period><Period><TimeInterval v="2016-12-24T18:00Z/2016-12-24T19:00Z"/><Direction v="Z02"/><Quantity v="1093222"/><MeasureUnit v="KW1"/></Period><Period><TimeInterval v="2016-12-24T19:00Z/2016-12-24T20:00Z"/><Direction v="Z02"/><Quantity v="1034902"/><MeasureUnit v="KW1"/></Period><Period><TimeInterval v="2016-12-24T20:00Z/2016-12-24T21:00Z"/><Direction v="Z02"/><Quantity v="1018020"/><MeasureUnit v="KW1"/></Period><Period><TimeInterval v="2016-12-24T21:00Z/2016-12-24T22:00Z"/><Direction v="Z02"/><Quantity v="881234"/><MeasureUnit v="KW1"/></Period><Period><TimeInterval v="2016-12-24T22:00Z/2016-12-24T23:00Z"/><Direction v="Z02"/><Quantity v="791998"/><MeasureUnit v="KW1"/></Period><Period><TimeInterval v="2016-12-24T23:00Z/2016-12-25T00:00Z"/><Direction v="Z02"/><Quantity v="639742"/><MeasureUnit v="KW1"/></Period><Period><TimeInterval v="2016-12-25T00:00Z/2016-12-25T01:00Z"/><Direction v="Z02"/><Quantity v="656089"/><MeasureUnit v="KW1"/></Period><Period><TimeInterval v="2016-12-25T01:00Z/2016-12-25T02:00Z"/><Direction v="Z02"/><Quantity v="721557"/><MeasureUnit v="KW1"/></Period><Period><TimeInterval v="2016-12-25T02:00Z/2016-12-25T03:00Z"/><Direction v="Z02"/><Quantity v="680653"/><MeasureUnit v="KW1"/></Period><Period><TimeInterval v="2016-12-25T03:00Z/2016-12-25T04:00Z"/><Direction v="Z02"/><Quantity v="739281"/><MeasureUnit v="KW1"/></Period><Period><TimeInterval v="2016-12-25T04:00Z/2016-12-25T05:00Z"/><Direction v="Z02"/><Quantity v="919431"/><MeasureUnit v="KW1"/></Period></Category></ConnectionPoint><ConnectionPoint><Identification v="37Y000000000385S" codingScheme="305"/><Type v="Z26"/><Category><CapacityCode v="Z08"/><Period><TimeInterval v="2016-12-24T05:00Z/2016-12-24T06:00Z"/><Direction v="Z02"/><Quantity v="0"/><MeasureUnit v="KW1"/></Period><Period><TimeInterval v="2016-12-24T06:00Z/2016-12-24T07:00Z"/><Direction v="Z02"/><Quantity v="0"/><MeasureUnit v="KW1"/></Period><Period><TimeInterval v="2016-12-24T07:00Z/2016-12-24T08:00Z"/><Direction v="Z02"/><Quantity v="0"/><MeasureUnit v="KW1"/></Period><Period><TimeInterval v="2016-12-24T08:00Z/2016-12-24T09:00Z"/><Direction v="Z02"/><Quantity v="0"/><MeasureUnit v="KW1"/></Period><Period><TimeInterval v="2016-12-24T09:00Z/2016-12-24T10:00Z"/><Direction v="Z02"/><Quantity v="0"/><MeasureUnit v="KW1"/></Period><Period><TimeInterval v="2016-12-24T10:00Z/2016-12-24T11:00Z"/><Direction v="Z02"/><Quantity v="0"/><MeasureUnit v="KW1"/></Period><Period><TimeInterval v="2016-12-24T11:00Z/2016-12-24T12:00Z"/><Direction v="Z02"/><Quantity v="0"/><MeasureUnit v="KW1"/></Period><Period><TimeInterval v="2016-12-24T12:00Z/2016-12-24T13:00Z"/><Direction v="Z02"/><Quantity v="0"/><MeasureUnit v="KW1"/></Period><Period><TimeInterval v="2016-12-24T13:00Z/2016-12-24T14:00Z"/><Direction v="Z02"/><Quantity v="0"/><MeasureUnit v="KW1"/></Period><Period><TimeInterval v="2016-12-24T14:00Z/2016-12-24T15:00Z"/><Direction v="Z02"/><Quantity v="0"/><MeasureUnit v="KW1"/></Period><Period><TimeInterval v="2016-12-24T15:00Z/2016-12-24T16:00Z"/><Direction v="Z02"/><Quantity v="0"/><MeasureUnit v="KW1"/></Period><Period><TimeInterval v="2016-12-24T16:00Z/2016-12-24T17:00Z"/><Direction v="Z02"/><Quantity v="0"/><MeasureUnit v="KW1"/></Period><Period><TimeInterval v="2016-12-24T17:00Z/2016-12-24T18:00Z"/><Direction v="Z02"/><Quantity v="0"/><MeasureUnit v="KW1"/></Period><Period><TimeInterval v="2016-12-24T18:00Z/2016-12-24T19:00Z"/><Direction v="Z02"/><Quantity v="0"/><MeasureUnit v="KW1"/></Period><Period><TimeInterval v="2016-12-24T19:00Z/2016-12-24T20:00Z"/><Direction v="Z02"/><Quantity v="0"/><MeasureUnit v="KW1"/></Period><Period><TimeInterval v="2016-12-24T20:00Z/2016-12-24T21:00Z"/><Direction v="Z02"/><Quantity v="0"/><MeasureUnit v="KW1"/></Period><Period><TimeInterval v="2016-12-24T21:00Z/2016-12-24T22:00Z"/><Direction v="Z02"/><Quantity v="0"/><MeasureUnit v="KW1"/></Period><Period><TimeInterval v="2016-12-24T22:00Z/2016-12-24T23:00Z"/><Direction v="Z02"/><Quantity v="0"/><MeasureUnit v="KW1"/></Period><Period><TimeInterval v="2016-12-24T23:00Z/2016-12-25T00:00Z"/><Direction v="Z02"/><Quantity v="0"/><MeasureUnit v="KW1"/></Period><Period><TimeInterval v="2016-12-25T00:00Z/2016-12-25T01:00Z"/><Direction v="Z02"/><Quantity v="0"/><MeasureUnit v="KW1"/></Period><Period><TimeInterval v="2016-12-25T01:00Z/2016-12-25T02:00Z"/><Direction v="Z02"/><Quantity v="0"/><MeasureUnit v="KW1"/></Period><Period><TimeInterval v="2016-12-25T02:00Z/2016-12-25T03:00Z"/><Direction v="Z02"/><Quantity v="0"/><MeasureUnit v="KW1"/></Period><Period><TimeInterval v="2016-12-25T03:00Z/2016-12-25T04:00Z"/><Direction v="Z02"/><Quantity v="0"/><MeasureUnit v="KW1"/></Period><Period><TimeInterval v="2016-12-25T04:00Z/2016-12-25T05:00Z"/><Direction v="Z02"/><Quantity v="0"/><MeasureUnit v="KW1"/></Period></Category></ConnectionPoint><ConnectionPoint><Identification v="21Z000000000343P" codingScheme="305"/><Type v="Z31"/><Category><CapacityCode v="Z08"/><Period><TimeInterval v="2016-12-24T05:00Z/2016-12-24T06:00Z"/><Direction v="Z03"/><Quantity v="3757935"/><MeasureUnit v="KW1"/></Period><Period><TimeInterval v="2016-12-24T06:00Z/2016-12-24T07:00Z"/><Direction v="Z03"/><Quantity v="3917869"/><MeasureUnit v="KW1"/></Period><Period><TimeInterval v="2016-12-24T07:00Z/2016-12-24T08:00Z"/><Direction v="Z03"/><Quantity v="4042266"/><MeasureUnit v="KW1"/></Period><Period><TimeInterval v="2016-12-24T08:00Z/2016-12-24T09:00Z"/><Direction v="Z03"/><Quantity v="4138228"/><MeasureUnit v="KW1"/></Period><Period><TimeInterval v="2016-12-24T09:00Z/2016-12-24T10:00Z"/><Direction v="Z03"/><Quantity v="4075525"/><MeasureUnit v="KW1"/></Period><Period><TimeInterval v="2016-12-24T10:00Z/2016-12-24T11:00Z"/><Direction v="Z03"/><Quantity v="3968748"/><MeasureUnit v="KW1"/></Period><Period><TimeInterval v="2016-12-24T11:00Z/2016-12-24T12:00Z"/><Direction v="Z03"/><Quantity v="3945461"/><MeasureUnit v="KW1"/></Period><Period><TimeInterval v="2016-12-24T12:00Z/2016-12-24T13:00Z"/><Direction v="Z03"/><Quantity v="3904005"/><MeasureUnit v="KW1"/></Period><Period><TimeInterval v="2016-12-24T13:00Z/2016-12-24T14:00Z"/><Direction v="Z03"/><Quantity v="3884125"/><MeasureUnit v="KW1"/></Period><Period><TimeInterval v="2016-12-24T14:00Z/2016-12-24T15:00Z"/><Direction v="Z03"/><Quantity v="3913421"/><MeasureUnit v="KW1"/></Period><Period><TimeInterval v="2016-12-24T15:00Z/2016-12-24T16:00Z"/><Direction v="Z03"/><Quantity v="3936381"/><MeasureUnit v="KW1"/></Period><Period><TimeInterval v="2016-12-24T16:00Z/2016-12-24T17:00Z"/><Direction v="Z03"/><Quantity v="3893439"/><MeasureUnit v="KW1"/></Period><Period><TimeInterval v="2016-12-24T17:00Z/2016-12-24T18:00Z"/><Direction v="Z03"/><Quantity v="3756674"/><MeasureUnit v="KW1"/></Period><Period><TimeInterval v="2016-12-24T18:00Z/2016-12-24T19:00Z"/><Direction v="Z03"/><Quantity v="3504330"/><MeasureUnit v="KW1"/></Period><Period><TimeInterval v="2016-12-24T19:00Z/2016-12-24T20:00Z"/><Direction v="Z03"/><Quantity v="3324883"/><MeasureUnit v="KW1"/></Period><Period><TimeInterval v="2016-12-24T20:00Z/2016-12-24T21:00Z"/><Direction v="Z03"/><Quantity v="3333453"/><MeasureUnit v="KW1"/></Period><Period><TimeInterval v="2016-12-24T21:00Z/2016-12-24T22:00Z"/><Direction v="Z03"/><Quantity v="3322364"/><MeasureUnit v="KW1"/></Period><Period><TimeInterval v="2016-12-24T22:00Z/2016-12-24T23:00Z"/><Direction v="Z03"/><Quantity v="3338531"/><MeasureUnit v="KW1"/></Period><Period><TimeInterval v="2016-12-24T23:00Z/2016-12-25T00:00Z"/><Direction v="Z03"/><Quantity v="3412412"/><MeasureUnit v="KW1"/></Period><Period><TimeInterval v="2016-12-25T00:00Z/2016-12-25T01:00Z"/><Direction v="Z03"/><Quantity v="3446858"/><MeasureUnit v="KW1"/></Period><Period><TimeInterval v="2016-12-25T01:00Z/2016-12-25T02:00Z"/><Direction v="Z03"/><Quantity v="3467960"/><MeasureUnit v="KW1"/></Period><Period><TimeInterval v="2016-12-25T02:00Z/2016-12-25T03:00Z"/><Direction v="Z03"/><Quantity v="3477859"/><MeasureUnit v="KW1"/></Period><Period><TimeInterval v="2016-12-25T03:00Z/2016-12-25T04:00Z"/><Direction v="Z03"/><Quantity v="3444513"/><MeasureUnit v="KW1"/></Period><Period><TimeInterval v="2016-12-25T04:00Z/2016-12-25T05:00Z"/><Direction v="Z03"/><Quantity v="3425531"/><MeasureUnit v="KW1"/></Period></Category></ConnectionPoint></TransparencyPublication>