<?xml version="1.0" encoding="UTF-8"?><TransparencyPublication Version="EGAS50" Release="A"><Identification v="TRANPB20170102A103975"/><Version v="1"/><Type v="AL6"/><CreationDateTime v="2017-01-02T07:13:48.139Z"/><ValidityPeriod v="2016-12-25T05:00Z/2016-12-26T05:00Z"/><IssuerIdentification v="21X-DE-C-A0A0A-T" codingScheme="305"/><IssuerRole v="ZSO"/><RecipientIdentification v="10X1001A1001A353" codingScheme="305"/><RecipientRole v="ZUA"/><ConnectionPoint><Identification v="37Z000000006231B" codingScheme="305"/><Type v="Z26"/><Category><CapacityCode v="Z08"/><Period><TimeInterval v="2016-12-25T05:00Z/2016-12-25T06:00Z"/><Direction v="Z02"/><Quantity v="0"/><MeasureUnit v="KW1"/></Period><Period><TimeInterval v="2016-12-25T06:00Z/2016-12-25T07:00Z"/><Direction v="Z02"/><Quantity v="0"/><MeasureUnit v="KW1"/></Period><Period><TimeInterval v="2016-12-25T07:00Z/2016-12-25T08:00Z"/><Direction v="Z02"/><Quantity v="0"/><MeasureUnit v="KW1"/></Period><Period><TimeInterval v="2016-12-25T08:00Z/2016-12-25T09:00Z"/><Direction v="Z02"/><Quantity v="0"/><MeasureUnit v="KW1"/></Period><Period><TimeInterval v="2016-12-25T09:00Z/2016-12-25T10:00Z"/><Direction v="Z02"/><Quantity v="0"/><MeasureUnit v="KW1"/></Period><Period><TimeInterval v="2016-12-25T10:00Z/2016-12-25T11:00Z"/><Direction v="Z02"/><Quantity v="0"/><MeasureUnit v="KW1"/></Period><Period><TimeInterval v="2016-12-25T11:00Z/2016-12-25T12:00Z"/><Direction v="Z02"/><Quantity v="0"/><MeasureUnit v="KW1"/></Period><Period><TimeInterval v="2016-12-25T12:00Z/2016-12-25T13:00Z"/><Direction v="Z02"/><Quantity v="0"/><MeasureUnit v="KW1"/></Period><Period><TimeInterval v="2016-12-25T13:00Z/2016-12-25T14:00Z"/><Direction v="Z02"/><Quantity v="0"/><MeasureUnit v="KW1"/></Period><Period><TimeInterval v="2016-12-25T14:00Z/2016-12-25T15:00Z"/><Direction v="Z02"/><Quantity v="0"/><MeasureUnit v="KW1"/></Period><Period><TimeInterval v="2016-12-25T15:00Z/2016-12-25T16:00Z"/><Direction v="Z02"/><Quantity v="0"/><MeasureUnit v="KW1"/></Period><Period><TimeInterval v="2016-12-25T16:00Z/2016-12-25T17:00Z"/><Direction v="Z02"/><Quantity v="0"/><MeasureUnit v="KW1"/></Period><Period><TimeInterval v="2016-12-25T17:00Z/2016-12-25T18:00Z"/><Direction v="Z02"/><Quantity v="0"/><MeasureUnit v="KW1"/></Period><Period><TimeInterval v="2016-12-25T18:00Z/2016-12-25T19:00Z"/><Direction v="Z02"/><Quantity v="0"/><MeasureUnit v="KW1"/></Period><Period><TimeInterval v="2016-12-25T19:00Z/2016-12-25T20:00Z"/><Direction v="Z02"/><Quantity v="0"/><MeasureUnit v="KW1"/></Period><Period><TimeInterval v="2016-12-25T20:00Z/2016-12-25T21:00Z"/><Direction v="Z02"/><Quantity v="0"/><MeasureUnit v="KW1"/></Period><Period><TimeInterval v="2016-12-25T21:00Z/2016-12-25T22:00Z"/><Direction v="Z02"/><Quantity v="0"/><MeasureUnit v="KW1"/></Period><Period><TimeInterval v="2016-12-25T22:00Z/2016-12-25T23:00Z"/><Direction v="Z02"/><Quantity v="0"/><MeasureUnit v="KW1"/></Period><Period><TimeInterval v="2016-12-25T23:00Z/2016-12-26T00:00Z"/><Direction v="Z02"/><Quantity v="0"/><MeasureUnit v="KW1"/></Period><Period><TimeInterval v="2016-12-26T00:00Z/2016-12-26T01:00Z"/><Direction v="Z02"/><Quantity v="0"/><MeasureUnit v="KW1"/></Period><Period><TimeInterval v="2016-12-26T01:00Z/2016-12-26T02:00Z"/><Direction v="Z02"/><Quantity v="0"/><MeasureUnit v="KW1"/></Period><Period><TimeInterval v="2016-12-26T02:00Z/2016-12-26T03:00Z"/><Direction v="Z02"/><Quantity v="0"/><MeasureUnit v="KW1"/></Period><Period><TimeInterval v="2016-12-26T03:00Z/2016-12-26T04:00Z"/><Direction v="Z02"/><Quantity v="0"/><MeasureUnit v="KW1"/></Period><Period><TimeInterval v="2016-12-26T04:00Z/2016-12-26T05:00Z"/><Direction v="Z02"/><Quantity v="0"/><MeasureUnit v="KW1"/></Period></Category></ConnectionPoint><ConnectionPoint><Identification v="21Z000000000071W" codingScheme="305"/><Type v="Z25"/><Category><CapacityCode v="Z08"/><Period><TimeInterval v="2016-12-25T05:00Z/2016-12-25T06:00Z"/><Direction v="Z02"/><Quantity v="7861599"/><MeasureUnit v="KW1"/></Period><Period><TimeInterval v="2016-12-25T06:00Z/2016-12-25T07:00Z"/><Direction v="Z02"/><Quantity v="7843485"/><MeasureUnit v="KW1"/></Period><Period><TimeInterval v="2016-12-25T07:00Z/2016-12-25T08:00Z"/><Direction v="Z02"/><Quantity v="7902922"/><MeasureUnit v="KW1"/></Period><Period><TimeInterval v="2016-12-25T08:00Z/2016-12-25T09:00Z"/><Direction v="Z02"/><Quantity v="7902357"/><MeasureUnit v="KW1"/></Period><Period><TimeInterval v="2016-12-25T09:00Z/2016-12-25T10:00Z"/><Direction v="Z02"/><Quantity v="7921755"/><MeasureUnit v="KW1"/></Period><Period><TimeInterval v="2016-12-25T10:00Z/2016-12-25T11:00Z"/><Direction v="Z02"/><Quantity v="7833303"/><MeasureUnit v="KW1"/></Period><Period><TimeInterval v="2016-12-25T11:00Z/2016-12-25T12:00Z"/><Direction v="Z02"/><Quantity v="7916974"/><MeasureUnit v="KW1"/></Period><Period><TimeInterval v="2016-12-25T12:00Z/2016-12-25T13:00Z"/><Direction v="Z02"/><Quantity v="8027739"/><MeasureUnit v="KW1"/></Period><Period><TimeInterval v="2016-12-25T13:00Z/2016-12-25T14:00Z"/><Direction v="Z02"/><Quantity v="7868200"/><MeasureUnit v="KW1"/></Period><Period><TimeInterval v="2016-12-25T14:00Z/2016-12-25T15:00Z"/><Direction v="Z02"/><Quantity v="7872518"/><MeasureUnit v="KW1"/></Period><Period><TimeInterval v="2016-12-25T15:00Z/2016-12-25T16:00Z"/><Direction v="Z02"/><Quantity v="7868890"/><MeasureUnit v="KW1"/></Period><Period><TimeInterval v="2016-12-25T16:00Z/2016-12-25T17:00Z"/><Direction v="Z02"/><Quantity v="7933755"/><MeasureUnit v="KW1"/></Period><Period><TimeInterval v="2016-12-25T17:00Z/2016-12-25T18:00Z"/><Direction v="Z02"/><Quantity v="7292197"/><MeasureUnit v="KW1"/></Period><Period><TimeInterval v="2016-12-25T18:00Z/2016-12-25T19:00Z"/><Direction v="Z02"/><Quantity v="7180826"/><MeasureUnit v="KW1"/></Period><Period><TimeInterval v="2016-12-25T19:00Z/2016-12-25T20:00Z"/><Direction v="Z02"/><Quantity v="7127220"/><MeasureUnit v="KW1"/></Period><Period><TimeInterval v="2016-12-25T20:00Z/2016-12-25T21:00Z"/><Direction v="Z02"/><Quantity v="7192546"/><MeasureUnit v="KW1"/></Period><Period><TimeInterval v="2016-12-25T21:00Z/2016-12-25T22:00Z"/><Direction v="Z02"/><Quantity v="7103187"/><MeasureUnit v="KW1"/></Period><Period><TimeInterval v="2016-12-25T22:00Z/2016-12-25T23:00Z"/><Direction v="Z02"/><Quantity v="7231201"/><MeasureUnit v="KW1"/></Period><Period><TimeInterval v="2016-12-25T23:00Z/2016-12-26T00:00Z"/><Direction v="Z02"/><Quantity v="7193303"/><MeasureUnit v="KW1"/></Period><Period><TimeInterval v="2016-12-26T00:00Z/2016-12-26T01:00Z"/><Direction v="Z02"/><Quantity v="7198506"/><MeasureUnit v="KW1"/></Period><Period><TimeInterval v="2016-12-26T01:00Z/2016-12-26T02:00Z"/><Direction v="Z02"/><Quantity v="7190582"/><MeasureUnit v="KW1"/></Period><Period><TimeInterval v="2016-12-26T02:00Z/2016-12-26T03:00Z"/><Direction v="Z02"/><Quantity v="7211663"/><MeasureUnit v="KW1"/></Period><Period><TimeInterval v="2016-12-26T03:00Z/2016-12-26T04:00Z"/><Direction v="Z02"/><Quantity v="7171595"/><MeasureUnit v="KW1"/></Period><Period><TimeInterval v="2016-12-26T04:00Z/2016-12-26T05:00Z"/><Direction v="Z02"/><Quantity v="7167142"/><MeasureUnit v="KW1"/></Period></Category></ConnectionPoint><ConnectionPoint><Identification v="21Z0000000000163" codingScheme="305"/><Type v="Z25"/><Category><CapacityCode v="Z08"/><Period><TimeInterval v="2016-12-25T05:00Z/2016-12-25T06:00Z"/><Direction v="Z03"/><Quantity v="3286111"/><MeasureUnit v="KW1"/></Period><Period><TimeInterval v="2016-12-25T06:00Z/2016-12-25T07:00Z"/><Direction v="Z03"/><Quantity v="3275000"/><MeasureUnit v="KW1"/></Period><Period><TimeInterval v="2016-12-25T07:00Z/2016-12-25T08:00Z"/><Direction v="Z03"/><Quantity v="3277777"/><MeasureUnit v="KW1"/></Period><Period><TimeInterval v="2016-12-25T08:00Z/2016-12-25T09:00Z"/><Direction v="Z03"/><Quantity v="3275000"/><MeasureUnit v="KW1"/></Period><Period><TimeInterval v="2016-12-25T09:00Z/2016-12-25T10:00Z"/><Direction v="Z03"/><Quantity v="3288889"/><MeasureUnit v="KW1"/></Period><Period><TimeInterval v="2016-12-25T10:00Z/2016-12-25T11:00Z"/><Direction v="Z03"/><Quantity v="3316667"/><MeasureUnit v="KW1"/></Period><Period><TimeInterval v="2016-12-25T11:00Z/2016-12-25T12:00Z"/><Direction v="Z03"/><Quantity v="3297222"/><MeasureUnit v="KW1"/></Period><Period><TimeInterval v="2016-12-25T12:00Z/2016-12-25T13:00Z"/><Direction v="Z03"/><Quantity v="3316667"/><MeasureUnit v="KW1"/></Period><Period><TimeInterval v="2016-12-25T13:00Z/2016-12-25T14:00Z"/><Direction v="Z03"/><Quantity v="3297222"/><MeasureUnit v="KW1"/></Period><Period><TimeInterval v="2016-12-25T14:00Z/2016-12-25T15:00Z"/><Direction v="Z03"/><Quantity v="3288889"/><MeasureUnit v="KW1"/></Period><Period><TimeInterval v="2016-12-25T15:00Z/2016-12-25T16:00Z"/><Direction v="Z03"/><Quantity v="3258333"/><MeasureUnit v="KW1"/></Period><Period><TimeInterval v="2016-12-25T16:00Z/2016-12-25T17:00Z"/><Direction v="Z03"/><Quantity v="3275000"/><MeasureUnit v="KW1"/></Period><Period><TimeInterval v="2016-12-25T17:00Z/2016-12-25T18:00Z"/><Direction v="Z03"/><Quantity v="3291667"/><MeasureUnit v="KW1"/></Period><Period><TimeInterval v="2016-12-25T18:00Z/2016-12-25T19:00Z"/><Direction v="Z03"/><Quantity v="3277778"/><MeasureUnit v="KW1"/></Period><Period><TimeInterval v="2016-12-25T19:00Z/2016-12-25T20:00Z"/><Direction v="Z03"/><Quantity v="3283333"/><MeasureUnit v="KW1"/></Period><Period><TimeInterval v="2016-12-25T20:00Z/2016-12-25T21:00Z"/><Direction v="Z03"/><Quantity v="3272222"/><MeasureUnit v="KW1"/></Period><Period><TimeInterval v="2016-12-25T21:00Z/2016-12-25T22:00Z"/><Direction v="Z03"/><Quantity v="3286111"/><MeasureUnit v="KW1"/></Period><Period><TimeInterval v="2016-12-25T22:00Z/2016-12-25T23:00Z"/><Direction v="Z03"/><Quantity v="3277778"/><MeasureUnit v="KW1"/></Period><Period><TimeInterval v="2016-12-25T23:00Z/2016-12-26T00:00Z"/><Direction v="Z03"/><Quantity v="3244445"/><MeasureUnit v="KW1"/></Period><Period><TimeInterval v="2016-12-26T00:00Z/2016-12-26T01:00Z"/><Direction v="Z03"/><Quantity v="3158333"/><MeasureUnit v="KW1"/></Period><Period><TimeInterval v="2016-12-26T01:00Z/2016-12-26T02:00Z"/><Direction v="Z03"/><Quantity v="3175000"/><MeasureUnit v="KW1"/></Period><Period><TimeInterval v="2016-12-26T02:00Z/2016-12-26T03:00Z"/><Direction v="Z03"/><Quantity v="3175000"/><MeasureUnit v="KW1"/></Period><Period><TimeInterval v="2016-12-26T03:00Z/2016-12-26T04:00Z"/><Direction v="Z03"/><Quantity v="3194444"/><MeasureUnit v="KW1"/></Period><Period><TimeInterval v="2016-12-26T04:00Z/2016-12-26T05:00Z"/><Direction v="Z03"/><Quantity v="3219445"/><MeasureUnit v="KW1"/></Period></Category></ConnectionPoint><ConnectionPoint><Identification v="21Z000000000342R" codingScheme="305"/><Type v="Z28"/><Category><CapacityCode v="Z08"/><Period><TimeInterval v="2016-12-25T05:00Z/2016-12-25T06:00Z"/><Direction v="Z02"/><Quantity v="626315"/><MeasureUnit v="KW1"/></Period><Period><TimeInterval v="2016-12-25T06:00Z/2016-12-25T07:00Z"/><Direction v="Z02"/><Quantity v="627186"/><MeasureUnit v="KW1"/></Period><Period><TimeInterval v="2016-12-25T07:00Z/2016-12-25T08:00Z"/><Direction v="Z02"/><Quantity v="629259"/><MeasureUnit v="KW1"/></Period><Period><TimeInterval v="2016-12-25T08:00Z/2016-12-25T09:00Z"/><Direction v="Z02"/><Quantity v="629959"/><MeasureUnit v="KW1"/></Period><Period><TimeInterval v="2016-12-25T09:00Z/2016-12-25T10:00Z"/><Direction v="Z02"/><Quantity v="631700"/><MeasureUnit v="KW1"/></Period><Period><TimeInterval v="2016-12-25T10:00Z/2016-12-25T11:00Z"/><Direction v="Z02"/><Quantity v="629684"/><MeasureUnit v="KW1"/></Period><Period><TimeInterval v="2016-12-25T11:00Z/2016-12-25T12:00Z"/><Direction v="Z02"/><Quantity v="631788"/><MeasureUnit v="KW1"/></Period><Period><TimeInterval v="2016-12-25T12:00Z/2016-12-25T13:00Z"/><Direction v="Z02"/><Quantity v="627848"/><MeasureUnit v="KW1"/></Period><Period><TimeInterval v="2016-12-25T13:00Z/2016-12-25T14:00Z"/><Direction v="Z02"/><Quantity v="626960"/><MeasureUnit v="KW1"/></Period><Period><TimeInterval v="2016-12-25T14:00Z/2016-12-25T15:00Z"/><Direction v="Z02"/><Quantity v="626808"/><MeasureUnit v="KW1"/></Period><Period><TimeInterval v="2016-12-25T15:00Z/2016-12-25T16:00Z"/><Direction v="Z02"/><Quantity v="625365"/><MeasureUnit v="KW1"/></Period><Period><TimeInterval v="2016-12-25T16:00Z/2016-12-25T17:00Z"/><Direction v="Z02"/><Quantity v="626219"/><MeasureUnit v="KW1"/></Period><Period><TimeInterval v="2016-12-25T17:00Z/2016-12-25T18:00Z"/><Direction v="Z02"/><Quantity v="624088"/><MeasureUnit v="KW1"/></Period><Period><TimeInterval v="2016-12-25T18:00Z/2016-12-25T19:00Z"/><Direction v="Z02"/><Quantity v="624001"/><MeasureUnit v="KW1"/></Period><Period><TimeInterval v="2016-12-25T19:00Z/2016-12-25T20:00Z"/><Direction v="Z02"/><Quantity v="622745"/><MeasureUnit v="KW1"/></Period><Period><TimeInterval v="2016-12-25T20:00Z/2016-12-25T21:00Z"/><Direction v="Z02"/><Quantity v="620440"/><MeasureUnit v="KW1"/></Period><Period><TimeInterval v="2016-12-25T21:00Z/2016-12-25T22:00Z"/><Direction v="Z02"/><Quantity v="617121"/><MeasureUnit v="KW1"/></Period><Period><TimeInterval v="2016-12-25T22:00Z/2016-12-25T23:00Z"/><Direction v="Z02"/><Quantity v="616137"/><MeasureUnit v="KW1"/></Period><Period><TimeInterval v="2016-12-25T23:00Z/2016-12-26T00:00Z"/><Direction v="Z02"/><Quantity v="615252"/><MeasureUnit v="KW1"/></Period><Period><TimeInterval v="2016-12-26T00:00Z/2016-12-26T01:00Z"/><Direction v="Z02"/><Quantity v="613950"/><MeasureUnit v="KW1"/></Period><Period><TimeInterval v="2016-12-26T01:00Z/2016-12-26T02:00Z"/><Direction v="Z02"/><Quantity v="612111"/><MeasureUnit v="KW1"/></Period><Period><TimeInterval v="2016-12-26T02:00Z/2016-12-26T03:00Z"/><Direction v="Z02"/><Quantity v="612078"/><MeasureUnit v="KW1"/></Period><Period><TimeInterval v="2016-12-26T03:00Z/2016-12-26T04:00Z"/><Direction v="Z02"/><Quantity v="615829"/><MeasureUnit v="KW1"/></Period><Period><TimeInterval v="2016-12-26T04:00Z/2016-12-26T05:00Z"/><Direction v="Z02"/><Quantity v="620452"/><MeasureUnit v="KW1"/></Period></Category></ConnectionPoint><ConnectionPoint><Identification v="21Z000000000343P" codingScheme="305"/><Type v="Z31"/><Category><CapacityCode v="Z08"/><Period><TimeInterval v="2016-12-25T05:00Z/2016-12-25T06:00Z"/><Direction v="Z03"/><Quantity v="3545779"/><MeasureUnit v="KW1"/></Period><Period><TimeInterval v="2016-12-25T06:00Z/2016-12-25T07:00Z"/><Direction v="Z03"/><Quantity v="3521077"/><MeasureUnit v="KW1"/></Period><Period><TimeInterval v="2016-12-25T07:00Z/2016-12-25T08:00Z"/><Direction v="Z03"/><Quantity v="3538668"/><MeasureUnit v="KW1"/></Period><Period><TimeInterval v="2016-12-25T08:00Z/2016-12-25T09:00Z"/><Direction v="Z03"/><Quantity v="3586052"/><MeasureUnit v="KW1"/></Period><Period><TimeInterval v="2016-12-25T09:00Z/2016-12-25T10:00Z"/><Direction v="Z03"/><Quantity v="3547727"/><MeasureUnit v="KW1"/></Period><Period><TimeInterval v="2016-12-25T10:00Z/2016-12-25T11:00Z"/><Direction v="Z03"/><Quantity v="3515573"/><MeasureUnit v="KW1"/></Period><Period><TimeInterval v="2016-12-25T11:00Z/2016-12-25T12:00Z"/><Direction v="Z03"/><Quantity v="3470085"/><MeasureUnit v="KW1"/></Period><Period><TimeInterval v="2016-12-25T12:00Z/2016-12-25T13:00Z"/><Direction v="Z03"/><Quantity v="3511639"/><MeasureUnit v="KW1"/></Period><Period><TimeInterval v="2016-12-25T13:00Z/2016-12-25T14:00Z"/><Direction v="Z03"/><Quantity v="3479682"/><MeasureUnit v="KW1"/></Period><Period><TimeInterval v="2016-12-25T14:00Z/2016-12-25T15:00Z"/><Direction v="Z03"/><Quantity v="3506148"/><MeasureUnit v="KW1"/></Period><Period><TimeInterval v="2016-12-25T15:00Z/2016-12-25T16:00Z"/><Direction v="Z03"/><Quantity v="3500355"/><MeasureUnit v="KW1"/></Period><Period><TimeInterval v="2016-12-25T16:00Z/2016-12-25T17:00Z"/><Direction v="Z03"/><Quantity v="3506879"/><MeasureUnit v="KW1"/></Period><Period><TimeInterval v="2016-12-25T17:00Z/2016-12-25T18:00Z"/><Direction v="Z03"/><Quantity v="3534892"/><MeasureUnit v="KW1"/></Period><Period><TimeInterval v="2016-12-25T18:00Z/2016-12-25T19:00Z"/><Direction v="Z03"/><Quantity v="3459733"/><MeasureUnit v="KW1"/></Period><Period><TimeInterval v="2016-12-25T19:00Z/2016-12-25T20:00Z"/><Direction v="Z03"/><Quantity v="3481436"/><MeasureUnit v="KW1"/></Period><Period><TimeInterval v="2016-12-25T20:00Z/2016-12-25T21:00Z"/><Direction v="Z03"/><Quantity v="3482112"/><MeasureUnit v="KW1"/></Period><Period><TimeInterval v="2016-12-25T21:00Z/2016-12-25T22:00Z"/><Direction v="Z03"/><Quantity v="3458897"/><MeasureUnit v="KW1"/></Period><Period><TimeInterval v="2016-12-25T22:00Z/2016-12-25T23:00Z"/><Direction v="Z03"/><Quantity v="3427417"/><MeasureUnit v="KW1"/></Period><Period><TimeInterval v="2016-12-25T23:00Z/2016-12-26T00:00Z"/><Direction v="Z03"/><Quantity v="3212879"/><MeasureUnit v="KW1"/></Period><Period><TimeInterval v="2016-12-26T00:00Z/2016-12-26T01:00Z"/><Direction v="Z03"/><Quantity v="3186810"/><MeasureUnit v="KW1"/></Period><Period><TimeInterval v="2016-12-26T01:00Z/2016-12-26T02:00Z"/><Direction v="Z03"/><Quantity v="3208951"/><MeasureUnit v="KW1"/></Period><Period><TimeInterval v="2016-12-26T02:00Z/2016-12-26T03:00Z"/><Direction v="Z03"/><Quantity v="3236037"/><MeasureUnit v="KW1"/></Period><Period><TimeInterval v="2016-12-26T03:00Z/2016-12-26T04:00Z"/><Direction v="Z03"/><Quantity v="3223009"/><MeasureUnit v="KW1"/></Period><Period><TimeInterval v="2016-12-26T04:00Z/2016-12-26T05:00Z"/><Direction v="Z03"/><Quantity v="3363682"/><MeasureUnit v="KW1"/></Period></Category></ConnectionPoint></TransparencyPublication>