<?xml version="1.0" encoding="UTF-8"?><TransparencyPublication Version="EGAS50" Release="A"><Identification v="TRANPB20170102A104057"/><Version v="1"/><Type v="AL6"/><CreationDateTime v="2017-01-02T08:04:15.584Z"/><ValidityPeriod v="2016-12-14T05:00Z/2016-12-15T05:00Z"/><IssuerIdentification v="21X-DE-C-A0A0A-T" codingScheme="305"/><IssuerRole v="ZSO"/><RecipientIdentification v="10X1001A1001A353" codingScheme="305"/><RecipientRole v="ZUA"/><ConnectionPoint><Identification v="21Z0000000000236" codingScheme="305"/><Type v="Z25"/><Category><CapacityCode v="Z08"/><Period><TimeInterval v="2016-12-14T05:00Z/2016-12-14T06:00Z"/><Direction v="Z02"/><Quantity v="33720916"/><MeasureUnit v="KW1"/></Period><Period><TimeInterval v="2016-12-14T06:00Z/2016-12-14T07:00Z"/><Direction v="Z02"/><Quantity v="33749099"/><MeasureUnit v="KW1"/></Period><Period><TimeInterval v="2016-12-14T07:00Z/2016-12-14T08:00Z"/><Direction v="Z02"/><Quantity v="34354356"/><MeasureUnit v="KW1"/></Period><Period><TimeInterval v="2016-12-14T08:00Z/2016-12-14T09:00Z"/><Direction v="Z02"/><Quantity v="34852141"/><MeasureUnit v="KW1"/></Period><Period><TimeInterval v="2016-12-14T09:00Z/2016-12-14T10:00Z"/><Direction v="Z02"/><Quantity v="34828787"/><MeasureUnit v="KW1"/></Period><Period><TimeInterval v="2016-12-14T10:00Z/2016-12-14T11:00Z"/><Direction v="Z02"/><Quantity v="34836569"/><MeasureUnit v="KW1"/></Period><Period><TimeInterval v="2016-12-14T11:00Z/2016-12-14T12:00Z"/><Direction v="Z02"/><Quantity v="34802744"/><MeasureUnit v="KW1"/></Period><Period><TimeInterval v="2016-12-14T12:00Z/2016-12-14T13:00Z"/><Direction v="Z02"/><Quantity v="34532257"/><MeasureUnit v="KW1"/></Period><Period><TimeInterval v="2016-12-14T13:00Z/2016-12-14T14:00Z"/><Direction v="Z02"/><Quantity v="33705427"/><MeasureUnit v="KW1"/></Period><Period><TimeInterval v="2016-12-14T14:00Z/2016-12-14T15:00Z"/><Direction v="Z02"/><Quantity v="33696846"/><MeasureUnit v="KW1"/></Period><Period><TimeInterval v="2016-12-14T15:00Z/2016-12-14T16:00Z"/><Direction v="Z02"/><Quantity v="31406792"/><MeasureUnit v="KW1"/></Period><Period><TimeInterval v="2016-12-14T16:00Z/2016-12-14T17:00Z"/><Direction v="Z02"/><Quantity v="33906865"/><MeasureUnit v="KW1"/></Period><Period><TimeInterval v="2016-12-14T17:00Z/2016-12-14T18:00Z"/><Direction v="Z02"/><Quantity v="34330839"/><MeasureUnit v="KW1"/></Period><Period><TimeInterval v="2016-12-14T18:00Z/2016-12-14T19:00Z"/><Direction v="Z02"/><Quantity v="34336769"/><MeasureUnit v="KW1"/></Period><Period><TimeInterval v="2016-12-14T19:00Z/2016-12-14T20:00Z"/><Direction v="Z02"/><Quantity v="34366543"/><MeasureUnit v="KW1"/></Period><Period><TimeInterval v="2016-12-14T20:00Z/2016-12-14T21:00Z"/><Direction v="Z02"/><Quantity v="34331032"/><MeasureUnit v="KW1"/></Period><Period><TimeInterval v="2016-12-14T21:00Z/2016-12-14T22:00Z"/><Direction v="Z02"/><Quantity v="34285020"/><MeasureUnit v="KW1"/></Period><Period><TimeInterval v="2016-12-14T22:00Z/2016-12-14T23:00Z"/><Direction v="Z02"/><Quantity v="34368488"/><MeasureUnit v="KW1"/></Period><Period><TimeInterval v="2016-12-14T23:00Z/2016-12-15T00:00Z"/><Direction v="Z02"/><Quantity v="34389585"/><MeasureUnit v="KW1"/></Period><Period><TimeInterval v="2016-12-15T00:00Z/2016-12-15T01:00Z"/><Direction v="Z02"/><Quantity v="34320577"/><MeasureUnit v="KW1"/></Period><Period><TimeInterval v="2016-12-15T01:00Z/2016-12-15T02:00Z"/><Direction v="Z02"/><Quantity v="33843440"/><MeasureUnit v="KW1"/></Period><Period><TimeInterval v="2016-12-15T02:00Z/2016-12-15T03:00Z"/><Direction v="Z02"/><Quantity v="33804133"/><MeasureUnit v="KW1"/></Period><Period><TimeInterval v="2016-12-15T03:00Z/2016-12-15T04:00Z"/><Direction v="Z02"/><Quantity v="33838360"/><MeasureUnit v="KW1"/></Period><Period><TimeInterval v="2016-12-15T04:00Z/2016-12-15T05:00Z"/><Direction v="Z02"/><Quantity v="33865301"/><MeasureUnit v="KW1"/></Period></Category></ConnectionPoint><ConnectionPoint><Identification v="21Z0000000000406" codingScheme="305"/><Type v="Z25"/><Category><CapacityCode v="Z08"/><Period><TimeInterval v="2016-12-14T05:00Z/2016-12-14T06:00Z"/><Direction v="Z03"/><Quantity v="322848"/><MeasureUnit v="KW1"/></Period><Period><TimeInterval v="2016-12-14T06:00Z/2016-12-14T07:00Z"/><Direction v="Z03"/><Quantity v="325810"/><MeasureUnit v="KW1"/></Period><Period><TimeInterval v="2016-12-14T07:00Z/2016-12-14T08:00Z"/><Direction v="Z03"/><Quantity v="331069"/><MeasureUnit v="KW1"/></Period><Period><TimeInterval v="2016-12-14T08:00Z/2016-12-14T09:00Z"/><Direction v="Z03"/><Quantity v="330895"/><MeasureUnit v="KW1"/></Period><Period><TimeInterval v="2016-12-14T09:00Z/2016-12-14T10:00Z"/><Direction v="Z03"/><Quantity v="330978"/><MeasureUnit v="KW1"/></Period><Period><TimeInterval v="2016-12-14T10:00Z/2016-12-14T11:00Z"/><Direction v="Z03"/><Quantity v="331245"/><MeasureUnit v="KW1"/></Period><Period><TimeInterval v="2016-12-14T11:00Z/2016-12-14T12:00Z"/><Direction v="Z03"/><Quantity v="330781"/><MeasureUnit v="KW1"/></Period><Period><TimeInterval v="2016-12-14T12:00Z/2016-12-14T13:00Z"/><Direction v="Z03"/><Quantity v="327998"/><MeasureUnit v="KW1"/></Period><Period><TimeInterval v="2016-12-14T13:00Z/2016-12-14T14:00Z"/><Direction v="Z03"/><Quantity v="328569"/><MeasureUnit v="KW1"/></Period><Period><TimeInterval v="2016-12-14T14:00Z/2016-12-14T15:00Z"/><Direction v="Z03"/><Quantity v="327351"/><MeasureUnit v="KW1"/></Period><Period><TimeInterval v="2016-12-14T15:00Z/2016-12-14T16:00Z"/><Direction v="Z03"/><Quantity v="327455"/><MeasureUnit v="KW1"/></Period><Period><TimeInterval v="2016-12-14T16:00Z/2016-12-14T17:00Z"/><Direction v="Z03"/><Quantity v="332879"/><MeasureUnit v="KW1"/></Period><Period><TimeInterval v="2016-12-14T17:00Z/2016-12-14T18:00Z"/><Direction v="Z03"/><Quantity v="493303"/><MeasureUnit v="KW1"/></Period><Period><TimeInterval v="2016-12-14T18:00Z/2016-12-14T19:00Z"/><Direction v="Z03"/><Quantity v="707710"/><MeasureUnit v="KW1"/></Period><Period><TimeInterval v="2016-12-14T19:00Z/2016-12-14T20:00Z"/><Direction v="Z03"/><Quantity v="708525"/><MeasureUnit v="KW1"/></Period><Period><TimeInterval v="2016-12-14T20:00Z/2016-12-14T21:00Z"/><Direction v="Z03"/><Quantity v="707795"/><MeasureUnit v="KW1"/></Period><Period><TimeInterval v="2016-12-14T21:00Z/2016-12-14T22:00Z"/><Direction v="Z03"/><Quantity v="558108"/><MeasureUnit v="KW1"/></Period><Period><TimeInterval v="2016-12-14T22:00Z/2016-12-14T23:00Z"/><Direction v="Z03"/><Quantity v="471612"/><MeasureUnit v="KW1"/></Period><Period><TimeInterval v="2016-12-14T23:00Z/2016-12-15T00:00Z"/><Direction v="Z03"/><Quantity v="470739"/><MeasureUnit v="KW1"/></Period><Period><TimeInterval v="2016-12-15T00:00Z/2016-12-15T01:00Z"/><Direction v="Z03"/><Quantity v="471551"/><MeasureUnit v="KW1"/></Period><Period><TimeInterval v="2016-12-15T01:00Z/2016-12-15T02:00Z"/><Direction v="Z03"/><Quantity v="471724"/><MeasureUnit v="KW1"/></Period><Period><TimeInterval v="2016-12-15T02:00Z/2016-12-15T03:00Z"/><Direction v="Z03"/><Quantity v="472134"/><MeasureUnit v="KW1"/></Period><Period><TimeInterval v="2016-12-15T03:00Z/2016-12-15T04:00Z"/><Direction v="Z03"/><Quantity v="472397"/><MeasureUnit v="KW1"/></Period><Period><TimeInterval v="2016-12-15T04:00Z/2016-12-15T05:00Z"/><Direction v="Z03"/><Quantity v="458576"/><MeasureUnit v="KW1"/></Period></Category></ConnectionPoint><ConnectionPoint><Identification v="21Z000000000073S" codingScheme="305"/><Type v="Z25"/><Category><CapacityCode v="Z08"/><Period><TimeInterval v="2016-12-14T05:00Z/2016-12-14T06:00Z"/><Direction v="Z02"/><Quantity v="13010836"/><MeasureUnit v="KW1"/></Period><Period><TimeInterval v="2016-12-14T06:00Z/2016-12-14T07:00Z"/><Direction v="Z02"/><Quantity v="13374145"/><MeasureUnit v="KW1"/></Period><Period><TimeInterval v="2016-12-14T07:00Z/2016-12-14T08:00Z"/><Direction v="Z02"/><Quantity v="13341379"/><MeasureUnit v="KW1"/></Period><Period><TimeInterval v="2016-12-14T08:00Z/2016-12-14T09:00Z"/><Direction v="Z02"/><Quantity v="13289854"/><MeasureUnit v="KW1"/></Period><Period><TimeInterval v="2016-12-14T09:00Z/2016-12-14T10:00Z"/><Direction v="Z02"/><Quantity v="13107621"/><MeasureUnit v="KW1"/></Period><Period><TimeInterval v="2016-12-14T10:00Z/2016-12-14T11:00Z"/><Direction v="Z02"/><Quantity v="13041639"/><MeasureUnit v="KW1"/></Period><Period><TimeInterval v="2016-12-14T11:00Z/2016-12-14T12:00Z"/><Direction v="Z02"/><Quantity v="12936283"/><MeasureUnit v="KW1"/></Period><Period><TimeInterval v="2016-12-14T12:00Z/2016-12-14T13:00Z"/><Direction v="Z02"/><Quantity v="12850092"/><MeasureUnit v="KW1"/></Period><Period><TimeInterval v="2016-12-14T13:00Z/2016-12-14T14:00Z"/><Direction v="Z02"/><Quantity v="13000668"/><MeasureUnit v="KW1"/></Period><Period><TimeInterval v="2016-12-14T14:00Z/2016-12-14T15:00Z"/><Direction v="Z02"/><Quantity v="13079651"/><MeasureUnit v="KW1"/></Period><Period><TimeInterval v="2016-12-14T15:00Z/2016-12-14T16:00Z"/><Direction v="Z02"/><Quantity v="13170298"/><MeasureUnit v="KW1"/></Period><Period><TimeInterval v="2016-12-14T16:00Z/2016-12-14T17:00Z"/><Direction v="Z02"/><Quantity v="13178406"/><MeasureUnit v="KW1"/></Period><Period><TimeInterval v="2016-12-14T17:00Z/2016-12-14T18:00Z"/><Direction v="Z02"/><Quantity v="13184216"/><MeasureUnit v="KW1"/></Period><Period><TimeInterval v="2016-12-14T18:00Z/2016-12-14T19:00Z"/><Direction v="Z02"/><Quantity v="12917502"/><MeasureUnit v="KW1"/></Period><Period><TimeInterval v="2016-12-14T19:00Z/2016-12-14T20:00Z"/><Direction v="Z02"/><Quantity v="12619510"/><MeasureUnit v="KW1"/></Period><Period><TimeInterval v="2016-12-14T20:00Z/2016-12-14T21:00Z"/><Direction v="Z02"/><Quantity v="12309578"/><MeasureUnit v="KW1"/></Period><Period><TimeInterval v="2016-12-14T21:00Z/2016-12-14T22:00Z"/><Direction v="Z02"/><Quantity v="12043467"/><MeasureUnit v="KW1"/></Period><Period><TimeInterval v="2016-12-14T22:00Z/2016-12-14T23:00Z"/><Direction v="Z02"/><Quantity v="10725544"/><MeasureUnit v="KW1"/></Period><Period><TimeInterval v="2016-12-14T23:00Z/2016-12-15T00:00Z"/><Direction v="Z02"/><Quantity v="10751786"/><MeasureUnit v="KW1"/></Period><Period><TimeInterval v="2016-12-15T00:00Z/2016-12-15T01:00Z"/><Direction v="Z02"/><Quantity v="10696521"/><MeasureUnit v="KW1"/></Period><Period><TimeInterval v="2016-12-15T01:00Z/2016-12-15T02:00Z"/><Direction v="Z02"/><Quantity v="11560451"/><MeasureUnit v="KW1"/></Period><Period><TimeInterval v="2016-12-15T02:00Z/2016-12-15T03:00Z"/><Direction v="Z02"/><Quantity v="11529556"/><MeasureUnit v="KW1"/></Period><Period><TimeInterval v="2016-12-15T03:00Z/2016-12-15T04:00Z"/><Direction v="Z02"/><Quantity v="12155417"/><MeasureUnit v="KW1"/></Period><Period><TimeInterval v="2016-12-15T04:00Z/2016-12-15T05:00Z"/><Direction v="Z02"/><Quantity v="11490893"/><MeasureUnit v="KW1"/></Period></Category></ConnectionPoint><ConnectionPoint><Identification v="21Z0000000001232" codingScheme="305"/><Type v="Z25"/><Category><CapacityCode v="Z08"/><Period><TimeInterval v="2016-12-14T05:00Z/2016-12-14T06:00Z"/><Direction v="Z03"/><Quantity v="20578263"/><MeasureUnit v="KW1"/></Period><Period><TimeInterval v="2016-12-14T06:00Z/2016-12-14T07:00Z"/><Direction v="Z03"/><Quantity v="19701216"/><MeasureUnit v="KW1"/></Period><Period><TimeInterval v="2016-12-14T07:00Z/2016-12-14T08:00Z"/><Direction v="Z03"/><Quantity v="19248792"/><MeasureUnit v="KW1"/></Period><Period><TimeInterval v="2016-12-14T08:00Z/2016-12-14T09:00Z"/><Direction v="Z03"/><Quantity v="19374272"/><MeasureUnit v="KW1"/></Period><Period><TimeInterval v="2016-12-14T09:00Z/2016-12-14T10:00Z"/><Direction v="Z03"/><Quantity v="19348092"/><MeasureUnit v="KW1"/></Period><Period><TimeInterval v="2016-12-14T10:00Z/2016-12-14T11:00Z"/><Direction v="Z03"/><Quantity v="19281265"/><MeasureUnit v="KW1"/></Period><Period><TimeInterval v="2016-12-14T11:00Z/2016-12-14T12:00Z"/><Direction v="Z03"/><Quantity v="19322155"/><MeasureUnit v="KW1"/></Period><Period><TimeInterval v="2016-12-14T12:00Z/2016-12-14T13:00Z"/><Direction v="Z03"/><Quantity v="19369276"/><MeasureUnit v="KW1"/></Period><Period><TimeInterval v="2016-12-14T13:00Z/2016-12-14T14:00Z"/><Direction v="Z03"/><Quantity v="19537369"/><MeasureUnit v="KW1"/></Period><Period><TimeInterval v="2016-12-14T14:00Z/2016-12-14T15:00Z"/><Direction v="Z03"/><Quantity v="19440570"/><MeasureUnit v="KW1"/></Period><Period><TimeInterval v="2016-12-14T15:00Z/2016-12-14T16:00Z"/><Direction v="Z03"/><Quantity v="19518469"/><MeasureUnit v="KW1"/></Period><Period><TimeInterval v="2016-12-14T16:00Z/2016-12-14T17:00Z"/><Direction v="Z03"/><Quantity v="19566357"/><MeasureUnit v="KW1"/></Period><Period><TimeInterval v="2016-12-14T17:00Z/2016-12-14T18:00Z"/><Direction v="Z03"/><Quantity v="19662474"/><MeasureUnit v="KW1"/></Period><Period><TimeInterval v="2016-12-14T18:00Z/2016-12-14T19:00Z"/><Direction v="Z03"/><Quantity v="20076013"/><MeasureUnit v="KW1"/></Period><Period><TimeInterval v="2016-12-14T19:00Z/2016-12-14T20:00Z"/><Direction v="Z03"/><Quantity v="20291914"/><MeasureUnit v="KW1"/></Period><Period><TimeInterval v="2016-12-14T20:00Z/2016-12-14T21:00Z"/><Direction v="Z03"/><Quantity v="20590881"/><MeasureUnit v="KW1"/></Period><Period><TimeInterval v="2016-12-14T21:00Z/2016-12-14T22:00Z"/><Direction v="Z03"/><Quantity v="19485025"/><MeasureUnit v="KW1"/></Period><Period><TimeInterval v="2016-12-14T22:00Z/2016-12-14T23:00Z"/><Direction v="Z03"/><Quantity v="19153432"/><MeasureUnit v="KW1"/></Period><Period><TimeInterval v="2016-12-14T23:00Z/2016-12-15T00:00Z"/><Direction v="Z03"/><Quantity v="19153704"/><MeasureUnit v="KW1"/></Period><Period><TimeInterval v="2016-12-15T00:00Z/2016-12-15T01:00Z"/><Direction v="Z03"/><Quantity v="18688361"/><MeasureUnit v="KW1"/></Period><Period><TimeInterval v="2016-12-15T01:00Z/2016-12-15T02:00Z"/><Direction v="Z03"/><Quantity v="18752403"/><MeasureUnit v="KW1"/></Period><Period><TimeInterval v="2016-12-15T02:00Z/2016-12-15T03:00Z"/><Direction v="Z03"/><Quantity v="18671906"/><MeasureUnit v="KW1"/></Period><Period><TimeInterval v="2016-12-15T03:00Z/2016-12-15T04:00Z"/><Direction v="Z03"/><Quantity v="19307394"/><MeasureUnit v="KW1"/></Period><Period><TimeInterval v="2016-12-15T04:00Z/2016-12-15T05:00Z"/><Direction v="Z03"/><Quantity v="19852319"/><MeasureUnit v="KW1"/></Period></Category></ConnectionPoint><ConnectionPoint><Identification v="21Z000000000075O" codingScheme="305"/><Type v="Z25"/><Category><CapacityCode v="Z08"/><Period><TimeInterval v="2016-12-14T05:00Z/2016-12-14T06:00Z"/><Direction v="Z02"/><Quantity v="0"/><MeasureUnit v="KW1"/></Period><Period><TimeInterval v="2016-12-14T06:00Z/2016-12-14T07:00Z"/><Direction v="Z02"/><Quantity v="0"/><MeasureUnit v="KW1"/></Period><Period><TimeInterval v="2016-12-14T07:00Z/2016-12-14T08:00Z"/><Direction v="Z02"/><Quantity v="0"/><MeasureUnit v="KW1"/></Period><Period><TimeInterval v="2016-12-14T08:00Z/2016-12-14T09:00Z"/><Direction v="Z02"/><Quantity v="0"/><MeasureUnit v="KW1"/></Period><Period><TimeInterval v="2016-12-14T09:00Z/2016-12-14T10:00Z"/><Direction v="Z02"/><Quantity v="0"/><MeasureUnit v="KW1"/></Period><Period><TimeInterval v="2016-12-14T10:00Z/2016-12-14T11:00Z"/><Direction v="Z02"/><Quantity v="0"/><MeasureUnit v="KW1"/></Period><Period><TimeInterval v="2016-12-14T11:00Z/2016-12-14T12:00Z"/><Direction v="Z02"/><Quantity v="0"/><MeasureUnit v="KW1"/></Period><Period><TimeInterval v="2016-12-14T12:00Z/2016-12-14T13:00Z"/><Direction v="Z02"/><Quantity v="0"/><MeasureUnit v="KW1"/></Period><Period><TimeInterval v="2016-12-14T13:00Z/2016-12-14T14:00Z"/><Direction v="Z02"/><Quantity v="0"/><MeasureUnit v="KW1"/></Period><Period><TimeInterval v="2016-12-14T14:00Z/2016-12-14T15:00Z"/><Direction v="Z02"/><Quantity v="0"/><MeasureUnit v="KW1"/></Period><Period><TimeInterval v="2016-12-14T15:00Z/2016-12-14T16:00Z"/><Direction v="Z02"/><Quantity v="0"/><MeasureUnit v="KW1"/></Period><Period><TimeInterval v="2016-12-14T16:00Z/2016-12-14T17:00Z"/><Direction v="Z02"/><Quantity v="0"/><MeasureUnit v="KW1"/></Period><Period><TimeInterval v="2016-12-14T17:00Z/2016-12-14T18:00Z"/><Direction v="Z02"/><Quantity v="0"/><MeasureUnit v="KW1"/></Period><Period><TimeInterval v="2016-12-14T18:00Z/2016-12-14T19:00Z"/><Direction v="Z02"/><Quantity v="0"/><MeasureUnit v="KW1"/></Period><Period><TimeInterval v="2016-12-14T19:00Z/2016-12-14T20:00Z"/><Direction v="Z02"/><Quantity v="0"/><MeasureUnit v="KW1"/></Period><Period><TimeInterval v="2016-12-14T20:00Z/2016-12-14T21:00Z"/><Direction v="Z02"/><Quantity v="0"/><MeasureUnit v="KW1"/></Period><Period><TimeInterval v="2016-12-14T21:00Z/2016-12-14T22:00Z"/><Direction v="Z02"/><Quantity v="0"/><MeasureUnit v="KW1"/></Period><Period><TimeInterval v="2016-12-14T22:00Z/2016-12-14T23:00Z"/><Direction v="Z02"/><Quantity v="0"/><MeasureUnit v="KW1"/></Period><Period><TimeInterval v="2016-12-14T23:00Z/2016-12-15T00:00Z"/><Direction v="Z02"/><Quantity v="0"/><MeasureUnit v="KW1"/></Period><Period><TimeInterval v="2016-12-15T00:00Z/2016-12-15T01:00Z"/><Direction v="Z02"/><Quantity v="0"/><MeasureUnit v="KW1"/></Period><Period><TimeInterval v="2016-12-15T01:00Z/2016-12-15T02:00Z"/><Direction v="Z02"/><Quantity v="0"/><MeasureUnit v="KW1"/></Period><Period><TimeInterval v="2016-12-15T02:00Z/2016-12-15T03:00Z"/><Direction v="Z02"/><Quantity v="0"/><MeasureUnit v="KW1"/></Period><Period><TimeInterval v="2016-12-15T03:00Z/2016-12-15T04:00Z"/><Direction v="Z02"/><Quantity v="0"/><MeasureUnit v="KW1"/></Period><Period><TimeInterval v="2016-12-15T04:00Z/2016-12-15T05:00Z"/><Direction v="Z02"/><Quantity v="0"/><MeasureUnit v="KW1"/></Period><Period><TimeInterval v="2016-12-14T05:00Z/2016-12-14T06:00Z"/><Direction v="Z03"/><Quantity v="7456003"/><MeasureUnit v="KW1"/></Period><Period><TimeInterval v="2016-12-14T06:00Z/2016-12-14T07:00Z"/><Direction v="Z03"/><Quantity v="7672305"/><MeasureUnit v="KW1"/></Period><Period><TimeInterval v="2016-12-14T07:00Z/2016-12-14T08:00Z"/><Direction v="Z03"/><Quantity v="7654728"/><MeasureUnit v="KW1"/></Period><Period><TimeInterval v="2016-12-14T08:00Z/2016-12-14T09:00Z"/><Direction v="Z03"/><Quantity v="7586131"/><MeasureUnit v="KW1"/></Period><Period><TimeInterval v="2016-12-14T09:00Z/2016-12-14T10:00Z"/><Direction v="Z03"/><Quantity v="7620255"/><MeasureUnit v="KW1"/></Period><Period><TimeInterval v="2016-12-14T10:00Z/2016-12-14T11:00Z"/><Direction v="Z03"/><Quantity v="7579829"/><MeasureUnit v="KW1"/></Period><Period><TimeInterval v="2016-12-14T11:00Z/2016-12-14T12:00Z"/><Direction v="Z03"/><Quantity v="7589860"/><MeasureUnit v="KW1"/></Period><Period><TimeInterval v="2016-12-14T12:00Z/2016-12-14T13:00Z"/><Direction v="Z03"/><Quantity v="9498943"/><MeasureUnit v="KW1"/></Period><Period><TimeInterval v="2016-12-14T13:00Z/2016-12-14T14:00Z"/><Direction v="Z03"/><Quantity v="9671208"/><MeasureUnit v="KW1"/></Period><Period><TimeInterval v="2016-12-14T14:00Z/2016-12-14T15:00Z"/><Direction v="Z03"/><Quantity v="9676827"/><MeasureUnit v="KW1"/></Period><Period><TimeInterval v="2016-12-14T15:00Z/2016-12-14T16:00Z"/><Direction v="Z03"/><Quantity v="9598423"/><MeasureUnit v="KW1"/></Period><Period><TimeInterval v="2016-12-14T16:00Z/2016-12-14T17:00Z"/><Direction v="Z03"/><Quantity v="9612864"/><MeasureUnit v="KW1"/></Period><Period><TimeInterval v="2016-12-14T17:00Z/2016-12-14T18:00Z"/><Direction v="Z03"/><Quantity v="9651674"/><MeasureUnit v="KW1"/></Period><Period><TimeInterval v="2016-12-14T18:00Z/2016-12-14T19:00Z"/><Direction v="Z03"/><Quantity v="8242559"/><MeasureUnit v="KW1"/></Period><Period><TimeInterval v="2016-12-14T19:00Z/2016-12-14T20:00Z"/><Direction v="Z03"/><Quantity v="8025615"/><MeasureUnit v="KW1"/></Period><Period><TimeInterval v="2016-12-14T20:00Z/2016-12-14T21:00Z"/><Direction v="Z03"/><Quantity v="8089777"/><MeasureUnit v="KW1"/></Period><Period><TimeInterval v="2016-12-14T21:00Z/2016-12-14T22:00Z"/><Direction v="Z03"/><Quantity v="8129270"/><MeasureUnit v="KW1"/></Period><Period><TimeInterval v="2016-12-14T22:00Z/2016-12-14T23:00Z"/><Direction v="Z03"/><Quantity v="8081568"/><MeasureUnit v="KW1"/></Period><Period><TimeInterval v="2016-12-14T23:00Z/2016-12-15T00:00Z"/><Direction v="Z03"/><Quantity v="8095596"/><MeasureUnit v="KW1"/></Period><Period><TimeInterval v="2016-12-15T00:00Z/2016-12-15T01:00Z"/><Direction v="Z03"/><Quantity v="8099504"/><MeasureUnit v="KW1"/></Period><Period><TimeInterval v="2016-12-15T01:00Z/2016-12-15T02:00Z"/><Direction v="Z03"/><Quantity v="8094025"/><MeasureUnit v="KW1"/></Period><Period><TimeInterval v="2016-12-15T02:00Z/2016-12-15T03:00Z"/><Direction v="Z03"/><Quantity v="8104544"/><MeasureUnit v="KW1"/></Period><Period><TimeInterval v="2016-12-15T03:00Z/2016-12-15T04:00Z"/><Direction v="Z03"/><Quantity v="8110137"/><MeasureUnit v="KW1"/></Period><Period><TimeInterval v="2016-12-15T04:00Z/2016-12-15T05:00Z"/><Direction v="Z03"/><Quantity v="8092926"/><MeasureUnit v="KW1"/></Period></Category></ConnectionPoint><ConnectionPoint><Identification v="21Z000000000053Y" codingScheme="305"/><Type v="Z25"/><Category><CapacityCode v="Z08"/><Period><TimeInterval v="2016-12-14T05:00Z/2016-12-14T06:00Z"/><Direction v="Z02"/><Quantity v="26738275"/><MeasureUnit v="KW1"/></Period><Period><TimeInterval v="2016-12-14T06:00Z/2016-12-14T07:00Z"/><Direction v="Z02"/><Quantity v="26704166"/><MeasureUnit v="KW1"/></Period><Period><TimeInterval v="2016-12-14T07:00Z/2016-12-14T08:00Z"/><Direction v="Z02"/><Quantity v="26705287"/><MeasureUnit v="KW1"/></Period><Period><TimeInterval v="2016-12-14T08:00Z/2016-12-14T09:00Z"/><Direction v="Z02"/><Quantity v="26666098"/><MeasureUnit v="KW1"/></Period><Period><TimeInterval v="2016-12-14T09:00Z/2016-12-14T10:00Z"/><Direction v="Z02"/><Quantity v="26838708"/><MeasureUnit v="KW1"/></Period><Period><TimeInterval v="2016-12-14T10:00Z/2016-12-14T11:00Z"/><Direction v="Z02"/><Quantity v="26669658"/><MeasureUnit v="KW1"/></Period><Period><TimeInterval v="2016-12-14T11:00Z/2016-12-14T12:00Z"/><Direction v="Z02"/><Quantity v="26696716"/><MeasureUnit v="KW1"/></Period><Period><TimeInterval v="2016-12-14T12:00Z/2016-12-14T13:00Z"/><Direction v="Z02"/><Quantity v="27361054"/><MeasureUnit v="KW1"/></Period><Period><TimeInterval v="2016-12-14T13:00Z/2016-12-14T14:00Z"/><Direction v="Z02"/><Quantity v="28925744"/><MeasureUnit v="KW1"/></Period><Period><TimeInterval v="2016-12-14T14:00Z/2016-12-14T15:00Z"/><Direction v="Z02"/><Quantity v="29415243"/><MeasureUnit v="KW1"/></Period><Period><TimeInterval v="2016-12-14T15:00Z/2016-12-14T16:00Z"/><Direction v="Z02"/><Quantity v="29899932"/><MeasureUnit v="KW1"/></Period><Period><TimeInterval v="2016-12-14T16:00Z/2016-12-14T17:00Z"/><Direction v="Z02"/><Quantity v="29849851"/><MeasureUnit v="KW1"/></Period><Period><TimeInterval v="2016-12-14T17:00Z/2016-12-14T18:00Z"/><Direction v="Z02"/><Quantity v="30179251"/><MeasureUnit v="KW1"/></Period><Period><TimeInterval v="2016-12-14T18:00Z/2016-12-14T19:00Z"/><Direction v="Z02"/><Quantity v="29257981"/><MeasureUnit v="KW1"/></Period><Period><TimeInterval v="2016-12-14T19:00Z/2016-12-14T20:00Z"/><Direction v="Z02"/><Quantity v="29422752"/><MeasureUnit v="KW1"/></Period><Period><TimeInterval v="2016-12-14T20:00Z/2016-12-14T21:00Z"/><Direction v="Z02"/><Quantity v="29661539"/><MeasureUnit v="KW1"/></Period><Period><TimeInterval v="2016-12-14T21:00Z/2016-12-14T22:00Z"/><Direction v="Z02"/><Quantity v="29843048"/><MeasureUnit v="KW1"/></Period><Period><TimeInterval v="2016-12-14T22:00Z/2016-12-14T23:00Z"/><Direction v="Z02"/><Quantity v="29869986"/><MeasureUnit v="KW1"/></Period><Period><TimeInterval v="2016-12-14T23:00Z/2016-12-15T00:00Z"/><Direction v="Z02"/><Quantity v="29647476"/><MeasureUnit v="KW1"/></Period><Period><TimeInterval v="2016-12-15T00:00Z/2016-12-15T01:00Z"/><Direction v="Z02"/><Quantity v="29616917"/><MeasureUnit v="KW1"/></Period><Period><TimeInterval v="2016-12-15T01:00Z/2016-12-15T02:00Z"/><Direction v="Z02"/><Quantity v="29618235"/><MeasureUnit v="KW1"/></Period><Period><TimeInterval v="2016-12-15T02:00Z/2016-12-15T03:00Z"/><Direction v="Z02"/><Quantity v="29589543"/><MeasureUnit v="KW1"/></Period><Period><TimeInterval v="2016-12-15T03:00Z/2016-12-15T04:00Z"/><Direction v="Z02"/><Quantity v="29755899"/><MeasureUnit v="KW1"/></Period><Period><TimeInterval v="2016-12-15T04:00Z/2016-12-15T05:00Z"/><Direction v="Z02"/><Quantity v="30099635"/><MeasureUnit v="KW1"/></Period></Category></ConnectionPoint><ConnectionPoint><Identification v="21Z0000000000503" codingScheme="305"/><Type v="Z25"/><Category><CapacityCode v="Z08"/><Period><TimeInterval v="2016-12-14T05:00Z/2016-12-14T06:00Z"/><Direction v="Z02"/><Quantity v="0"/><MeasureUnit v="KW1"/></Period><Period><TimeInterval v="2016-12-14T06:00Z/2016-12-14T07:00Z"/><Direction v="Z02"/><Quantity v="0"/><MeasureUnit v="KW1"/></Period><Period><TimeInterval v="2016-12-14T07:00Z/2016-12-14T08:00Z"/><Direction v="Z02"/><Quantity v="0"/><MeasureUnit v="KW1"/></Period><Period><TimeInterval v="2016-12-14T08:00Z/2016-12-14T09:00Z"/><Direction v="Z02"/><Quantity v="0"/><MeasureUnit v="KW1"/></Period><Period><TimeInterval v="2016-12-14T09:00Z/2016-12-14T10:00Z"/><Direction v="Z02"/><Quantity v="0"/><MeasureUnit v="KW1"/></Period><Period><TimeInterval v="2016-12-14T10:00Z/2016-12-14T11:00Z"/><Direction v="Z02"/><Quantity v="0"/><MeasureUnit v="KW1"/></Period><Period><TimeInterval v="2016-12-14T11:00Z/2016-12-14T12:00Z"/><Direction v="Z02"/><Quantity v="0"/><MeasureUnit v="KW1"/></Period><Period><TimeInterval v="2016-12-14T12:00Z/2016-12-14T13:00Z"/><Direction v="Z02"/><Quantity v="0"/><MeasureUnit v="KW1"/></Period><Period><TimeInterval v="2016-12-14T13:00Z/2016-12-14T14:00Z"/><Direction v="Z02"/><Quantity v="0"/><MeasureUnit v="KW1"/></Period><Period><TimeInterval v="2016-12-14T14:00Z/2016-12-14T15:00Z"/><Direction v="Z02"/><Quantity v="0"/><MeasureUnit v="KW1"/></Period><Period><TimeInterval v="2016-12-14T15:00Z/2016-12-14T16:00Z"/><Direction v="Z02"/><Quantity v="0"/><MeasureUnit v="KW1"/></Period><Period><TimeInterval v="2016-12-14T16:00Z/2016-12-14T17:00Z"/><Direction v="Z02"/><Quantity v="0"/><MeasureUnit v="KW1"/></Period><Period><TimeInterval v="2016-12-14T17:00Z/2016-12-14T18:00Z"/><Direction v="Z02"/><Quantity v="0"/><MeasureUnit v="KW1"/></Period><Period><TimeInterval v="2016-12-14T18:00Z/2016-12-14T19:00Z"/><Direction v="Z02"/><Quantity v="0"/><MeasureUnit v="KW1"/></Period><Period><TimeInterval v="2016-12-14T19:00Z/2016-12-14T20:00Z"/><Direction v="Z02"/><Quantity v="0"/><MeasureUnit v="KW1"/></Period><Period><TimeInterval v="2016-12-14T20:00Z/2016-12-14T21:00Z"/><Direction v="Z02"/><Quantity v="0"/><MeasureUnit v="KW1"/></Period><Period><TimeInterval v="2016-12-14T21:00Z/2016-12-14T22:00Z"/><Direction v="Z02"/><Quantity v="0"/><MeasureUnit v="KW1"/></Period><Period><TimeInterval v="2016-12-14T22:00Z/2016-12-14T23:00Z"/><Direction v="Z02"/><Quantity v="0"/><MeasureUnit v="KW1"/></Period><Period><TimeInterval v="2016-12-14T23:00Z/2016-12-15T00:00Z"/><Direction v="Z02"/><Quantity v="0"/><MeasureUnit v="KW1"/></Period><Period><TimeInterval v="2016-12-15T00:00Z/2016-12-15T01:00Z"/><Direction v="Z02"/><Quantity v="0"/><MeasureUnit v="KW1"/></Period><Period><TimeInterval v="2016-12-15T01:00Z/2016-12-15T02:00Z"/><Direction v="Z02"/><Quantity v="0"/><MeasureUnit v="KW1"/></Period><Period><TimeInterval v="2016-12-15T02:00Z/2016-12-15T03:00Z"/><Direction v="Z02"/><Quantity v="0"/><MeasureUnit v="KW1"/></Period><Period><TimeInterval v="2016-12-15T03:00Z/2016-12-15T04:00Z"/><Direction v="Z02"/><Quantity v="0"/><MeasureUnit v="KW1"/></Period><Period><TimeInterval v="2016-12-15T04:00Z/2016-12-15T05:00Z"/><Direction v="Z02"/><Quantity v="0"/><MeasureUnit v="KW1"/></Period></Category></ConnectionPoint><ConnectionPoint><Identification v="37Z000000006389D" codingScheme="305"/><Type v="Z26"/><Category><CapacityCode v="Z08"/><Period><TimeInterval v="2016-12-14T05:00Z/2016-12-14T06:00Z"/><Direction v="Z03"/><Quantity v="166324"/><MeasureUnit v="KW1"/></Period><Period><TimeInterval v="2016-12-14T06:00Z/2016-12-14T07:00Z"/><Direction v="Z03"/><Quantity v="334697"/><MeasureUnit v="KW1"/></Period><Period><TimeInterval v="2016-12-14T07:00Z/2016-12-14T08:00Z"/><Direction v="Z03"/><Quantity v="343900"/><MeasureUnit v="KW1"/></Period><Period><TimeInterval v="2016-12-14T08:00Z/2016-12-14T09:00Z"/><Direction v="Z03"/><Quantity v="343831"/><MeasureUnit v="KW1"/></Period><Period><TimeInterval v="2016-12-14T09:00Z/2016-12-14T10:00Z"/><Direction v="Z03"/><Quantity v="346440"/><MeasureUnit v="KW1"/></Period><Period><TimeInterval v="2016-12-14T10:00Z/2016-12-14T11:00Z"/><Direction v="Z03"/><Quantity v="343175"/><MeasureUnit v="KW1"/></Period><Period><TimeInterval v="2016-12-14T11:00Z/2016-12-14T12:00Z"/><Direction v="Z03"/><Quantity v="345129"/><MeasureUnit v="KW1"/></Period><Period><TimeInterval v="2016-12-14T12:00Z/2016-12-14T13:00Z"/><Direction v="Z03"/><Quantity v="344117"/><MeasureUnit v="KW1"/></Period><Period><TimeInterval v="2016-12-14T13:00Z/2016-12-14T14:00Z"/><Direction v="Z03"/><Quantity v="346791"/><MeasureUnit v="KW1"/></Period><Period><TimeInterval v="2016-12-14T14:00Z/2016-12-14T15:00Z"/><Direction v="Z03"/><Quantity v="341432"/><MeasureUnit v="KW1"/></Period><Period><TimeInterval v="2016-12-14T15:00Z/2016-12-14T16:00Z"/><Direction v="Z03"/><Quantity v="342803"/><MeasureUnit v="KW1"/></Period><Period><TimeInterval v="2016-12-14T16:00Z/2016-12-14T17:00Z"/><Direction v="Z03"/><Quantity v="343214"/><MeasureUnit v="KW1"/></Period><Period><TimeInterval v="2016-12-14T17:00Z/2016-12-14T18:00Z"/><Direction v="Z03"/><Quantity v="341382"/><MeasureUnit v="KW1"/></Period><Period><TimeInterval v="2016-12-14T18:00Z/2016-12-14T19:00Z"/><Direction v="Z03"/><Quantity v="341248"/><MeasureUnit v="KW1"/></Period><Period><TimeInterval v="2016-12-14T19:00Z/2016-12-14T20:00Z"/><Direction v="Z03"/><Quantity v="338737"/><MeasureUnit v="KW1"/></Period><Period><TimeInterval v="2016-12-14T20:00Z/2016-12-14T21:00Z"/><Direction v="Z03"/><Quantity v="338162"/><MeasureUnit v="KW1"/></Period><Period><TimeInterval v="2016-12-14T21:00Z/2016-12-14T22:00Z"/><Direction v="Z03"/><Quantity v="340368"/><MeasureUnit v="KW1"/></Period><Period><TimeInterval v="2016-12-14T22:00Z/2016-12-14T23:00Z"/><Direction v="Z03"/><Quantity v="345497"/><MeasureUnit v="KW1"/></Period><Period><TimeInterval v="2016-12-14T23:00Z/2016-12-15T00:00Z"/><Direction v="Z03"/><Quantity v="346354"/><MeasureUnit v="KW1"/></Period><Period><TimeInterval v="2016-12-15T00:00Z/2016-12-15T01:00Z"/><Direction v="Z03"/><Quantity v="346030"/><MeasureUnit v="KW1"/></Period><Period><TimeInterval v="2016-12-15T01:00Z/2016-12-15T02:00Z"/><Direction v="Z03"/><Quantity v="340759"/><MeasureUnit v="KW1"/></Period><Period><TimeInterval v="2016-12-15T02:00Z/2016-12-15T03:00Z"/><Direction v="Z03"/><Quantity v="336575"/><MeasureUnit v="KW1"/></Period><Period><TimeInterval v="2016-12-15T03:00Z/2016-12-15T04:00Z"/><Direction v="Z03"/><Quantity v="345320"/><MeasureUnit v="KW1"/></Period><Period><TimeInterval v="2016-12-15T04:00Z/2016-12-15T05:00Z"/><Direction v="Z03"/><Quantity v="347007"/><MeasureUnit v="KW1"/></Period></Category></ConnectionPoint><ConnectionPoint><Identification v="21Z000000000001G" codingScheme="305"/><Type v="Z25"/><Category><CapacityCode v="Z08"/><Period><TimeInterval v="2016-12-14T05:00Z/2016-12-14T06:00Z"/><Direction v="Z03"/><Quantity v="2925361"/><MeasureUnit v="KW1"/></Period><Period><TimeInterval v="2016-12-14T06:00Z/2016-12-14T07:00Z"/><Direction v="Z03"/><Quantity v="2995307"/><MeasureUnit v="KW1"/></Period><Period><TimeInterval v="2016-12-14T07:00Z/2016-12-14T08:00Z"/><Direction v="Z03"/><Quantity v="5557996"/><MeasureUnit v="KW1"/></Period><Period><TimeInterval v="2016-12-14T08:00Z/2016-12-14T09:00Z"/><Direction v="Z03"/><Quantity v="4547715"/><MeasureUnit v="KW1"/></Period><Period><TimeInterval v="2016-12-14T09:00Z/2016-12-14T10:00Z"/><Direction v="Z03"/><Quantity v="3898196"/><MeasureUnit v="KW1"/></Period><Period><TimeInterval v="2016-12-14T10:00Z/2016-12-14T11:00Z"/><Direction v="Z03"/><Quantity v="3308510"/><MeasureUnit v="KW1"/></Period><Period><TimeInterval v="2016-12-14T11:00Z/2016-12-14T12:00Z"/><Direction v="Z03"/><Quantity v="3160646"/><MeasureUnit v="KW1"/></Period><Period><TimeInterval v="2016-12-14T12:00Z/2016-12-14T13:00Z"/><Direction v="Z03"/><Quantity v="2759744"/><MeasureUnit v="KW1"/></Period><Period><TimeInterval v="2016-12-14T13:00Z/2016-12-14T14:00Z"/><Direction v="Z03"/><Quantity v="1312358"/><MeasureUnit v="KW1"/></Period><Period><TimeInterval v="2016-12-14T14:00Z/2016-12-14T15:00Z"/><Direction v="Z03"/><Quantity v="1982313"/><MeasureUnit v="KW1"/></Period><Period><TimeInterval v="2016-12-14T15:00Z/2016-12-14T16:00Z"/><Direction v="Z03"/><Quantity v="2089823"/><MeasureUnit v="KW1"/></Period><Period><TimeInterval v="2016-12-14T16:00Z/2016-12-14T17:00Z"/><Direction v="Z03"/><Quantity v="2121032"/><MeasureUnit v="KW1"/></Period><Period><TimeInterval v="2016-12-14T17:00Z/2016-12-14T18:00Z"/><Direction v="Z03"/><Quantity v="2155882"/><MeasureUnit v="KW1"/></Period><Period><TimeInterval v="2016-12-14T18:00Z/2016-12-14T19:00Z"/><Direction v="Z03"/><Quantity v="2530125"/><MeasureUnit v="KW1"/></Period><Period><TimeInterval v="2016-12-14T19:00Z/2016-12-14T20:00Z"/><Direction v="Z03"/><Quantity v="3834515"/><MeasureUnit v="KW1"/></Period><Period><TimeInterval v="2016-12-14T20:00Z/2016-12-14T21:00Z"/><Direction v="Z03"/><Quantity v="4019518"/><MeasureUnit v="KW1"/></Period><Period><TimeInterval v="2016-12-14T21:00Z/2016-12-14T22:00Z"/><Direction v="Z03"/><Quantity v="3683710"/><MeasureUnit v="KW1"/></Period><Period><TimeInterval v="2016-12-14T22:00Z/2016-12-14T23:00Z"/><Direction v="Z03"/><Quantity v="3250369"/><MeasureUnit v="KW1"/></Period><Period><TimeInterval v="2016-12-14T23:00Z/2016-12-15T00:00Z"/><Direction v="Z03"/><Quantity v="3597832"/><MeasureUnit v="KW1"/></Period><Period><TimeInterval v="2016-12-15T00:00Z/2016-12-15T01:00Z"/><Direction v="Z03"/><Quantity v="3028450"/><MeasureUnit v="KW1"/></Period><Period><TimeInterval v="2016-12-15T01:00Z/2016-12-15T02:00Z"/><Direction v="Z03"/><Quantity v="2576896"/><MeasureUnit v="KW1"/></Period><Period><TimeInterval v="2016-12-15T02:00Z/2016-12-15T03:00Z"/><Direction v="Z03"/><Quantity v="2410048"/><MeasureUnit v="KW1"/></Period><Period><TimeInterval v="2016-12-15T03:00Z/2016-12-15T04:00Z"/><Direction v="Z03"/><Quantity v="2405600"/><MeasureUnit v="KW1"/></Period><Period><TimeInterval v="2016-12-15T04:00Z/2016-12-15T05:00Z"/><Direction v="Z03"/><Quantity v="2330211"/><MeasureUnit v="KW1"/></Period></Category></ConnectionPoint><ConnectionPoint><Identification v="21Z000000000039S" codingScheme="305"/><Type v="Z25"/><Category><CapacityCode v="Z08"/><Period><TimeInterval v="2016-12-14T05:00Z/2016-12-14T06:00Z"/><Direction v="Z03"/><Quantity v="14136624"/><MeasureUnit v="KW1"/></Period><Period><TimeInterval v="2016-12-14T06:00Z/2016-12-14T07:00Z"/><Direction v="Z03"/><Quantity v="14126578"/><MeasureUnit v="KW1"/></Period><Period><TimeInterval v="2016-12-14T07:00Z/2016-12-14T08:00Z"/><Direction v="Z03"/><Quantity v="14120931"/><MeasureUnit v="KW1"/></Period><Period><TimeInterval v="2016-12-14T08:00Z/2016-12-14T09:00Z"/><Direction v="Z03"/><Quantity v="14147850"/><MeasureUnit v="KW1"/></Period><Period><TimeInterval v="2016-12-14T09:00Z/2016-12-14T10:00Z"/><Direction v="Z03"/><Quantity v="14146990"/><MeasureUnit v="KW1"/></Period><Period><TimeInterval v="2016-12-14T10:00Z/2016-12-14T11:00Z"/><Direction v="Z03"/><Quantity v="14135595"/><MeasureUnit v="KW1"/></Period><Period><TimeInterval v="2016-12-14T11:00Z/2016-12-14T12:00Z"/><Direction v="Z03"/><Quantity v="14138802"/><MeasureUnit v="KW1"/></Period><Period><TimeInterval v="2016-12-14T12:00Z/2016-12-14T13:00Z"/><Direction v="Z03"/><Quantity v="14141925"/><MeasureUnit v="KW1"/></Period><Period><TimeInterval v="2016-12-14T13:00Z/2016-12-14T14:00Z"/><Direction v="Z03"/><Quantity v="14166071"/><MeasureUnit v="KW1"/></Period><Period><TimeInterval v="2016-12-14T14:00Z/2016-12-14T15:00Z"/><Direction v="Z03"/><Quantity v="14167590"/><MeasureUnit v="KW1"/></Period><Period><TimeInterval v="2016-12-14T15:00Z/2016-12-14T16:00Z"/><Direction v="Z03"/><Quantity v="14168612"/><MeasureUnit v="KW1"/></Period><Period><TimeInterval v="2016-12-14T16:00Z/2016-12-14T17:00Z"/><Direction v="Z03"/><Quantity v="14132096"/><MeasureUnit v="KW1"/></Period><Period><TimeInterval v="2016-12-14T17:00Z/2016-12-14T18:00Z"/><Direction v="Z03"/><Quantity v="14137562"/><MeasureUnit v="KW1"/></Period><Period><TimeInterval v="2016-12-14T18:00Z/2016-12-14T19:00Z"/><Direction v="Z03"/><Quantity v="14150003"/><MeasureUnit v="KW1"/></Period><Period><TimeInterval v="2016-12-14T19:00Z/2016-12-14T20:00Z"/><Direction v="Z03"/><Quantity v="14410666"/><MeasureUnit v="KW1"/></Period><Period><TimeInterval v="2016-12-14T20:00Z/2016-12-14T21:00Z"/><Direction v="Z03"/><Quantity v="14511600"/><MeasureUnit v="KW1"/></Period><Period><TimeInterval v="2016-12-14T21:00Z/2016-12-14T22:00Z"/><Direction v="Z03"/><Quantity v="13787864"/><MeasureUnit v="KW1"/></Period><Period><TimeInterval v="2016-12-14T22:00Z/2016-12-14T23:00Z"/><Direction v="Z03"/><Quantity v="13688916"/><MeasureUnit v="KW1"/></Period><Period><TimeInterval v="2016-12-14T23:00Z/2016-12-15T00:00Z"/><Direction v="Z03"/><Quantity v="13682586"/><MeasureUnit v="KW1"/></Period><Period><TimeInterval v="2016-12-15T00:00Z/2016-12-15T01:00Z"/><Direction v="Z03"/><Quantity v="13477265"/><MeasureUnit v="KW1"/></Period><Period><TimeInterval v="2016-12-15T01:00Z/2016-12-15T02:00Z"/><Direction v="Z03"/><Quantity v="13324275"/><MeasureUnit v="KW1"/></Period><Period><TimeInterval v="2016-12-15T02:00Z/2016-12-15T03:00Z"/><Direction v="Z03"/><Quantity v="13353848"/><MeasureUnit v="KW1"/></Period><Period><TimeInterval v="2016-12-15T03:00Z/2016-12-15T04:00Z"/><Direction v="Z03"/><Quantity v="13291687"/><MeasureUnit v="KW1"/></Period><Period><TimeInterval v="2016-12-15T04:00Z/2016-12-15T05:00Z"/><Direction v="Z03"/><Quantity v="13293367"/><MeasureUnit v="KW1"/></Period></Category></ConnectionPoint><ConnectionPoint><Identification v="21Z000000000072U" codingScheme="305"/><Type v="Z25"/><Category><CapacityCode v="Z08"/><Period><TimeInterval v="2016-12-14T05:00Z/2016-12-14T06:00Z"/><Direction v="Z02"/><Quantity v="14079129"/><MeasureUnit v="KW1"/></Period><Period><TimeInterval v="2016-12-14T06:00Z/2016-12-14T07:00Z"/><Direction v="Z02"/><Quantity v="14495741"/><MeasureUnit v="KW1"/></Period><Period><TimeInterval v="2016-12-14T07:00Z/2016-12-14T08:00Z"/><Direction v="Z02"/><Quantity v="14257396"/><MeasureUnit v="KW1"/></Period><Period><TimeInterval v="2016-12-14T08:00Z/2016-12-14T09:00Z"/><Direction v="Z02"/><Quantity v="14499363"/><MeasureUnit v="KW1"/></Period><Period><TimeInterval v="2016-12-14T09:00Z/2016-12-14T10:00Z"/><Direction v="Z02"/><Quantity v="14426292"/><MeasureUnit v="KW1"/></Period><Period><TimeInterval v="2016-12-14T10:00Z/2016-12-14T11:00Z"/><Direction v="Z02"/><Quantity v="13534691"/><MeasureUnit v="KW1"/></Period><Period><TimeInterval v="2016-12-14T11:00Z/2016-12-14T12:00Z"/><Direction v="Z02"/><Quantity v="13069359"/><MeasureUnit v="KW1"/></Period><Period><TimeInterval v="2016-12-14T12:00Z/2016-12-14T13:00Z"/><Direction v="Z02"/><Quantity v="13267520"/><MeasureUnit v="KW1"/></Period><Period><TimeInterval v="2016-12-14T13:00Z/2016-12-14T14:00Z"/><Direction v="Z02"/><Quantity v="13324591"/><MeasureUnit v="KW1"/></Period><Period><TimeInterval v="2016-12-14T14:00Z/2016-12-14T15:00Z"/><Direction v="Z02"/><Quantity v="12905053"/><MeasureUnit v="KW1"/></Period><Period><TimeInterval v="2016-12-14T15:00Z/2016-12-14T16:00Z"/><Direction v="Z02"/><Quantity v="13151922"/><MeasureUnit v="KW1"/></Period><Period><TimeInterval v="2016-12-14T16:00Z/2016-12-14T17:00Z"/><Direction v="Z02"/><Quantity v="13231137"/><MeasureUnit v="KW1"/></Period><Period><TimeInterval v="2016-12-14T17:00Z/2016-12-14T18:00Z"/><Direction v="Z02"/><Quantity v="13388296"/><MeasureUnit v="KW1"/></Period><Period><TimeInterval v="2016-12-14T18:00Z/2016-12-14T19:00Z"/><Direction v="Z02"/><Quantity v="13071886"/><MeasureUnit v="KW1"/></Period><Period><TimeInterval v="2016-12-14T19:00Z/2016-12-14T20:00Z"/><Direction v="Z02"/><Quantity v="12427345"/><MeasureUnit v="KW1"/></Period><Period><TimeInterval v="2016-12-14T20:00Z/2016-12-14T21:00Z"/><Direction v="Z02"/><Quantity v="12208840"/><MeasureUnit v="KW1"/></Period><Period><TimeInterval v="2016-12-14T21:00Z/2016-12-14T22:00Z"/><Direction v="Z02"/><Quantity v="10781163"/><MeasureUnit v="KW1"/></Period><Period><TimeInterval v="2016-12-14T22:00Z/2016-12-14T23:00Z"/><Direction v="Z02"/><Quantity v="10682332"/><MeasureUnit v="KW1"/></Period><Period><TimeInterval v="2016-12-14T23:00Z/2016-12-15T00:00Z"/><Direction v="Z02"/><Quantity v="10764342"/><MeasureUnit v="KW1"/></Period><Period><TimeInterval v="2016-12-15T00:00Z/2016-12-15T01:00Z"/><Direction v="Z02"/><Quantity v="10902459"/><MeasureUnit v="KW1"/></Period><Period><TimeInterval v="2016-12-15T01:00Z/2016-12-15T02:00Z"/><Direction v="Z02"/><Quantity v="13033287"/><MeasureUnit v="KW1"/></Period><Period><TimeInterval v="2016-12-15T02:00Z/2016-12-15T03:00Z"/><Direction v="Z02"/><Quantity v="13167371"/><MeasureUnit v="KW1"/></Period><Period><TimeInterval v="2016-12-15T03:00Z/2016-12-15T04:00Z"/><Direction v="Z02"/><Quantity v="14404954"/><MeasureUnit v="KW1"/></Period><Period><TimeInterval v="2016-12-15T04:00Z/2016-12-15T05:00Z"/><Direction v="Z02"/><Quantity v="11886343"/><MeasureUnit v="KW1"/></Period></Category></ConnectionPoint><ConnectionPoint><Identification v="37Z000000001078I" codingScheme="305"/><Type v="Z26"/><Category><CapacityCode v="Z08"/><Period><TimeInterval v="2016-12-14T05:00Z/2016-12-14T06:00Z"/><Direction v="Z02"/><Quantity v="0"/><MeasureUnit v="KW1"/></Period><Period><TimeInterval v="2016-12-14T06:00Z/2016-12-14T07:00Z"/><Direction v="Z02"/><Quantity v="0"/><MeasureUnit v="KW1"/></Period><Period><TimeInterval v="2016-12-14T07:00Z/2016-12-14T08:00Z"/><Direction v="Z02"/><Quantity v="0"/><MeasureUnit v="KW1"/></Period><Period><TimeInterval v="2016-12-14T08:00Z/2016-12-14T09:00Z"/><Direction v="Z02"/><Quantity v="0"/><MeasureUnit v="KW1"/></Period><Period><TimeInterval v="2016-12-14T09:00Z/2016-12-14T10:00Z"/><Direction v="Z02"/><Quantity v="0"/><MeasureUnit v="KW1"/></Period><Period><TimeInterval v="2016-12-14T10:00Z/2016-12-14T11:00Z"/><Direction v="Z02"/><Quantity v="0"/><MeasureUnit v="KW1"/></Period><Period><TimeInterval v="2016-12-14T11:00Z/2016-12-14T12:00Z"/><Direction v="Z02"/><Quantity v="0"/><MeasureUnit v="KW1"/></Period><Period><TimeInterval v="2016-12-14T12:00Z/2016-12-14T13:00Z"/><Direction v="Z02"/><Quantity v="0"/><MeasureUnit v="KW1"/></Period><Period><TimeInterval v="2016-12-14T13:00Z/2016-12-14T14:00Z"/><Direction v="Z02"/><Quantity v="0"/><MeasureUnit v="KW1"/></Period><Period><TimeInterval v="2016-12-14T14:00Z/2016-12-14T15:00Z"/><Direction v="Z02"/><Quantity v="0"/><MeasureUnit v="KW1"/></Period><Period><TimeInterval v="2016-12-14T15:00Z/2016-12-14T16:00Z"/><Direction v="Z02"/><Quantity v="0"/><MeasureUnit v="KW1"/></Period><Period><TimeInterval v="2016-12-14T16:00Z/2016-12-14T17:00Z"/><Direction v="Z02"/><Quantity v="0"/><MeasureUnit v="KW1"/></Period><Period><TimeInterval v="2016-12-14T17:00Z/2016-12-14T18:00Z"/><Direction v="Z02"/><Quantity v="0"/><MeasureUnit v="KW1"/></Period><Period><TimeInterval v="2016-12-14T18:00Z/2016-12-14T19:00Z"/><Direction v="Z02"/><Quantity v="0"/><MeasureUnit v="KW1"/></Period><Period><TimeInterval v="2016-12-14T19:00Z/2016-12-14T20:00Z"/><Direction v="Z02"/><Quantity v="0"/><MeasureUnit v="KW1"/></Period><Period><TimeInterval v="2016-12-14T20:00Z/2016-12-14T21:00Z"/><Direction v="Z02"/><Quantity v="0"/><MeasureUnit v="KW1"/></Period><Period><TimeInterval v="2016-12-14T21:00Z/2016-12-14T22:00Z"/><Direction v="Z02"/><Quantity v="0"/><MeasureUnit v="KW1"/></Period><Period><TimeInterval v="2016-12-14T22:00Z/2016-12-14T23:00Z"/><Direction v="Z02"/><Quantity v="0"/><MeasureUnit v="KW1"/></Period><Period><TimeInterval v="2016-12-14T23:00Z/2016-12-15T00:00Z"/><Direction v="Z02"/><Quantity v="0"/><MeasureUnit v="KW1"/></Period><Period><TimeInterval v="2016-12-15T00:00Z/2016-12-15T01:00Z"/><Direction v="Z02"/><Quantity v="0"/><MeasureUnit v="KW1"/></Period><Period><TimeInterval v="2016-12-15T01:00Z/2016-12-15T02:00Z"/><Direction v="Z02"/><Quantity v="0"/><MeasureUnit v="KW1"/></Period><Period><TimeInterval v="2016-12-15T02:00Z/2016-12-15T03:00Z"/><Direction v="Z02"/><Quantity v="0"/><MeasureUnit v="KW1"/></Period><Period><TimeInterval v="2016-12-15T03:00Z/2016-12-15T04:00Z"/><Direction v="Z02"/><Quantity v="0"/><MeasureUnit v="KW1"/></Period><Period><TimeInterval v="2016-12-15T04:00Z/2016-12-15T05:00Z"/><Direction v="Z02"/><Quantity v="0"/><MeasureUnit v="KW1"/></Period></Category></ConnectionPoint><ConnectionPoint><Identification v="37Z000000006390S" codingScheme="305"/><Type v="Z26"/><Category><CapacityCode v="Z08"/><Period><TimeInterval v="2016-12-14T05:00Z/2016-12-14T06:00Z"/><Direction v="Z02"/><Quantity v="0"/><MeasureUnit v="KW1"/></Period><Period><TimeInterval v="2016-12-14T06:00Z/2016-12-14T07:00Z"/><Direction v="Z02"/><Quantity v="0"/><MeasureUnit v="KW1"/></Period><Period><TimeInterval v="2016-12-14T07:00Z/2016-12-14T08:00Z"/><Direction v="Z02"/><Quantity v="0"/><MeasureUnit v="KW1"/></Period><Period><TimeInterval v="2016-12-14T08:00Z/2016-12-14T09:00Z"/><Direction v="Z02"/><Quantity v="0"/><MeasureUnit v="KW1"/></Period><Period><TimeInterval v="2016-12-14T09:00Z/2016-12-14T10:00Z"/><Direction v="Z02"/><Quantity v="0"/><MeasureUnit v="KW1"/></Period><Period><TimeInterval v="2016-12-14T10:00Z/2016-12-14T11:00Z"/><Direction v="Z02"/><Quantity v="0"/><MeasureUnit v="KW1"/></Period><Period><TimeInterval v="2016-12-14T11:00Z/2016-12-14T12:00Z"/><Direction v="Z02"/><Quantity v="0"/><MeasureUnit v="KW1"/></Period><Period><TimeInterval v="2016-12-14T12:00Z/2016-12-14T13:00Z"/><Direction v="Z02"/><Quantity v="0"/><MeasureUnit v="KW1"/></Period><Period><TimeInterval v="2016-12-14T13:00Z/2016-12-14T14:00Z"/><Direction v="Z02"/><Quantity v="0"/><MeasureUnit v="KW1"/></Period><Period><TimeInterval v="2016-12-14T14:00Z/2016-12-14T15:00Z"/><Direction v="Z02"/><Quantity v="0"/><MeasureUnit v="KW1"/></Period><Period><TimeInterval v="2016-12-14T15:00Z/2016-12-14T16:00Z"/><Direction v="Z02"/><Quantity v="0"/><MeasureUnit v="KW1"/></Period><Period><TimeInterval v="2016-12-14T16:00Z/2016-12-14T17:00Z"/><Direction v="Z02"/><Quantity v="0"/><MeasureUnit v="KW1"/></Period><Period><TimeInterval v="2016-12-14T17:00Z/2016-12-14T18:00Z"/><Direction v="Z02"/><Quantity v="0"/><MeasureUnit v="KW1"/></Period><Period><TimeInterval v="2016-12-14T18:00Z/2016-12-14T19:00Z"/><Direction v="Z02"/><Quantity v="0"/><MeasureUnit v="KW1"/></Period><Period><TimeInterval v="2016-12-14T19:00Z/2016-12-14T20:00Z"/><Direction v="Z02"/><Quantity v="0"/><MeasureUnit v="KW1"/></Period><Period><TimeInterval v="2016-12-14T20:00Z/2016-12-14T21:00Z"/><Direction v="Z02"/><Quantity v="0"/><MeasureUnit v="KW1"/></Period><Period><TimeInterval v="2016-12-14T21:00Z/2016-12-14T22:00Z"/><Direction v="Z02"/><Quantity v="0"/><MeasureUnit v="KW1"/></Period><Period><TimeInterval v="2016-12-14T22:00Z/2016-12-14T23:00Z"/><Direction v="Z02"/><Quantity v="0"/><MeasureUnit v="KW1"/></Period><Period><TimeInterval v="2016-12-14T23:00Z/2016-12-15T00:00Z"/><Direction v="Z02"/><Quantity v="0"/><MeasureUnit v="KW1"/></Period><Period><TimeInterval v="2016-12-15T00:00Z/2016-12-15T01:00Z"/><Direction v="Z02"/><Quantity v="0"/><MeasureUnit v="KW1"/></Period><Period><TimeInterval v="2016-12-15T01:00Z/2016-12-15T02:00Z"/><Direction v="Z02"/><Quantity v="0"/><MeasureUnit v="KW1"/></Period><Period><TimeInterval v="2016-12-15T02:00Z/2016-12-15T03:00Z"/><Direction v="Z02"/><Quantity v="0"/><MeasureUnit v="KW1"/></Period><Period><TimeInterval v="2016-12-15T03:00Z/2016-12-15T04:00Z"/><Direction v="Z02"/><Quantity v="0"/><MeasureUnit v="KW1"/></Period><Period><TimeInterval v="2016-12-15T04:00Z/2016-12-15T05:00Z"/><Direction v="Z02"/><Quantity v="0"/><MeasureUnit v="KW1"/></Period></Category></ConnectionPoint><ConnectionPoint><Identification v="37Y000000000288Q" codingScheme="305"/><Type v="Z26"/><Category><CapacityCode v="Z08"/><Period><TimeInterval v="2016-12-14T05:00Z/2016-12-14T06:00Z"/><Direction v="Z02"/><Quantity v="1563016"/><MeasureUnit v="KW1"/></Period><Period><TimeInterval v="2016-12-14T06:00Z/2016-12-14T07:00Z"/><Direction v="Z02"/><Quantity v="1447119"/><MeasureUnit v="KW1"/></Period><Period><TimeInterval v="2016-12-14T07:00Z/2016-12-14T08:00Z"/><Direction v="Z02"/><Quantity v="1418430"/><MeasureUnit v="KW1"/></Period><Period><TimeInterval v="2016-12-14T08:00Z/2016-12-14T09:00Z"/><Direction v="Z02"/><Quantity v="1404624"/><MeasureUnit v="KW1"/></Period><Period><TimeInterval v="2016-12-14T09:00Z/2016-12-14T10:00Z"/><Direction v="Z02"/><Quantity v="1361683"/><MeasureUnit v="KW1"/></Period><Period><TimeInterval v="2016-12-14T10:00Z/2016-12-14T11:00Z"/><Direction v="Z02"/><Quantity v="1198963"/><MeasureUnit v="KW1"/></Period><Period><TimeInterval v="2016-12-14T11:00Z/2016-12-14T12:00Z"/><Direction v="Z02"/><Quantity v="1223099"/><MeasureUnit v="KW1"/></Period><Period><TimeInterval v="2016-12-14T12:00Z/2016-12-14T13:00Z"/><Direction v="Z02"/><Quantity v="1183813"/><MeasureUnit v="KW1"/></Period><Period><TimeInterval v="2016-12-14T13:00Z/2016-12-14T14:00Z"/><Direction v="Z02"/><Quantity v="1206224"/><MeasureUnit v="KW1"/></Period><Period><TimeInterval v="2016-12-14T14:00Z/2016-12-14T15:00Z"/><Direction v="Z02"/><Quantity v="1186442"/><MeasureUnit v="KW1"/></Period><Period><TimeInterval v="2016-12-14T15:00Z/2016-12-14T16:00Z"/><Direction v="Z02"/><Quantity v="1201527"/><MeasureUnit v="KW1"/></Period><Period><TimeInterval v="2016-12-14T16:00Z/2016-12-14T17:00Z"/><Direction v="Z02"/><Quantity v="1190374"/><MeasureUnit v="KW1"/></Period><Period><TimeInterval v="2016-12-14T17:00Z/2016-12-14T18:00Z"/><Direction v="Z02"/><Quantity v="1192226"/><MeasureUnit v="KW1"/></Period><Period><TimeInterval v="2016-12-14T18:00Z/2016-12-14T19:00Z"/><Direction v="Z02"/><Quantity v="1185887"/><MeasureUnit v="KW1"/></Period><Period><TimeInterval v="2016-12-14T19:00Z/2016-12-14T20:00Z"/><Direction v="Z02"/><Quantity v="1116139"/><MeasureUnit v="KW1"/></Period><Period><TimeInterval v="2016-12-14T20:00Z/2016-12-14T21:00Z"/><Direction v="Z02"/><Quantity v="1061109"/><MeasureUnit v="KW1"/></Period><Period><TimeInterval v="2016-12-14T21:00Z/2016-12-14T22:00Z"/><Direction v="Z02"/><Quantity v="818809"/><MeasureUnit v="KW1"/></Period><Period><TimeInterval v="2016-12-14T22:00Z/2016-12-14T23:00Z"/><Direction v="Z02"/><Quantity v="785079"/><MeasureUnit v="KW1"/></Period><Period><TimeInterval v="2016-12-14T23:00Z/2016-12-15T00:00Z"/><Direction v="Z02"/><Quantity v="711454"/><MeasureUnit v="KW1"/></Period><Period><TimeInterval v="2016-12-15T00:00Z/2016-12-15T01:00Z"/><Direction v="Z02"/><Quantity v="691914"/><MeasureUnit v="KW1"/></Period><Period><TimeInterval v="2016-12-15T01:00Z/2016-12-15T02:00Z"/><Direction v="Z02"/><Quantity v="764437"/><MeasureUnit v="KW1"/></Period><Period><TimeInterval v="2016-12-15T02:00Z/2016-12-15T03:00Z"/><Direction v="Z02"/><Quantity v="830200"/><MeasureUnit v="KW1"/></Period><Period><TimeInterval v="2016-12-15T03:00Z/2016-12-15T04:00Z"/><Direction v="Z02"/><Quantity v="964247"/><MeasureUnit v="KW1"/></Period><Period><TimeInterval v="2016-12-15T04:00Z/2016-12-15T05:00Z"/><Direction v="Z02"/><Quantity v="1447831"/><MeasureUnit v="KW1"/></Period></Category></ConnectionPoint><ConnectionPoint><Identification v="37Y000000000385S" codingScheme="305"/><Type v="Z26"/><Category><CapacityCode v="Z08"/><Period><TimeInterval v="2016-12-14T05:00Z/2016-12-14T06:00Z"/><Direction v="Z02"/><Quantity v="2246690"/><MeasureUnit v="KW1"/></Period><Period><TimeInterval v="2016-12-14T06:00Z/2016-12-14T07:00Z"/><Direction v="Z02"/><Quantity v="2249016"/><MeasureUnit v="KW1"/></Period><Period><TimeInterval v="2016-12-14T07:00Z/2016-12-14T08:00Z"/><Direction v="Z02"/><Quantity v="2247009"/><MeasureUnit v="KW1"/></Period><Period><TimeInterval v="2016-12-14T08:00Z/2016-12-14T09:00Z"/><Direction v="Z02"/><Quantity v="2245669"/><MeasureUnit v="KW1"/></Period><Period><TimeInterval v="2016-12-14T09:00Z/2016-12-14T10:00Z"/><Direction v="Z02"/><Quantity v="2247178"/><MeasureUnit v="KW1"/></Period><Period><TimeInterval v="2016-12-14T10:00Z/2016-12-14T11:00Z"/><Direction v="Z02"/><Quantity v="2248535"/><MeasureUnit v="KW1"/></Period><Period><TimeInterval v="2016-12-14T11:00Z/2016-12-14T12:00Z"/><Direction v="Z02"/><Quantity v="2246512"/><MeasureUnit v="KW1"/></Period><Period><TimeInterval v="2016-12-14T12:00Z/2016-12-14T13:00Z"/><Direction v="Z02"/><Quantity v="2246305"/><MeasureUnit v="KW1"/></Period><Period><TimeInterval v="2016-12-14T13:00Z/2016-12-14T14:00Z"/><Direction v="Z02"/><Quantity v="2246440"/><MeasureUnit v="KW1"/></Period><Period><TimeInterval v="2016-12-14T14:00Z/2016-12-14T15:00Z"/><Direction v="Z02"/><Quantity v="2246636"/><MeasureUnit v="KW1"/></Period><Period><TimeInterval v="2016-12-14T15:00Z/2016-12-14T16:00Z"/><Direction v="Z02"/><Quantity v="2241858"/><MeasureUnit v="KW1"/></Period><Period><TimeInterval v="2016-12-14T16:00Z/2016-12-14T17:00Z"/><Direction v="Z02"/><Quantity v="2249219"/><MeasureUnit v="KW1"/></Period><Period><TimeInterval v="2016-12-14T17:00Z/2016-12-14T18:00Z"/><Direction v="Z02"/><Quantity v="2242987"/><MeasureUnit v="KW1"/></Period><Period><TimeInterval v="2016-12-14T18:00Z/2016-12-14T19:00Z"/><Direction v="Z02"/><Quantity v="2238982"/><MeasureUnit v="KW1"/></Period><Period><TimeInterval v="2016-12-14T19:00Z/2016-12-14T20:00Z"/><Direction v="Z02"/><Quantity v="2241964"/><MeasureUnit v="KW1"/></Period><Period><TimeInterval v="2016-12-14T20:00Z/2016-12-14T21:00Z"/><Direction v="Z02"/><Quantity v="2236076"/><MeasureUnit v="KW1"/></Period><Period><TimeInterval v="2016-12-14T21:00Z/2016-12-14T22:00Z"/><Direction v="Z02"/><Quantity v="2219722"/><MeasureUnit v="KW1"/></Period><Period><TimeInterval v="2016-12-14T22:00Z/2016-12-14T23:00Z"/><Direction v="Z02"/><Quantity v="2212064"/><MeasureUnit v="KW1"/></Period><Period><TimeInterval v="2016-12-14T23:00Z/2016-12-15T00:00Z"/><Direction v="Z02"/><Quantity v="2212190"/><MeasureUnit v="KW1"/></Period><Period><TimeInterval v="2016-12-15T00:00Z/2016-12-15T01:00Z"/><Direction v="Z02"/><Quantity v="2212110"/><MeasureUnit v="KW1"/></Period><Period><TimeInterval v="2016-12-15T01:00Z/2016-12-15T02:00Z"/><Direction v="Z02"/><Quantity v="2214482"/><MeasureUnit v="KW1"/></Period><Period><TimeInterval v="2016-12-15T02:00Z/2016-12-15T03:00Z"/><Direction v="Z02"/><Quantity v="2211365"/><MeasureUnit v="KW1"/></Period><Period><TimeInterval v="2016-12-15T03:00Z/2016-12-15T04:00Z"/><Direction v="Z02"/><Quantity v="2211722"/><MeasureUnit v="KW1"/></Period><Period><TimeInterval v="2016-12-15T04:00Z/2016-12-15T05:00Z"/><Direction v="Z02"/><Quantity v="2212500"/><MeasureUnit v="KW1"/></Period></Category></ConnectionPoint><ConnectionPoint><Identification v="21Z000000000343P" codingScheme="305"/><Type v="Z31"/><Category><CapacityCode v="Z08"/><Period><TimeInterval v="2016-12-14T05:00Z/2016-12-14T06:00Z"/><Direction v="Z03"/><Quantity v="33313273"/><MeasureUnit v="KW1"/></Period><Period><TimeInterval v="2016-12-14T06:00Z/2016-12-14T07:00Z"/><Direction v="Z03"/><Quantity v="36415591"/><MeasureUnit v="KW1"/></Period><Period><TimeInterval v="2016-12-14T07:00Z/2016-12-14T08:00Z"/><Direction v="Z03"/><Quantity v="36868394"/><MeasureUnit v="KW1"/></Period><Period><TimeInterval v="2016-12-14T08:00Z/2016-12-14T09:00Z"/><Direction v="Z03"/><Quantity v="34798849"/><MeasureUnit v="KW1"/></Period><Period><TimeInterval v="2016-12-14T09:00Z/2016-12-14T10:00Z"/><Direction v="Z03"/><Quantity v="33170588"/><MeasureUnit v="KW1"/></Period><Period><TimeInterval v="2016-12-14T10:00Z/2016-12-14T11:00Z"/><Direction v="Z03"/><Quantity v="33159833"/><MeasureUnit v="KW1"/></Period><Period><TimeInterval v="2016-12-14T11:00Z/2016-12-14T12:00Z"/><Direction v="Z03"/><Quantity v="38703891"/><MeasureUnit v="KW1"/></Period><Period><TimeInterval v="2016-12-14T12:00Z/2016-12-14T13:00Z"/><Direction v="Z03"/><Quantity v="38264556"/><MeasureUnit v="KW1"/></Period><Period><TimeInterval v="2016-12-14T13:00Z/2016-12-14T14:00Z"/><Direction v="Z03"/><Quantity v="38256760"/><MeasureUnit v="KW1"/></Period><Period><TimeInterval v="2016-12-14T14:00Z/2016-12-14T15:00Z"/><Direction v="Z03"/><Quantity v="39816311"/><MeasureUnit v="KW1"/></Period><Period><TimeInterval v="2016-12-14T15:00Z/2016-12-14T16:00Z"/><Direction v="Z03"/><Quantity v="41061676"/><MeasureUnit v="KW1"/></Period><Period><TimeInterval v="2016-12-14T16:00Z/2016-12-14T17:00Z"/><Direction v="Z03"/><Quantity v="40503259"/><MeasureUnit v="KW1"/></Period><Period><TimeInterval v="2016-12-14T17:00Z/2016-12-14T18:00Z"/><Direction v="Z03"/><Quantity v="40675335"/><MeasureUnit v="KW1"/></Period><Period><TimeInterval v="2016-12-14T18:00Z/2016-12-14T19:00Z"/><Direction v="Z03"/><Quantity v="40659656"/><MeasureUnit v="KW1"/></Period><Period><TimeInterval v="2016-12-14T19:00Z/2016-12-14T20:00Z"/><Direction v="Z03"/><Quantity v="39589362"/><MeasureUnit v="KW1"/></Period><Period><TimeInterval v="2016-12-14T20:00Z/2016-12-14T21:00Z"/><Direction v="Z03"/><Quantity v="41062871"/><MeasureUnit v="KW1"/></Period><Period><TimeInterval v="2016-12-14T21:00Z/2016-12-14T22:00Z"/><Direction v="Z03"/><Quantity v="42602519"/><MeasureUnit v="KW1"/></Period><Period><TimeInterval v="2016-12-14T22:00Z/2016-12-14T23:00Z"/><Direction v="Z03"/><Quantity v="42177864"/><MeasureUnit v="KW1"/></Period><Period><TimeInterval v="2016-12-14T23:00Z/2016-12-15T00:00Z"/><Direction v="Z03"/><Quantity v="42284674"/><MeasureUnit v="KW1"/></Period><Period><TimeInterval v="2016-12-15T00:00Z/2016-12-15T01:00Z"/><Direction v="Z03"/><Quantity v="36378303"/><MeasureUnit v="KW1"/></Period><Period><TimeInterval v="2016-12-15T01:00Z/2016-12-15T02:00Z"/><Direction v="Z03"/><Quantity v="38164186"/><MeasureUnit v="KW1"/></Period><Period><TimeInterval v="2016-12-15T02:00Z/2016-12-15T03:00Z"/><Direction v="Z03"/><Quantity v="36169083"/><MeasureUnit v="KW1"/></Period><Period><TimeInterval v="2016-12-15T03:00Z/2016-12-15T04:00Z"/><Direction v="Z03"/><Quantity v="36037084"/><MeasureUnit v="KW1"/></Period><Period><TimeInterval v="2016-12-15T04:00Z/2016-12-15T05:00Z"/><Direction v="Z03"/><Quantity v="36357724"/><MeasureUnit v="KW1"/></Period></Category></ConnectionPoint></TransparencyPublication>