<?xml version="1.0" encoding="UTF-8"?><TransparencyPublication Version="EGAS50" Release="A"><Identification v="TRANPB20170102A103889"/><Version v="1"/><Type v="AL4"/><CreationDateTime v="2017-01-02T07:10:00.582Z"/><ValidityPeriod v="2016-12-05T05:00Z/2016-12-06T05:00Z"/><IssuerIdentification v="21X-DE-C-A0A0A-T" codingScheme="305"/><IssuerRole v="ZSO"/><RecipientIdentification v="10X1001A1001A353" codingScheme="305"/><RecipientRole v="ZUA"/><ConnectionPoint><Identification v="37Z000000006231B" codingScheme="305"/><Type v="Z26"/><Category><CapacityCode v="Z12"/><Period><TimeInterval v="2016-12-05T05:00Z/2016-12-05T06:00Z"/><Direction v="Z02"/><Quantity v="365400"/><MeasureUnit v="KW1"/></Period><Period><TimeInterval v="2016-12-05T06:00Z/2016-12-05T07:00Z"/><Direction v="Z02"/><Quantity v="49400"/><MeasureUnit v="KW1"/></Period><Period><TimeInterval v="2016-12-05T07:00Z/2016-12-05T08:00Z"/><Direction v="Z02"/><Quantity v="365400"/><MeasureUnit v="KW1"/></Period><Period><TimeInterval v="2016-12-05T08:00Z/2016-12-05T09:00Z"/><Direction v="Z02"/><Quantity v="49400"/><MeasureUnit v="KW1"/></Period><Period><TimeInterval v="2016-12-05T09:00Z/2016-12-05T10:00Z"/><Direction v="Z02"/><Quantity v="365400"/><MeasureUnit v="KW1"/></Period><Period><TimeInterval v="2016-12-05T10:00Z/2016-12-05T11:00Z"/><Direction v="Z02"/><Quantity v="365400"/><MeasureUnit v="KW1"/></Period><Period><TimeInterval v="2016-12-05T11:00Z/2016-12-05T12:00Z"/><Direction v="Z02"/><Quantity v="365400"/><MeasureUnit v="KW1"/></Period><Period><TimeInterval v="2016-12-05T12:00Z/2016-12-05T13:00Z"/><Direction v="Z02"/><Quantity v="365400"/><MeasureUnit v="KW1"/></Period><Period><TimeInterval v="2016-12-05T13:00Z/2016-12-05T14:00Z"/><Direction v="Z02"/><Quantity v="365400"/><MeasureUnit v="KW1"/></Period><Period><TimeInterval v="2016-12-05T14:00Z/2016-12-05T15:00Z"/><Direction v="Z02"/><Quantity v="365400"/><MeasureUnit v="KW1"/></Period><Period><TimeInterval v="2016-12-05T15:00Z/2016-12-05T16:00Z"/><Direction v="Z02"/><Quantity v="365400"/><MeasureUnit v="KW1"/></Period><Period><TimeInterval v="2016-12-05T16:00Z/2016-12-05T17:00Z"/><Direction v="Z02"/><Quantity v="365400"/><MeasureUnit v="KW1"/></Period><Period><TimeInterval v="2016-12-05T17:00Z/2016-12-05T18:00Z"/><Direction v="Z02"/><Quantity v="69400"/><MeasureUnit v="KW1"/></Period><Period><TimeInterval v="2016-12-05T18:00Z/2016-12-05T19:00Z"/><Direction v="Z02"/><Quantity v="69400"/><MeasureUnit v="KW1"/></Period><Period><TimeInterval v="2016-12-05T19:00Z/2016-12-05T20:00Z"/><Direction v="Z02"/><Quantity v="69400"/><MeasureUnit v="KW1"/></Period><Period><TimeInterval v="2016-12-05T20:00Z/2016-12-05T21:00Z"/><Direction v="Z02"/><Quantity v="69400"/><MeasureUnit v="KW1"/></Period><Period><TimeInterval v="2016-12-05T21:00Z/2016-12-05T22:00Z"/><Direction v="Z02"/><Quantity v="69400"/><MeasureUnit v="KW1"/></Period><Period><TimeInterval v="2016-12-05T22:00Z/2016-12-05T23:00Z"/><Direction v="Z02"/><Quantity v="69400"/><MeasureUnit v="KW1"/></Period><Period><TimeInterval v="2016-12-05T23:00Z/2016-12-06T00:00Z"/><Direction v="Z02"/><Quantity v="69400"/><MeasureUnit v="KW1"/></Period><Period><TimeInterval v="2016-12-06T00:00Z/2016-12-06T01:00Z"/><Direction v="Z02"/><Quantity v="365400"/><MeasureUnit v="KW1"/></Period><Period><TimeInterval v="2016-12-06T01:00Z/2016-12-06T02:00Z"/><Direction v="Z02"/><Quantity v="365400"/><MeasureUnit v="KW1"/></Period><Period><TimeInterval v="2016-12-06T02:00Z/2016-12-06T03:00Z"/><Direction v="Z02"/><Quantity v="365400"/><MeasureUnit v="KW1"/></Period><Period><TimeInterval v="2016-12-06T03:00Z/2016-12-06T04:00Z"/><Direction v="Z02"/><Quantity v="365400"/><MeasureUnit v="KW1"/></Period><Period><TimeInterval v="2016-12-06T04:00Z/2016-12-06T05:00Z"/><Direction v="Z02"/><Quantity v="365400"/><MeasureUnit v="KW1"/></Period></Category><Category><CapacityCode v="Z14"/><Period><TimeInterval v="2016-12-05T05:00Z/2016-12-05T06:00Z"/><Direction v="Z02"/><Quantity v="49400"/><MeasureUnit v="KW1"/></Period><Period><TimeInterval v="2016-12-05T06:00Z/2016-12-05T07:00Z"/><Direction v="Z02"/><Quantity v="49400"/><MeasureUnit v="KW1"/></Period><Period><TimeInterval v="2016-12-05T07:00Z/2016-12-05T08:00Z"/><Direction v="Z02"/><Quantity v="49400"/><MeasureUnit v="KW1"/></Period><Period><TimeInterval v="2016-12-05T08:00Z/2016-12-05T09:00Z"/><Direction v="Z02"/><Quantity v="49400"/><MeasureUnit v="KW1"/></Period><Period><TimeInterval v="2016-12-05T09:00Z/2016-12-05T10:00Z"/><Direction v="Z02"/><Quantity v="49400"/><MeasureUnit v="KW1"/></Period><Period><TimeInterval v="2016-12-05T10:00Z/2016-12-05T11:00Z"/><Direction v="Z02"/><Quantity v="49400"/><MeasureUnit v="KW1"/></Period><Period><TimeInterval v="2016-12-05T11:00Z/2016-12-05T12:00Z"/><Direction v="Z02"/><Quantity v="49400"/><MeasureUnit v="KW1"/></Period><Period><TimeInterval v="2016-12-05T12:00Z/2016-12-05T13:00Z"/><Direction v="Z02"/><Quantity v="49400"/><MeasureUnit v="KW1"/></Period><Period><TimeInterval v="2016-12-05T13:00Z/2016-12-05T14:00Z"/><Direction v="Z02"/><Quantity v="49400"/><MeasureUnit v="KW1"/></Period><Period><TimeInterval v="2016-12-05T14:00Z/2016-12-05T15:00Z"/><Direction v="Z02"/><Quantity v="49400"/><MeasureUnit v="KW1"/></Period><Period><TimeInterval v="2016-12-05T15:00Z/2016-12-05T16:00Z"/><Direction v="Z02"/><Quantity v="49400"/><MeasureUnit v="KW1"/></Period><Period><TimeInterval v="2016-12-05T16:00Z/2016-12-05T17:00Z"/><Direction v="Z02"/><Quantity v="49400"/><MeasureUnit v="KW1"/></Period><Period><TimeInterval v="2016-12-05T17:00Z/2016-12-05T18:00Z"/><Direction v="Z02"/><Quantity v="49400"/><MeasureUnit v="KW1"/></Period><Period><TimeInterval v="2016-12-05T18:00Z/2016-12-05T19:00Z"/><Direction v="Z02"/><Quantity v="49400"/><MeasureUnit v="KW1"/></Period><Period><TimeInterval v="2016-12-05T19:00Z/2016-12-05T20:00Z"/><Direction v="Z02"/><Quantity v="49400"/><MeasureUnit v="KW1"/></Period><Period><TimeInterval v="2016-12-05T20:00Z/2016-12-05T21:00Z"/><Direction v="Z02"/><Quantity v="49400"/><MeasureUnit v="KW1"/></Period><Period><TimeInterval v="2016-12-05T21:00Z/2016-12-05T22:00Z"/><Direction v="Z02"/><Quantity v="49400"/><MeasureUnit v="KW1"/></Period><Period><TimeInterval v="2016-12-05T22:00Z/2016-12-05T23:00Z"/><Direction v="Z02"/><Quantity v="49400"/><MeasureUnit v="KW1"/></Period><Period><TimeInterval v="2016-12-05T23:00Z/2016-12-06T00:00Z"/><Direction v="Z02"/><Quantity v="49400"/><MeasureUnit v="KW1"/></Period><Period><TimeInterval v="2016-12-06T00:00Z/2016-12-06T01:00Z"/><Direction v="Z02"/><Quantity v="49400"/><MeasureUnit v="KW1"/></Period><Period><TimeInterval v="2016-12-06T01:00Z/2016-12-06T02:00Z"/><Direction v="Z02"/><Quantity v="49400"/><MeasureUnit v="KW1"/></Period><Period><TimeInterval v="2016-12-06T02:00Z/2016-12-06T03:00Z"/><Direction v="Z02"/><Quantity v="49400"/><MeasureUnit v="KW1"/></Period><Period><TimeInterval v="2016-12-06T03:00Z/2016-12-06T04:00Z"/><Direction v="Z02"/><Quantity v="49400"/><MeasureUnit v="KW1"/></Period><Period><TimeInterval v="2016-12-06T04:00Z/2016-12-06T05:00Z"/><Direction v="Z02"/><Quantity v="49400"/><MeasureUnit v="KW1"/></Period></Category><Category><CapacityCode v="Z15"/><Period><TimeInterval v="2016-12-05T05:00Z/2016-12-05T06:00Z"/><Direction v="Z02"/><Quantity v="0"/><MeasureUnit v="KW1"/></Period><Period><TimeInterval v="2016-12-05T06:00Z/2016-12-05T07:00Z"/><Direction v="Z02"/><Quantity v="0"/><MeasureUnit v="KW1"/></Period><Period><TimeInterval v="2016-12-05T07:00Z/2016-12-05T08:00Z"/><Direction v="Z02"/><Quantity v="0"/><MeasureUnit v="KW1"/></Period><Period><TimeInterval v="2016-12-05T08:00Z/2016-12-05T09:00Z"/><Direction v="Z02"/><Quantity v="0"/><MeasureUnit v="KW1"/></Period><Period><TimeInterval v="2016-12-05T09:00Z/2016-12-05T10:00Z"/><Direction v="Z02"/><Quantity v="0"/><MeasureUnit v="KW1"/></Period><Period><TimeInterval v="2016-12-05T10:00Z/2016-12-05T11:00Z"/><Direction v="Z02"/><Quantity v="0"/><MeasureUnit v="KW1"/></Period><Period><TimeInterval v="2016-12-05T11:00Z/2016-12-05T12:00Z"/><Direction v="Z02"/><Quantity v="0"/><MeasureUnit v="KW1"/></Period><Period><TimeInterval v="2016-12-05T12:00Z/2016-12-05T13:00Z"/><Direction v="Z02"/><Quantity v="0"/><MeasureUnit v="KW1"/></Period><Period><TimeInterval v="2016-12-05T13:00Z/2016-12-05T14:00Z"/><Direction v="Z02"/><Quantity v="0"/><MeasureUnit v="KW1"/></Period><Period><TimeInterval v="2016-12-05T14:00Z/2016-12-05T15:00Z"/><Direction v="Z02"/><Quantity v="0"/><MeasureUnit v="KW1"/></Period><Period><TimeInterval v="2016-12-05T15:00Z/2016-12-05T16:00Z"/><Direction v="Z02"/><Quantity v="0"/><MeasureUnit v="KW1"/></Period><Period><TimeInterval v="2016-12-05T16:00Z/2016-12-05T17:00Z"/><Direction v="Z02"/><Quantity v="0"/><MeasureUnit v="KW1"/></Period><Period><TimeInterval v="2016-12-05T17:00Z/2016-12-05T18:00Z"/><Direction v="Z02"/><Quantity v="0"/><MeasureUnit v="KW1"/></Period><Period><TimeInterval v="2016-12-05T18:00Z/2016-12-05T19:00Z"/><Direction v="Z02"/><Quantity v="0"/><MeasureUnit v="KW1"/></Period><Period><TimeInterval v="2016-12-05T19:00Z/2016-12-05T20:00Z"/><Direction v="Z02"/><Quantity v="0"/><MeasureUnit v="KW1"/></Period><Period><TimeInterval v="2016-12-05T20:00Z/2016-12-05T21:00Z"/><Direction v="Z02"/><Quantity v="0"/><MeasureUnit v="KW1"/></Period><Period><TimeInterval v="2016-12-05T21:00Z/2016-12-05T22:00Z"/><Direction v="Z02"/><Quantity v="0"/><MeasureUnit v="KW1"/></Period><Period><TimeInterval v="2016-12-05T22:00Z/2016-12-05T23:00Z"/><Direction v="Z02"/><Quantity v="0"/><MeasureUnit v="KW1"/></Period><Period><TimeInterval v="2016-12-05T23:00Z/2016-12-06T00:00Z"/><Direction v="Z02"/><Quantity v="0"/><MeasureUnit v="KW1"/></Period><Period><TimeInterval v="2016-12-06T00:00Z/2016-12-06T01:00Z"/><Direction v="Z02"/><Quantity v="0"/><MeasureUnit v="KW1"/></Period><Period><TimeInterval v="2016-12-06T01:00Z/2016-12-06T02:00Z"/><Direction v="Z02"/><Quantity v="0"/><MeasureUnit v="KW1"/></Period><Period><TimeInterval v="2016-12-06T02:00Z/2016-12-06T03:00Z"/><Direction v="Z02"/><Quantity v="0"/><MeasureUnit v="KW1"/></Period><Period><TimeInterval v="2016-12-06T03:00Z/2016-12-06T04:00Z"/><Direction v="Z02"/><Quantity v="0"/><MeasureUnit v="KW1"/></Period><Period><TimeInterval v="2016-12-06T04:00Z/2016-12-06T05:00Z"/><Direction v="Z02"/><Quantity v="0"/><MeasureUnit v="KW1"/></Period></Category></ConnectionPoint><ConnectionPoint><Identification v="21Z000000000071W" codingScheme="305"/><Type v="Z25"/><Category><CapacityCode v="Z12"/><Period><TimeInterval v="2016-12-05T05:00Z/2016-12-05T06:00Z"/><Direction v="Z02"/><Quantity v="193"/><MeasureUnit v="KW1"/></Period><Period><TimeInterval v="2016-12-05T06:00Z/2016-12-05T07:00Z"/><Direction v="Z02"/><Quantity v="193"/><MeasureUnit v="KW1"/></Period><Period><TimeInterval v="2016-12-05T07:00Z/2016-12-05T08:00Z"/><Direction v="Z02"/><Quantity v="193"/><MeasureUnit v="KW1"/></Period><Period><TimeInterval v="2016-12-05T08:00Z/2016-12-05T09:00Z"/><Direction v="Z02"/><Quantity v="193"/><MeasureUnit v="KW1"/></Period><Period><TimeInterval v="2016-12-05T09:00Z/2016-12-05T10:00Z"/><Direction v="Z02"/><Quantity v="193"/><MeasureUnit v="KW1"/></Period><Period><TimeInterval v="2016-12-05T10:00Z/2016-12-05T11:00Z"/><Direction v="Z02"/><Quantity v="193"/><MeasureUnit v="KW1"/></Period><Period><TimeInterval v="2016-12-05T11:00Z/2016-12-05T12:00Z"/><Direction v="Z02"/><Quantity v="193"/><MeasureUnit v="KW1"/></Period><Period><TimeInterval v="2016-12-05T12:00Z/2016-12-05T13:00Z"/><Direction v="Z02"/><Quantity v="193"/><MeasureUnit v="KW1"/></Period><Period><TimeInterval v="2016-12-05T13:00Z/2016-12-05T14:00Z"/><Direction v="Z02"/><Quantity v="193"/><MeasureUnit v="KW1"/></Period><Period><TimeInterval v="2016-12-05T14:00Z/2016-12-05T15:00Z"/><Direction v="Z02"/><Quantity v="193"/><MeasureUnit v="KW1"/></Period><Period><TimeInterval v="2016-12-05T15:00Z/2016-12-05T16:00Z"/><Direction v="Z02"/><Quantity v="193"/><MeasureUnit v="KW1"/></Period><Period><TimeInterval v="2016-12-05T16:00Z/2016-12-05T17:00Z"/><Direction v="Z02"/><Quantity v="193"/><MeasureUnit v="KW1"/></Period><Period><TimeInterval v="2016-12-05T17:00Z/2016-12-05T18:00Z"/><Direction v="Z02"/><Quantity v="193"/><MeasureUnit v="KW1"/></Period><Period><TimeInterval v="2016-12-05T18:00Z/2016-12-05T19:00Z"/><Direction v="Z02"/><Quantity v="193"/><MeasureUnit v="KW1"/></Period><Period><TimeInterval v="2016-12-05T19:00Z/2016-12-05T20:00Z"/><Direction v="Z02"/><Quantity v="193"/><MeasureUnit v="KW1"/></Period><Period><TimeInterval v="2016-12-05T20:00Z/2016-12-05T21:00Z"/><Direction v="Z02"/><Quantity v="193"/><MeasureUnit v="KW1"/></Period><Period><TimeInterval v="2016-12-05T21:00Z/2016-12-05T22:00Z"/><Direction v="Z02"/><Quantity v="193"/><MeasureUnit v="KW1"/></Period><Period><TimeInterval v="2016-12-05T22:00Z/2016-12-05T23:00Z"/><Direction v="Z02"/><Quantity v="193"/><MeasureUnit v="KW1"/></Period><Period><TimeInterval v="2016-12-05T23:00Z/2016-12-06T00:00Z"/><Direction v="Z02"/><Quantity v="193"/><MeasureUnit v="KW1"/></Period><Period><TimeInterval v="2016-12-06T00:00Z/2016-12-06T01:00Z"/><Direction v="Z02"/><Quantity v="193"/><MeasureUnit v="KW1"/></Period><Period><TimeInterval v="2016-12-06T01:00Z/2016-12-06T02:00Z"/><Direction v="Z02"/><Quantity v="193"/><MeasureUnit v="KW1"/></Period><Period><TimeInterval v="2016-12-06T02:00Z/2016-12-06T03:00Z"/><Direction v="Z02"/><Quantity v="193"/><MeasureUnit v="KW1"/></Period><Period><TimeInterval v="2016-12-06T03:00Z/2016-12-06T04:00Z"/><Direction v="Z02"/><Quantity v="193"/><MeasureUnit v="KW1"/></Period><Period><TimeInterval v="2016-12-06T04:00Z/2016-12-06T05:00Z"/><Direction v="Z02"/><Quantity v="193"/><MeasureUnit v="KW1"/></Period></Category><Category><CapacityCode v="Z14"/><Period><TimeInterval v="2016-12-05T05:00Z/2016-12-05T06:00Z"/><Direction v="Z02"/><Quantity v="193"/><MeasureUnit v="KW1"/></Period><Period><TimeInterval v="2016-12-05T06:00Z/2016-12-05T07:00Z"/><Direction v="Z02"/><Quantity v="193"/><MeasureUnit v="KW1"/></Period><Period><TimeInterval v="2016-12-05T07:00Z/2016-12-05T08:00Z"/><Direction v="Z02"/><Quantity v="193"/><MeasureUnit v="KW1"/></Period><Period><TimeInterval v="2016-12-05T08:00Z/2016-12-05T09:00Z"/><Direction v="Z02"/><Quantity v="193"/><MeasureUnit v="KW1"/></Period><Period><TimeInterval v="2016-12-05T09:00Z/2016-12-05T10:00Z"/><Direction v="Z02"/><Quantity v="193"/><MeasureUnit v="KW1"/></Period><Period><TimeInterval v="2016-12-05T10:00Z/2016-12-05T11:00Z"/><Direction v="Z02"/><Quantity v="193"/><MeasureUnit v="KW1"/></Period><Period><TimeInterval v="2016-12-05T11:00Z/2016-12-05T12:00Z"/><Direction v="Z02"/><Quantity v="193"/><MeasureUnit v="KW1"/></Period><Period><TimeInterval v="2016-12-05T12:00Z/2016-12-05T13:00Z"/><Direction v="Z02"/><Quantity v="193"/><MeasureUnit v="KW1"/></Period><Period><TimeInterval v="2016-12-05T13:00Z/2016-12-05T14:00Z"/><Direction v="Z02"/><Quantity v="193"/><MeasureUnit v="KW1"/></Period><Period><TimeInterval v="2016-12-05T14:00Z/2016-12-05T15:00Z"/><Direction v="Z02"/><Quantity v="193"/><MeasureUnit v="KW1"/></Period><Period><TimeInterval v="2016-12-05T15:00Z/2016-12-05T16:00Z"/><Direction v="Z02"/><Quantity v="193"/><MeasureUnit v="KW1"/></Period><Period><TimeInterval v="2016-12-05T16:00Z/2016-12-05T17:00Z"/><Direction v="Z02"/><Quantity v="193"/><MeasureUnit v="KW1"/></Period><Period><TimeInterval v="2016-12-05T17:00Z/2016-12-05T18:00Z"/><Direction v="Z02"/><Quantity v="193"/><MeasureUnit v="KW1"/></Period><Period><TimeInterval v="2016-12-05T18:00Z/2016-12-05T19:00Z"/><Direction v="Z02"/><Quantity v="193"/><MeasureUnit v="KW1"/></Period><Period><TimeInterval v="2016-12-05T19:00Z/2016-12-05T20:00Z"/><Direction v="Z02"/><Quantity v="193"/><MeasureUnit v="KW1"/></Period><Period><TimeInterval v="2016-12-05T20:00Z/2016-12-05T21:00Z"/><Direction v="Z02"/><Quantity v="193"/><MeasureUnit v="KW1"/></Period><Period><TimeInterval v="2016-12-05T21:00Z/2016-12-05T22:00Z"/><Direction v="Z02"/><Quantity v="193"/><MeasureUnit v="KW1"/></Period><Period><TimeInterval v="2016-12-05T22:00Z/2016-12-05T23:00Z"/><Direction v="Z02"/><Quantity v="193"/><MeasureUnit v="KW1"/></Period><Period><TimeInterval v="2016-12-05T23:00Z/2016-12-06T00:00Z"/><Direction v="Z02"/><Quantity v="193"/><MeasureUnit v="KW1"/></Period><Period><TimeInterval v="2016-12-06T00:00Z/2016-12-06T01:00Z"/><Direction v="Z02"/><Quantity v="193"/><MeasureUnit v="KW1"/></Period><Period><TimeInterval v="2016-12-06T01:00Z/2016-12-06T02:00Z"/><Direction v="Z02"/><Quantity v="193"/><MeasureUnit v="KW1"/></Period><Period><TimeInterval v="2016-12-06T02:00Z/2016-12-06T03:00Z"/><Direction v="Z02"/><Quantity v="193"/><MeasureUnit v="KW1"/></Period><Period><TimeInterval v="2016-12-06T03:00Z/2016-12-06T04:00Z"/><Direction v="Z02"/><Quantity v="193"/><MeasureUnit v="KW1"/></Period><Period><TimeInterval v="2016-12-06T04:00Z/2016-12-06T05:00Z"/><Direction v="Z02"/><Quantity v="193"/><MeasureUnit v="KW1"/></Period></Category><Category><CapacityCode v="Z15"/><Period><TimeInterval v="2016-12-05T05:00Z/2016-12-05T06:00Z"/><Direction v="Z02"/><Quantity v="0"/><MeasureUnit v="KW1"/></Period><Period><TimeInterval v="2016-12-05T06:00Z/2016-12-05T07:00Z"/><Direction v="Z02"/><Quantity v="0"/><MeasureUnit v="KW1"/></Period><Period><TimeInterval v="2016-12-05T07:00Z/2016-12-05T08:00Z"/><Direction v="Z02"/><Quantity v="0"/><MeasureUnit v="KW1"/></Period><Period><TimeInterval v="2016-12-05T08:00Z/2016-12-05T09:00Z"/><Direction v="Z02"/><Quantity v="0"/><MeasureUnit v="KW1"/></Period><Period><TimeInterval v="2016-12-05T09:00Z/2016-12-05T10:00Z"/><Direction v="Z02"/><Quantity v="0"/><MeasureUnit v="KW1"/></Period><Period><TimeInterval v="2016-12-05T10:00Z/2016-12-05T11:00Z"/><Direction v="Z02"/><Quantity v="0"/><MeasureUnit v="KW1"/></Period><Period><TimeInterval v="2016-12-05T11:00Z/2016-12-05T12:00Z"/><Direction v="Z02"/><Quantity v="0"/><MeasureUnit v="KW1"/></Period><Period><TimeInterval v="2016-12-05T12:00Z/2016-12-05T13:00Z"/><Direction v="Z02"/><Quantity v="0"/><MeasureUnit v="KW1"/></Period><Period><TimeInterval v="2016-12-05T13:00Z/2016-12-05T14:00Z"/><Direction v="Z02"/><Quantity v="0"/><MeasureUnit v="KW1"/></Period><Period><TimeInterval v="2016-12-05T14:00Z/2016-12-05T15:00Z"/><Direction v="Z02"/><Quantity v="0"/><MeasureUnit v="KW1"/></Period><Period><TimeInterval v="2016-12-05T15:00Z/2016-12-05T16:00Z"/><Direction v="Z02"/><Quantity v="0"/><MeasureUnit v="KW1"/></Period><Period><TimeInterval v="2016-12-05T16:00Z/2016-12-05T17:00Z"/><Direction v="Z02"/><Quantity v="0"/><MeasureUnit v="KW1"/></Period><Period><TimeInterval v="2016-12-05T17:00Z/2016-12-05T18:00Z"/><Direction v="Z02"/><Quantity v="0"/><MeasureUnit v="KW1"/></Period><Period><TimeInterval v="2016-12-05T18:00Z/2016-12-05T19:00Z"/><Direction v="Z02"/><Quantity v="0"/><MeasureUnit v="KW1"/></Period><Period><TimeInterval v="2016-12-05T19:00Z/2016-12-05T20:00Z"/><Direction v="Z02"/><Quantity v="0"/><MeasureUnit v="KW1"/></Period><Period><TimeInterval v="2016-12-05T20:00Z/2016-12-05T21:00Z"/><Direction v="Z02"/><Quantity v="0"/><MeasureUnit v="KW1"/></Period><Period><TimeInterval v="2016-12-05T21:00Z/2016-12-05T22:00Z"/><Direction v="Z02"/><Quantity v="0"/><MeasureUnit v="KW1"/></Period><Period><TimeInterval v="2016-12-05T22:00Z/2016-12-05T23:00Z"/><Direction v="Z02"/><Quantity v="0"/><MeasureUnit v="KW1"/></Period><Period><TimeInterval v="2016-12-05T23:00Z/2016-12-06T00:00Z"/><Direction v="Z02"/><Quantity v="0"/><MeasureUnit v="KW1"/></Period><Period><TimeInterval v="2016-12-06T00:00Z/2016-12-06T01:00Z"/><Direction v="Z02"/><Quantity v="0"/><MeasureUnit v="KW1"/></Period><Period><TimeInterval v="2016-12-06T01:00Z/2016-12-06T02:00Z"/><Direction v="Z02"/><Quantity v="0"/><MeasureUnit v="KW1"/></Period><Period><TimeInterval v="2016-12-06T02:00Z/2016-12-06T03:00Z"/><Direction v="Z02"/><Quantity v="0"/><MeasureUnit v="KW1"/></Period><Period><TimeInterval v="2016-12-06T03:00Z/2016-12-06T04:00Z"/><Direction v="Z02"/><Quantity v="0"/><MeasureUnit v="KW1"/></Period><Period><TimeInterval v="2016-12-06T04:00Z/2016-12-06T05:00Z"/><Direction v="Z02"/><Quantity v="0"/><MeasureUnit v="KW1"/></Period></Category></ConnectionPoint><ConnectionPoint><Identification v="21Z0000000000163" codingScheme="305"/><Type v="Z25"/><Category><CapacityCode v="Z12"/><Period><TimeInterval v="2016-12-05T05:00Z/2016-12-05T06:00Z"/><Direction v="Z03"/><Quantity v="3430000"/><MeasureUnit v="KW1"/></Period><Period><TimeInterval v="2016-12-05T06:00Z/2016-12-05T07:00Z"/><Direction v="Z03"/><Quantity v="3430000"/><MeasureUnit v="KW1"/></Period><Period><TimeInterval v="2016-12-05T07:00Z/2016-12-05T08:00Z"/><Direction v="Z03"/><Quantity v="3430000"/><MeasureUnit v="KW1"/></Period><Period><TimeInterval v="2016-12-05T08:00Z/2016-12-05T09:00Z"/><Direction v="Z03"/><Quantity v="3430000"/><MeasureUnit v="KW1"/></Period><Period><TimeInterval v="2016-12-05T09:00Z/2016-12-05T10:00Z"/><Direction v="Z03"/><Quantity v="3430000"/><MeasureUnit v="KW1"/></Period><Period><TimeInterval v="2016-12-05T10:00Z/2016-12-05T11:00Z"/><Direction v="Z03"/><Quantity v="3430000"/><MeasureUnit v="KW1"/></Period><Period><TimeInterval v="2016-12-05T11:00Z/2016-12-05T12:00Z"/><Direction v="Z03"/><Quantity v="3430000"/><MeasureUnit v="KW1"/></Period><Period><TimeInterval v="2016-12-05T12:00Z/2016-12-05T13:00Z"/><Direction v="Z03"/><Quantity v="3430000"/><MeasureUnit v="KW1"/></Period><Period><TimeInterval v="2016-12-05T13:00Z/2016-12-05T14:00Z"/><Direction v="Z03"/><Quantity v="3430000"/><MeasureUnit v="KW1"/></Period><Period><TimeInterval v="2016-12-05T14:00Z/2016-12-05T15:00Z"/><Direction v="Z03"/><Quantity v="3430000"/><MeasureUnit v="KW1"/></Period><Period><TimeInterval v="2016-12-05T15:00Z/2016-12-05T16:00Z"/><Direction v="Z03"/><Quantity v="3430000"/><MeasureUnit v="KW1"/></Period><Period><TimeInterval v="2016-12-05T16:00Z/2016-12-05T17:00Z"/><Direction v="Z03"/><Quantity v="3430000"/><MeasureUnit v="KW1"/></Period><Period><TimeInterval v="2016-12-05T17:00Z/2016-12-05T18:00Z"/><Direction v="Z03"/><Quantity v="3430000"/><MeasureUnit v="KW1"/></Period><Period><TimeInterval v="2016-12-05T18:00Z/2016-12-05T19:00Z"/><Direction v="Z03"/><Quantity v="3430000"/><MeasureUnit v="KW1"/></Period><Period><TimeInterval v="2016-12-05T19:00Z/2016-12-05T20:00Z"/><Direction v="Z03"/><Quantity v="3430000"/><MeasureUnit v="KW1"/></Period><Period><TimeInterval v="2016-12-05T20:00Z/2016-12-05T21:00Z"/><Direction v="Z03"/><Quantity v="3430000"/><MeasureUnit v="KW1"/></Period><Period><TimeInterval v="2016-12-05T21:00Z/2016-12-05T22:00Z"/><Direction v="Z03"/><Quantity v="3430000"/><MeasureUnit v="KW1"/></Period><Period><TimeInterval v="2016-12-05T22:00Z/2016-12-05T23:00Z"/><Direction v="Z03"/><Quantity v="3430000"/><MeasureUnit v="KW1"/></Period><Period><TimeInterval v="2016-12-05T23:00Z/2016-12-06T00:00Z"/><Direction v="Z03"/><Quantity v="3430000"/><MeasureUnit v="KW1"/></Period><Period><TimeInterval v="2016-12-06T00:00Z/2016-12-06T01:00Z"/><Direction v="Z03"/><Quantity v="3430000"/><MeasureUnit v="KW1"/></Period><Period><TimeInterval v="2016-12-06T01:00Z/2016-12-06T02:00Z"/><Direction v="Z03"/><Quantity v="3430000"/><MeasureUnit v="KW1"/></Period><Period><TimeInterval v="2016-12-06T02:00Z/2016-12-06T03:00Z"/><Direction v="Z03"/><Quantity v="3430000"/><MeasureUnit v="KW1"/></Period><Period><TimeInterval v="2016-12-06T03:00Z/2016-12-06T04:00Z"/><Direction v="Z03"/><Quantity v="3430000"/><MeasureUnit v="KW1"/></Period><Period><TimeInterval v="2016-12-06T04:00Z/2016-12-06T05:00Z"/><Direction v="Z03"/><Quantity v="3430000"/><MeasureUnit v="KW1"/></Period></Category><Category><CapacityCode v="Z14"/><Period><TimeInterval v="2016-12-05T05:00Z/2016-12-05T06:00Z"/><Direction v="Z03"/><Quantity v="3330000"/><MeasureUnit v="KW1"/></Period><Period><TimeInterval v="2016-12-05T06:00Z/2016-12-05T07:00Z"/><Direction v="Z03"/><Quantity v="3330000"/><MeasureUnit v="KW1"/></Period><Period><TimeInterval v="2016-12-05T07:00Z/2016-12-05T08:00Z"/><Direction v="Z03"/><Quantity v="3330000"/><MeasureUnit v="KW1"/></Period><Period><TimeInterval v="2016-12-05T08:00Z/2016-12-05T09:00Z"/><Direction v="Z03"/><Quantity v="3330000"/><MeasureUnit v="KW1"/></Period><Period><TimeInterval v="2016-12-05T09:00Z/2016-12-05T10:00Z"/><Direction v="Z03"/><Quantity v="3330000"/><MeasureUnit v="KW1"/></Period><Period><TimeInterval v="2016-12-05T10:00Z/2016-12-05T11:00Z"/><Direction v="Z03"/><Quantity v="3330000"/><MeasureUnit v="KW1"/></Period><Period><TimeInterval v="2016-12-05T11:00Z/2016-12-05T12:00Z"/><Direction v="Z03"/><Quantity v="3330000"/><MeasureUnit v="KW1"/></Period><Period><TimeInterval v="2016-12-05T12:00Z/2016-12-05T13:00Z"/><Direction v="Z03"/><Quantity v="3330000"/><MeasureUnit v="KW1"/></Period><Period><TimeInterval v="2016-12-05T13:00Z/2016-12-05T14:00Z"/><Direction v="Z03"/><Quantity v="3330000"/><MeasureUnit v="KW1"/></Period><Period><TimeInterval v="2016-12-05T14:00Z/2016-12-05T15:00Z"/><Direction v="Z03"/><Quantity v="3330000"/><MeasureUnit v="KW1"/></Period><Period><TimeInterval v="2016-12-05T15:00Z/2016-12-05T16:00Z"/><Direction v="Z03"/><Quantity v="3330000"/><MeasureUnit v="KW1"/></Period><Period><TimeInterval v="2016-12-05T16:00Z/2016-12-05T17:00Z"/><Direction v="Z03"/><Quantity v="3330000"/><MeasureUnit v="KW1"/></Period><Period><TimeInterval v="2016-12-05T17:00Z/2016-12-05T18:00Z"/><Direction v="Z03"/><Quantity v="3330000"/><MeasureUnit v="KW1"/></Period><Period><TimeInterval v="2016-12-05T18:00Z/2016-12-05T19:00Z"/><Direction v="Z03"/><Quantity v="3330000"/><MeasureUnit v="KW1"/></Period><Period><TimeInterval v="2016-12-05T19:00Z/2016-12-05T20:00Z"/><Direction v="Z03"/><Quantity v="3330000"/><MeasureUnit v="KW1"/></Period><Period><TimeInterval v="2016-12-05T20:00Z/2016-12-05T21:00Z"/><Direction v="Z03"/><Quantity v="3330000"/><MeasureUnit v="KW1"/></Period><Period><TimeInterval v="2016-12-05T21:00Z/2016-12-05T22:00Z"/><Direction v="Z03"/><Quantity v="3330000"/><MeasureUnit v="KW1"/></Period><Period><TimeInterval v="2016-12-05T22:00Z/2016-12-05T23:00Z"/><Direction v="Z03"/><Quantity v="3330000"/><MeasureUnit v="KW1"/></Period><Period><TimeInterval v="2016-12-05T23:00Z/2016-12-06T00:00Z"/><Direction v="Z03"/><Quantity v="3330000"/><MeasureUnit v="KW1"/></Period><Period><TimeInterval v="2016-12-06T00:00Z/2016-12-06T01:00Z"/><Direction v="Z03"/><Quantity v="3330000"/><MeasureUnit v="KW1"/></Period><Period><TimeInterval v="2016-12-06T01:00Z/2016-12-06T02:00Z"/><Direction v="Z03"/><Quantity v="3330000"/><MeasureUnit v="KW1"/></Period><Period><TimeInterval v="2016-12-06T02:00Z/2016-12-06T03:00Z"/><Direction v="Z03"/><Quantity v="3330000"/><MeasureUnit v="KW1"/></Period><Period><TimeInterval v="2016-12-06T03:00Z/2016-12-06T04:00Z"/><Direction v="Z03"/><Quantity v="3330000"/><MeasureUnit v="KW1"/></Period><Period><TimeInterval v="2016-12-06T04:00Z/2016-12-06T05:00Z"/><Direction v="Z03"/><Quantity v="3330000"/><MeasureUnit v="KW1"/></Period></Category><Category><CapacityCode v="Z15"/><Period><TimeInterval v="2016-12-05T05:00Z/2016-12-05T06:00Z"/><Direction v="Z03"/><Quantity v="0"/><MeasureUnit v="KW1"/></Period><Period><TimeInterval v="2016-12-05T06:00Z/2016-12-05T07:00Z"/><Direction v="Z03"/><Quantity v="0"/><MeasureUnit v="KW1"/></Period><Period><TimeInterval v="2016-12-05T07:00Z/2016-12-05T08:00Z"/><Direction v="Z03"/><Quantity v="0"/><MeasureUnit v="KW1"/></Period><Period><TimeInterval v="2016-12-05T08:00Z/2016-12-05T09:00Z"/><Direction v="Z03"/><Quantity v="0"/><MeasureUnit v="KW1"/></Period><Period><TimeInterval v="2016-12-05T09:00Z/2016-12-05T10:00Z"/><Direction v="Z03"/><Quantity v="0"/><MeasureUnit v="KW1"/></Period><Period><TimeInterval v="2016-12-05T10:00Z/2016-12-05T11:00Z"/><Direction v="Z03"/><Quantity v="0"/><MeasureUnit v="KW1"/></Period><Period><TimeInterval v="2016-12-05T11:00Z/2016-12-05T12:00Z"/><Direction v="Z03"/><Quantity v="0"/><MeasureUnit v="KW1"/></Period><Period><TimeInterval v="2016-12-05T12:00Z/2016-12-05T13:00Z"/><Direction v="Z03"/><Quantity v="0"/><MeasureUnit v="KW1"/></Period><Period><TimeInterval v="2016-12-05T13:00Z/2016-12-05T14:00Z"/><Direction v="Z03"/><Quantity v="0"/><MeasureUnit v="KW1"/></Period><Period><TimeInterval v="2016-12-05T14:00Z/2016-12-05T15:00Z"/><Direction v="Z03"/><Quantity v="0"/><MeasureUnit v="KW1"/></Period><Period><TimeInterval v="2016-12-05T15:00Z/2016-12-05T16:00Z"/><Direction v="Z03"/><Quantity v="0"/><MeasureUnit v="KW1"/></Period><Period><TimeInterval v="2016-12-05T16:00Z/2016-12-05T17:00Z"/><Direction v="Z03"/><Quantity v="0"/><MeasureUnit v="KW1"/></Period><Period><TimeInterval v="2016-12-05T17:00Z/2016-12-05T18:00Z"/><Direction v="Z03"/><Quantity v="0"/><MeasureUnit v="KW1"/></Period><Period><TimeInterval v="2016-12-05T18:00Z/2016-12-05T19:00Z"/><Direction v="Z03"/><Quantity v="0"/><MeasureUnit v="KW1"/></Period><Period><TimeInterval v="2016-12-05T19:00Z/2016-12-05T20:00Z"/><Direction v="Z03"/><Quantity v="0"/><MeasureUnit v="KW1"/></Period><Period><TimeInterval v="2016-12-05T20:00Z/2016-12-05T21:00Z"/><Direction v="Z03"/><Quantity v="0"/><MeasureUnit v="KW1"/></Period><Period><TimeInterval v="2016-12-05T21:00Z/2016-12-05T22:00Z"/><Direction v="Z03"/><Quantity v="0"/><MeasureUnit v="KW1"/></Period><Period><TimeInterval v="2016-12-05T22:00Z/2016-12-05T23:00Z"/><Direction v="Z03"/><Quantity v="0"/><MeasureUnit v="KW1"/></Period><Period><TimeInterval v="2016-12-05T23:00Z/2016-12-06T00:00Z"/><Direction v="Z03"/><Quantity v="0"/><MeasureUnit v="KW1"/></Period><Period><TimeInterval v="2016-12-06T00:00Z/2016-12-06T01:00Z"/><Direction v="Z03"/><Quantity v="0"/><MeasureUnit v="KW1"/></Period><Period><TimeInterval v="2016-12-06T01:00Z/2016-12-06T02:00Z"/><Direction v="Z03"/><Quantity v="0"/><MeasureUnit v="KW1"/></Period><Period><TimeInterval v="2016-12-06T02:00Z/2016-12-06T03:00Z"/><Direction v="Z03"/><Quantity v="0"/><MeasureUnit v="KW1"/></Period><Period><TimeInterval v="2016-12-06T03:00Z/2016-12-06T04:00Z"/><Direction v="Z03"/><Quantity v="0"/><MeasureUnit v="KW1"/></Period><Period><TimeInterval v="2016-12-06T04:00Z/2016-12-06T05:00Z"/><Direction v="Z03"/><Quantity v="0"/><MeasureUnit v="KW1"/></Period></Category></ConnectionPoint><ConnectionPoint><Identification v="37Y000000000288Q" codingScheme="305"/><Type v="Z26"/><Category><CapacityCode v="Z12"/><Period><TimeInterval v="2016-12-05T05:00Z/2016-12-05T06:00Z"/><Direction v="Z02"/><Quantity v="10844"/><MeasureUnit v="KW1"/></Period><Period><TimeInterval v="2016-12-05T06:00Z/2016-12-05T07:00Z"/><Direction v="Z02"/><Quantity v="10844"/><MeasureUnit v="KW1"/></Period><Period><TimeInterval v="2016-12-05T07:00Z/2016-12-05T08:00Z"/><Direction v="Z02"/><Quantity v="10844"/><MeasureUnit v="KW1"/></Period><Period><TimeInterval v="2016-12-05T08:00Z/2016-12-05T09:00Z"/><Direction v="Z02"/><Quantity v="10844"/><MeasureUnit v="KW1"/></Period><Period><TimeInterval v="2016-12-05T09:00Z/2016-12-05T10:00Z"/><Direction v="Z02"/><Quantity v="10844"/><MeasureUnit v="KW1"/></Period><Period><TimeInterval v="2016-12-05T10:00Z/2016-12-05T11:00Z"/><Direction v="Z02"/><Quantity v="10844"/><MeasureUnit v="KW1"/></Period><Period><TimeInterval v="2016-12-05T11:00Z/2016-12-05T12:00Z"/><Direction v="Z02"/><Quantity v="10844"/><MeasureUnit v="KW1"/></Period><Period><TimeInterval v="2016-12-05T12:00Z/2016-12-05T13:00Z"/><Direction v="Z02"/><Quantity v="10844"/><MeasureUnit v="KW1"/></Period><Period><TimeInterval v="2016-12-05T13:00Z/2016-12-05T14:00Z"/><Direction v="Z02"/><Quantity v="10844"/><MeasureUnit v="KW1"/></Period><Period><TimeInterval v="2016-12-05T14:00Z/2016-12-05T15:00Z"/><Direction v="Z02"/><Quantity v="10844"/><MeasureUnit v="KW1"/></Period><Period><TimeInterval v="2016-12-05T15:00Z/2016-12-05T16:00Z"/><Direction v="Z02"/><Quantity v="10844"/><MeasureUnit v="KW1"/></Period><Period><TimeInterval v="2016-12-05T16:00Z/2016-12-05T17:00Z"/><Direction v="Z02"/><Quantity v="10844"/><MeasureUnit v="KW1"/></Period><Period><TimeInterval v="2016-12-05T17:00Z/2016-12-05T18:00Z"/><Direction v="Z02"/><Quantity v="10844"/><MeasureUnit v="KW1"/></Period><Period><TimeInterval v="2016-12-05T18:00Z/2016-12-05T19:00Z"/><Direction v="Z02"/><Quantity v="10844"/><MeasureUnit v="KW1"/></Period><Period><TimeInterval v="2016-12-05T19:00Z/2016-12-05T20:00Z"/><Direction v="Z02"/><Quantity v="10844"/><MeasureUnit v="KW1"/></Period><Period><TimeInterval v="2016-12-05T20:00Z/2016-12-05T21:00Z"/><Direction v="Z02"/><Quantity v="10844"/><MeasureUnit v="KW1"/></Period><Period><TimeInterval v="2016-12-05T21:00Z/2016-12-05T22:00Z"/><Direction v="Z02"/><Quantity v="10844"/><MeasureUnit v="KW1"/></Period><Period><TimeInterval v="2016-12-05T22:00Z/2016-12-05T23:00Z"/><Direction v="Z02"/><Quantity v="10844"/><MeasureUnit v="KW1"/></Period><Period><TimeInterval v="2016-12-05T23:00Z/2016-12-06T00:00Z"/><Direction v="Z02"/><Quantity v="10844"/><MeasureUnit v="KW1"/></Period><Period><TimeInterval v="2016-12-06T00:00Z/2016-12-06T01:00Z"/><Direction v="Z02"/><Quantity v="10844"/><MeasureUnit v="KW1"/></Period><Period><TimeInterval v="2016-12-06T01:00Z/2016-12-06T02:00Z"/><Direction v="Z02"/><Quantity v="10844"/><MeasureUnit v="KW1"/></Period><Period><TimeInterval v="2016-12-06T02:00Z/2016-12-06T03:00Z"/><Direction v="Z02"/><Quantity v="10844"/><MeasureUnit v="KW1"/></Period><Period><TimeInterval v="2016-12-06T03:00Z/2016-12-06T04:00Z"/><Direction v="Z02"/><Quantity v="10844"/><MeasureUnit v="KW1"/></Period><Period><TimeInterval v="2016-12-06T04:00Z/2016-12-06T05:00Z"/><Direction v="Z02"/><Quantity v="10844"/><MeasureUnit v="KW1"/></Period></Category><Category><CapacityCode v="Z14"/><Period><TimeInterval v="2016-12-05T05:00Z/2016-12-05T06:00Z"/><Direction v="Z02"/><Quantity v="9244"/><MeasureUnit v="KW1"/></Period><Period><TimeInterval v="2016-12-05T06:00Z/2016-12-05T07:00Z"/><Direction v="Z02"/><Quantity v="9244"/><MeasureUnit v="KW1"/></Period><Period><TimeInterval v="2016-12-05T07:00Z/2016-12-05T08:00Z"/><Direction v="Z02"/><Quantity v="9244"/><MeasureUnit v="KW1"/></Period><Period><TimeInterval v="2016-12-05T08:00Z/2016-12-05T09:00Z"/><Direction v="Z02"/><Quantity v="9244"/><MeasureUnit v="KW1"/></Period><Period><TimeInterval v="2016-12-05T09:00Z/2016-12-05T10:00Z"/><Direction v="Z02"/><Quantity v="9244"/><MeasureUnit v="KW1"/></Period><Period><TimeInterval v="2016-12-05T10:00Z/2016-12-05T11:00Z"/><Direction v="Z02"/><Quantity v="9244"/><MeasureUnit v="KW1"/></Period><Period><TimeInterval v="2016-12-05T11:00Z/2016-12-05T12:00Z"/><Direction v="Z02"/><Quantity v="9244"/><MeasureUnit v="KW1"/></Period><Period><TimeInterval v="2016-12-05T12:00Z/2016-12-05T13:00Z"/><Direction v="Z02"/><Quantity v="9244"/><MeasureUnit v="KW1"/></Period><Period><TimeInterval v="2016-12-05T13:00Z/2016-12-05T14:00Z"/><Direction v="Z02"/><Quantity v="9244"/><MeasureUnit v="KW1"/></Period><Period><TimeInterval v="2016-12-05T14:00Z/2016-12-05T15:00Z"/><Direction v="Z02"/><Quantity v="9244"/><MeasureUnit v="KW1"/></Period><Period><TimeInterval v="2016-12-05T15:00Z/2016-12-05T16:00Z"/><Direction v="Z02"/><Quantity v="9244"/><MeasureUnit v="KW1"/></Period><Period><TimeInterval v="2016-12-05T16:00Z/2016-12-05T17:00Z"/><Direction v="Z02"/><Quantity v="9244"/><MeasureUnit v="KW1"/></Period><Period><TimeInterval v="2016-12-05T17:00Z/2016-12-05T18:00Z"/><Direction v="Z02"/><Quantity v="9244"/><MeasureUnit v="KW1"/></Period><Period><TimeInterval v="2016-12-05T18:00Z/2016-12-05T19:00Z"/><Direction v="Z02"/><Quantity v="9244"/><MeasureUnit v="KW1"/></Period><Period><TimeInterval v="2016-12-05T19:00Z/2016-12-05T20:00Z"/><Direction v="Z02"/><Quantity v="9244"/><MeasureUnit v="KW1"/></Period><Period><TimeInterval v="2016-12-05T20:00Z/2016-12-05T21:00Z"/><Direction v="Z02"/><Quantity v="9244"/><MeasureUnit v="KW1"/></Period><Period><TimeInterval v="2016-12-05T21:00Z/2016-12-05T22:00Z"/><Direction v="Z02"/><Quantity v="9244"/><MeasureUnit v="KW1"/></Period><Period><TimeInterval v="2016-12-05T22:00Z/2016-12-05T23:00Z"/><Direction v="Z02"/><Quantity v="9244"/><MeasureUnit v="KW1"/></Period><Period><TimeInterval v="2016-12-05T23:00Z/2016-12-06T00:00Z"/><Direction v="Z02"/><Quantity v="9244"/><MeasureUnit v="KW1"/></Period><Period><TimeInterval v="2016-12-06T00:00Z/2016-12-06T01:00Z"/><Direction v="Z02"/><Quantity v="9244"/><MeasureUnit v="KW1"/></Period><Period><TimeInterval v="2016-12-06T01:00Z/2016-12-06T02:00Z"/><Direction v="Z02"/><Quantity v="9244"/><MeasureUnit v="KW1"/></Period><Period><TimeInterval v="2016-12-06T02:00Z/2016-12-06T03:00Z"/><Direction v="Z02"/><Quantity v="9244"/><MeasureUnit v="KW1"/></Period><Period><TimeInterval v="2016-12-06T03:00Z/2016-12-06T04:00Z"/><Direction v="Z02"/><Quantity v="9244"/><MeasureUnit v="KW1"/></Period><Period><TimeInterval v="2016-12-06T04:00Z/2016-12-06T05:00Z"/><Direction v="Z02"/><Quantity v="9244"/><MeasureUnit v="KW1"/></Period></Category><Category><CapacityCode v="Z15"/><Period><TimeInterval v="2016-12-05T05:00Z/2016-12-05T06:00Z"/><Direction v="Z02"/><Quantity v="0"/><MeasureUnit v="KW1"/></Period><Period><TimeInterval v="2016-12-05T06:00Z/2016-12-05T07:00Z"/><Direction v="Z02"/><Quantity v="0"/><MeasureUnit v="KW1"/></Period><Period><TimeInterval v="2016-12-05T07:00Z/2016-12-05T08:00Z"/><Direction v="Z02"/><Quantity v="0"/><MeasureUnit v="KW1"/></Period><Period><TimeInterval v="2016-12-05T08:00Z/2016-12-05T09:00Z"/><Direction v="Z02"/><Quantity v="0"/><MeasureUnit v="KW1"/></Period><Period><TimeInterval v="2016-12-05T09:00Z/2016-12-05T10:00Z"/><Direction v="Z02"/><Quantity v="0"/><MeasureUnit v="KW1"/></Period><Period><TimeInterval v="2016-12-05T10:00Z/2016-12-05T11:00Z"/><Direction v="Z02"/><Quantity v="0"/><MeasureUnit v="KW1"/></Period><Period><TimeInterval v="2016-12-05T11:00Z/2016-12-05T12:00Z"/><Direction v="Z02"/><Quantity v="0"/><MeasureUnit v="KW1"/></Period><Period><TimeInterval v="2016-12-05T12:00Z/2016-12-05T13:00Z"/><Direction v="Z02"/><Quantity v="0"/><MeasureUnit v="KW1"/></Period><Period><TimeInterval v="2016-12-05T13:00Z/2016-12-05T14:00Z"/><Direction v="Z02"/><Quantity v="0"/><MeasureUnit v="KW1"/></Period><Period><TimeInterval v="2016-12-05T14:00Z/2016-12-05T15:00Z"/><Direction v="Z02"/><Quantity v="0"/><MeasureUnit v="KW1"/></Period><Period><TimeInterval v="2016-12-05T15:00Z/2016-12-05T16:00Z"/><Direction v="Z02"/><Quantity v="0"/><MeasureUnit v="KW1"/></Period><Period><TimeInterval v="2016-12-05T16:00Z/2016-12-05T17:00Z"/><Direction v="Z02"/><Quantity v="0"/><MeasureUnit v="KW1"/></Period><Period><TimeInterval v="2016-12-05T17:00Z/2016-12-05T18:00Z"/><Direction v="Z02"/><Quantity v="0"/><MeasureUnit v="KW1"/></Period><Period><TimeInterval v="2016-12-05T18:00Z/2016-12-05T19:00Z"/><Direction v="Z02"/><Quantity v="0"/><MeasureUnit v="KW1"/></Period><Period><TimeInterval v="2016-12-05T19:00Z/2016-12-05T20:00Z"/><Direction v="Z02"/><Quantity v="0"/><MeasureUnit v="KW1"/></Period><Period><TimeInterval v="2016-12-05T20:00Z/2016-12-05T21:00Z"/><Direction v="Z02"/><Quantity v="0"/><MeasureUnit v="KW1"/></Period><Period><TimeInterval v="2016-12-05T21:00Z/2016-12-05T22:00Z"/><Direction v="Z02"/><Quantity v="0"/><MeasureUnit v="KW1"/></Period><Period><TimeInterval v="2016-12-05T22:00Z/2016-12-05T23:00Z"/><Direction v="Z02"/><Quantity v="0"/><MeasureUnit v="KW1"/></Period><Period><TimeInterval v="2016-12-05T23:00Z/2016-12-06T00:00Z"/><Direction v="Z02"/><Quantity v="0"/><MeasureUnit v="KW1"/></Period><Period><TimeInterval v="2016-12-06T00:00Z/2016-12-06T01:00Z"/><Direction v="Z02"/><Quantity v="0"/><MeasureUnit v="KW1"/></Period><Period><TimeInterval v="2016-12-06T01:00Z/2016-12-06T02:00Z"/><Direction v="Z02"/><Quantity v="0"/><MeasureUnit v="KW1"/></Period><Period><TimeInterval v="2016-12-06T02:00Z/2016-12-06T03:00Z"/><Direction v="Z02"/><Quantity v="0"/><MeasureUnit v="KW1"/></Period><Period><TimeInterval v="2016-12-06T03:00Z/2016-12-06T04:00Z"/><Direction v="Z02"/><Quantity v="0"/><MeasureUnit v="KW1"/></Period><Period><TimeInterval v="2016-12-06T04:00Z/2016-12-06T05:00Z"/><Direction v="Z02"/><Quantity v="0"/><MeasureUnit v="KW1"/></Period></Category></ConnectionPoint><ConnectionPoint><Identification v="21Z000000000343P" codingScheme="305"/><Type v="Z31"/><Category><CapacityCode v="Z12"/><Period><TimeInterval v="2016-12-05T05:00Z/2016-12-05T06:00Z"/><Direction v="Z03"/><Quantity v="9228052"/><MeasureUnit v="KW1"/></Period><Period><TimeInterval v="2016-12-05T06:00Z/2016-12-05T07:00Z"/><Direction v="Z03"/><Quantity v="9772325"/><MeasureUnit v="KW1"/></Period><Period><TimeInterval v="2016-12-05T07:00Z/2016-12-05T08:00Z"/><Direction v="Z03"/><Quantity v="10643875"/><MeasureUnit v="KW1"/></Period><Period><TimeInterval v="2016-12-05T08:00Z/2016-12-05T09:00Z"/><Direction v="Z03"/><Quantity v="10621474"/><MeasureUnit v="KW1"/></Period><Period><TimeInterval v="2016-12-05T09:00Z/2016-12-05T10:00Z"/><Direction v="Z03"/><Quantity v="10669938"/><MeasureUnit v="KW1"/></Period><Period><TimeInterval v="2016-12-05T10:00Z/2016-12-05T11:00Z"/><Direction v="Z03"/><Quantity v="10624279"/><MeasureUnit v="KW1"/></Period><Period><TimeInterval v="2016-12-05T11:00Z/2016-12-05T12:00Z"/><Direction v="Z03"/><Quantity v="10413449"/><MeasureUnit v="KW1"/></Period><Period><TimeInterval v="2016-12-05T12:00Z/2016-12-05T13:00Z"/><Direction v="Z03"/><Quantity v="10315446"/><MeasureUnit v="KW1"/></Period><Period><TimeInterval v="2016-12-05T13:00Z/2016-12-05T14:00Z"/><Direction v="Z03"/><Quantity v="10240264"/><MeasureUnit v="KW1"/></Period><Period><TimeInterval v="2016-12-05T14:00Z/2016-12-05T15:00Z"/><Direction v="Z03"/><Quantity v="10428698"/><MeasureUnit v="KW1"/></Period><Period><TimeInterval v="2016-12-05T15:00Z/2016-12-05T16:00Z"/><Direction v="Z03"/><Quantity v="10563410"/><MeasureUnit v="KW1"/></Period><Period><TimeInterval v="2016-12-05T16:00Z/2016-12-05T17:00Z"/><Direction v="Z03"/><Quantity v="10603968"/><MeasureUnit v="KW1"/></Period><Period><TimeInterval v="2016-12-05T17:00Z/2016-12-05T18:00Z"/><Direction v="Z03"/><Quantity v="10431105"/><MeasureUnit v="KW1"/></Period><Period><TimeInterval v="2016-12-05T18:00Z/2016-12-05T19:00Z"/><Direction v="Z03"/><Quantity v="10437464"/><MeasureUnit v="KW1"/></Period><Period><TimeInterval v="2016-12-05T19:00Z/2016-12-05T20:00Z"/><Direction v="Z03"/><Quantity v="10459776"/><MeasureUnit v="KW1"/></Period><Period><TimeInterval v="2016-12-05T20:00Z/2016-12-05T21:00Z"/><Direction v="Z03"/><Quantity v="9713843"/><MeasureUnit v="KW1"/></Period><Period><TimeInterval v="2016-12-05T21:00Z/2016-12-05T22:00Z"/><Direction v="Z03"/><Quantity v="8552555"/><MeasureUnit v="KW1"/></Period><Period><TimeInterval v="2016-12-05T22:00Z/2016-12-05T23:00Z"/><Direction v="Z03"/><Quantity v="8534713"/><MeasureUnit v="KW1"/></Period><Period><TimeInterval v="2016-12-05T23:00Z/2016-12-06T00:00Z"/><Direction v="Z03"/><Quantity v="8585302"/><MeasureUnit v="KW1"/></Period><Period><TimeInterval v="2016-12-06T00:00Z/2016-12-06T01:00Z"/><Direction v="Z03"/><Quantity v="7818219"/><MeasureUnit v="KW1"/></Period><Period><TimeInterval v="2016-12-06T01:00Z/2016-12-06T02:00Z"/><Direction v="Z03"/><Quantity v="7337470"/><MeasureUnit v="KW1"/></Period><Period><TimeInterval v="2016-12-06T02:00Z/2016-12-06T03:00Z"/><Direction v="Z03"/><Quantity v="7168116"/><MeasureUnit v="KW1"/></Period><Period><TimeInterval v="2016-12-06T03:00Z/2016-12-06T04:00Z"/><Direction v="Z03"/><Quantity v="7311612"/><MeasureUnit v="KW1"/></Period><Period><TimeInterval v="2016-12-06T04:00Z/2016-12-06T05:00Z"/><Direction v="Z03"/><Quantity v="8202202"/><MeasureUnit v="KW1"/></Period></Category><Category><CapacityCode v="Z15"/><Period><TimeInterval v="2016-12-05T05:00Z/2016-12-05T06:00Z"/><Direction v="Z03"/><Quantity v="0"/><MeasureUnit v="KW1"/></Period><Period><TimeInterval v="2016-12-05T06:00Z/2016-12-05T07:00Z"/><Direction v="Z03"/><Quantity v="0"/><MeasureUnit v="KW1"/></Period><Period><TimeInterval v="2016-12-05T07:00Z/2016-12-05T08:00Z"/><Direction v="Z03"/><Quantity v="0"/><MeasureUnit v="KW1"/></Period><Period><TimeInterval v="2016-12-05T08:00Z/2016-12-05T09:00Z"/><Direction v="Z03"/><Quantity v="0"/><MeasureUnit v="KW1"/></Period><Period><TimeInterval v="2016-12-05T09:00Z/2016-12-05T10:00Z"/><Direction v="Z03"/><Quantity v="0"/><MeasureUnit v="KW1"/></Period><Period><TimeInterval v="2016-12-05T10:00Z/2016-12-05T11:00Z"/><Direction v="Z03"/><Quantity v="0"/><MeasureUnit v="KW1"/></Period><Period><TimeInterval v="2016-12-05T11:00Z/2016-12-05T12:00Z"/><Direction v="Z03"/><Quantity v="0"/><MeasureUnit v="KW1"/></Period><Period><TimeInterval v="2016-12-05T12:00Z/2016-12-05T13:00Z"/><Direction v="Z03"/><Quantity v="0"/><MeasureUnit v="KW1"/></Period><Period><TimeInterval v="2016-12-05T13:00Z/2016-12-05T14:00Z"/><Direction v="Z03"/><Quantity v="0"/><MeasureUnit v="KW1"/></Period><Period><TimeInterval v="2016-12-05T14:00Z/2016-12-05T15:00Z"/><Direction v="Z03"/><Quantity v="0"/><MeasureUnit v="KW1"/></Period><Period><TimeInterval v="2016-12-05T15:00Z/2016-12-05T16:00Z"/><Direction v="Z03"/><Quantity v="0"/><MeasureUnit v="KW1"/></Period><Period><TimeInterval v="2016-12-05T16:00Z/2016-12-05T17:00Z"/><Direction v="Z03"/><Quantity v="0"/><MeasureUnit v="KW1"/></Period><Period><TimeInterval v="2016-12-05T17:00Z/2016-12-05T18:00Z"/><Direction v="Z03"/><Quantity v="0"/><MeasureUnit v="KW1"/></Period><Period><TimeInterval v="2016-12-05T18:00Z/2016-12-05T19:00Z"/><Direction v="Z03"/><Quantity v="0"/><MeasureUnit v="KW1"/></Period><Period><TimeInterval v="2016-12-05T19:00Z/2016-12-05T20:00Z"/><Direction v="Z03"/><Quantity v="0"/><MeasureUnit v="KW1"/></Period><Period><TimeInterval v="2016-12-05T20:00Z/2016-12-05T21:00Z"/><Direction v="Z03"/><Quantity v="0"/><MeasureUnit v="KW1"/></Period><Period><TimeInterval v="2016-12-05T21:00Z/2016-12-05T22:00Z"/><Direction v="Z03"/><Quantity v="0"/><MeasureUnit v="KW1"/></Period><Period><TimeInterval v="2016-12-05T22:00Z/2016-12-05T23:00Z"/><Direction v="Z03"/><Quantity v="0"/><MeasureUnit v="KW1"/></Period><Period><TimeInterval v="2016-12-05T23:00Z/2016-12-06T00:00Z"/><Direction v="Z03"/><Quantity v="0"/><MeasureUnit v="KW1"/></Period><Period><TimeInterval v="2016-12-06T00:00Z/2016-12-06T01:00Z"/><Direction v="Z03"/><Quantity v="0"/><MeasureUnit v="KW1"/></Period><Period><TimeInterval v="2016-12-06T01:00Z/2016-12-06T02:00Z"/><Direction v="Z03"/><Quantity v="0"/><MeasureUnit v="KW1"/></Period><Period><TimeInterval v="2016-12-06T02:00Z/2016-12-06T03:00Z"/><Direction v="Z03"/><Quantity v="0"/><MeasureUnit v="KW1"/></Period><Period><TimeInterval v="2016-12-06T03:00Z/2016-12-06T04:00Z"/><Direction v="Z03"/><Quantity v="0"/><MeasureUnit v="KW1"/></Period><Period><TimeInterval v="2016-12-06T04:00Z/2016-12-06T05:00Z"/><Direction v="Z03"/><Quantity v="0"/><MeasureUnit v="KW1"/></Period></Category></ConnectionPoint></TransparencyPublication>