<?xml version="1.0" encoding="UTF-8"?><TransparencyPublication Version="EGAS50" Release="A"><Identification v="TRANPB20170102A103971"/><Version v="1"/><Type v="AL6"/><CreationDateTime v="2017-01-02T07:13:41.326Z"/><ValidityPeriod v="2016-12-21T05:00Z/2016-12-22T05:00Z"/><IssuerIdentification v="21X-DE-C-A0A0A-T" codingScheme="305"/><IssuerRole v="ZSO"/><RecipientIdentification v="10X1001A1001A353" codingScheme="305"/><RecipientRole v="ZUA"/><ConnectionPoint><Identification v="37Z000000006231B" codingScheme="305"/><Type v="Z26"/><Category><CapacityCode v="Z08"/><Period><TimeInterval v="2016-12-21T05:00Z/2016-12-21T06:00Z"/><Direction v="Z02"/><Quantity v="0"/><MeasureUnit v="KW1"/></Period><Period><TimeInterval v="2016-12-21T06:00Z/2016-12-21T07:00Z"/><Direction v="Z02"/><Quantity v="0"/><MeasureUnit v="KW1"/></Period><Period><TimeInterval v="2016-12-21T07:00Z/2016-12-21T08:00Z"/><Direction v="Z02"/><Quantity v="0"/><MeasureUnit v="KW1"/></Period><Period><TimeInterval v="2016-12-21T08:00Z/2016-12-21T09:00Z"/><Direction v="Z02"/><Quantity v="0"/><MeasureUnit v="KW1"/></Period><Period><TimeInterval v="2016-12-21T09:00Z/2016-12-21T10:00Z"/><Direction v="Z02"/><Quantity v="0"/><MeasureUnit v="KW1"/></Period><Period><TimeInterval v="2016-12-21T10:00Z/2016-12-21T11:00Z"/><Direction v="Z02"/><Quantity v="0"/><MeasureUnit v="KW1"/></Period><Period><TimeInterval v="2016-12-21T11:00Z/2016-12-21T12:00Z"/><Direction v="Z02"/><Quantity v="0"/><MeasureUnit v="KW1"/></Period><Period><TimeInterval v="2016-12-21T12:00Z/2016-12-21T13:00Z"/><Direction v="Z02"/><Quantity v="0"/><MeasureUnit v="KW1"/></Period><Period><TimeInterval v="2016-12-21T13:00Z/2016-12-21T14:00Z"/><Direction v="Z02"/><Quantity v="0"/><MeasureUnit v="KW1"/></Period><Period><TimeInterval v="2016-12-21T14:00Z/2016-12-21T15:00Z"/><Direction v="Z02"/><Quantity v="0"/><MeasureUnit v="KW1"/></Period><Period><TimeInterval v="2016-12-21T15:00Z/2016-12-21T16:00Z"/><Direction v="Z02"/><Quantity v="0"/><MeasureUnit v="KW1"/></Period><Period><TimeInterval v="2016-12-21T16:00Z/2016-12-21T17:00Z"/><Direction v="Z02"/><Quantity v="0"/><MeasureUnit v="KW1"/></Period><Period><TimeInterval v="2016-12-21T17:00Z/2016-12-21T18:00Z"/><Direction v="Z02"/><Quantity v="0"/><MeasureUnit v="KW1"/></Period><Period><TimeInterval v="2016-12-21T18:00Z/2016-12-21T19:00Z"/><Direction v="Z02"/><Quantity v="0"/><MeasureUnit v="KW1"/></Period><Period><TimeInterval v="2016-12-21T19:00Z/2016-12-21T20:00Z"/><Direction v="Z02"/><Quantity v="0"/><MeasureUnit v="KW1"/></Period><Period><TimeInterval v="2016-12-21T20:00Z/2016-12-21T21:00Z"/><Direction v="Z02"/><Quantity v="0"/><MeasureUnit v="KW1"/></Period><Period><TimeInterval v="2016-12-21T21:00Z/2016-12-21T22:00Z"/><Direction v="Z02"/><Quantity v="0"/><MeasureUnit v="KW1"/></Period><Period><TimeInterval v="2016-12-21T22:00Z/2016-12-21T23:00Z"/><Direction v="Z02"/><Quantity v="0"/><MeasureUnit v="KW1"/></Period><Period><TimeInterval v="2016-12-21T23:00Z/2016-12-22T00:00Z"/><Direction v="Z02"/><Quantity v="0"/><MeasureUnit v="KW1"/></Period><Period><TimeInterval v="2016-12-22T00:00Z/2016-12-22T01:00Z"/><Direction v="Z02"/><Quantity v="0"/><MeasureUnit v="KW1"/></Period><Period><TimeInterval v="2016-12-22T01:00Z/2016-12-22T02:00Z"/><Direction v="Z02"/><Quantity v="0"/><MeasureUnit v="KW1"/></Period><Period><TimeInterval v="2016-12-22T02:00Z/2016-12-22T03:00Z"/><Direction v="Z02"/><Quantity v="0"/><MeasureUnit v="KW1"/></Period><Period><TimeInterval v="2016-12-22T03:00Z/2016-12-22T04:00Z"/><Direction v="Z02"/><Quantity v="0"/><MeasureUnit v="KW1"/></Period><Period><TimeInterval v="2016-12-22T04:00Z/2016-12-22T05:00Z"/><Direction v="Z02"/><Quantity v="0"/><MeasureUnit v="KW1"/></Period></Category></ConnectionPoint><ConnectionPoint><Identification v="21Z000000000071W" codingScheme="305"/><Type v="Z25"/><Category><CapacityCode v="Z08"/><Period><TimeInterval v="2016-12-21T05:00Z/2016-12-21T06:00Z"/><Direction v="Z02"/><Quantity v="8901885"/><MeasureUnit v="KW1"/></Period><Period><TimeInterval v="2016-12-21T06:00Z/2016-12-21T07:00Z"/><Direction v="Z02"/><Quantity v="8866954"/><MeasureUnit v="KW1"/></Period><Period><TimeInterval v="2016-12-21T07:00Z/2016-12-21T08:00Z"/><Direction v="Z02"/><Quantity v="8923267"/><MeasureUnit v="KW1"/></Period><Period><TimeInterval v="2016-12-21T08:00Z/2016-12-21T09:00Z"/><Direction v="Z02"/><Quantity v="8975668"/><MeasureUnit v="KW1"/></Period><Period><TimeInterval v="2016-12-21T09:00Z/2016-12-21T10:00Z"/><Direction v="Z02"/><Quantity v="8963057"/><MeasureUnit v="KW1"/></Period><Period><TimeInterval v="2016-12-21T10:00Z/2016-12-21T11:00Z"/><Direction v="Z02"/><Quantity v="9038115"/><MeasureUnit v="KW1"/></Period><Period><TimeInterval v="2016-12-21T11:00Z/2016-12-21T12:00Z"/><Direction v="Z02"/><Quantity v="9125353"/><MeasureUnit v="KW1"/></Period><Period><TimeInterval v="2016-12-21T12:00Z/2016-12-21T13:00Z"/><Direction v="Z02"/><Quantity v="9056112"/><MeasureUnit v="KW1"/></Period><Period><TimeInterval v="2016-12-21T13:00Z/2016-12-21T14:00Z"/><Direction v="Z02"/><Quantity v="9117153"/><MeasureUnit v="KW1"/></Period><Period><TimeInterval v="2016-12-21T14:00Z/2016-12-21T15:00Z"/><Direction v="Z02"/><Quantity v="8945101"/><MeasureUnit v="KW1"/></Period><Period><TimeInterval v="2016-12-21T15:00Z/2016-12-21T16:00Z"/><Direction v="Z02"/><Quantity v="8998488"/><MeasureUnit v="KW1"/></Period><Period><TimeInterval v="2016-12-21T16:00Z/2016-12-21T17:00Z"/><Direction v="Z02"/><Quantity v="8989111"/><MeasureUnit v="KW1"/></Period><Period><TimeInterval v="2016-12-21T17:00Z/2016-12-21T18:00Z"/><Direction v="Z02"/><Quantity v="9107471"/><MeasureUnit v="KW1"/></Period><Period><TimeInterval v="2016-12-21T18:00Z/2016-12-21T19:00Z"/><Direction v="Z02"/><Quantity v="9036855"/><MeasureUnit v="KW1"/></Period><Period><TimeInterval v="2016-12-21T19:00Z/2016-12-21T20:00Z"/><Direction v="Z02"/><Quantity v="8967866"/><MeasureUnit v="KW1"/></Period><Period><TimeInterval v="2016-12-21T20:00Z/2016-12-21T21:00Z"/><Direction v="Z02"/><Quantity v="8990015"/><MeasureUnit v="KW1"/></Period><Period><TimeInterval v="2016-12-21T21:00Z/2016-12-21T22:00Z"/><Direction v="Z02"/><Quantity v="9060873"/><MeasureUnit v="KW1"/></Period><Period><TimeInterval v="2016-12-21T22:00Z/2016-12-21T23:00Z"/><Direction v="Z02"/><Quantity v="8835303"/><MeasureUnit v="KW1"/></Period><Period><TimeInterval v="2016-12-21T23:00Z/2016-12-22T00:00Z"/><Direction v="Z02"/><Quantity v="8823568"/><MeasureUnit v="KW1"/></Period><Period><TimeInterval v="2016-12-22T00:00Z/2016-12-22T01:00Z"/><Direction v="Z02"/><Quantity v="8597922"/><MeasureUnit v="KW1"/></Period><Period><TimeInterval v="2016-12-22T01:00Z/2016-12-22T02:00Z"/><Direction v="Z02"/><Quantity v="8499671"/><MeasureUnit v="KW1"/></Period><Period><TimeInterval v="2016-12-22T02:00Z/2016-12-22T03:00Z"/><Direction v="Z02"/><Quantity v="8636239"/><MeasureUnit v="KW1"/></Period><Period><TimeInterval v="2016-12-22T03:00Z/2016-12-22T04:00Z"/><Direction v="Z02"/><Quantity v="8586084"/><MeasureUnit v="KW1"/></Period><Period><TimeInterval v="2016-12-22T04:00Z/2016-12-22T05:00Z"/><Direction v="Z02"/><Quantity v="8533915"/><MeasureUnit v="KW1"/></Period></Category></ConnectionPoint><ConnectionPoint><Identification v="21Z0000000000163" codingScheme="305"/><Type v="Z25"/><Category><CapacityCode v="Z08"/><Period><TimeInterval v="2016-12-21T05:00Z/2016-12-21T06:00Z"/><Direction v="Z02"/><Quantity v="0"/><MeasureUnit v="KW1"/></Period><Period><TimeInterval v="2016-12-21T06:00Z/2016-12-21T07:00Z"/><Direction v="Z02"/><Quantity v="0"/><MeasureUnit v="KW1"/></Period><Period><TimeInterval v="2016-12-21T07:00Z/2016-12-21T08:00Z"/><Direction v="Z02"/><Quantity v="0"/><MeasureUnit v="KW1"/></Period><Period><TimeInterval v="2016-12-21T08:00Z/2016-12-21T09:00Z"/><Direction v="Z02"/><Quantity v="0"/><MeasureUnit v="KW1"/></Period><Period><TimeInterval v="2016-12-21T09:00Z/2016-12-21T10:00Z"/><Direction v="Z02"/><Quantity v="0"/><MeasureUnit v="KW1"/></Period><Period><TimeInterval v="2016-12-21T10:00Z/2016-12-21T11:00Z"/><Direction v="Z02"/><Quantity v="0"/><MeasureUnit v="KW1"/></Period><Period><TimeInterval v="2016-12-21T11:00Z/2016-12-21T12:00Z"/><Direction v="Z02"/><Quantity v="0"/><MeasureUnit v="KW1"/></Period><Period><TimeInterval v="2016-12-21T12:00Z/2016-12-21T13:00Z"/><Direction v="Z02"/><Quantity v="0"/><MeasureUnit v="KW1"/></Period><Period><TimeInterval v="2016-12-21T13:00Z/2016-12-21T14:00Z"/><Direction v="Z02"/><Quantity v="0"/><MeasureUnit v="KW1"/></Period><Period><TimeInterval v="2016-12-21T14:00Z/2016-12-21T15:00Z"/><Direction v="Z02"/><Quantity v="0"/><MeasureUnit v="KW1"/></Period><Period><TimeInterval v="2016-12-21T15:00Z/2016-12-21T16:00Z"/><Direction v="Z02"/><Quantity v="0"/><MeasureUnit v="KW1"/></Period><Period><TimeInterval v="2016-12-21T16:00Z/2016-12-21T17:00Z"/><Direction v="Z02"/><Quantity v="0"/><MeasureUnit v="KW1"/></Period><Period><TimeInterval v="2016-12-21T17:00Z/2016-12-21T18:00Z"/><Direction v="Z02"/><Quantity v="0"/><MeasureUnit v="KW1"/></Period><Period><TimeInterval v="2016-12-21T18:00Z/2016-12-21T19:00Z"/><Direction v="Z02"/><Quantity v="0"/><MeasureUnit v="KW1"/></Period><Period><TimeInterval v="2016-12-21T19:00Z/2016-12-21T20:00Z"/><Direction v="Z02"/><Quantity v="0"/><MeasureUnit v="KW1"/></Period><Period><TimeInterval v="2016-12-21T20:00Z/2016-12-21T21:00Z"/><Direction v="Z02"/><Quantity v="0"/><MeasureUnit v="KW1"/></Period><Period><TimeInterval v="2016-12-21T21:00Z/2016-12-21T22:00Z"/><Direction v="Z02"/><Quantity v="0"/><MeasureUnit v="KW1"/></Period><Period><TimeInterval v="2016-12-21T22:00Z/2016-12-21T23:00Z"/><Direction v="Z02"/><Quantity v="0"/><MeasureUnit v="KW1"/></Period><Period><TimeInterval v="2016-12-21T23:00Z/2016-12-22T00:00Z"/><Direction v="Z02"/><Quantity v="0"/><MeasureUnit v="KW1"/></Period><Period><TimeInterval v="2016-12-22T00:00Z/2016-12-22T01:00Z"/><Direction v="Z02"/><Quantity v="0"/><MeasureUnit v="KW1"/></Period><Period><TimeInterval v="2016-12-22T01:00Z/2016-12-22T02:00Z"/><Direction v="Z02"/><Quantity v="0"/><MeasureUnit v="KW1"/></Period><Period><TimeInterval v="2016-12-22T02:00Z/2016-12-22T03:00Z"/><Direction v="Z02"/><Quantity v="0"/><MeasureUnit v="KW1"/></Period><Period><TimeInterval v="2016-12-22T03:00Z/2016-12-22T04:00Z"/><Direction v="Z02"/><Quantity v="0"/><MeasureUnit v="KW1"/></Period><Period><TimeInterval v="2016-12-22T04:00Z/2016-12-22T05:00Z"/><Direction v="Z02"/><Quantity v="0"/><MeasureUnit v="KW1"/></Period><Period><TimeInterval v="2016-12-21T05:00Z/2016-12-21T06:00Z"/><Direction v="Z03"/><Quantity v="3394444"/><MeasureUnit v="KW1"/></Period><Period><TimeInterval v="2016-12-21T06:00Z/2016-12-21T07:00Z"/><Direction v="Z03"/><Quantity v="3400000"/><MeasureUnit v="KW1"/></Period><Period><TimeInterval v="2016-12-21T07:00Z/2016-12-21T08:00Z"/><Direction v="Z03"/><Quantity v="3427778"/><MeasureUnit v="KW1"/></Period><Period><TimeInterval v="2016-12-21T08:00Z/2016-12-21T09:00Z"/><Direction v="Z03"/><Quantity v="3397222"/><MeasureUnit v="KW1"/></Period><Period><TimeInterval v="2016-12-21T09:00Z/2016-12-21T10:00Z"/><Direction v="Z03"/><Quantity v="3402778"/><MeasureUnit v="KW1"/></Period><Period><TimeInterval v="2016-12-21T10:00Z/2016-12-21T11:00Z"/><Direction v="Z03"/><Quantity v="3397222"/><MeasureUnit v="KW1"/></Period><Period><TimeInterval v="2016-12-21T11:00Z/2016-12-21T12:00Z"/><Direction v="Z03"/><Quantity v="3444445"/><MeasureUnit v="KW1"/></Period><Period><TimeInterval v="2016-12-21T12:00Z/2016-12-21T13:00Z"/><Direction v="Z03"/><Quantity v="3427777"/><MeasureUnit v="KW1"/></Period><Period><TimeInterval v="2016-12-21T13:00Z/2016-12-21T14:00Z"/><Direction v="Z03"/><Quantity v="3380556"/><MeasureUnit v="KW1"/></Period><Period><TimeInterval v="2016-12-21T14:00Z/2016-12-21T15:00Z"/><Direction v="Z03"/><Quantity v="3377778"/><MeasureUnit v="KW1"/></Period><Period><TimeInterval v="2016-12-21T15:00Z/2016-12-21T16:00Z"/><Direction v="Z03"/><Quantity v="3380555"/><MeasureUnit v="KW1"/></Period><Period><TimeInterval v="2016-12-21T16:00Z/2016-12-21T17:00Z"/><Direction v="Z03"/><Quantity v="3405556"/><MeasureUnit v="KW1"/></Period><Period><TimeInterval v="2016-12-21T17:00Z/2016-12-21T18:00Z"/><Direction v="Z03"/><Quantity v="3391666"/><MeasureUnit v="KW1"/></Period><Period><TimeInterval v="2016-12-21T18:00Z/2016-12-21T19:00Z"/><Direction v="Z03"/><Quantity v="3394445"/><MeasureUnit v="KW1"/></Period><Period><TimeInterval v="2016-12-21T19:00Z/2016-12-21T20:00Z"/><Direction v="Z03"/><Quantity v="3422222"/><MeasureUnit v="KW1"/></Period><Period><TimeInterval v="2016-12-21T20:00Z/2016-12-21T21:00Z"/><Direction v="Z03"/><Quantity v="3416667"/><MeasureUnit v="KW1"/></Period><Period><TimeInterval v="2016-12-21T21:00Z/2016-12-21T22:00Z"/><Direction v="Z03"/><Quantity v="3413889"/><MeasureUnit v="KW1"/></Period><Period><TimeInterval v="2016-12-21T22:00Z/2016-12-21T23:00Z"/><Direction v="Z03"/><Quantity v="3388889"/><MeasureUnit v="KW1"/></Period><Period><TimeInterval v="2016-12-21T23:00Z/2016-12-22T00:00Z"/><Direction v="Z03"/><Quantity v="3355555"/><MeasureUnit v="KW1"/></Period><Period><TimeInterval v="2016-12-22T00:00Z/2016-12-22T01:00Z"/><Direction v="Z03"/><Quantity v="4052778"/><MeasureUnit v="KW1"/></Period><Period><TimeInterval v="2016-12-22T01:00Z/2016-12-22T02:00Z"/><Direction v="Z03"/><Quantity v="4144444"/><MeasureUnit v="KW1"/></Period><Period><TimeInterval v="2016-12-22T02:00Z/2016-12-22T03:00Z"/><Direction v="Z03"/><Quantity v="4180556"/><MeasureUnit v="KW1"/></Period><Period><TimeInterval v="2016-12-22T03:00Z/2016-12-22T04:00Z"/><Direction v="Z03"/><Quantity v="4161111"/><MeasureUnit v="KW1"/></Period><Period><TimeInterval v="2016-12-22T04:00Z/2016-12-22T05:00Z"/><Direction v="Z03"/><Quantity v="4125000"/><MeasureUnit v="KW1"/></Period></Category></ConnectionPoint><ConnectionPoint><Identification v="21Z000000000342R" codingScheme="305"/><Type v="Z28"/><Category><CapacityCode v="Z08"/><Period><TimeInterval v="2016-12-21T05:00Z/2016-12-21T06:00Z"/><Direction v="Z02"/><Quantity v="1321360"/><MeasureUnit v="KW1"/></Period><Period><TimeInterval v="2016-12-21T06:00Z/2016-12-21T07:00Z"/><Direction v="Z02"/><Quantity v="1361913"/><MeasureUnit v="KW1"/></Period><Period><TimeInterval v="2016-12-21T07:00Z/2016-12-21T08:00Z"/><Direction v="Z02"/><Quantity v="1378386"/><MeasureUnit v="KW1"/></Period><Period><TimeInterval v="2016-12-21T08:00Z/2016-12-21T09:00Z"/><Direction v="Z02"/><Quantity v="1383706"/><MeasureUnit v="KW1"/></Period><Period><TimeInterval v="2016-12-21T09:00Z/2016-12-21T10:00Z"/><Direction v="Z02"/><Quantity v="1373906"/><MeasureUnit v="KW1"/></Period><Period><TimeInterval v="2016-12-21T10:00Z/2016-12-21T11:00Z"/><Direction v="Z02"/><Quantity v="1384034"/><MeasureUnit v="KW1"/></Period><Period><TimeInterval v="2016-12-21T11:00Z/2016-12-21T12:00Z"/><Direction v="Z02"/><Quantity v="1336150"/><MeasureUnit v="KW1"/></Period><Period><TimeInterval v="2016-12-21T12:00Z/2016-12-21T13:00Z"/><Direction v="Z02"/><Quantity v="1236468"/><MeasureUnit v="KW1"/></Period><Period><TimeInterval v="2016-12-21T13:00Z/2016-12-21T14:00Z"/><Direction v="Z02"/><Quantity v="1366042"/><MeasureUnit v="KW1"/></Period><Period><TimeInterval v="2016-12-21T14:00Z/2016-12-21T15:00Z"/><Direction v="Z02"/><Quantity v="1354247"/><MeasureUnit v="KW1"/></Period><Period><TimeInterval v="2016-12-21T15:00Z/2016-12-21T16:00Z"/><Direction v="Z02"/><Quantity v="1286865"/><MeasureUnit v="KW1"/></Period><Period><TimeInterval v="2016-12-21T16:00Z/2016-12-21T17:00Z"/><Direction v="Z02"/><Quantity v="1250202"/><MeasureUnit v="KW1"/></Period><Period><TimeInterval v="2016-12-21T17:00Z/2016-12-21T18:00Z"/><Direction v="Z02"/><Quantity v="1273488"/><MeasureUnit v="KW1"/></Period><Period><TimeInterval v="2016-12-21T18:00Z/2016-12-21T19:00Z"/><Direction v="Z02"/><Quantity v="1294347"/><MeasureUnit v="KW1"/></Period><Period><TimeInterval v="2016-12-21T19:00Z/2016-12-21T20:00Z"/><Direction v="Z02"/><Quantity v="1385873"/><MeasureUnit v="KW1"/></Period><Period><TimeInterval v="2016-12-21T20:00Z/2016-12-21T21:00Z"/><Direction v="Z02"/><Quantity v="1347245"/><MeasureUnit v="KW1"/></Period><Period><TimeInterval v="2016-12-21T21:00Z/2016-12-21T22:00Z"/><Direction v="Z02"/><Quantity v="1404016"/><MeasureUnit v="KW1"/></Period><Period><TimeInterval v="2016-12-21T22:00Z/2016-12-21T23:00Z"/><Direction v="Z02"/><Quantity v="1424530"/><MeasureUnit v="KW1"/></Period><Period><TimeInterval v="2016-12-21T23:00Z/2016-12-22T00:00Z"/><Direction v="Z02"/><Quantity v="1414666"/><MeasureUnit v="KW1"/></Period><Period><TimeInterval v="2016-12-22T00:00Z/2016-12-22T01:00Z"/><Direction v="Z02"/><Quantity v="1097877"/><MeasureUnit v="KW1"/></Period><Period><TimeInterval v="2016-12-22T01:00Z/2016-12-22T02:00Z"/><Direction v="Z02"/><Quantity v="1398897"/><MeasureUnit v="KW1"/></Period><Period><TimeInterval v="2016-12-22T02:00Z/2016-12-22T03:00Z"/><Direction v="Z02"/><Quantity v="1409946"/><MeasureUnit v="KW1"/></Period><Period><TimeInterval v="2016-12-22T03:00Z/2016-12-22T04:00Z"/><Direction v="Z02"/><Quantity v="1389797"/><MeasureUnit v="KW1"/></Period><Period><TimeInterval v="2016-12-22T04:00Z/2016-12-22T05:00Z"/><Direction v="Z02"/><Quantity v="1271342"/><MeasureUnit v="KW1"/></Period></Category></ConnectionPoint><ConnectionPoint><Identification v="21Z000000000343P" codingScheme="305"/><Type v="Z31"/><Category><CapacityCode v="Z08"/><Period><TimeInterval v="2016-12-21T05:00Z/2016-12-21T06:00Z"/><Direction v="Z03"/><Quantity v="29532491"/><MeasureUnit v="KW1"/></Period><Period><TimeInterval v="2016-12-21T06:00Z/2016-12-21T07:00Z"/><Direction v="Z03"/><Quantity v="31101187"/><MeasureUnit v="KW1"/></Period><Period><TimeInterval v="2016-12-21T07:00Z/2016-12-21T08:00Z"/><Direction v="Z03"/><Quantity v="33058507"/><MeasureUnit v="KW1"/></Period><Period><TimeInterval v="2016-12-21T08:00Z/2016-12-21T09:00Z"/><Direction v="Z03"/><Quantity v="33346225"/><MeasureUnit v="KW1"/></Period><Period><TimeInterval v="2016-12-21T09:00Z/2016-12-21T10:00Z"/><Direction v="Z03"/><Quantity v="33039760"/><MeasureUnit v="KW1"/></Period><Period><TimeInterval v="2016-12-21T10:00Z/2016-12-21T11:00Z"/><Direction v="Z03"/><Quantity v="33616800"/><MeasureUnit v="KW1"/></Period><Period><TimeInterval v="2016-12-21T11:00Z/2016-12-21T12:00Z"/><Direction v="Z03"/><Quantity v="34165181"/><MeasureUnit v="KW1"/></Period><Period><TimeInterval v="2016-12-21T12:00Z/2016-12-21T13:00Z"/><Direction v="Z03"/><Quantity v="34368739"/><MeasureUnit v="KW1"/></Period><Period><TimeInterval v="2016-12-21T13:00Z/2016-12-21T14:00Z"/><Direction v="Z03"/><Quantity v="32792656"/><MeasureUnit v="KW1"/></Period><Period><TimeInterval v="2016-12-21T14:00Z/2016-12-21T15:00Z"/><Direction v="Z03"/><Quantity v="32688532"/><MeasureUnit v="KW1"/></Period><Period><TimeInterval v="2016-12-21T15:00Z/2016-12-21T16:00Z"/><Direction v="Z03"/><Quantity v="30062117"/><MeasureUnit v="KW1"/></Period><Period><TimeInterval v="2016-12-21T16:00Z/2016-12-21T17:00Z"/><Direction v="Z03"/><Quantity v="28953540"/><MeasureUnit v="KW1"/></Period><Period><TimeInterval v="2016-12-21T17:00Z/2016-12-21T18:00Z"/><Direction v="Z03"/><Quantity v="29573722"/><MeasureUnit v="KW1"/></Period><Period><TimeInterval v="2016-12-21T18:00Z/2016-12-21T19:00Z"/><Direction v="Z03"/><Quantity v="30522283"/><MeasureUnit v="KW1"/></Period><Period><TimeInterval v="2016-12-21T19:00Z/2016-12-21T20:00Z"/><Direction v="Z03"/><Quantity v="32905011"/><MeasureUnit v="KW1"/></Period><Period><TimeInterval v="2016-12-21T20:00Z/2016-12-21T21:00Z"/><Direction v="Z03"/><Quantity v="31939606"/><MeasureUnit v="KW1"/></Period><Period><TimeInterval v="2016-12-21T21:00Z/2016-12-21T22:00Z"/><Direction v="Z03"/><Quantity v="33531740"/><MeasureUnit v="KW1"/></Period><Period><TimeInterval v="2016-12-21T22:00Z/2016-12-21T23:00Z"/><Direction v="Z03"/><Quantity v="35515427"/><MeasureUnit v="KW1"/></Period><Period><TimeInterval v="2016-12-21T23:00Z/2016-12-22T00:00Z"/><Direction v="Z03"/><Quantity v="33561481"/><MeasureUnit v="KW1"/></Period><Period><TimeInterval v="2016-12-22T00:00Z/2016-12-22T01:00Z"/><Direction v="Z03"/><Quantity v="34198893"/><MeasureUnit v="KW1"/></Period><Period><TimeInterval v="2016-12-22T01:00Z/2016-12-22T02:00Z"/><Direction v="Z03"/><Quantity v="34204842"/><MeasureUnit v="KW1"/></Period><Period><TimeInterval v="2016-12-22T02:00Z/2016-12-22T03:00Z"/><Direction v="Z03"/><Quantity v="34397018"/><MeasureUnit v="KW1"/></Period><Period><TimeInterval v="2016-12-22T03:00Z/2016-12-22T04:00Z"/><Direction v="Z03"/><Quantity v="33653736"/><MeasureUnit v="KW1"/></Period><Period><TimeInterval v="2016-12-22T04:00Z/2016-12-22T05:00Z"/><Direction v="Z03"/><Quantity v="30764763"/><MeasureUnit v="KW1"/></Period></Category></ConnectionPoint></TransparencyPublication>