<?xml version="1.0" encoding="UTF-8"?><TransparencyPublication Version="EGAS50" Release="A"><Identification v="TRANPB20170102A103978"/><Version v="1"/><Type v="AL6"/><CreationDateTime v="2017-01-02T07:13:53.28Z"/><ValidityPeriod v="2016-12-28T05:00Z/2016-12-29T05:00Z"/><IssuerIdentification v="21X-DE-C-A0A0A-T" codingScheme="305"/><IssuerRole v="ZSO"/><RecipientIdentification v="10X1001A1001A353" codingScheme="305"/><RecipientRole v="ZUA"/><ConnectionPoint><Identification v="37Z000000006231B" codingScheme="305"/><Type v="Z26"/><Category><CapacityCode v="Z08"/><Period><TimeInterval v="2016-12-28T05:00Z/2016-12-28T06:00Z"/><Direction v="Z02"/><Quantity v="0"/><MeasureUnit v="KW1"/></Period><Period><TimeInterval v="2016-12-28T06:00Z/2016-12-28T07:00Z"/><Direction v="Z02"/><Quantity v="0"/><MeasureUnit v="KW1"/></Period><Period><TimeInterval v="2016-12-28T07:00Z/2016-12-28T08:00Z"/><Direction v="Z02"/><Quantity v="0"/><MeasureUnit v="KW1"/></Period><Period><TimeInterval v="2016-12-28T08:00Z/2016-12-28T09:00Z"/><Direction v="Z02"/><Quantity v="0"/><MeasureUnit v="KW1"/></Period><Period><TimeInterval v="2016-12-28T09:00Z/2016-12-28T10:00Z"/><Direction v="Z02"/><Quantity v="0"/><MeasureUnit v="KW1"/></Period><Period><TimeInterval v="2016-12-28T10:00Z/2016-12-28T11:00Z"/><Direction v="Z02"/><Quantity v="0"/><MeasureUnit v="KW1"/></Period><Period><TimeInterval v="2016-12-28T11:00Z/2016-12-28T12:00Z"/><Direction v="Z02"/><Quantity v="0"/><MeasureUnit v="KW1"/></Period><Period><TimeInterval v="2016-12-28T12:00Z/2016-12-28T13:00Z"/><Direction v="Z02"/><Quantity v="0"/><MeasureUnit v="KW1"/></Period><Period><TimeInterval v="2016-12-28T13:00Z/2016-12-28T14:00Z"/><Direction v="Z02"/><Quantity v="0"/><MeasureUnit v="KW1"/></Period><Period><TimeInterval v="2016-12-28T14:00Z/2016-12-28T15:00Z"/><Direction v="Z02"/><Quantity v="0"/><MeasureUnit v="KW1"/></Period><Period><TimeInterval v="2016-12-28T15:00Z/2016-12-28T16:00Z"/><Direction v="Z02"/><Quantity v="0"/><MeasureUnit v="KW1"/></Period><Period><TimeInterval v="2016-12-28T16:00Z/2016-12-28T17:00Z"/><Direction v="Z02"/><Quantity v="0"/><MeasureUnit v="KW1"/></Period><Period><TimeInterval v="2016-12-28T17:00Z/2016-12-28T18:00Z"/><Direction v="Z02"/><Quantity v="0"/><MeasureUnit v="KW1"/></Period><Period><TimeInterval v="2016-12-28T18:00Z/2016-12-28T19:00Z"/><Direction v="Z02"/><Quantity v="0"/><MeasureUnit v="KW1"/></Period><Period><TimeInterval v="2016-12-28T19:00Z/2016-12-28T20:00Z"/><Direction v="Z02"/><Quantity v="0"/><MeasureUnit v="KW1"/></Period><Period><TimeInterval v="2016-12-28T20:00Z/2016-12-28T21:00Z"/><Direction v="Z02"/><Quantity v="0"/><MeasureUnit v="KW1"/></Period><Period><TimeInterval v="2016-12-28T21:00Z/2016-12-28T22:00Z"/><Direction v="Z02"/><Quantity v="0"/><MeasureUnit v="KW1"/></Period><Period><TimeInterval v="2016-12-28T22:00Z/2016-12-28T23:00Z"/><Direction v="Z02"/><Quantity v="0"/><MeasureUnit v="KW1"/></Period><Period><TimeInterval v="2016-12-28T23:00Z/2016-12-29T00:00Z"/><Direction v="Z02"/><Quantity v="0"/><MeasureUnit v="KW1"/></Period><Period><TimeInterval v="2016-12-29T00:00Z/2016-12-29T01:00Z"/><Direction v="Z02"/><Quantity v="0"/><MeasureUnit v="KW1"/></Period><Period><TimeInterval v="2016-12-29T01:00Z/2016-12-29T02:00Z"/><Direction v="Z02"/><Quantity v="0"/><MeasureUnit v="KW1"/></Period><Period><TimeInterval v="2016-12-29T02:00Z/2016-12-29T03:00Z"/><Direction v="Z02"/><Quantity v="0"/><MeasureUnit v="KW1"/></Period><Period><TimeInterval v="2016-12-29T03:00Z/2016-12-29T04:00Z"/><Direction v="Z02"/><Quantity v="0"/><MeasureUnit v="KW1"/></Period><Period><TimeInterval v="2016-12-29T04:00Z/2016-12-29T05:00Z"/><Direction v="Z02"/><Quantity v="0"/><MeasureUnit v="KW1"/></Period></Category></ConnectionPoint><ConnectionPoint><Identification v="21Z000000000117Y" codingScheme="305"/><Type v="Z25"/><Category><CapacityCode v="Z08"/><Period><TimeInterval v="2016-12-28T05:00Z/2016-12-28T06:00Z"/><Direction v="Z02"/><Quantity v="68019"/><MeasureUnit v="KW1"/></Period><Period><TimeInterval v="2016-12-28T06:00Z/2016-12-28T07:00Z"/><Direction v="Z02"/><Quantity v="66871"/><MeasureUnit v="KW1"/></Period><Period><TimeInterval v="2016-12-28T07:00Z/2016-12-28T08:00Z"/><Direction v="Z02"/><Quantity v="67402"/><MeasureUnit v="KW1"/></Period><Period><TimeInterval v="2016-12-28T08:00Z/2016-12-28T09:00Z"/><Direction v="Z02"/><Quantity v="68377"/><MeasureUnit v="KW1"/></Period><Period><TimeInterval v="2016-12-28T09:00Z/2016-12-28T10:00Z"/><Direction v="Z02"/><Quantity v="66676"/><MeasureUnit v="KW1"/></Period><Period><TimeInterval v="2016-12-28T10:00Z/2016-12-28T11:00Z"/><Direction v="Z02"/><Quantity v="65538"/><MeasureUnit v="KW1"/></Period><Period><TimeInterval v="2016-12-28T11:00Z/2016-12-28T12:00Z"/><Direction v="Z02"/><Quantity v="63440"/><MeasureUnit v="KW1"/></Period><Period><TimeInterval v="2016-12-28T12:00Z/2016-12-28T13:00Z"/><Direction v="Z02"/><Quantity v="61833"/><MeasureUnit v="KW1"/></Period><Period><TimeInterval v="2016-12-28T13:00Z/2016-12-28T14:00Z"/><Direction v="Z02"/><Quantity v="61534"/><MeasureUnit v="KW1"/></Period><Period><TimeInterval v="2016-12-28T14:00Z/2016-12-28T15:00Z"/><Direction v="Z02"/><Quantity v="60228"/><MeasureUnit v="KW1"/></Period><Period><TimeInterval v="2016-12-28T15:00Z/2016-12-28T16:00Z"/><Direction v="Z02"/><Quantity v="64259"/><MeasureUnit v="KW1"/></Period><Period><TimeInterval v="2016-12-28T16:00Z/2016-12-28T17:00Z"/><Direction v="Z02"/><Quantity v="66674"/><MeasureUnit v="KW1"/></Period><Period><TimeInterval v="2016-12-28T17:00Z/2016-12-28T18:00Z"/><Direction v="Z02"/><Quantity v="65364"/><MeasureUnit v="KW1"/></Period><Period><TimeInterval v="2016-12-28T18:00Z/2016-12-28T19:00Z"/><Direction v="Z02"/><Quantity v="64280"/><MeasureUnit v="KW1"/></Period><Period><TimeInterval v="2016-12-28T19:00Z/2016-12-28T20:00Z"/><Direction v="Z02"/><Quantity v="62127"/><MeasureUnit v="KW1"/></Period><Period><TimeInterval v="2016-12-28T20:00Z/2016-12-28T21:00Z"/><Direction v="Z02"/><Quantity v="58232"/><MeasureUnit v="KW1"/></Period><Period><TimeInterval v="2016-12-28T21:00Z/2016-12-28T22:00Z"/><Direction v="Z02"/><Quantity v="47878"/><MeasureUnit v="KW1"/></Period><Period><TimeInterval v="2016-12-28T22:00Z/2016-12-28T23:00Z"/><Direction v="Z02"/><Quantity v="43288"/><MeasureUnit v="KW1"/></Period><Period><TimeInterval v="2016-12-28T23:00Z/2016-12-29T00:00Z"/><Direction v="Z02"/><Quantity v="42613"/><MeasureUnit v="KW1"/></Period><Period><TimeInterval v="2016-12-29T00:00Z/2016-12-29T01:00Z"/><Direction v="Z02"/><Quantity v="43821"/><MeasureUnit v="KW1"/></Period><Period><TimeInterval v="2016-12-29T01:00Z/2016-12-29T02:00Z"/><Direction v="Z02"/><Quantity v="45722"/><MeasureUnit v="KW1"/></Period><Period><TimeInterval v="2016-12-29T02:00Z/2016-12-29T03:00Z"/><Direction v="Z02"/><Quantity v="50418"/><MeasureUnit v="KW1"/></Period><Period><TimeInterval v="2016-12-29T03:00Z/2016-12-29T04:00Z"/><Direction v="Z02"/><Quantity v="59099"/><MeasureUnit v="KW1"/></Period><Period><TimeInterval v="2016-12-29T04:00Z/2016-12-29T05:00Z"/><Direction v="Z02"/><Quantity v="72403"/><MeasureUnit v="KW1"/></Period></Category></ConnectionPoint><ConnectionPoint><Identification v="21Z000000000071W" codingScheme="305"/><Type v="Z25"/><Category><CapacityCode v="Z08"/><Period><TimeInterval v="2016-12-28T05:00Z/2016-12-28T06:00Z"/><Direction v="Z02"/><Quantity v="9449233"/><MeasureUnit v="KW1"/></Period><Period><TimeInterval v="2016-12-28T06:00Z/2016-12-28T07:00Z"/><Direction v="Z02"/><Quantity v="9303573"/><MeasureUnit v="KW1"/></Period><Period><TimeInterval v="2016-12-28T07:00Z/2016-12-28T08:00Z"/><Direction v="Z02"/><Quantity v="9356893"/><MeasureUnit v="KW1"/></Period><Period><TimeInterval v="2016-12-28T08:00Z/2016-12-28T09:00Z"/><Direction v="Z02"/><Quantity v="9395636"/><MeasureUnit v="KW1"/></Period><Period><TimeInterval v="2016-12-28T09:00Z/2016-12-28T10:00Z"/><Direction v="Z02"/><Quantity v="9397541"/><MeasureUnit v="KW1"/></Period><Period><TimeInterval v="2016-12-28T10:00Z/2016-12-28T11:00Z"/><Direction v="Z02"/><Quantity v="9394928"/><MeasureUnit v="KW1"/></Period><Period><TimeInterval v="2016-12-28T11:00Z/2016-12-28T12:00Z"/><Direction v="Z02"/><Quantity v="9368885"/><MeasureUnit v="KW1"/></Period><Period><TimeInterval v="2016-12-28T12:00Z/2016-12-28T13:00Z"/><Direction v="Z02"/><Quantity v="9544318"/><MeasureUnit v="KW1"/></Period><Period><TimeInterval v="2016-12-28T13:00Z/2016-12-28T14:00Z"/><Direction v="Z02"/><Quantity v="9235500"/><MeasureUnit v="KW1"/></Period><Period><TimeInterval v="2016-12-28T14:00Z/2016-12-28T15:00Z"/><Direction v="Z02"/><Quantity v="8688582"/><MeasureUnit v="KW1"/></Period><Period><TimeInterval v="2016-12-28T15:00Z/2016-12-28T16:00Z"/><Direction v="Z02"/><Quantity v="8437879"/><MeasureUnit v="KW1"/></Period><Period><TimeInterval v="2016-12-28T16:00Z/2016-12-28T17:00Z"/><Direction v="Z02"/><Quantity v="8798957"/><MeasureUnit v="KW1"/></Period><Period><TimeInterval v="2016-12-28T17:00Z/2016-12-28T18:00Z"/><Direction v="Z02"/><Quantity v="8575100"/><MeasureUnit v="KW1"/></Period><Period><TimeInterval v="2016-12-28T18:00Z/2016-12-28T19:00Z"/><Direction v="Z02"/><Quantity v="8517813"/><MeasureUnit v="KW1"/></Period><Period><TimeInterval v="2016-12-28T19:00Z/2016-12-28T20:00Z"/><Direction v="Z02"/><Quantity v="8492011"/><MeasureUnit v="KW1"/></Period><Period><TimeInterval v="2016-12-28T20:00Z/2016-12-28T21:00Z"/><Direction v="Z02"/><Quantity v="8610504"/><MeasureUnit v="KW1"/></Period><Period><TimeInterval v="2016-12-28T21:00Z/2016-12-28T22:00Z"/><Direction v="Z02"/><Quantity v="8635396"/><MeasureUnit v="KW1"/></Period><Period><TimeInterval v="2016-12-28T22:00Z/2016-12-28T23:00Z"/><Direction v="Z02"/><Quantity v="8643960"/><MeasureUnit v="KW1"/></Period><Period><TimeInterval v="2016-12-28T23:00Z/2016-12-29T00:00Z"/><Direction v="Z02"/><Quantity v="8636978"/><MeasureUnit v="KW1"/></Period><Period><TimeInterval v="2016-12-29T00:00Z/2016-12-29T01:00Z"/><Direction v="Z02"/><Quantity v="8621444"/><MeasureUnit v="KW1"/></Period><Period><TimeInterval v="2016-12-29T01:00Z/2016-12-29T02:00Z"/><Direction v="Z02"/><Quantity v="8724547"/><MeasureUnit v="KW1"/></Period><Period><TimeInterval v="2016-12-29T02:00Z/2016-12-29T03:00Z"/><Direction v="Z02"/><Quantity v="8691180"/><MeasureUnit v="KW1"/></Period><Period><TimeInterval v="2016-12-29T03:00Z/2016-12-29T04:00Z"/><Direction v="Z02"/><Quantity v="8684620"/><MeasureUnit v="KW1"/></Period><Period><TimeInterval v="2016-12-29T04:00Z/2016-12-29T05:00Z"/><Direction v="Z02"/><Quantity v="8658303"/><MeasureUnit v="KW1"/></Period></Category></ConnectionPoint><ConnectionPoint><Identification v="21Z0000000000163" codingScheme="305"/><Type v="Z25"/><Category><CapacityCode v="Z08"/><Period><TimeInterval v="2016-12-28T05:00Z/2016-12-28T06:00Z"/><Direction v="Z03"/><Quantity v="4422222"/><MeasureUnit v="KW1"/></Period><Period><TimeInterval v="2016-12-28T06:00Z/2016-12-28T07:00Z"/><Direction v="Z03"/><Quantity v="4433333"/><MeasureUnit v="KW1"/></Period><Period><TimeInterval v="2016-12-28T07:00Z/2016-12-28T08:00Z"/><Direction v="Z03"/><Quantity v="4436111"/><MeasureUnit v="KW1"/></Period><Period><TimeInterval v="2016-12-28T08:00Z/2016-12-28T09:00Z"/><Direction v="Z03"/><Quantity v="4447223"/><MeasureUnit v="KW1"/></Period><Period><TimeInterval v="2016-12-28T09:00Z/2016-12-28T10:00Z"/><Direction v="Z03"/><Quantity v="4455555"/><MeasureUnit v="KW1"/></Period><Period><TimeInterval v="2016-12-28T10:00Z/2016-12-28T11:00Z"/><Direction v="Z03"/><Quantity v="4505556"/><MeasureUnit v="KW1"/></Period><Period><TimeInterval v="2016-12-28T11:00Z/2016-12-28T12:00Z"/><Direction v="Z03"/><Quantity v="4483333"/><MeasureUnit v="KW1"/></Period><Period><TimeInterval v="2016-12-28T12:00Z/2016-12-28T13:00Z"/><Direction v="Z03"/><Quantity v="4441667"/><MeasureUnit v="KW1"/></Period><Period><TimeInterval v="2016-12-28T13:00Z/2016-12-28T14:00Z"/><Direction v="Z03"/><Quantity v="4408333"/><MeasureUnit v="KW1"/></Period><Period><TimeInterval v="2016-12-28T14:00Z/2016-12-28T15:00Z"/><Direction v="Z03"/><Quantity v="4444445"/><MeasureUnit v="KW1"/></Period><Period><TimeInterval v="2016-12-28T15:00Z/2016-12-28T16:00Z"/><Direction v="Z03"/><Quantity v="4408333"/><MeasureUnit v="KW1"/></Period><Period><TimeInterval v="2016-12-28T16:00Z/2016-12-28T17:00Z"/><Direction v="Z03"/><Quantity v="4438889"/><MeasureUnit v="KW1"/></Period><Period><TimeInterval v="2016-12-28T17:00Z/2016-12-28T18:00Z"/><Direction v="Z03"/><Quantity v="5180555"/><MeasureUnit v="KW1"/></Period><Period><TimeInterval v="2016-12-28T18:00Z/2016-12-28T19:00Z"/><Direction v="Z03"/><Quantity v="5202778"/><MeasureUnit v="KW1"/></Period><Period><TimeInterval v="2016-12-28T19:00Z/2016-12-28T20:00Z"/><Direction v="Z03"/><Quantity v="5194445"/><MeasureUnit v="KW1"/></Period><Period><TimeInterval v="2016-12-28T20:00Z/2016-12-28T21:00Z"/><Direction v="Z03"/><Quantity v="5147222"/><MeasureUnit v="KW1"/></Period><Period><TimeInterval v="2016-12-28T21:00Z/2016-12-28T22:00Z"/><Direction v="Z03"/><Quantity v="5133333"/><MeasureUnit v="KW1"/></Period><Period><TimeInterval v="2016-12-28T22:00Z/2016-12-28T23:00Z"/><Direction v="Z03"/><Quantity v="5169445"/><MeasureUnit v="KW1"/></Period><Period><TimeInterval v="2016-12-28T23:00Z/2016-12-29T00:00Z"/><Direction v="Z03"/><Quantity v="5150000"/><MeasureUnit v="KW1"/></Period><Period><TimeInterval v="2016-12-29T00:00Z/2016-12-29T01:00Z"/><Direction v="Z03"/><Quantity v="5208333"/><MeasureUnit v="KW1"/></Period><Period><TimeInterval v="2016-12-29T01:00Z/2016-12-29T02:00Z"/><Direction v="Z03"/><Quantity v="5175000"/><MeasureUnit v="KW1"/></Period><Period><TimeInterval v="2016-12-29T02:00Z/2016-12-29T03:00Z"/><Direction v="Z03"/><Quantity v="5180555"/><MeasureUnit v="KW1"/></Period><Period><TimeInterval v="2016-12-29T03:00Z/2016-12-29T04:00Z"/><Direction v="Z03"/><Quantity v="5163889"/><MeasureUnit v="KW1"/></Period><Period><TimeInterval v="2016-12-29T04:00Z/2016-12-29T05:00Z"/><Direction v="Z03"/><Quantity v="5158334"/><MeasureUnit v="KW1"/></Period></Category></ConnectionPoint><ConnectionPoint><Identification v="21Z000000000342R" codingScheme="305"/><Type v="Z28"/><Category><CapacityCode v="Z08"/><Period><TimeInterval v="2016-12-28T05:00Z/2016-12-28T06:00Z"/><Direction v="Z02"/><Quantity v="627389"/><MeasureUnit v="KW1"/></Period><Period><TimeInterval v="2016-12-28T06:00Z/2016-12-28T07:00Z"/><Direction v="Z02"/><Quantity v="618249"/><MeasureUnit v="KW1"/></Period><Period><TimeInterval v="2016-12-28T07:00Z/2016-12-28T08:00Z"/><Direction v="Z02"/><Quantity v="624645"/><MeasureUnit v="KW1"/></Period><Period><TimeInterval v="2016-12-28T08:00Z/2016-12-28T09:00Z"/><Direction v="Z02"/><Quantity v="615706"/><MeasureUnit v="KW1"/></Period><Period><TimeInterval v="2016-12-28T09:00Z/2016-12-28T10:00Z"/><Direction v="Z02"/><Quantity v="617781"/><MeasureUnit v="KW1"/></Period><Period><TimeInterval v="2016-12-28T10:00Z/2016-12-28T11:00Z"/><Direction v="Z02"/><Quantity v="622042"/><MeasureUnit v="KW1"/></Period><Period><TimeInterval v="2016-12-28T11:00Z/2016-12-28T12:00Z"/><Direction v="Z02"/><Quantity v="613226"/><MeasureUnit v="KW1"/></Period><Period><TimeInterval v="2016-12-28T12:00Z/2016-12-28T13:00Z"/><Direction v="Z02"/><Quantity v="620145"/><MeasureUnit v="KW1"/></Period><Period><TimeInterval v="2016-12-28T13:00Z/2016-12-28T14:00Z"/><Direction v="Z02"/><Quantity v="621087"/><MeasureUnit v="KW1"/></Period><Period><TimeInterval v="2016-12-28T14:00Z/2016-12-28T15:00Z"/><Direction v="Z02"/><Quantity v="616652"/><MeasureUnit v="KW1"/></Period><Period><TimeInterval v="2016-12-28T15:00Z/2016-12-28T16:00Z"/><Direction v="Z02"/><Quantity v="627080"/><MeasureUnit v="KW1"/></Period><Period><TimeInterval v="2016-12-28T16:00Z/2016-12-28T17:00Z"/><Direction v="Z02"/><Quantity v="613832"/><MeasureUnit v="KW1"/></Period><Period><TimeInterval v="2016-12-28T17:00Z/2016-12-28T18:00Z"/><Direction v="Z02"/><Quantity v="616692"/><MeasureUnit v="KW1"/></Period><Period><TimeInterval v="2016-12-28T18:00Z/2016-12-28T19:00Z"/><Direction v="Z02"/><Quantity v="620300"/><MeasureUnit v="KW1"/></Period><Period><TimeInterval v="2016-12-28T19:00Z/2016-12-28T20:00Z"/><Direction v="Z02"/><Quantity v="617388"/><MeasureUnit v="KW1"/></Period><Period><TimeInterval v="2016-12-28T20:00Z/2016-12-28T21:00Z"/><Direction v="Z02"/><Quantity v="620738"/><MeasureUnit v="KW1"/></Period><Period><TimeInterval v="2016-12-28T21:00Z/2016-12-28T22:00Z"/><Direction v="Z02"/><Quantity v="605198"/><MeasureUnit v="KW1"/></Period><Period><TimeInterval v="2016-12-28T22:00Z/2016-12-28T23:00Z"/><Direction v="Z02"/><Quantity v="614500"/><MeasureUnit v="KW1"/></Period><Period><TimeInterval v="2016-12-28T23:00Z/2016-12-29T00:00Z"/><Direction v="Z02"/><Quantity v="604766"/><MeasureUnit v="KW1"/></Period><Period><TimeInterval v="2016-12-29T00:00Z/2016-12-29T01:00Z"/><Direction v="Z02"/><Quantity v="605352"/><MeasureUnit v="KW1"/></Period><Period><TimeInterval v="2016-12-29T01:00Z/2016-12-29T02:00Z"/><Direction v="Z02"/><Quantity v="613815"/><MeasureUnit v="KW1"/></Period><Period><TimeInterval v="2016-12-29T02:00Z/2016-12-29T03:00Z"/><Direction v="Z02"/><Quantity v="606351"/><MeasureUnit v="KW1"/></Period><Period><TimeInterval v="2016-12-29T03:00Z/2016-12-29T04:00Z"/><Direction v="Z02"/><Quantity v="612227"/><MeasureUnit v="KW1"/></Period><Period><TimeInterval v="2016-12-29T04:00Z/2016-12-29T05:00Z"/><Direction v="Z02"/><Quantity v="624593"/><MeasureUnit v="KW1"/></Period></Category></ConnectionPoint><ConnectionPoint><Identification v="21Z000000000343P" codingScheme="305"/><Type v="Z31"/><Category><CapacityCode v="Z08"/><Period><TimeInterval v="2016-12-28T05:00Z/2016-12-28T06:00Z"/><Direction v="Z03"/><Quantity v="5277951"/><MeasureUnit v="KW1"/></Period><Period><TimeInterval v="2016-12-28T06:00Z/2016-12-28T07:00Z"/><Direction v="Z03"/><Quantity v="5899062"/><MeasureUnit v="KW1"/></Period><Period><TimeInterval v="2016-12-28T07:00Z/2016-12-28T08:00Z"/><Direction v="Z03"/><Quantity v="5879693"/><MeasureUnit v="KW1"/></Period><Period><TimeInterval v="2016-12-28T08:00Z/2016-12-28T09:00Z"/><Direction v="Z03"/><Quantity v="6203818"/><MeasureUnit v="KW1"/></Period><Period><TimeInterval v="2016-12-28T09:00Z/2016-12-28T10:00Z"/><Direction v="Z03"/><Quantity v="6680332"/><MeasureUnit v="KW1"/></Period><Period><TimeInterval v="2016-12-28T10:00Z/2016-12-28T11:00Z"/><Direction v="Z03"/><Quantity v="6753484"/><MeasureUnit v="KW1"/></Period><Period><TimeInterval v="2016-12-28T11:00Z/2016-12-28T12:00Z"/><Direction v="Z03"/><Quantity v="6634578"/><MeasureUnit v="KW1"/></Period><Period><TimeInterval v="2016-12-28T12:00Z/2016-12-28T13:00Z"/><Direction v="Z03"/><Quantity v="6384174"/><MeasureUnit v="KW1"/></Period><Period><TimeInterval v="2016-12-28T13:00Z/2016-12-28T14:00Z"/><Direction v="Z03"/><Quantity v="6377033"/><MeasureUnit v="KW1"/></Period><Period><TimeInterval v="2016-12-28T14:00Z/2016-12-28T15:00Z"/><Direction v="Z03"/><Quantity v="6611312"/><MeasureUnit v="KW1"/></Period><Period><TimeInterval v="2016-12-28T15:00Z/2016-12-28T16:00Z"/><Direction v="Z03"/><Quantity v="6647523"/><MeasureUnit v="KW1"/></Period><Period><TimeInterval v="2016-12-28T16:00Z/2016-12-28T17:00Z"/><Direction v="Z03"/><Quantity v="6635182"/><MeasureUnit v="KW1"/></Period><Period><TimeInterval v="2016-12-28T17:00Z/2016-12-28T18:00Z"/><Direction v="Z03"/><Quantity v="6684968"/><MeasureUnit v="KW1"/></Period><Period><TimeInterval v="2016-12-28T18:00Z/2016-12-28T19:00Z"/><Direction v="Z03"/><Quantity v="6552164"/><MeasureUnit v="KW1"/></Period><Period><TimeInterval v="2016-12-28T19:00Z/2016-12-28T20:00Z"/><Direction v="Z03"/><Quantity v="6538064"/><MeasureUnit v="KW1"/></Period><Period><TimeInterval v="2016-12-28T20:00Z/2016-12-28T21:00Z"/><Direction v="Z03"/><Quantity v="6554398"/><MeasureUnit v="KW1"/></Period><Period><TimeInterval v="2016-12-28T21:00Z/2016-12-28T22:00Z"/><Direction v="Z03"/><Quantity v="6548198"/><MeasureUnit v="KW1"/></Period><Period><TimeInterval v="2016-12-28T22:00Z/2016-12-28T23:00Z"/><Direction v="Z03"/><Quantity v="5840968"/><MeasureUnit v="KW1"/></Period><Period><TimeInterval v="2016-12-28T23:00Z/2016-12-29T00:00Z"/><Direction v="Z03"/><Quantity v="4935836"/><MeasureUnit v="KW1"/></Period><Period><TimeInterval v="2016-12-29T00:00Z/2016-12-29T01:00Z"/><Direction v="Z03"/><Quantity v="4937797"/><MeasureUnit v="KW1"/></Period><Period><TimeInterval v="2016-12-29T01:00Z/2016-12-29T02:00Z"/><Direction v="Z03"/><Quantity v="4963480"/><MeasureUnit v="KW1"/></Period><Period><TimeInterval v="2016-12-29T02:00Z/2016-12-29T03:00Z"/><Direction v="Z03"/><Quantity v="4853141"/><MeasureUnit v="KW1"/></Period><Period><TimeInterval v="2016-12-29T03:00Z/2016-12-29T04:00Z"/><Direction v="Z03"/><Quantity v="4995151"/><MeasureUnit v="KW1"/></Period><Period><TimeInterval v="2016-12-29T04:00Z/2016-12-29T05:00Z"/><Direction v="Z03"/><Quantity v="5225767"/><MeasureUnit v="KW1"/></Period></Category></ConnectionPoint></TransparencyPublication>