<?xml version="1.0" encoding="UTF-8"?><TransparencyPublication Version="EGAS50" Release="A"><Identification v="TRANPB20170102A103910"/><Version v="1"/><Type v="AL4"/><CreationDateTime v="2017-01-02T07:10:46.461Z"/><ValidityPeriod v="2016-12-26T05:00Z/2016-12-27T05:00Z"/><IssuerIdentification v="21X-DE-C-A0A0A-T" codingScheme="305"/><IssuerRole v="ZSO"/><RecipientIdentification v="10X1001A1001A353" codingScheme="305"/><RecipientRole v="ZUA"/><ConnectionPoint><Identification v="37Z000000006231B" codingScheme="305"/><Type v="Z26"/><Category><CapacityCode v="Z12"/><Period><TimeInterval v="2016-12-26T05:00Z/2016-12-26T06:00Z"/><Direction v="Z02"/><Quantity v="49400"/><MeasureUnit v="KW1"/></Period><Period><TimeInterval v="2016-12-26T06:00Z/2016-12-26T07:00Z"/><Direction v="Z02"/><Quantity v="49400"/><MeasureUnit v="KW1"/></Period><Period><TimeInterval v="2016-12-26T07:00Z/2016-12-26T08:00Z"/><Direction v="Z02"/><Quantity v="49400"/><MeasureUnit v="KW1"/></Period><Period><TimeInterval v="2016-12-26T08:00Z/2016-12-26T09:00Z"/><Direction v="Z02"/><Quantity v="49400"/><MeasureUnit v="KW1"/></Period><Period><TimeInterval v="2016-12-26T09:00Z/2016-12-26T10:00Z"/><Direction v="Z02"/><Quantity v="49400"/><MeasureUnit v="KW1"/></Period><Period><TimeInterval v="2016-12-26T10:00Z/2016-12-26T11:00Z"/><Direction v="Z02"/><Quantity v="49400"/><MeasureUnit v="KW1"/></Period><Period><TimeInterval v="2016-12-26T11:00Z/2016-12-26T12:00Z"/><Direction v="Z02"/><Quantity v="49400"/><MeasureUnit v="KW1"/></Period><Period><TimeInterval v="2016-12-26T12:00Z/2016-12-26T13:00Z"/><Direction v="Z02"/><Quantity v="49400"/><MeasureUnit v="KW1"/></Period><Period><TimeInterval v="2016-12-26T13:00Z/2016-12-26T14:00Z"/><Direction v="Z02"/><Quantity v="49400"/><MeasureUnit v="KW1"/></Period><Period><TimeInterval v="2016-12-26T14:00Z/2016-12-26T15:00Z"/><Direction v="Z02"/><Quantity v="49400"/><MeasureUnit v="KW1"/></Period><Period><TimeInterval v="2016-12-26T15:00Z/2016-12-26T16:00Z"/><Direction v="Z02"/><Quantity v="49400"/><MeasureUnit v="KW1"/></Period><Period><TimeInterval v="2016-12-26T16:00Z/2016-12-26T17:00Z"/><Direction v="Z02"/><Quantity v="49400"/><MeasureUnit v="KW1"/></Period><Period><TimeInterval v="2016-12-26T17:00Z/2016-12-26T18:00Z"/><Direction v="Z02"/><Quantity v="49400"/><MeasureUnit v="KW1"/></Period><Period><TimeInterval v="2016-12-26T18:00Z/2016-12-26T19:00Z"/><Direction v="Z02"/><Quantity v="49400"/><MeasureUnit v="KW1"/></Period><Period><TimeInterval v="2016-12-26T19:00Z/2016-12-26T20:00Z"/><Direction v="Z02"/><Quantity v="49400"/><MeasureUnit v="KW1"/></Period><Period><TimeInterval v="2016-12-26T20:00Z/2016-12-26T21:00Z"/><Direction v="Z02"/><Quantity v="49400"/><MeasureUnit v="KW1"/></Period><Period><TimeInterval v="2016-12-26T21:00Z/2016-12-26T22:00Z"/><Direction v="Z02"/><Quantity v="49400"/><MeasureUnit v="KW1"/></Period><Period><TimeInterval v="2016-12-26T22:00Z/2016-12-26T23:00Z"/><Direction v="Z02"/><Quantity v="49400"/><MeasureUnit v="KW1"/></Period><Period><TimeInterval v="2016-12-26T23:00Z/2016-12-27T00:00Z"/><Direction v="Z02"/><Quantity v="49400"/><MeasureUnit v="KW1"/></Period><Period><TimeInterval v="2016-12-27T00:00Z/2016-12-27T01:00Z"/><Direction v="Z02"/><Quantity v="49400"/><MeasureUnit v="KW1"/></Period><Period><TimeInterval v="2016-12-27T01:00Z/2016-12-27T02:00Z"/><Direction v="Z02"/><Quantity v="49400"/><MeasureUnit v="KW1"/></Period><Period><TimeInterval v="2016-12-27T02:00Z/2016-12-27T03:00Z"/><Direction v="Z02"/><Quantity v="49400"/><MeasureUnit v="KW1"/></Period><Period><TimeInterval v="2016-12-27T03:00Z/2016-12-27T04:00Z"/><Direction v="Z02"/><Quantity v="49400"/><MeasureUnit v="KW1"/></Period><Period><TimeInterval v="2016-12-27T04:00Z/2016-12-27T05:00Z"/><Direction v="Z02"/><Quantity v="49400"/><MeasureUnit v="KW1"/></Period></Category><Category><CapacityCode v="Z14"/><Period><TimeInterval v="2016-12-26T05:00Z/2016-12-26T06:00Z"/><Direction v="Z02"/><Quantity v="49400"/><MeasureUnit v="KW1"/></Period><Period><TimeInterval v="2016-12-26T06:00Z/2016-12-26T07:00Z"/><Direction v="Z02"/><Quantity v="49400"/><MeasureUnit v="KW1"/></Period><Period><TimeInterval v="2016-12-26T07:00Z/2016-12-26T08:00Z"/><Direction v="Z02"/><Quantity v="49400"/><MeasureUnit v="KW1"/></Period><Period><TimeInterval v="2016-12-26T08:00Z/2016-12-26T09:00Z"/><Direction v="Z02"/><Quantity v="49400"/><MeasureUnit v="KW1"/></Period><Period><TimeInterval v="2016-12-26T09:00Z/2016-12-26T10:00Z"/><Direction v="Z02"/><Quantity v="49400"/><MeasureUnit v="KW1"/></Period><Period><TimeInterval v="2016-12-26T10:00Z/2016-12-26T11:00Z"/><Direction v="Z02"/><Quantity v="49400"/><MeasureUnit v="KW1"/></Period><Period><TimeInterval v="2016-12-26T11:00Z/2016-12-26T12:00Z"/><Direction v="Z02"/><Quantity v="49400"/><MeasureUnit v="KW1"/></Period><Period><TimeInterval v="2016-12-26T12:00Z/2016-12-26T13:00Z"/><Direction v="Z02"/><Quantity v="49400"/><MeasureUnit v="KW1"/></Period><Period><TimeInterval v="2016-12-26T13:00Z/2016-12-26T14:00Z"/><Direction v="Z02"/><Quantity v="49400"/><MeasureUnit v="KW1"/></Period><Period><TimeInterval v="2016-12-26T14:00Z/2016-12-26T15:00Z"/><Direction v="Z02"/><Quantity v="49400"/><MeasureUnit v="KW1"/></Period><Period><TimeInterval v="2016-12-26T15:00Z/2016-12-26T16:00Z"/><Direction v="Z02"/><Quantity v="49400"/><MeasureUnit v="KW1"/></Period><Period><TimeInterval v="2016-12-26T16:00Z/2016-12-26T17:00Z"/><Direction v="Z02"/><Quantity v="49400"/><MeasureUnit v="KW1"/></Period><Period><TimeInterval v="2016-12-26T17:00Z/2016-12-26T18:00Z"/><Direction v="Z02"/><Quantity v="49400"/><MeasureUnit v="KW1"/></Period><Period><TimeInterval v="2016-12-26T18:00Z/2016-12-26T19:00Z"/><Direction v="Z02"/><Quantity v="49400"/><MeasureUnit v="KW1"/></Period><Period><TimeInterval v="2016-12-26T19:00Z/2016-12-26T20:00Z"/><Direction v="Z02"/><Quantity v="49400"/><MeasureUnit v="KW1"/></Period><Period><TimeInterval v="2016-12-26T20:00Z/2016-12-26T21:00Z"/><Direction v="Z02"/><Quantity v="49400"/><MeasureUnit v="KW1"/></Period><Period><TimeInterval v="2016-12-26T21:00Z/2016-12-26T22:00Z"/><Direction v="Z02"/><Quantity v="49400"/><MeasureUnit v="KW1"/></Period><Period><TimeInterval v="2016-12-26T22:00Z/2016-12-26T23:00Z"/><Direction v="Z02"/><Quantity v="49400"/><MeasureUnit v="KW1"/></Period><Period><TimeInterval v="2016-12-26T23:00Z/2016-12-27T00:00Z"/><Direction v="Z02"/><Quantity v="49400"/><MeasureUnit v="KW1"/></Period><Period><TimeInterval v="2016-12-27T00:00Z/2016-12-27T01:00Z"/><Direction v="Z02"/><Quantity v="49400"/><MeasureUnit v="KW1"/></Period><Period><TimeInterval v="2016-12-27T01:00Z/2016-12-27T02:00Z"/><Direction v="Z02"/><Quantity v="49400"/><MeasureUnit v="KW1"/></Period><Period><TimeInterval v="2016-12-27T02:00Z/2016-12-27T03:00Z"/><Direction v="Z02"/><Quantity v="49400"/><MeasureUnit v="KW1"/></Period><Period><TimeInterval v="2016-12-27T03:00Z/2016-12-27T04:00Z"/><Direction v="Z02"/><Quantity v="49400"/><MeasureUnit v="KW1"/></Period><Period><TimeInterval v="2016-12-27T04:00Z/2016-12-27T05:00Z"/><Direction v="Z02"/><Quantity v="49400"/><MeasureUnit v="KW1"/></Period></Category><Category><CapacityCode v="Z15"/><Period><TimeInterval v="2016-12-26T05:00Z/2016-12-26T06:00Z"/><Direction v="Z02"/><Quantity v="0"/><MeasureUnit v="KW1"/></Period><Period><TimeInterval v="2016-12-26T06:00Z/2016-12-26T07:00Z"/><Direction v="Z02"/><Quantity v="0"/><MeasureUnit v="KW1"/></Period><Period><TimeInterval v="2016-12-26T07:00Z/2016-12-26T08:00Z"/><Direction v="Z02"/><Quantity v="0"/><MeasureUnit v="KW1"/></Period><Period><TimeInterval v="2016-12-26T08:00Z/2016-12-26T09:00Z"/><Direction v="Z02"/><Quantity v="0"/><MeasureUnit v="KW1"/></Period><Period><TimeInterval v="2016-12-26T09:00Z/2016-12-26T10:00Z"/><Direction v="Z02"/><Quantity v="0"/><MeasureUnit v="KW1"/></Period><Period><TimeInterval v="2016-12-26T10:00Z/2016-12-26T11:00Z"/><Direction v="Z02"/><Quantity v="0"/><MeasureUnit v="KW1"/></Period><Period><TimeInterval v="2016-12-26T11:00Z/2016-12-26T12:00Z"/><Direction v="Z02"/><Quantity v="0"/><MeasureUnit v="KW1"/></Period><Period><TimeInterval v="2016-12-26T12:00Z/2016-12-26T13:00Z"/><Direction v="Z02"/><Quantity v="0"/><MeasureUnit v="KW1"/></Period><Period><TimeInterval v="2016-12-26T13:00Z/2016-12-26T14:00Z"/><Direction v="Z02"/><Quantity v="0"/><MeasureUnit v="KW1"/></Period><Period><TimeInterval v="2016-12-26T14:00Z/2016-12-26T15:00Z"/><Direction v="Z02"/><Quantity v="0"/><MeasureUnit v="KW1"/></Period><Period><TimeInterval v="2016-12-26T15:00Z/2016-12-26T16:00Z"/><Direction v="Z02"/><Quantity v="0"/><MeasureUnit v="KW1"/></Period><Period><TimeInterval v="2016-12-26T16:00Z/2016-12-26T17:00Z"/><Direction v="Z02"/><Quantity v="0"/><MeasureUnit v="KW1"/></Period><Period><TimeInterval v="2016-12-26T17:00Z/2016-12-26T18:00Z"/><Direction v="Z02"/><Quantity v="0"/><MeasureUnit v="KW1"/></Period><Period><TimeInterval v="2016-12-26T18:00Z/2016-12-26T19:00Z"/><Direction v="Z02"/><Quantity v="0"/><MeasureUnit v="KW1"/></Period><Period><TimeInterval v="2016-12-26T19:00Z/2016-12-26T20:00Z"/><Direction v="Z02"/><Quantity v="0"/><MeasureUnit v="KW1"/></Period><Period><TimeInterval v="2016-12-26T20:00Z/2016-12-26T21:00Z"/><Direction v="Z02"/><Quantity v="0"/><MeasureUnit v="KW1"/></Period><Period><TimeInterval v="2016-12-26T21:00Z/2016-12-26T22:00Z"/><Direction v="Z02"/><Quantity v="0"/><MeasureUnit v="KW1"/></Period><Period><TimeInterval v="2016-12-26T22:00Z/2016-12-26T23:00Z"/><Direction v="Z02"/><Quantity v="0"/><MeasureUnit v="KW1"/></Period><Period><TimeInterval v="2016-12-26T23:00Z/2016-12-27T00:00Z"/><Direction v="Z02"/><Quantity v="0"/><MeasureUnit v="KW1"/></Period><Period><TimeInterval v="2016-12-27T00:00Z/2016-12-27T01:00Z"/><Direction v="Z02"/><Quantity v="0"/><MeasureUnit v="KW1"/></Period><Period><TimeInterval v="2016-12-27T01:00Z/2016-12-27T02:00Z"/><Direction v="Z02"/><Quantity v="0"/><MeasureUnit v="KW1"/></Period><Period><TimeInterval v="2016-12-27T02:00Z/2016-12-27T03:00Z"/><Direction v="Z02"/><Quantity v="0"/><MeasureUnit v="KW1"/></Period><Period><TimeInterval v="2016-12-27T03:00Z/2016-12-27T04:00Z"/><Direction v="Z02"/><Quantity v="0"/><MeasureUnit v="KW1"/></Period><Period><TimeInterval v="2016-12-27T04:00Z/2016-12-27T05:00Z"/><Direction v="Z02"/><Quantity v="0"/><MeasureUnit v="KW1"/></Period></Category></ConnectionPoint><ConnectionPoint><Identification v="21Z000000000071W" codingScheme="305"/><Type v="Z25"/><Category><CapacityCode v="Z12"/><Period><TimeInterval v="2016-12-26T05:00Z/2016-12-26T06:00Z"/><Direction v="Z02"/><Quantity v="193"/><MeasureUnit v="KW1"/></Period><Period><TimeInterval v="2016-12-26T06:00Z/2016-12-26T07:00Z"/><Direction v="Z02"/><Quantity v="193"/><MeasureUnit v="KW1"/></Period><Period><TimeInterval v="2016-12-26T07:00Z/2016-12-26T08:00Z"/><Direction v="Z02"/><Quantity v="193"/><MeasureUnit v="KW1"/></Period><Period><TimeInterval v="2016-12-26T08:00Z/2016-12-26T09:00Z"/><Direction v="Z02"/><Quantity v="193"/><MeasureUnit v="KW1"/></Period><Period><TimeInterval v="2016-12-26T09:00Z/2016-12-26T10:00Z"/><Direction v="Z02"/><Quantity v="193"/><MeasureUnit v="KW1"/></Period><Period><TimeInterval v="2016-12-26T10:00Z/2016-12-26T11:00Z"/><Direction v="Z02"/><Quantity v="193"/><MeasureUnit v="KW1"/></Period><Period><TimeInterval v="2016-12-26T11:00Z/2016-12-26T12:00Z"/><Direction v="Z02"/><Quantity v="193"/><MeasureUnit v="KW1"/></Period><Period><TimeInterval v="2016-12-26T12:00Z/2016-12-26T13:00Z"/><Direction v="Z02"/><Quantity v="193"/><MeasureUnit v="KW1"/></Period><Period><TimeInterval v="2016-12-26T13:00Z/2016-12-26T14:00Z"/><Direction v="Z02"/><Quantity v="193"/><MeasureUnit v="KW1"/></Period><Period><TimeInterval v="2016-12-26T14:00Z/2016-12-26T15:00Z"/><Direction v="Z02"/><Quantity v="193"/><MeasureUnit v="KW1"/></Period><Period><TimeInterval v="2016-12-26T15:00Z/2016-12-26T16:00Z"/><Direction v="Z02"/><Quantity v="193"/><MeasureUnit v="KW1"/></Period><Period><TimeInterval v="2016-12-26T16:00Z/2016-12-26T17:00Z"/><Direction v="Z02"/><Quantity v="193"/><MeasureUnit v="KW1"/></Period><Period><TimeInterval v="2016-12-26T17:00Z/2016-12-26T18:00Z"/><Direction v="Z02"/><Quantity v="193"/><MeasureUnit v="KW1"/></Period><Period><TimeInterval v="2016-12-26T18:00Z/2016-12-26T19:00Z"/><Direction v="Z02"/><Quantity v="193"/><MeasureUnit v="KW1"/></Period><Period><TimeInterval v="2016-12-26T19:00Z/2016-12-26T20:00Z"/><Direction v="Z02"/><Quantity v="193"/><MeasureUnit v="KW1"/></Period><Period><TimeInterval v="2016-12-26T20:00Z/2016-12-26T21:00Z"/><Direction v="Z02"/><Quantity v="193"/><MeasureUnit v="KW1"/></Period><Period><TimeInterval v="2016-12-26T21:00Z/2016-12-26T22:00Z"/><Direction v="Z02"/><Quantity v="193"/><MeasureUnit v="KW1"/></Period><Period><TimeInterval v="2016-12-26T22:00Z/2016-12-26T23:00Z"/><Direction v="Z02"/><Quantity v="193"/><MeasureUnit v="KW1"/></Period><Period><TimeInterval v="2016-12-26T23:00Z/2016-12-27T00:00Z"/><Direction v="Z02"/><Quantity v="193"/><MeasureUnit v="KW1"/></Period><Period><TimeInterval v="2016-12-27T00:00Z/2016-12-27T01:00Z"/><Direction v="Z02"/><Quantity v="193"/><MeasureUnit v="KW1"/></Period><Period><TimeInterval v="2016-12-27T01:00Z/2016-12-27T02:00Z"/><Direction v="Z02"/><Quantity v="193"/><MeasureUnit v="KW1"/></Period><Period><TimeInterval v="2016-12-27T02:00Z/2016-12-27T03:00Z"/><Direction v="Z02"/><Quantity v="193"/><MeasureUnit v="KW1"/></Period><Period><TimeInterval v="2016-12-27T03:00Z/2016-12-27T04:00Z"/><Direction v="Z02"/><Quantity v="193"/><MeasureUnit v="KW1"/></Period><Period><TimeInterval v="2016-12-27T04:00Z/2016-12-27T05:00Z"/><Direction v="Z02"/><Quantity v="193"/><MeasureUnit v="KW1"/></Period></Category><Category><CapacityCode v="Z14"/><Period><TimeInterval v="2016-12-26T05:00Z/2016-12-26T06:00Z"/><Direction v="Z02"/><Quantity v="193"/><MeasureUnit v="KW1"/></Period><Period><TimeInterval v="2016-12-26T06:00Z/2016-12-26T07:00Z"/><Direction v="Z02"/><Quantity v="193"/><MeasureUnit v="KW1"/></Period><Period><TimeInterval v="2016-12-26T07:00Z/2016-12-26T08:00Z"/><Direction v="Z02"/><Quantity v="193"/><MeasureUnit v="KW1"/></Period><Period><TimeInterval v="2016-12-26T08:00Z/2016-12-26T09:00Z"/><Direction v="Z02"/><Quantity v="193"/><MeasureUnit v="KW1"/></Period><Period><TimeInterval v="2016-12-26T09:00Z/2016-12-26T10:00Z"/><Direction v="Z02"/><Quantity v="193"/><MeasureUnit v="KW1"/></Period><Period><TimeInterval v="2016-12-26T10:00Z/2016-12-26T11:00Z"/><Direction v="Z02"/><Quantity v="193"/><MeasureUnit v="KW1"/></Period><Period><TimeInterval v="2016-12-26T11:00Z/2016-12-26T12:00Z"/><Direction v="Z02"/><Quantity v="193"/><MeasureUnit v="KW1"/></Period><Period><TimeInterval v="2016-12-26T12:00Z/2016-12-26T13:00Z"/><Direction v="Z02"/><Quantity v="193"/><MeasureUnit v="KW1"/></Period><Period><TimeInterval v="2016-12-26T13:00Z/2016-12-26T14:00Z"/><Direction v="Z02"/><Quantity v="193"/><MeasureUnit v="KW1"/></Period><Period><TimeInterval v="2016-12-26T14:00Z/2016-12-26T15:00Z"/><Direction v="Z02"/><Quantity v="193"/><MeasureUnit v="KW1"/></Period><Period><TimeInterval v="2016-12-26T15:00Z/2016-12-26T16:00Z"/><Direction v="Z02"/><Quantity v="193"/><MeasureUnit v="KW1"/></Period><Period><TimeInterval v="2016-12-26T16:00Z/2016-12-26T17:00Z"/><Direction v="Z02"/><Quantity v="193"/><MeasureUnit v="KW1"/></Period><Period><TimeInterval v="2016-12-26T17:00Z/2016-12-26T18:00Z"/><Direction v="Z02"/><Quantity v="193"/><MeasureUnit v="KW1"/></Period><Period><TimeInterval v="2016-12-26T18:00Z/2016-12-26T19:00Z"/><Direction v="Z02"/><Quantity v="193"/><MeasureUnit v="KW1"/></Period><Period><TimeInterval v="2016-12-26T19:00Z/2016-12-26T20:00Z"/><Direction v="Z02"/><Quantity v="193"/><MeasureUnit v="KW1"/></Period><Period><TimeInterval v="2016-12-26T20:00Z/2016-12-26T21:00Z"/><Direction v="Z02"/><Quantity v="193"/><MeasureUnit v="KW1"/></Period><Period><TimeInterval v="2016-12-26T21:00Z/2016-12-26T22:00Z"/><Direction v="Z02"/><Quantity v="193"/><MeasureUnit v="KW1"/></Period><Period><TimeInterval v="2016-12-26T22:00Z/2016-12-26T23:00Z"/><Direction v="Z02"/><Quantity v="193"/><MeasureUnit v="KW1"/></Period><Period><TimeInterval v="2016-12-26T23:00Z/2016-12-27T00:00Z"/><Direction v="Z02"/><Quantity v="193"/><MeasureUnit v="KW1"/></Period><Period><TimeInterval v="2016-12-27T00:00Z/2016-12-27T01:00Z"/><Direction v="Z02"/><Quantity v="193"/><MeasureUnit v="KW1"/></Period><Period><TimeInterval v="2016-12-27T01:00Z/2016-12-27T02:00Z"/><Direction v="Z02"/><Quantity v="193"/><MeasureUnit v="KW1"/></Period><Period><TimeInterval v="2016-12-27T02:00Z/2016-12-27T03:00Z"/><Direction v="Z02"/><Quantity v="193"/><MeasureUnit v="KW1"/></Period><Period><TimeInterval v="2016-12-27T03:00Z/2016-12-27T04:00Z"/><Direction v="Z02"/><Quantity v="193"/><MeasureUnit v="KW1"/></Period><Period><TimeInterval v="2016-12-27T04:00Z/2016-12-27T05:00Z"/><Direction v="Z02"/><Quantity v="193"/><MeasureUnit v="KW1"/></Period></Category><Category><CapacityCode v="Z15"/><Period><TimeInterval v="2016-12-26T05:00Z/2016-12-26T06:00Z"/><Direction v="Z02"/><Quantity v="0"/><MeasureUnit v="KW1"/></Period><Period><TimeInterval v="2016-12-26T06:00Z/2016-12-26T07:00Z"/><Direction v="Z02"/><Quantity v="0"/><MeasureUnit v="KW1"/></Period><Period><TimeInterval v="2016-12-26T07:00Z/2016-12-26T08:00Z"/><Direction v="Z02"/><Quantity v="0"/><MeasureUnit v="KW1"/></Period><Period><TimeInterval v="2016-12-26T08:00Z/2016-12-26T09:00Z"/><Direction v="Z02"/><Quantity v="0"/><MeasureUnit v="KW1"/></Period><Period><TimeInterval v="2016-12-26T09:00Z/2016-12-26T10:00Z"/><Direction v="Z02"/><Quantity v="0"/><MeasureUnit v="KW1"/></Period><Period><TimeInterval v="2016-12-26T10:00Z/2016-12-26T11:00Z"/><Direction v="Z02"/><Quantity v="0"/><MeasureUnit v="KW1"/></Period><Period><TimeInterval v="2016-12-26T11:00Z/2016-12-26T12:00Z"/><Direction v="Z02"/><Quantity v="0"/><MeasureUnit v="KW1"/></Period><Period><TimeInterval v="2016-12-26T12:00Z/2016-12-26T13:00Z"/><Direction v="Z02"/><Quantity v="0"/><MeasureUnit v="KW1"/></Period><Period><TimeInterval v="2016-12-26T13:00Z/2016-12-26T14:00Z"/><Direction v="Z02"/><Quantity v="0"/><MeasureUnit v="KW1"/></Period><Period><TimeInterval v="2016-12-26T14:00Z/2016-12-26T15:00Z"/><Direction v="Z02"/><Quantity v="0"/><MeasureUnit v="KW1"/></Period><Period><TimeInterval v="2016-12-26T15:00Z/2016-12-26T16:00Z"/><Direction v="Z02"/><Quantity v="0"/><MeasureUnit v="KW1"/></Period><Period><TimeInterval v="2016-12-26T16:00Z/2016-12-26T17:00Z"/><Direction v="Z02"/><Quantity v="0"/><MeasureUnit v="KW1"/></Period><Period><TimeInterval v="2016-12-26T17:00Z/2016-12-26T18:00Z"/><Direction v="Z02"/><Quantity v="0"/><MeasureUnit v="KW1"/></Period><Period><TimeInterval v="2016-12-26T18:00Z/2016-12-26T19:00Z"/><Direction v="Z02"/><Quantity v="0"/><MeasureUnit v="KW1"/></Period><Period><TimeInterval v="2016-12-26T19:00Z/2016-12-26T20:00Z"/><Direction v="Z02"/><Quantity v="0"/><MeasureUnit v="KW1"/></Period><Period><TimeInterval v="2016-12-26T20:00Z/2016-12-26T21:00Z"/><Direction v="Z02"/><Quantity v="0"/><MeasureUnit v="KW1"/></Period><Period><TimeInterval v="2016-12-26T21:00Z/2016-12-26T22:00Z"/><Direction v="Z02"/><Quantity v="0"/><MeasureUnit v="KW1"/></Period><Period><TimeInterval v="2016-12-26T22:00Z/2016-12-26T23:00Z"/><Direction v="Z02"/><Quantity v="0"/><MeasureUnit v="KW1"/></Period><Period><TimeInterval v="2016-12-26T23:00Z/2016-12-27T00:00Z"/><Direction v="Z02"/><Quantity v="0"/><MeasureUnit v="KW1"/></Period><Period><TimeInterval v="2016-12-27T00:00Z/2016-12-27T01:00Z"/><Direction v="Z02"/><Quantity v="0"/><MeasureUnit v="KW1"/></Period><Period><TimeInterval v="2016-12-27T01:00Z/2016-12-27T02:00Z"/><Direction v="Z02"/><Quantity v="0"/><MeasureUnit v="KW1"/></Period><Period><TimeInterval v="2016-12-27T02:00Z/2016-12-27T03:00Z"/><Direction v="Z02"/><Quantity v="0"/><MeasureUnit v="KW1"/></Period><Period><TimeInterval v="2016-12-27T03:00Z/2016-12-27T04:00Z"/><Direction v="Z02"/><Quantity v="0"/><MeasureUnit v="KW1"/></Period><Period><TimeInterval v="2016-12-27T04:00Z/2016-12-27T05:00Z"/><Direction v="Z02"/><Quantity v="0"/><MeasureUnit v="KW1"/></Period></Category></ConnectionPoint><ConnectionPoint><Identification v="21Z0000000000163" codingScheme="305"/><Type v="Z25"/><Category><CapacityCode v="Z12"/><Period><TimeInterval v="2016-12-26T05:00Z/2016-12-26T06:00Z"/><Direction v="Z03"/><Quantity v="3330000"/><MeasureUnit v="KW1"/></Period><Period><TimeInterval v="2016-12-26T06:00Z/2016-12-26T07:00Z"/><Direction v="Z03"/><Quantity v="3330000"/><MeasureUnit v="KW1"/></Period><Period><TimeInterval v="2016-12-26T07:00Z/2016-12-26T08:00Z"/><Direction v="Z03"/><Quantity v="3330000"/><MeasureUnit v="KW1"/></Period><Period><TimeInterval v="2016-12-26T08:00Z/2016-12-26T09:00Z"/><Direction v="Z03"/><Quantity v="3330000"/><MeasureUnit v="KW1"/></Period><Period><TimeInterval v="2016-12-26T09:00Z/2016-12-26T10:00Z"/><Direction v="Z03"/><Quantity v="3330000"/><MeasureUnit v="KW1"/></Period><Period><TimeInterval v="2016-12-26T10:00Z/2016-12-26T11:00Z"/><Direction v="Z03"/><Quantity v="3330000"/><MeasureUnit v="KW1"/></Period><Period><TimeInterval v="2016-12-26T11:00Z/2016-12-26T12:00Z"/><Direction v="Z03"/><Quantity v="3330000"/><MeasureUnit v="KW1"/></Period><Period><TimeInterval v="2016-12-26T12:00Z/2016-12-26T13:00Z"/><Direction v="Z03"/><Quantity v="3330000"/><MeasureUnit v="KW1"/></Period><Period><TimeInterval v="2016-12-26T13:00Z/2016-12-26T14:00Z"/><Direction v="Z03"/><Quantity v="3330000"/><MeasureUnit v="KW1"/></Period><Period><TimeInterval v="2016-12-26T14:00Z/2016-12-26T15:00Z"/><Direction v="Z03"/><Quantity v="3330000"/><MeasureUnit v="KW1"/></Period><Period><TimeInterval v="2016-12-26T15:00Z/2016-12-26T16:00Z"/><Direction v="Z03"/><Quantity v="3330000"/><MeasureUnit v="KW1"/></Period><Period><TimeInterval v="2016-12-26T16:00Z/2016-12-26T17:00Z"/><Direction v="Z03"/><Quantity v="3330000"/><MeasureUnit v="KW1"/></Period><Period><TimeInterval v="2016-12-26T17:00Z/2016-12-26T18:00Z"/><Direction v="Z03"/><Quantity v="3330000"/><MeasureUnit v="KW1"/></Period><Period><TimeInterval v="2016-12-26T18:00Z/2016-12-26T19:00Z"/><Direction v="Z03"/><Quantity v="3330000"/><MeasureUnit v="KW1"/></Period><Period><TimeInterval v="2016-12-26T19:00Z/2016-12-26T20:00Z"/><Direction v="Z03"/><Quantity v="3330000"/><MeasureUnit v="KW1"/></Period><Period><TimeInterval v="2016-12-26T20:00Z/2016-12-26T21:00Z"/><Direction v="Z03"/><Quantity v="3330000"/><MeasureUnit v="KW1"/></Period><Period><TimeInterval v="2016-12-26T21:00Z/2016-12-26T22:00Z"/><Direction v="Z03"/><Quantity v="3330000"/><MeasureUnit v="KW1"/></Period><Period><TimeInterval v="2016-12-26T22:00Z/2016-12-26T23:00Z"/><Direction v="Z03"/><Quantity v="3330000"/><MeasureUnit v="KW1"/></Period><Period><TimeInterval v="2016-12-26T23:00Z/2016-12-27T00:00Z"/><Direction v="Z03"/><Quantity v="3330000"/><MeasureUnit v="KW1"/></Period><Period><TimeInterval v="2016-12-27T00:00Z/2016-12-27T01:00Z"/><Direction v="Z03"/><Quantity v="3330000"/><MeasureUnit v="KW1"/></Period><Period><TimeInterval v="2016-12-27T01:00Z/2016-12-27T02:00Z"/><Direction v="Z03"/><Quantity v="3330000"/><MeasureUnit v="KW1"/></Period><Period><TimeInterval v="2016-12-27T02:00Z/2016-12-27T03:00Z"/><Direction v="Z03"/><Quantity v="3330000"/><MeasureUnit v="KW1"/></Period><Period><TimeInterval v="2016-12-27T03:00Z/2016-12-27T04:00Z"/><Direction v="Z03"/><Quantity v="3330000"/><MeasureUnit v="KW1"/></Period><Period><TimeInterval v="2016-12-27T04:00Z/2016-12-27T05:00Z"/><Direction v="Z03"/><Quantity v="3330000"/><MeasureUnit v="KW1"/></Period></Category><Category><CapacityCode v="Z14"/><Period><TimeInterval v="2016-12-26T05:00Z/2016-12-26T06:00Z"/><Direction v="Z03"/><Quantity v="3330000"/><MeasureUnit v="KW1"/></Period><Period><TimeInterval v="2016-12-26T06:00Z/2016-12-26T07:00Z"/><Direction v="Z03"/><Quantity v="3330000"/><MeasureUnit v="KW1"/></Period><Period><TimeInterval v="2016-12-26T07:00Z/2016-12-26T08:00Z"/><Direction v="Z03"/><Quantity v="3330000"/><MeasureUnit v="KW1"/></Period><Period><TimeInterval v="2016-12-26T08:00Z/2016-12-26T09:00Z"/><Direction v="Z03"/><Quantity v="3330000"/><MeasureUnit v="KW1"/></Period><Period><TimeInterval v="2016-12-26T09:00Z/2016-12-26T10:00Z"/><Direction v="Z03"/><Quantity v="3330000"/><MeasureUnit v="KW1"/></Period><Period><TimeInterval v="2016-12-26T10:00Z/2016-12-26T11:00Z"/><Direction v="Z03"/><Quantity v="3330000"/><MeasureUnit v="KW1"/></Period><Period><TimeInterval v="2016-12-26T11:00Z/2016-12-26T12:00Z"/><Direction v="Z03"/><Quantity v="3330000"/><MeasureUnit v="KW1"/></Period><Period><TimeInterval v="2016-12-26T12:00Z/2016-12-26T13:00Z"/><Direction v="Z03"/><Quantity v="3330000"/><MeasureUnit v="KW1"/></Period><Period><TimeInterval v="2016-12-26T13:00Z/2016-12-26T14:00Z"/><Direction v="Z03"/><Quantity v="3330000"/><MeasureUnit v="KW1"/></Period><Period><TimeInterval v="2016-12-26T14:00Z/2016-12-26T15:00Z"/><Direction v="Z03"/><Quantity v="3330000"/><MeasureUnit v="KW1"/></Period><Period><TimeInterval v="2016-12-26T15:00Z/2016-12-26T16:00Z"/><Direction v="Z03"/><Quantity v="3330000"/><MeasureUnit v="KW1"/></Period><Period><TimeInterval v="2016-12-26T16:00Z/2016-12-26T17:00Z"/><Direction v="Z03"/><Quantity v="3330000"/><MeasureUnit v="KW1"/></Period><Period><TimeInterval v="2016-12-26T17:00Z/2016-12-26T18:00Z"/><Direction v="Z03"/><Quantity v="3330000"/><MeasureUnit v="KW1"/></Period><Period><TimeInterval v="2016-12-26T18:00Z/2016-12-26T19:00Z"/><Direction v="Z03"/><Quantity v="3330000"/><MeasureUnit v="KW1"/></Period><Period><TimeInterval v="2016-12-26T19:00Z/2016-12-26T20:00Z"/><Direction v="Z03"/><Quantity v="3330000"/><MeasureUnit v="KW1"/></Period><Period><TimeInterval v="2016-12-26T20:00Z/2016-12-26T21:00Z"/><Direction v="Z03"/><Quantity v="3330000"/><MeasureUnit v="KW1"/></Period><Period><TimeInterval v="2016-12-26T21:00Z/2016-12-26T22:00Z"/><Direction v="Z03"/><Quantity v="3330000"/><MeasureUnit v="KW1"/></Period><Period><TimeInterval v="2016-12-26T22:00Z/2016-12-26T23:00Z"/><Direction v="Z03"/><Quantity v="3330000"/><MeasureUnit v="KW1"/></Period><Period><TimeInterval v="2016-12-26T23:00Z/2016-12-27T00:00Z"/><Direction v="Z03"/><Quantity v="3330000"/><MeasureUnit v="KW1"/></Period><Period><TimeInterval v="2016-12-27T00:00Z/2016-12-27T01:00Z"/><Direction v="Z03"/><Quantity v="3330000"/><MeasureUnit v="KW1"/></Period><Period><TimeInterval v="2016-12-27T01:00Z/2016-12-27T02:00Z"/><Direction v="Z03"/><Quantity v="3330000"/><MeasureUnit v="KW1"/></Period><Period><TimeInterval v="2016-12-27T02:00Z/2016-12-27T03:00Z"/><Direction v="Z03"/><Quantity v="3330000"/><MeasureUnit v="KW1"/></Period><Period><TimeInterval v="2016-12-27T03:00Z/2016-12-27T04:00Z"/><Direction v="Z03"/><Quantity v="3330000"/><MeasureUnit v="KW1"/></Period><Period><TimeInterval v="2016-12-27T04:00Z/2016-12-27T05:00Z"/><Direction v="Z03"/><Quantity v="3330000"/><MeasureUnit v="KW1"/></Period></Category><Category><CapacityCode v="Z15"/><Period><TimeInterval v="2016-12-26T05:00Z/2016-12-26T06:00Z"/><Direction v="Z03"/><Quantity v="0"/><MeasureUnit v="KW1"/></Period><Period><TimeInterval v="2016-12-26T06:00Z/2016-12-26T07:00Z"/><Direction v="Z03"/><Quantity v="0"/><MeasureUnit v="KW1"/></Period><Period><TimeInterval v="2016-12-26T07:00Z/2016-12-26T08:00Z"/><Direction v="Z03"/><Quantity v="0"/><MeasureUnit v="KW1"/></Period><Period><TimeInterval v="2016-12-26T08:00Z/2016-12-26T09:00Z"/><Direction v="Z03"/><Quantity v="0"/><MeasureUnit v="KW1"/></Period><Period><TimeInterval v="2016-12-26T09:00Z/2016-12-26T10:00Z"/><Direction v="Z03"/><Quantity v="0"/><MeasureUnit v="KW1"/></Period><Period><TimeInterval v="2016-12-26T10:00Z/2016-12-26T11:00Z"/><Direction v="Z03"/><Quantity v="0"/><MeasureUnit v="KW1"/></Period><Period><TimeInterval v="2016-12-26T11:00Z/2016-12-26T12:00Z"/><Direction v="Z03"/><Quantity v="0"/><MeasureUnit v="KW1"/></Period><Period><TimeInterval v="2016-12-26T12:00Z/2016-12-26T13:00Z"/><Direction v="Z03"/><Quantity v="0"/><MeasureUnit v="KW1"/></Period><Period><TimeInterval v="2016-12-26T13:00Z/2016-12-26T14:00Z"/><Direction v="Z03"/><Quantity v="0"/><MeasureUnit v="KW1"/></Period><Period><TimeInterval v="2016-12-26T14:00Z/2016-12-26T15:00Z"/><Direction v="Z03"/><Quantity v="0"/><MeasureUnit v="KW1"/></Period><Period><TimeInterval v="2016-12-26T15:00Z/2016-12-26T16:00Z"/><Direction v="Z03"/><Quantity v="0"/><MeasureUnit v="KW1"/></Period><Period><TimeInterval v="2016-12-26T16:00Z/2016-12-26T17:00Z"/><Direction v="Z03"/><Quantity v="0"/><MeasureUnit v="KW1"/></Period><Period><TimeInterval v="2016-12-26T17:00Z/2016-12-26T18:00Z"/><Direction v="Z03"/><Quantity v="0"/><MeasureUnit v="KW1"/></Period><Period><TimeInterval v="2016-12-26T18:00Z/2016-12-26T19:00Z"/><Direction v="Z03"/><Quantity v="0"/><MeasureUnit v="KW1"/></Period><Period><TimeInterval v="2016-12-26T19:00Z/2016-12-26T20:00Z"/><Direction v="Z03"/><Quantity v="0"/><MeasureUnit v="KW1"/></Period><Period><TimeInterval v="2016-12-26T20:00Z/2016-12-26T21:00Z"/><Direction v="Z03"/><Quantity v="0"/><MeasureUnit v="KW1"/></Period><Period><TimeInterval v="2016-12-26T21:00Z/2016-12-26T22:00Z"/><Direction v="Z03"/><Quantity v="0"/><MeasureUnit v="KW1"/></Period><Period><TimeInterval v="2016-12-26T22:00Z/2016-12-26T23:00Z"/><Direction v="Z03"/><Quantity v="0"/><MeasureUnit v="KW1"/></Period><Period><TimeInterval v="2016-12-26T23:00Z/2016-12-27T00:00Z"/><Direction v="Z03"/><Quantity v="0"/><MeasureUnit v="KW1"/></Period><Period><TimeInterval v="2016-12-27T00:00Z/2016-12-27T01:00Z"/><Direction v="Z03"/><Quantity v="0"/><MeasureUnit v="KW1"/></Period><Period><TimeInterval v="2016-12-27T01:00Z/2016-12-27T02:00Z"/><Direction v="Z03"/><Quantity v="0"/><MeasureUnit v="KW1"/></Period><Period><TimeInterval v="2016-12-27T02:00Z/2016-12-27T03:00Z"/><Direction v="Z03"/><Quantity v="0"/><MeasureUnit v="KW1"/></Period><Period><TimeInterval v="2016-12-27T03:00Z/2016-12-27T04:00Z"/><Direction v="Z03"/><Quantity v="0"/><MeasureUnit v="KW1"/></Period><Period><TimeInterval v="2016-12-27T04:00Z/2016-12-27T05:00Z"/><Direction v="Z03"/><Quantity v="0"/><MeasureUnit v="KW1"/></Period></Category></ConnectionPoint><ConnectionPoint><Identification v="21Z000000000342R" codingScheme="305"/><Type v="Z28"/><Category><CapacityCode v="Z12"/><Period><TimeInterval v="2016-12-26T05:00Z/2016-12-26T06:00Z"/><Direction v="Z02"/><Quantity v="6000"/><MeasureUnit v="KW1"/></Period><Period><TimeInterval v="2016-12-26T06:00Z/2016-12-26T07:00Z"/><Direction v="Z02"/><Quantity v="6000"/><MeasureUnit v="KW1"/></Period><Period><TimeInterval v="2016-12-26T07:00Z/2016-12-26T08:00Z"/><Direction v="Z02"/><Quantity v="6000"/><MeasureUnit v="KW1"/></Period><Period><TimeInterval v="2016-12-26T08:00Z/2016-12-26T09:00Z"/><Direction v="Z02"/><Quantity v="6000"/><MeasureUnit v="KW1"/></Period><Period><TimeInterval v="2016-12-26T09:00Z/2016-12-26T10:00Z"/><Direction v="Z02"/><Quantity v="6000"/><MeasureUnit v="KW1"/></Period><Period><TimeInterval v="2016-12-26T10:00Z/2016-12-26T11:00Z"/><Direction v="Z02"/><Quantity v="6000"/><MeasureUnit v="KW1"/></Period><Period><TimeInterval v="2016-12-26T11:00Z/2016-12-26T12:00Z"/><Direction v="Z02"/><Quantity v="6000"/><MeasureUnit v="KW1"/></Period><Period><TimeInterval v="2016-12-26T12:00Z/2016-12-26T13:00Z"/><Direction v="Z02"/><Quantity v="6000"/><MeasureUnit v="KW1"/></Period><Period><TimeInterval v="2016-12-26T13:00Z/2016-12-26T14:00Z"/><Direction v="Z02"/><Quantity v="6000"/><MeasureUnit v="KW1"/></Period><Period><TimeInterval v="2016-12-26T14:00Z/2016-12-26T15:00Z"/><Direction v="Z02"/><Quantity v="6000"/><MeasureUnit v="KW1"/></Period><Period><TimeInterval v="2016-12-26T15:00Z/2016-12-26T16:00Z"/><Direction v="Z02"/><Quantity v="6000"/><MeasureUnit v="KW1"/></Period><Period><TimeInterval v="2016-12-26T16:00Z/2016-12-26T17:00Z"/><Direction v="Z02"/><Quantity v="6000"/><MeasureUnit v="KW1"/></Period><Period><TimeInterval v="2016-12-26T17:00Z/2016-12-26T18:00Z"/><Direction v="Z02"/><Quantity v="6000"/><MeasureUnit v="KW1"/></Period><Period><TimeInterval v="2016-12-26T18:00Z/2016-12-26T19:00Z"/><Direction v="Z02"/><Quantity v="6000"/><MeasureUnit v="KW1"/></Period><Period><TimeInterval v="2016-12-26T19:00Z/2016-12-26T20:00Z"/><Direction v="Z02"/><Quantity v="6000"/><MeasureUnit v="KW1"/></Period><Period><TimeInterval v="2016-12-26T20:00Z/2016-12-26T21:00Z"/><Direction v="Z02"/><Quantity v="6000"/><MeasureUnit v="KW1"/></Period><Period><TimeInterval v="2016-12-26T21:00Z/2016-12-26T22:00Z"/><Direction v="Z02"/><Quantity v="6000"/><MeasureUnit v="KW1"/></Period><Period><TimeInterval v="2016-12-26T22:00Z/2016-12-26T23:00Z"/><Direction v="Z02"/><Quantity v="6000"/><MeasureUnit v="KW1"/></Period><Period><TimeInterval v="2016-12-26T23:00Z/2016-12-27T00:00Z"/><Direction v="Z02"/><Quantity v="6000"/><MeasureUnit v="KW1"/></Period><Period><TimeInterval v="2016-12-27T00:00Z/2016-12-27T01:00Z"/><Direction v="Z02"/><Quantity v="6000"/><MeasureUnit v="KW1"/></Period><Period><TimeInterval v="2016-12-27T01:00Z/2016-12-27T02:00Z"/><Direction v="Z02"/><Quantity v="6000"/><MeasureUnit v="KW1"/></Period><Period><TimeInterval v="2016-12-27T02:00Z/2016-12-27T03:00Z"/><Direction v="Z02"/><Quantity v="6000"/><MeasureUnit v="KW1"/></Period><Period><TimeInterval v="2016-12-27T03:00Z/2016-12-27T04:00Z"/><Direction v="Z02"/><Quantity v="6000"/><MeasureUnit v="KW1"/></Period><Period><TimeInterval v="2016-12-27T04:00Z/2016-12-27T05:00Z"/><Direction v="Z02"/><Quantity v="6000"/><MeasureUnit v="KW1"/></Period></Category><Category><CapacityCode v="Z14"/><Period><TimeInterval v="2016-12-26T05:00Z/2016-12-26T06:00Z"/><Direction v="Z02"/><Quantity v="6000"/><MeasureUnit v="KW1"/></Period><Period><TimeInterval v="2016-12-26T06:00Z/2016-12-26T07:00Z"/><Direction v="Z02"/><Quantity v="6000"/><MeasureUnit v="KW1"/></Period><Period><TimeInterval v="2016-12-26T07:00Z/2016-12-26T08:00Z"/><Direction v="Z02"/><Quantity v="6000"/><MeasureUnit v="KW1"/></Period><Period><TimeInterval v="2016-12-26T08:00Z/2016-12-26T09:00Z"/><Direction v="Z02"/><Quantity v="6000"/><MeasureUnit v="KW1"/></Period><Period><TimeInterval v="2016-12-26T09:00Z/2016-12-26T10:00Z"/><Direction v="Z02"/><Quantity v="6000"/><MeasureUnit v="KW1"/></Period><Period><TimeInterval v="2016-12-26T10:00Z/2016-12-26T11:00Z"/><Direction v="Z02"/><Quantity v="6000"/><MeasureUnit v="KW1"/></Period><Period><TimeInterval v="2016-12-26T11:00Z/2016-12-26T12:00Z"/><Direction v="Z02"/><Quantity v="6000"/><MeasureUnit v="KW1"/></Period><Period><TimeInterval v="2016-12-26T12:00Z/2016-12-26T13:00Z"/><Direction v="Z02"/><Quantity v="6000"/><MeasureUnit v="KW1"/></Period><Period><TimeInterval v="2016-12-26T13:00Z/2016-12-26T14:00Z"/><Direction v="Z02"/><Quantity v="6000"/><MeasureUnit v="KW1"/></Period><Period><TimeInterval v="2016-12-26T14:00Z/2016-12-26T15:00Z"/><Direction v="Z02"/><Quantity v="6000"/><MeasureUnit v="KW1"/></Period><Period><TimeInterval v="2016-12-26T15:00Z/2016-12-26T16:00Z"/><Direction v="Z02"/><Quantity v="6000"/><MeasureUnit v="KW1"/></Period><Period><TimeInterval v="2016-12-26T16:00Z/2016-12-26T17:00Z"/><Direction v="Z02"/><Quantity v="6000"/><MeasureUnit v="KW1"/></Period><Period><TimeInterval v="2016-12-26T17:00Z/2016-12-26T18:00Z"/><Direction v="Z02"/><Quantity v="6000"/><MeasureUnit v="KW1"/></Period><Period><TimeInterval v="2016-12-26T18:00Z/2016-12-26T19:00Z"/><Direction v="Z02"/><Quantity v="6000"/><MeasureUnit v="KW1"/></Period><Period><TimeInterval v="2016-12-26T19:00Z/2016-12-26T20:00Z"/><Direction v="Z02"/><Quantity v="6000"/><MeasureUnit v="KW1"/></Period><Period><TimeInterval v="2016-12-26T20:00Z/2016-12-26T21:00Z"/><Direction v="Z02"/><Quantity v="6000"/><MeasureUnit v="KW1"/></Period><Period><TimeInterval v="2016-12-26T21:00Z/2016-12-26T22:00Z"/><Direction v="Z02"/><Quantity v="6000"/><MeasureUnit v="KW1"/></Period><Period><TimeInterval v="2016-12-26T22:00Z/2016-12-26T23:00Z"/><Direction v="Z02"/><Quantity v="6000"/><MeasureUnit v="KW1"/></Period><Period><TimeInterval v="2016-12-26T23:00Z/2016-12-27T00:00Z"/><Direction v="Z02"/><Quantity v="6000"/><MeasureUnit v="KW1"/></Period><Period><TimeInterval v="2016-12-27T00:00Z/2016-12-27T01:00Z"/><Direction v="Z02"/><Quantity v="6000"/><MeasureUnit v="KW1"/></Period><Period><TimeInterval v="2016-12-27T01:00Z/2016-12-27T02:00Z"/><Direction v="Z02"/><Quantity v="6000"/><MeasureUnit v="KW1"/></Period><Period><TimeInterval v="2016-12-27T02:00Z/2016-12-27T03:00Z"/><Direction v="Z02"/><Quantity v="6000"/><MeasureUnit v="KW1"/></Period><Period><TimeInterval v="2016-12-27T03:00Z/2016-12-27T04:00Z"/><Direction v="Z02"/><Quantity v="6000"/><MeasureUnit v="KW1"/></Period><Period><TimeInterval v="2016-12-27T04:00Z/2016-12-27T05:00Z"/><Direction v="Z02"/><Quantity v="6000"/><MeasureUnit v="KW1"/></Period></Category><Category><CapacityCode v="Z15"/><Period><TimeInterval v="2016-12-26T05:00Z/2016-12-26T06:00Z"/><Direction v="Z02"/><Quantity v="0"/><MeasureUnit v="KW1"/></Period><Period><TimeInterval v="2016-12-26T06:00Z/2016-12-26T07:00Z"/><Direction v="Z02"/><Quantity v="0"/><MeasureUnit v="KW1"/></Period><Period><TimeInterval v="2016-12-26T07:00Z/2016-12-26T08:00Z"/><Direction v="Z02"/><Quantity v="0"/><MeasureUnit v="KW1"/></Period><Period><TimeInterval v="2016-12-26T08:00Z/2016-12-26T09:00Z"/><Direction v="Z02"/><Quantity v="0"/><MeasureUnit v="KW1"/></Period><Period><TimeInterval v="2016-12-26T09:00Z/2016-12-26T10:00Z"/><Direction v="Z02"/><Quantity v="0"/><MeasureUnit v="KW1"/></Period><Period><TimeInterval v="2016-12-26T10:00Z/2016-12-26T11:00Z"/><Direction v="Z02"/><Quantity v="0"/><MeasureUnit v="KW1"/></Period><Period><TimeInterval v="2016-12-26T11:00Z/2016-12-26T12:00Z"/><Direction v="Z02"/><Quantity v="0"/><MeasureUnit v="KW1"/></Period><Period><TimeInterval v="2016-12-26T12:00Z/2016-12-26T13:00Z"/><Direction v="Z02"/><Quantity v="0"/><MeasureUnit v="KW1"/></Period><Period><TimeInterval v="2016-12-26T13:00Z/2016-12-26T14:00Z"/><Direction v="Z02"/><Quantity v="0"/><MeasureUnit v="KW1"/></Period><Period><TimeInterval v="2016-12-26T14:00Z/2016-12-26T15:00Z"/><Direction v="Z02"/><Quantity v="0"/><MeasureUnit v="KW1"/></Period><Period><TimeInterval v="2016-12-26T15:00Z/2016-12-26T16:00Z"/><Direction v="Z02"/><Quantity v="0"/><MeasureUnit v="KW1"/></Period><Period><TimeInterval v="2016-12-26T16:00Z/2016-12-26T17:00Z"/><Direction v="Z02"/><Quantity v="0"/><MeasureUnit v="KW1"/></Period><Period><TimeInterval v="2016-12-26T17:00Z/2016-12-26T18:00Z"/><Direction v="Z02"/><Quantity v="0"/><MeasureUnit v="KW1"/></Period><Period><TimeInterval v="2016-12-26T18:00Z/2016-12-26T19:00Z"/><Direction v="Z02"/><Quantity v="0"/><MeasureUnit v="KW1"/></Period><Period><TimeInterval v="2016-12-26T19:00Z/2016-12-26T20:00Z"/><Direction v="Z02"/><Quantity v="0"/><MeasureUnit v="KW1"/></Period><Period><TimeInterval v="2016-12-26T20:00Z/2016-12-26T21:00Z"/><Direction v="Z02"/><Quantity v="0"/><MeasureUnit v="KW1"/></Period><Period><TimeInterval v="2016-12-26T21:00Z/2016-12-26T22:00Z"/><Direction v="Z02"/><Quantity v="0"/><MeasureUnit v="KW1"/></Period><Period><TimeInterval v="2016-12-26T22:00Z/2016-12-26T23:00Z"/><Direction v="Z02"/><Quantity v="0"/><MeasureUnit v="KW1"/></Period><Period><TimeInterval v="2016-12-26T23:00Z/2016-12-27T00:00Z"/><Direction v="Z02"/><Quantity v="0"/><MeasureUnit v="KW1"/></Period><Period><TimeInterval v="2016-12-27T00:00Z/2016-12-27T01:00Z"/><Direction v="Z02"/><Quantity v="0"/><MeasureUnit v="KW1"/></Period><Period><TimeInterval v="2016-12-27T01:00Z/2016-12-27T02:00Z"/><Direction v="Z02"/><Quantity v="0"/><MeasureUnit v="KW1"/></Period><Period><TimeInterval v="2016-12-27T02:00Z/2016-12-27T03:00Z"/><Direction v="Z02"/><Quantity v="0"/><MeasureUnit v="KW1"/></Period><Period><TimeInterval v="2016-12-27T03:00Z/2016-12-27T04:00Z"/><Direction v="Z02"/><Quantity v="0"/><MeasureUnit v="KW1"/></Period><Period><TimeInterval v="2016-12-27T04:00Z/2016-12-27T05:00Z"/><Direction v="Z02"/><Quantity v="0"/><MeasureUnit v="KW1"/></Period></Category></ConnectionPoint><ConnectionPoint><Identification v="21Z000000000343P" codingScheme="305"/><Type v="Z31"/><Category><CapacityCode v="Z12"/><Period><TimeInterval v="2016-12-26T05:00Z/2016-12-26T06:00Z"/><Direction v="Z03"/><Quantity v="3326921"/><MeasureUnit v="KW1"/></Period><Period><TimeInterval v="2016-12-26T06:00Z/2016-12-26T07:00Z"/><Direction v="Z03"/><Quantity v="3312191"/><MeasureUnit v="KW1"/></Period><Period><TimeInterval v="2016-12-26T07:00Z/2016-12-26T08:00Z"/><Direction v="Z03"/><Quantity v="3323516"/><MeasureUnit v="KW1"/></Period><Period><TimeInterval v="2016-12-26T08:00Z/2016-12-26T09:00Z"/><Direction v="Z03"/><Quantity v="3396864"/><MeasureUnit v="KW1"/></Period><Period><TimeInterval v="2016-12-26T09:00Z/2016-12-26T10:00Z"/><Direction v="Z03"/><Quantity v="3493783"/><MeasureUnit v="KW1"/></Period><Period><TimeInterval v="2016-12-26T10:00Z/2016-12-26T11:00Z"/><Direction v="Z03"/><Quantity v="3636696"/><MeasureUnit v="KW1"/></Period><Period><TimeInterval v="2016-12-26T11:00Z/2016-12-26T12:00Z"/><Direction v="Z03"/><Quantity v="3591301"/><MeasureUnit v="KW1"/></Period><Period><TimeInterval v="2016-12-26T12:00Z/2016-12-26T13:00Z"/><Direction v="Z03"/><Quantity v="3585852"/><MeasureUnit v="KW1"/></Period><Period><TimeInterval v="2016-12-26T13:00Z/2016-12-26T14:00Z"/><Direction v="Z03"/><Quantity v="3708915"/><MeasureUnit v="KW1"/></Period><Period><TimeInterval v="2016-12-26T14:00Z/2016-12-26T15:00Z"/><Direction v="Z03"/><Quantity v="3738650"/><MeasureUnit v="KW1"/></Period><Period><TimeInterval v="2016-12-26T15:00Z/2016-12-26T16:00Z"/><Direction v="Z03"/><Quantity v="3710752"/><MeasureUnit v="KW1"/></Period><Period><TimeInterval v="2016-12-26T16:00Z/2016-12-26T17:00Z"/><Direction v="Z03"/><Quantity v="3749409"/><MeasureUnit v="KW1"/></Period><Period><TimeInterval v="2016-12-26T17:00Z/2016-12-26T18:00Z"/><Direction v="Z03"/><Quantity v="3832377"/><MeasureUnit v="KW1"/></Period><Period><TimeInterval v="2016-12-26T18:00Z/2016-12-26T19:00Z"/><Direction v="Z03"/><Quantity v="3815878"/><MeasureUnit v="KW1"/></Period><Period><TimeInterval v="2016-12-26T19:00Z/2016-12-26T20:00Z"/><Direction v="Z03"/><Quantity v="3764652"/><MeasureUnit v="KW1"/></Period><Period><TimeInterval v="2016-12-26T20:00Z/2016-12-26T21:00Z"/><Direction v="Z03"/><Quantity v="3650062"/><MeasureUnit v="KW1"/></Period><Period><TimeInterval v="2016-12-26T21:00Z/2016-12-26T22:00Z"/><Direction v="Z03"/><Quantity v="3621289"/><MeasureUnit v="KW1"/></Period><Period><TimeInterval v="2016-12-26T22:00Z/2016-12-26T23:00Z"/><Direction v="Z03"/><Quantity v="3462479"/><MeasureUnit v="KW1"/></Period><Period><TimeInterval v="2016-12-26T23:00Z/2016-12-27T00:00Z"/><Direction v="Z03"/><Quantity v="3497225"/><MeasureUnit v="KW1"/></Period><Period><TimeInterval v="2016-12-27T00:00Z/2016-12-27T01:00Z"/><Direction v="Z03"/><Quantity v="3501789"/><MeasureUnit v="KW1"/></Period><Period><TimeInterval v="2016-12-27T01:00Z/2016-12-27T02:00Z"/><Direction v="Z03"/><Quantity v="3564862"/><MeasureUnit v="KW1"/></Period><Period><TimeInterval v="2016-12-27T02:00Z/2016-12-27T03:00Z"/><Direction v="Z03"/><Quantity v="3900603"/><MeasureUnit v="KW1"/></Period><Period><TimeInterval v="2016-12-27T03:00Z/2016-12-27T04:00Z"/><Direction v="Z03"/><Quantity v="3982321"/><MeasureUnit v="KW1"/></Period><Period><TimeInterval v="2016-12-27T04:00Z/2016-12-27T05:00Z"/><Direction v="Z03"/><Quantity v="4185226"/><MeasureUnit v="KW1"/></Period></Category><Category><CapacityCode v="Z15"/><Period><TimeInterval v="2016-12-26T05:00Z/2016-12-26T06:00Z"/><Direction v="Z03"/><Quantity v="0"/><MeasureUnit v="KW1"/></Period><Period><TimeInterval v="2016-12-26T06:00Z/2016-12-26T07:00Z"/><Direction v="Z03"/><Quantity v="0"/><MeasureUnit v="KW1"/></Period><Period><TimeInterval v="2016-12-26T07:00Z/2016-12-26T08:00Z"/><Direction v="Z03"/><Quantity v="0"/><MeasureUnit v="KW1"/></Period><Period><TimeInterval v="2016-12-26T08:00Z/2016-12-26T09:00Z"/><Direction v="Z03"/><Quantity v="0"/><MeasureUnit v="KW1"/></Period><Period><TimeInterval v="2016-12-26T09:00Z/2016-12-26T10:00Z"/><Direction v="Z03"/><Quantity v="0"/><MeasureUnit v="KW1"/></Period><Period><TimeInterval v="2016-12-26T10:00Z/2016-12-26T11:00Z"/><Direction v="Z03"/><Quantity v="0"/><MeasureUnit v="KW1"/></Period><Period><TimeInterval v="2016-12-26T11:00Z/2016-12-26T12:00Z"/><Direction v="Z03"/><Quantity v="0"/><MeasureUnit v="KW1"/></Period><Period><TimeInterval v="2016-12-26T12:00Z/2016-12-26T13:00Z"/><Direction v="Z03"/><Quantity v="0"/><MeasureUnit v="KW1"/></Period><Period><TimeInterval v="2016-12-26T13:00Z/2016-12-26T14:00Z"/><Direction v="Z03"/><Quantity v="0"/><MeasureUnit v="KW1"/></Period><Period><TimeInterval v="2016-12-26T14:00Z/2016-12-26T15:00Z"/><Direction v="Z03"/><Quantity v="0"/><MeasureUnit v="KW1"/></Period><Period><TimeInterval v="2016-12-26T15:00Z/2016-12-26T16:00Z"/><Direction v="Z03"/><Quantity v="0"/><MeasureUnit v="KW1"/></Period><Period><TimeInterval v="2016-12-26T16:00Z/2016-12-26T17:00Z"/><Direction v="Z03"/><Quantity v="0"/><MeasureUnit v="KW1"/></Period><Period><TimeInterval v="2016-12-26T17:00Z/2016-12-26T18:00Z"/><Direction v="Z03"/><Quantity v="0"/><MeasureUnit v="KW1"/></Period><Period><TimeInterval v="2016-12-26T18:00Z/2016-12-26T19:00Z"/><Direction v="Z03"/><Quantity v="0"/><MeasureUnit v="KW1"/></Period><Period><TimeInterval v="2016-12-26T19:00Z/2016-12-26T20:00Z"/><Direction v="Z03"/><Quantity v="0"/><MeasureUnit v="KW1"/></Period><Period><TimeInterval v="2016-12-26T20:00Z/2016-12-26T21:00Z"/><Direction v="Z03"/><Quantity v="0"/><MeasureUnit v="KW1"/></Period><Period><TimeInterval v="2016-12-26T21:00Z/2016-12-26T22:00Z"/><Direction v="Z03"/><Quantity v="0"/><MeasureUnit v="KW1"/></Period><Period><TimeInterval v="2016-12-26T22:00Z/2016-12-26T23:00Z"/><Direction v="Z03"/><Quantity v="0"/><MeasureUnit v="KW1"/></Period><Period><TimeInterval v="2016-12-26T23:00Z/2016-12-27T00:00Z"/><Direction v="Z03"/><Quantity v="0"/><MeasureUnit v="KW1"/></Period><Period><TimeInterval v="2016-12-27T00:00Z/2016-12-27T01:00Z"/><Direction v="Z03"/><Quantity v="0"/><MeasureUnit v="KW1"/></Period><Period><TimeInterval v="2016-12-27T01:00Z/2016-12-27T02:00Z"/><Direction v="Z03"/><Quantity v="0"/><MeasureUnit v="KW1"/></Period><Period><TimeInterval v="2016-12-27T02:00Z/2016-12-27T03:00Z"/><Direction v="Z03"/><Quantity v="0"/><MeasureUnit v="KW1"/></Period><Period><TimeInterval v="2016-12-27T03:00Z/2016-12-27T04:00Z"/><Direction v="Z03"/><Quantity v="0"/><MeasureUnit v="KW1"/></Period><Period><TimeInterval v="2016-12-27T04:00Z/2016-12-27T05:00Z"/><Direction v="Z03"/><Quantity v="0"/><MeasureUnit v="KW1"/></Period></Category></ConnectionPoint></TransparencyPublication>