<?xml version="1.0" encoding="UTF-8"?><TransparencyPublication Version="EGAS50" Release="A"><Identification v="TRANPB20170102A103886"/><Version v="1"/><Type v="AL4"/><CreationDateTime v="2017-01-02T07:09:53.864Z"/><ValidityPeriod v="2016-12-02T05:00Z/2016-12-03T05:00Z"/><IssuerIdentification v="21X-DE-C-A0A0A-T" codingScheme="305"/><IssuerRole v="ZSO"/><RecipientIdentification v="10X1001A1001A353" codingScheme="305"/><RecipientRole v="ZUA"/><ConnectionPoint><Identification v="37Z000000006231B" codingScheme="305"/><Type v="Z26"/><Category><CapacityCode v="Z12"/><Period><TimeInterval v="2016-12-02T05:00Z/2016-12-02T06:00Z"/><Direction v="Z02"/><Quantity v="49400"/><MeasureUnit v="KW1"/></Period><Period><TimeInterval v="2016-12-02T06:00Z/2016-12-02T07:00Z"/><Direction v="Z02"/><Quantity v="49400"/><MeasureUnit v="KW1"/></Period><Period><TimeInterval v="2016-12-02T07:00Z/2016-12-02T08:00Z"/><Direction v="Z02"/><Quantity v="49400"/><MeasureUnit v="KW1"/></Period><Period><TimeInterval v="2016-12-02T08:00Z/2016-12-02T09:00Z"/><Direction v="Z02"/><Quantity v="49400"/><MeasureUnit v="KW1"/></Period><Period><TimeInterval v="2016-12-02T09:00Z/2016-12-02T10:00Z"/><Direction v="Z02"/><Quantity v="49400"/><MeasureUnit v="KW1"/></Period><Period><TimeInterval v="2016-12-02T10:00Z/2016-12-02T11:00Z"/><Direction v="Z02"/><Quantity v="49400"/><MeasureUnit v="KW1"/></Period><Period><TimeInterval v="2016-12-02T11:00Z/2016-12-02T12:00Z"/><Direction v="Z02"/><Quantity v="49400"/><MeasureUnit v="KW1"/></Period><Period><TimeInterval v="2016-12-02T12:00Z/2016-12-02T13:00Z"/><Direction v="Z02"/><Quantity v="49400"/><MeasureUnit v="KW1"/></Period><Period><TimeInterval v="2016-12-02T13:00Z/2016-12-02T14:00Z"/><Direction v="Z02"/><Quantity v="49400"/><MeasureUnit v="KW1"/></Period><Period><TimeInterval v="2016-12-02T14:00Z/2016-12-02T15:00Z"/><Direction v="Z02"/><Quantity v="49400"/><MeasureUnit v="KW1"/></Period><Period><TimeInterval v="2016-12-02T15:00Z/2016-12-02T16:00Z"/><Direction v="Z02"/><Quantity v="49400"/><MeasureUnit v="KW1"/></Period><Period><TimeInterval v="2016-12-02T16:00Z/2016-12-02T17:00Z"/><Direction v="Z02"/><Quantity v="49400"/><MeasureUnit v="KW1"/></Period><Period><TimeInterval v="2016-12-02T17:00Z/2016-12-02T18:00Z"/><Direction v="Z02"/><Quantity v="49400"/><MeasureUnit v="KW1"/></Period><Period><TimeInterval v="2016-12-02T18:00Z/2016-12-02T19:00Z"/><Direction v="Z02"/><Quantity v="49400"/><MeasureUnit v="KW1"/></Period><Period><TimeInterval v="2016-12-02T19:00Z/2016-12-02T20:00Z"/><Direction v="Z02"/><Quantity v="49400"/><MeasureUnit v="KW1"/></Period><Period><TimeInterval v="2016-12-02T20:00Z/2016-12-02T21:00Z"/><Direction v="Z02"/><Quantity v="49400"/><MeasureUnit v="KW1"/></Period><Period><TimeInterval v="2016-12-02T21:00Z/2016-12-02T22:00Z"/><Direction v="Z02"/><Quantity v="49400"/><MeasureUnit v="KW1"/></Period><Period><TimeInterval v="2016-12-02T22:00Z/2016-12-02T23:00Z"/><Direction v="Z02"/><Quantity v="49400"/><MeasureUnit v="KW1"/></Period><Period><TimeInterval v="2016-12-02T23:00Z/2016-12-03T00:00Z"/><Direction v="Z02"/><Quantity v="49400"/><MeasureUnit v="KW1"/></Period><Period><TimeInterval v="2016-12-03T00:00Z/2016-12-03T01:00Z"/><Direction v="Z02"/><Quantity v="49400"/><MeasureUnit v="KW1"/></Period><Period><TimeInterval v="2016-12-03T01:00Z/2016-12-03T02:00Z"/><Direction v="Z02"/><Quantity v="49400"/><MeasureUnit v="KW1"/></Period><Period><TimeInterval v="2016-12-03T02:00Z/2016-12-03T03:00Z"/><Direction v="Z02"/><Quantity v="49400"/><MeasureUnit v="KW1"/></Period><Period><TimeInterval v="2016-12-03T03:00Z/2016-12-03T04:00Z"/><Direction v="Z02"/><Quantity v="49400"/><MeasureUnit v="KW1"/></Period><Period><TimeInterval v="2016-12-03T04:00Z/2016-12-03T05:00Z"/><Direction v="Z02"/><Quantity v="49400"/><MeasureUnit v="KW1"/></Period></Category><Category><CapacityCode v="Z14"/><Period><TimeInterval v="2016-12-02T05:00Z/2016-12-02T06:00Z"/><Direction v="Z02"/><Quantity v="49400"/><MeasureUnit v="KW1"/></Period><Period><TimeInterval v="2016-12-02T06:00Z/2016-12-02T07:00Z"/><Direction v="Z02"/><Quantity v="49400"/><MeasureUnit v="KW1"/></Period><Period><TimeInterval v="2016-12-02T07:00Z/2016-12-02T08:00Z"/><Direction v="Z02"/><Quantity v="49400"/><MeasureUnit v="KW1"/></Period><Period><TimeInterval v="2016-12-02T08:00Z/2016-12-02T09:00Z"/><Direction v="Z02"/><Quantity v="49400"/><MeasureUnit v="KW1"/></Period><Period><TimeInterval v="2016-12-02T09:00Z/2016-12-02T10:00Z"/><Direction v="Z02"/><Quantity v="49400"/><MeasureUnit v="KW1"/></Period><Period><TimeInterval v="2016-12-02T10:00Z/2016-12-02T11:00Z"/><Direction v="Z02"/><Quantity v="49400"/><MeasureUnit v="KW1"/></Period><Period><TimeInterval v="2016-12-02T11:00Z/2016-12-02T12:00Z"/><Direction v="Z02"/><Quantity v="49400"/><MeasureUnit v="KW1"/></Period><Period><TimeInterval v="2016-12-02T12:00Z/2016-12-02T13:00Z"/><Direction v="Z02"/><Quantity v="49400"/><MeasureUnit v="KW1"/></Period><Period><TimeInterval v="2016-12-02T13:00Z/2016-12-02T14:00Z"/><Direction v="Z02"/><Quantity v="49400"/><MeasureUnit v="KW1"/></Period><Period><TimeInterval v="2016-12-02T14:00Z/2016-12-02T15:00Z"/><Direction v="Z02"/><Quantity v="49400"/><MeasureUnit v="KW1"/></Period><Period><TimeInterval v="2016-12-02T15:00Z/2016-12-02T16:00Z"/><Direction v="Z02"/><Quantity v="49400"/><MeasureUnit v="KW1"/></Period><Period><TimeInterval v="2016-12-02T16:00Z/2016-12-02T17:00Z"/><Direction v="Z02"/><Quantity v="49400"/><MeasureUnit v="KW1"/></Period><Period><TimeInterval v="2016-12-02T17:00Z/2016-12-02T18:00Z"/><Direction v="Z02"/><Quantity v="49400"/><MeasureUnit v="KW1"/></Period><Period><TimeInterval v="2016-12-02T18:00Z/2016-12-02T19:00Z"/><Direction v="Z02"/><Quantity v="49400"/><MeasureUnit v="KW1"/></Period><Period><TimeInterval v="2016-12-02T19:00Z/2016-12-02T20:00Z"/><Direction v="Z02"/><Quantity v="49400"/><MeasureUnit v="KW1"/></Period><Period><TimeInterval v="2016-12-02T20:00Z/2016-12-02T21:00Z"/><Direction v="Z02"/><Quantity v="49400"/><MeasureUnit v="KW1"/></Period><Period><TimeInterval v="2016-12-02T21:00Z/2016-12-02T22:00Z"/><Direction v="Z02"/><Quantity v="49400"/><MeasureUnit v="KW1"/></Period><Period><TimeInterval v="2016-12-02T22:00Z/2016-12-02T23:00Z"/><Direction v="Z02"/><Quantity v="49400"/><MeasureUnit v="KW1"/></Period><Period><TimeInterval v="2016-12-02T23:00Z/2016-12-03T00:00Z"/><Direction v="Z02"/><Quantity v="49400"/><MeasureUnit v="KW1"/></Period><Period><TimeInterval v="2016-12-03T00:00Z/2016-12-03T01:00Z"/><Direction v="Z02"/><Quantity v="49400"/><MeasureUnit v="KW1"/></Period><Period><TimeInterval v="2016-12-03T01:00Z/2016-12-03T02:00Z"/><Direction v="Z02"/><Quantity v="49400"/><MeasureUnit v="KW1"/></Period><Period><TimeInterval v="2016-12-03T02:00Z/2016-12-03T03:00Z"/><Direction v="Z02"/><Quantity v="49400"/><MeasureUnit v="KW1"/></Period><Period><TimeInterval v="2016-12-03T03:00Z/2016-12-03T04:00Z"/><Direction v="Z02"/><Quantity v="49400"/><MeasureUnit v="KW1"/></Period><Period><TimeInterval v="2016-12-03T04:00Z/2016-12-03T05:00Z"/><Direction v="Z02"/><Quantity v="49400"/><MeasureUnit v="KW1"/></Period></Category><Category><CapacityCode v="Z15"/><Period><TimeInterval v="2016-12-02T05:00Z/2016-12-02T06:00Z"/><Direction v="Z02"/><Quantity v="0"/><MeasureUnit v="KW1"/></Period><Period><TimeInterval v="2016-12-02T06:00Z/2016-12-02T07:00Z"/><Direction v="Z02"/><Quantity v="0"/><MeasureUnit v="KW1"/></Period><Period><TimeInterval v="2016-12-02T07:00Z/2016-12-02T08:00Z"/><Direction v="Z02"/><Quantity v="0"/><MeasureUnit v="KW1"/></Period><Period><TimeInterval v="2016-12-02T08:00Z/2016-12-02T09:00Z"/><Direction v="Z02"/><Quantity v="0"/><MeasureUnit v="KW1"/></Period><Period><TimeInterval v="2016-12-02T09:00Z/2016-12-02T10:00Z"/><Direction v="Z02"/><Quantity v="0"/><MeasureUnit v="KW1"/></Period><Period><TimeInterval v="2016-12-02T10:00Z/2016-12-02T11:00Z"/><Direction v="Z02"/><Quantity v="0"/><MeasureUnit v="KW1"/></Period><Period><TimeInterval v="2016-12-02T11:00Z/2016-12-02T12:00Z"/><Direction v="Z02"/><Quantity v="0"/><MeasureUnit v="KW1"/></Period><Period><TimeInterval v="2016-12-02T12:00Z/2016-12-02T13:00Z"/><Direction v="Z02"/><Quantity v="0"/><MeasureUnit v="KW1"/></Period><Period><TimeInterval v="2016-12-02T13:00Z/2016-12-02T14:00Z"/><Direction v="Z02"/><Quantity v="0"/><MeasureUnit v="KW1"/></Period><Period><TimeInterval v="2016-12-02T14:00Z/2016-12-02T15:00Z"/><Direction v="Z02"/><Quantity v="0"/><MeasureUnit v="KW1"/></Period><Period><TimeInterval v="2016-12-02T15:00Z/2016-12-02T16:00Z"/><Direction v="Z02"/><Quantity v="0"/><MeasureUnit v="KW1"/></Period><Period><TimeInterval v="2016-12-02T16:00Z/2016-12-02T17:00Z"/><Direction v="Z02"/><Quantity v="0"/><MeasureUnit v="KW1"/></Period><Period><TimeInterval v="2016-12-02T17:00Z/2016-12-02T18:00Z"/><Direction v="Z02"/><Quantity v="0"/><MeasureUnit v="KW1"/></Period><Period><TimeInterval v="2016-12-02T18:00Z/2016-12-02T19:00Z"/><Direction v="Z02"/><Quantity v="0"/><MeasureUnit v="KW1"/></Period><Period><TimeInterval v="2016-12-02T19:00Z/2016-12-02T20:00Z"/><Direction v="Z02"/><Quantity v="0"/><MeasureUnit v="KW1"/></Period><Period><TimeInterval v="2016-12-02T20:00Z/2016-12-02T21:00Z"/><Direction v="Z02"/><Quantity v="0"/><MeasureUnit v="KW1"/></Period><Period><TimeInterval v="2016-12-02T21:00Z/2016-12-02T22:00Z"/><Direction v="Z02"/><Quantity v="0"/><MeasureUnit v="KW1"/></Period><Period><TimeInterval v="2016-12-02T22:00Z/2016-12-02T23:00Z"/><Direction v="Z02"/><Quantity v="0"/><MeasureUnit v="KW1"/></Period><Period><TimeInterval v="2016-12-02T23:00Z/2016-12-03T00:00Z"/><Direction v="Z02"/><Quantity v="0"/><MeasureUnit v="KW1"/></Period><Period><TimeInterval v="2016-12-03T00:00Z/2016-12-03T01:00Z"/><Direction v="Z02"/><Quantity v="0"/><MeasureUnit v="KW1"/></Period><Period><TimeInterval v="2016-12-03T01:00Z/2016-12-03T02:00Z"/><Direction v="Z02"/><Quantity v="0"/><MeasureUnit v="KW1"/></Period><Period><TimeInterval v="2016-12-03T02:00Z/2016-12-03T03:00Z"/><Direction v="Z02"/><Quantity v="0"/><MeasureUnit v="KW1"/></Period><Period><TimeInterval v="2016-12-03T03:00Z/2016-12-03T04:00Z"/><Direction v="Z02"/><Quantity v="0"/><MeasureUnit v="KW1"/></Period><Period><TimeInterval v="2016-12-03T04:00Z/2016-12-03T05:00Z"/><Direction v="Z02"/><Quantity v="0"/><MeasureUnit v="KW1"/></Period></Category></ConnectionPoint><ConnectionPoint><Identification v="21Z000000000071W" codingScheme="305"/><Type v="Z25"/><Category><CapacityCode v="Z12"/><Period><TimeInterval v="2016-12-02T05:00Z/2016-12-02T06:00Z"/><Direction v="Z02"/><Quantity v="891563"/><MeasureUnit v="KW1"/></Period><Period><TimeInterval v="2016-12-02T06:00Z/2016-12-02T07:00Z"/><Direction v="Z02"/><Quantity v="891563"/><MeasureUnit v="KW1"/></Period><Period><TimeInterval v="2016-12-02T07:00Z/2016-12-02T08:00Z"/><Direction v="Z02"/><Quantity v="891563"/><MeasureUnit v="KW1"/></Period><Period><TimeInterval v="2016-12-02T08:00Z/2016-12-02T09:00Z"/><Direction v="Z02"/><Quantity v="891563"/><MeasureUnit v="KW1"/></Period><Period><TimeInterval v="2016-12-02T09:00Z/2016-12-02T10:00Z"/><Direction v="Z02"/><Quantity v="891563"/><MeasureUnit v="KW1"/></Period><Period><TimeInterval v="2016-12-02T10:00Z/2016-12-02T11:00Z"/><Direction v="Z02"/><Quantity v="891563"/><MeasureUnit v="KW1"/></Period><Period><TimeInterval v="2016-12-02T11:00Z/2016-12-02T12:00Z"/><Direction v="Z02"/><Quantity v="891563"/><MeasureUnit v="KW1"/></Period><Period><TimeInterval v="2016-12-02T12:00Z/2016-12-02T13:00Z"/><Direction v="Z02"/><Quantity v="891563"/><MeasureUnit v="KW1"/></Period><Period><TimeInterval v="2016-12-02T13:00Z/2016-12-02T14:00Z"/><Direction v="Z02"/><Quantity v="891563"/><MeasureUnit v="KW1"/></Period><Period><TimeInterval v="2016-12-02T14:00Z/2016-12-02T15:00Z"/><Direction v="Z02"/><Quantity v="891563"/><MeasureUnit v="KW1"/></Period><Period><TimeInterval v="2016-12-02T15:00Z/2016-12-02T16:00Z"/><Direction v="Z02"/><Quantity v="891563"/><MeasureUnit v="KW1"/></Period><Period><TimeInterval v="2016-12-02T16:00Z/2016-12-02T17:00Z"/><Direction v="Z02"/><Quantity v="891563"/><MeasureUnit v="KW1"/></Period><Period><TimeInterval v="2016-12-02T17:00Z/2016-12-02T18:00Z"/><Direction v="Z02"/><Quantity v="891563"/><MeasureUnit v="KW1"/></Period><Period><TimeInterval v="2016-12-02T18:00Z/2016-12-02T19:00Z"/><Direction v="Z02"/><Quantity v="891563"/><MeasureUnit v="KW1"/></Period><Period><TimeInterval v="2016-12-02T19:00Z/2016-12-02T20:00Z"/><Direction v="Z02"/><Quantity v="891563"/><MeasureUnit v="KW1"/></Period><Period><TimeInterval v="2016-12-02T20:00Z/2016-12-02T21:00Z"/><Direction v="Z02"/><Quantity v="891563"/><MeasureUnit v="KW1"/></Period><Period><TimeInterval v="2016-12-02T21:00Z/2016-12-02T22:00Z"/><Direction v="Z02"/><Quantity v="753193"/><MeasureUnit v="KW1"/></Period><Period><TimeInterval v="2016-12-02T22:00Z/2016-12-02T23:00Z"/><Direction v="Z02"/><Quantity v="753193"/><MeasureUnit v="KW1"/></Period><Period><TimeInterval v="2016-12-02T23:00Z/2016-12-03T00:00Z"/><Direction v="Z02"/><Quantity v="753193"/><MeasureUnit v="KW1"/></Period><Period><TimeInterval v="2016-12-03T00:00Z/2016-12-03T01:00Z"/><Direction v="Z02"/><Quantity v="753193"/><MeasureUnit v="KW1"/></Period><Period><TimeInterval v="2016-12-03T01:00Z/2016-12-03T02:00Z"/><Direction v="Z02"/><Quantity v="753193"/><MeasureUnit v="KW1"/></Period><Period><TimeInterval v="2016-12-03T02:00Z/2016-12-03T03:00Z"/><Direction v="Z02"/><Quantity v="753193"/><MeasureUnit v="KW1"/></Period><Period><TimeInterval v="2016-12-03T03:00Z/2016-12-03T04:00Z"/><Direction v="Z02"/><Quantity v="753193"/><MeasureUnit v="KW1"/></Period><Period><TimeInterval v="2016-12-03T04:00Z/2016-12-03T05:00Z"/><Direction v="Z02"/><Quantity v="753193"/><MeasureUnit v="KW1"/></Period></Category><Category><CapacityCode v="Z14"/><Period><TimeInterval v="2016-12-02T05:00Z/2016-12-02T06:00Z"/><Direction v="Z02"/><Quantity v="753193"/><MeasureUnit v="KW1"/></Period><Period><TimeInterval v="2016-12-02T06:00Z/2016-12-02T07:00Z"/><Direction v="Z02"/><Quantity v="753193"/><MeasureUnit v="KW1"/></Period><Period><TimeInterval v="2016-12-02T07:00Z/2016-12-02T08:00Z"/><Direction v="Z02"/><Quantity v="753193"/><MeasureUnit v="KW1"/></Period><Period><TimeInterval v="2016-12-02T08:00Z/2016-12-02T09:00Z"/><Direction v="Z02"/><Quantity v="753193"/><MeasureUnit v="KW1"/></Period><Period><TimeInterval v="2016-12-02T09:00Z/2016-12-02T10:00Z"/><Direction v="Z02"/><Quantity v="753193"/><MeasureUnit v="KW1"/></Period><Period><TimeInterval v="2016-12-02T10:00Z/2016-12-02T11:00Z"/><Direction v="Z02"/><Quantity v="753193"/><MeasureUnit v="KW1"/></Period><Period><TimeInterval v="2016-12-02T11:00Z/2016-12-02T12:00Z"/><Direction v="Z02"/><Quantity v="753193"/><MeasureUnit v="KW1"/></Period><Period><TimeInterval v="2016-12-02T12:00Z/2016-12-02T13:00Z"/><Direction v="Z02"/><Quantity v="753193"/><MeasureUnit v="KW1"/></Period><Period><TimeInterval v="2016-12-02T13:00Z/2016-12-02T14:00Z"/><Direction v="Z02"/><Quantity v="753193"/><MeasureUnit v="KW1"/></Period><Period><TimeInterval v="2016-12-02T14:00Z/2016-12-02T15:00Z"/><Direction v="Z02"/><Quantity v="753193"/><MeasureUnit v="KW1"/></Period><Period><TimeInterval v="2016-12-02T15:00Z/2016-12-02T16:00Z"/><Direction v="Z02"/><Quantity v="753193"/><MeasureUnit v="KW1"/></Period><Period><TimeInterval v="2016-12-02T16:00Z/2016-12-02T17:00Z"/><Direction v="Z02"/><Quantity v="753193"/><MeasureUnit v="KW1"/></Period><Period><TimeInterval v="2016-12-02T17:00Z/2016-12-02T18:00Z"/><Direction v="Z02"/><Quantity v="753193"/><MeasureUnit v="KW1"/></Period><Period><TimeInterval v="2016-12-02T18:00Z/2016-12-02T19:00Z"/><Direction v="Z02"/><Quantity v="753193"/><MeasureUnit v="KW1"/></Period><Period><TimeInterval v="2016-12-02T19:00Z/2016-12-02T20:00Z"/><Direction v="Z02"/><Quantity v="753193"/><MeasureUnit v="KW1"/></Period><Period><TimeInterval v="2016-12-02T20:00Z/2016-12-02T21:00Z"/><Direction v="Z02"/><Quantity v="753193"/><MeasureUnit v="KW1"/></Period><Period><TimeInterval v="2016-12-02T21:00Z/2016-12-02T22:00Z"/><Direction v="Z02"/><Quantity v="753193"/><MeasureUnit v="KW1"/></Period><Period><TimeInterval v="2016-12-02T22:00Z/2016-12-02T23:00Z"/><Direction v="Z02"/><Quantity v="753193"/><MeasureUnit v="KW1"/></Period><Period><TimeInterval v="2016-12-02T23:00Z/2016-12-03T00:00Z"/><Direction v="Z02"/><Quantity v="753193"/><MeasureUnit v="KW1"/></Period><Period><TimeInterval v="2016-12-03T00:00Z/2016-12-03T01:00Z"/><Direction v="Z02"/><Quantity v="753193"/><MeasureUnit v="KW1"/></Period><Period><TimeInterval v="2016-12-03T01:00Z/2016-12-03T02:00Z"/><Direction v="Z02"/><Quantity v="753193"/><MeasureUnit v="KW1"/></Period><Period><TimeInterval v="2016-12-03T02:00Z/2016-12-03T03:00Z"/><Direction v="Z02"/><Quantity v="753193"/><MeasureUnit v="KW1"/></Period><Period><TimeInterval v="2016-12-03T03:00Z/2016-12-03T04:00Z"/><Direction v="Z02"/><Quantity v="753193"/><MeasureUnit v="KW1"/></Period><Period><TimeInterval v="2016-12-03T04:00Z/2016-12-03T05:00Z"/><Direction v="Z02"/><Quantity v="753193"/><MeasureUnit v="KW1"/></Period></Category><Category><CapacityCode v="Z15"/><Period><TimeInterval v="2016-12-02T05:00Z/2016-12-02T06:00Z"/><Direction v="Z02"/><Quantity v="0"/><MeasureUnit v="KW1"/></Period><Period><TimeInterval v="2016-12-02T06:00Z/2016-12-02T07:00Z"/><Direction v="Z02"/><Quantity v="0"/><MeasureUnit v="KW1"/></Period><Period><TimeInterval v="2016-12-02T07:00Z/2016-12-02T08:00Z"/><Direction v="Z02"/><Quantity v="0"/><MeasureUnit v="KW1"/></Period><Period><TimeInterval v="2016-12-02T08:00Z/2016-12-02T09:00Z"/><Direction v="Z02"/><Quantity v="0"/><MeasureUnit v="KW1"/></Period><Period><TimeInterval v="2016-12-02T09:00Z/2016-12-02T10:00Z"/><Direction v="Z02"/><Quantity v="0"/><MeasureUnit v="KW1"/></Period><Period><TimeInterval v="2016-12-02T10:00Z/2016-12-02T11:00Z"/><Direction v="Z02"/><Quantity v="0"/><MeasureUnit v="KW1"/></Period><Period><TimeInterval v="2016-12-02T11:00Z/2016-12-02T12:00Z"/><Direction v="Z02"/><Quantity v="0"/><MeasureUnit v="KW1"/></Period><Period><TimeInterval v="2016-12-02T12:00Z/2016-12-02T13:00Z"/><Direction v="Z02"/><Quantity v="0"/><MeasureUnit v="KW1"/></Period><Period><TimeInterval v="2016-12-02T13:00Z/2016-12-02T14:00Z"/><Direction v="Z02"/><Quantity v="0"/><MeasureUnit v="KW1"/></Period><Period><TimeInterval v="2016-12-02T14:00Z/2016-12-02T15:00Z"/><Direction v="Z02"/><Quantity v="0"/><MeasureUnit v="KW1"/></Period><Period><TimeInterval v="2016-12-02T15:00Z/2016-12-02T16:00Z"/><Direction v="Z02"/><Quantity v="0"/><MeasureUnit v="KW1"/></Period><Period><TimeInterval v="2016-12-02T16:00Z/2016-12-02T17:00Z"/><Direction v="Z02"/><Quantity v="0"/><MeasureUnit v="KW1"/></Period><Period><TimeInterval v="2016-12-02T17:00Z/2016-12-02T18:00Z"/><Direction v="Z02"/><Quantity v="0"/><MeasureUnit v="KW1"/></Period><Period><TimeInterval v="2016-12-02T18:00Z/2016-12-02T19:00Z"/><Direction v="Z02"/><Quantity v="0"/><MeasureUnit v="KW1"/></Period><Period><TimeInterval v="2016-12-02T19:00Z/2016-12-02T20:00Z"/><Direction v="Z02"/><Quantity v="0"/><MeasureUnit v="KW1"/></Period><Period><TimeInterval v="2016-12-02T20:00Z/2016-12-02T21:00Z"/><Direction v="Z02"/><Quantity v="0"/><MeasureUnit v="KW1"/></Period><Period><TimeInterval v="2016-12-02T21:00Z/2016-12-02T22:00Z"/><Direction v="Z02"/><Quantity v="0"/><MeasureUnit v="KW1"/></Period><Period><TimeInterval v="2016-12-02T22:00Z/2016-12-02T23:00Z"/><Direction v="Z02"/><Quantity v="0"/><MeasureUnit v="KW1"/></Period><Period><TimeInterval v="2016-12-02T23:00Z/2016-12-03T00:00Z"/><Direction v="Z02"/><Quantity v="0"/><MeasureUnit v="KW1"/></Period><Period><TimeInterval v="2016-12-03T00:00Z/2016-12-03T01:00Z"/><Direction v="Z02"/><Quantity v="0"/><MeasureUnit v="KW1"/></Period><Period><TimeInterval v="2016-12-03T01:00Z/2016-12-03T02:00Z"/><Direction v="Z02"/><Quantity v="0"/><MeasureUnit v="KW1"/></Period><Period><TimeInterval v="2016-12-03T02:00Z/2016-12-03T03:00Z"/><Direction v="Z02"/><Quantity v="0"/><MeasureUnit v="KW1"/></Period><Period><TimeInterval v="2016-12-03T03:00Z/2016-12-03T04:00Z"/><Direction v="Z02"/><Quantity v="0"/><MeasureUnit v="KW1"/></Period><Period><TimeInterval v="2016-12-03T04:00Z/2016-12-03T05:00Z"/><Direction v="Z02"/><Quantity v="0"/><MeasureUnit v="KW1"/></Period></Category></ConnectionPoint><ConnectionPoint><Identification v="21Z0000000000163" codingScheme="305"/><Type v="Z25"/><Category><CapacityCode v="Z12"/><Period><TimeInterval v="2016-12-02T05:00Z/2016-12-02T06:00Z"/><Direction v="Z02"/><Quantity v="60000"/><MeasureUnit v="KW1"/></Period><Period><TimeInterval v="2016-12-02T06:00Z/2016-12-02T07:00Z"/><Direction v="Z02"/><Quantity v="60000"/><MeasureUnit v="KW1"/></Period><Period><TimeInterval v="2016-12-02T07:00Z/2016-12-02T08:00Z"/><Direction v="Z02"/><Quantity v="60000"/><MeasureUnit v="KW1"/></Period><Period><TimeInterval v="2016-12-02T08:00Z/2016-12-02T09:00Z"/><Direction v="Z02"/><Quantity v="60000"/><MeasureUnit v="KW1"/></Period><Period><TimeInterval v="2016-12-02T09:00Z/2016-12-02T10:00Z"/><Direction v="Z02"/><Quantity v="60000"/><MeasureUnit v="KW1"/></Period><Period><TimeInterval v="2016-12-02T10:00Z/2016-12-02T11:00Z"/><Direction v="Z02"/><Quantity v="60000"/><MeasureUnit v="KW1"/></Period><Period><TimeInterval v="2016-12-02T11:00Z/2016-12-02T12:00Z"/><Direction v="Z02"/><Quantity v="60000"/><MeasureUnit v="KW1"/></Period><Period><TimeInterval v="2016-12-02T12:00Z/2016-12-02T13:00Z"/><Direction v="Z02"/><Quantity v="0"/><MeasureUnit v="KW1"/></Period><Period><TimeInterval v="2016-12-02T13:00Z/2016-12-02T14:00Z"/><Direction v="Z02"/><Quantity v="0"/><MeasureUnit v="KW1"/></Period><Period><TimeInterval v="2016-12-02T14:00Z/2016-12-02T15:00Z"/><Direction v="Z02"/><Quantity v="0"/><MeasureUnit v="KW1"/></Period><Period><TimeInterval v="2016-12-02T15:00Z/2016-12-02T16:00Z"/><Direction v="Z02"/><Quantity v="0"/><MeasureUnit v="KW1"/></Period><Period><TimeInterval v="2016-12-02T16:00Z/2016-12-02T17:00Z"/><Direction v="Z02"/><Quantity v="0"/><MeasureUnit v="KW1"/></Period><Period><TimeInterval v="2016-12-02T17:00Z/2016-12-02T18:00Z"/><Direction v="Z02"/><Quantity v="0"/><MeasureUnit v="KW1"/></Period><Period><TimeInterval v="2016-12-02T18:00Z/2016-12-02T19:00Z"/><Direction v="Z02"/><Quantity v="0"/><MeasureUnit v="KW1"/></Period><Period><TimeInterval v="2016-12-02T19:00Z/2016-12-02T20:00Z"/><Direction v="Z02"/><Quantity v="0"/><MeasureUnit v="KW1"/></Period><Period><TimeInterval v="2016-12-02T20:00Z/2016-12-02T21:00Z"/><Direction v="Z02"/><Quantity v="0"/><MeasureUnit v="KW1"/></Period><Period><TimeInterval v="2016-12-02T21:00Z/2016-12-02T22:00Z"/><Direction v="Z02"/><Quantity v="0"/><MeasureUnit v="KW1"/></Period><Period><TimeInterval v="2016-12-02T22:00Z/2016-12-02T23:00Z"/><Direction v="Z02"/><Quantity v="0"/><MeasureUnit v="KW1"/></Period><Period><TimeInterval v="2016-12-02T23:00Z/2016-12-03T00:00Z"/><Direction v="Z02"/><Quantity v="0"/><MeasureUnit v="KW1"/></Period><Period><TimeInterval v="2016-12-03T00:00Z/2016-12-03T01:00Z"/><Direction v="Z02"/><Quantity v="0"/><MeasureUnit v="KW1"/></Period><Period><TimeInterval v="2016-12-03T01:00Z/2016-12-03T02:00Z"/><Direction v="Z02"/><Quantity v="0"/><MeasureUnit v="KW1"/></Period><Period><TimeInterval v="2016-12-03T02:00Z/2016-12-03T03:00Z"/><Direction v="Z02"/><Quantity v="0"/><MeasureUnit v="KW1"/></Period><Period><TimeInterval v="2016-12-03T03:00Z/2016-12-03T04:00Z"/><Direction v="Z02"/><Quantity v="0"/><MeasureUnit v="KW1"/></Period><Period><TimeInterval v="2016-12-03T04:00Z/2016-12-03T05:00Z"/><Direction v="Z02"/><Quantity v="0"/><MeasureUnit v="KW1"/></Period><Period><TimeInterval v="2016-12-02T05:00Z/2016-12-02T06:00Z"/><Direction v="Z03"/><Quantity v="4032979"/><MeasureUnit v="KW1"/></Period><Period><TimeInterval v="2016-12-02T06:00Z/2016-12-02T07:00Z"/><Direction v="Z03"/><Quantity v="4032979"/><MeasureUnit v="KW1"/></Period><Period><TimeInterval v="2016-12-02T07:00Z/2016-12-02T08:00Z"/><Direction v="Z03"/><Quantity v="4032979"/><MeasureUnit v="KW1"/></Period><Period><TimeInterval v="2016-12-02T08:00Z/2016-12-02T09:00Z"/><Direction v="Z03"/><Quantity v="4032979"/><MeasureUnit v="KW1"/></Period><Period><TimeInterval v="2016-12-02T09:00Z/2016-12-02T10:00Z"/><Direction v="Z03"/><Quantity v="4032979"/><MeasureUnit v="KW1"/></Period><Period><TimeInterval v="2016-12-02T10:00Z/2016-12-02T11:00Z"/><Direction v="Z03"/><Quantity v="4032979"/><MeasureUnit v="KW1"/></Period><Period><TimeInterval v="2016-12-02T11:00Z/2016-12-02T12:00Z"/><Direction v="Z03"/><Quantity v="4032979"/><MeasureUnit v="KW1"/></Period><Period><TimeInterval v="2016-12-02T12:00Z/2016-12-02T13:00Z"/><Direction v="Z03"/><Quantity v="4032979"/><MeasureUnit v="KW1"/></Period><Period><TimeInterval v="2016-12-02T13:00Z/2016-12-02T14:00Z"/><Direction v="Z03"/><Quantity v="4032979"/><MeasureUnit v="KW1"/></Period><Period><TimeInterval v="2016-12-02T14:00Z/2016-12-02T15:00Z"/><Direction v="Z03"/><Quantity v="4032979"/><MeasureUnit v="KW1"/></Period><Period><TimeInterval v="2016-12-02T15:00Z/2016-12-02T16:00Z"/><Direction v="Z03"/><Quantity v="4032979"/><MeasureUnit v="KW1"/></Period><Period><TimeInterval v="2016-12-02T16:00Z/2016-12-02T17:00Z"/><Direction v="Z03"/><Quantity v="4032979"/><MeasureUnit v="KW1"/></Period><Period><TimeInterval v="2016-12-02T17:00Z/2016-12-02T18:00Z"/><Direction v="Z03"/><Quantity v="4032979"/><MeasureUnit v="KW1"/></Period><Period><TimeInterval v="2016-12-02T18:00Z/2016-12-02T19:00Z"/><Direction v="Z03"/><Quantity v="4032979"/><MeasureUnit v="KW1"/></Period><Period><TimeInterval v="2016-12-02T19:00Z/2016-12-02T20:00Z"/><Direction v="Z03"/><Quantity v="4032979"/><MeasureUnit v="KW1"/></Period><Period><TimeInterval v="2016-12-02T20:00Z/2016-12-02T21:00Z"/><Direction v="Z03"/><Quantity v="4032979"/><MeasureUnit v="KW1"/></Period><Period><TimeInterval v="2016-12-02T21:00Z/2016-12-02T22:00Z"/><Direction v="Z03"/><Quantity v="4032979"/><MeasureUnit v="KW1"/></Period><Period><TimeInterval v="2016-12-02T22:00Z/2016-12-02T23:00Z"/><Direction v="Z03"/><Quantity v="4032979"/><MeasureUnit v="KW1"/></Period><Period><TimeInterval v="2016-12-02T23:00Z/2016-12-03T00:00Z"/><Direction v="Z03"/><Quantity v="4032979"/><MeasureUnit v="KW1"/></Period><Period><TimeInterval v="2016-12-03T00:00Z/2016-12-03T01:00Z"/><Direction v="Z03"/><Quantity v="4032979"/><MeasureUnit v="KW1"/></Period><Period><TimeInterval v="2016-12-03T01:00Z/2016-12-03T02:00Z"/><Direction v="Z03"/><Quantity v="4032979"/><MeasureUnit v="KW1"/></Period><Period><TimeInterval v="2016-12-03T02:00Z/2016-12-03T03:00Z"/><Direction v="Z03"/><Quantity v="4032979"/><MeasureUnit v="KW1"/></Period><Period><TimeInterval v="2016-12-03T03:00Z/2016-12-03T04:00Z"/><Direction v="Z03"/><Quantity v="4032979"/><MeasureUnit v="KW1"/></Period><Period><TimeInterval v="2016-12-03T04:00Z/2016-12-03T05:00Z"/><Direction v="Z03"/><Quantity v="4032979"/><MeasureUnit v="KW1"/></Period></Category><Category><CapacityCode v="Z14"/><Period><TimeInterval v="2016-12-02T05:00Z/2016-12-02T06:00Z"/><Direction v="Z02"/><Quantity v="0"/><MeasureUnit v="KW1"/></Period><Period><TimeInterval v="2016-12-02T06:00Z/2016-12-02T07:00Z"/><Direction v="Z02"/><Quantity v="0"/><MeasureUnit v="KW1"/></Period><Period><TimeInterval v="2016-12-02T07:00Z/2016-12-02T08:00Z"/><Direction v="Z02"/><Quantity v="0"/><MeasureUnit v="KW1"/></Period><Period><TimeInterval v="2016-12-02T08:00Z/2016-12-02T09:00Z"/><Direction v="Z02"/><Quantity v="0"/><MeasureUnit v="KW1"/></Period><Period><TimeInterval v="2016-12-02T09:00Z/2016-12-02T10:00Z"/><Direction v="Z02"/><Quantity v="0"/><MeasureUnit v="KW1"/></Period><Period><TimeInterval v="2016-12-02T10:00Z/2016-12-02T11:00Z"/><Direction v="Z02"/><Quantity v="0"/><MeasureUnit v="KW1"/></Period><Period><TimeInterval v="2016-12-02T11:00Z/2016-12-02T12:00Z"/><Direction v="Z02"/><Quantity v="0"/><MeasureUnit v="KW1"/></Period><Period><TimeInterval v="2016-12-02T12:00Z/2016-12-02T13:00Z"/><Direction v="Z02"/><Quantity v="0"/><MeasureUnit v="KW1"/></Period><Period><TimeInterval v="2016-12-02T13:00Z/2016-12-02T14:00Z"/><Direction v="Z02"/><Quantity v="0"/><MeasureUnit v="KW1"/></Period><Period><TimeInterval v="2016-12-02T14:00Z/2016-12-02T15:00Z"/><Direction v="Z02"/><Quantity v="0"/><MeasureUnit v="KW1"/></Period><Period><TimeInterval v="2016-12-02T15:00Z/2016-12-02T16:00Z"/><Direction v="Z02"/><Quantity v="0"/><MeasureUnit v="KW1"/></Period><Period><TimeInterval v="2016-12-02T16:00Z/2016-12-02T17:00Z"/><Direction v="Z02"/><Quantity v="0"/><MeasureUnit v="KW1"/></Period><Period><TimeInterval v="2016-12-02T17:00Z/2016-12-02T18:00Z"/><Direction v="Z02"/><Quantity v="0"/><MeasureUnit v="KW1"/></Period><Period><TimeInterval v="2016-12-02T18:00Z/2016-12-02T19:00Z"/><Direction v="Z02"/><Quantity v="0"/><MeasureUnit v="KW1"/></Period><Period><TimeInterval v="2016-12-02T19:00Z/2016-12-02T20:00Z"/><Direction v="Z02"/><Quantity v="0"/><MeasureUnit v="KW1"/></Period><Period><TimeInterval v="2016-12-02T20:00Z/2016-12-02T21:00Z"/><Direction v="Z02"/><Quantity v="0"/><MeasureUnit v="KW1"/></Period><Period><TimeInterval v="2016-12-02T21:00Z/2016-12-02T22:00Z"/><Direction v="Z02"/><Quantity v="0"/><MeasureUnit v="KW1"/></Period><Period><TimeInterval v="2016-12-02T22:00Z/2016-12-02T23:00Z"/><Direction v="Z02"/><Quantity v="0"/><MeasureUnit v="KW1"/></Period><Period><TimeInterval v="2016-12-02T23:00Z/2016-12-03T00:00Z"/><Direction v="Z02"/><Quantity v="0"/><MeasureUnit v="KW1"/></Period><Period><TimeInterval v="2016-12-03T00:00Z/2016-12-03T01:00Z"/><Direction v="Z02"/><Quantity v="0"/><MeasureUnit v="KW1"/></Period><Period><TimeInterval v="2016-12-03T01:00Z/2016-12-03T02:00Z"/><Direction v="Z02"/><Quantity v="0"/><MeasureUnit v="KW1"/></Period><Period><TimeInterval v="2016-12-03T02:00Z/2016-12-03T03:00Z"/><Direction v="Z02"/><Quantity v="0"/><MeasureUnit v="KW1"/></Period><Period><TimeInterval v="2016-12-03T03:00Z/2016-12-03T04:00Z"/><Direction v="Z02"/><Quantity v="0"/><MeasureUnit v="KW1"/></Period><Period><TimeInterval v="2016-12-03T04:00Z/2016-12-03T05:00Z"/><Direction v="Z02"/><Quantity v="0"/><MeasureUnit v="KW1"/></Period><Period><TimeInterval v="2016-12-02T05:00Z/2016-12-02T06:00Z"/><Direction v="Z03"/><Quantity v="3330000"/><MeasureUnit v="KW1"/></Period><Period><TimeInterval v="2016-12-02T06:00Z/2016-12-02T07:00Z"/><Direction v="Z03"/><Quantity v="3330000"/><MeasureUnit v="KW1"/></Period><Period><TimeInterval v="2016-12-02T07:00Z/2016-12-02T08:00Z"/><Direction v="Z03"/><Quantity v="3330000"/><MeasureUnit v="KW1"/></Period><Period><TimeInterval v="2016-12-02T08:00Z/2016-12-02T09:00Z"/><Direction v="Z03"/><Quantity v="3330000"/><MeasureUnit v="KW1"/></Period><Period><TimeInterval v="2016-12-02T09:00Z/2016-12-02T10:00Z"/><Direction v="Z03"/><Quantity v="3330000"/><MeasureUnit v="KW1"/></Period><Period><TimeInterval v="2016-12-02T10:00Z/2016-12-02T11:00Z"/><Direction v="Z03"/><Quantity v="3330000"/><MeasureUnit v="KW1"/></Period><Period><TimeInterval v="2016-12-02T11:00Z/2016-12-02T12:00Z"/><Direction v="Z03"/><Quantity v="3330000"/><MeasureUnit v="KW1"/></Period><Period><TimeInterval v="2016-12-02T12:00Z/2016-12-02T13:00Z"/><Direction v="Z03"/><Quantity v="3330000"/><MeasureUnit v="KW1"/></Period><Period><TimeInterval v="2016-12-02T13:00Z/2016-12-02T14:00Z"/><Direction v="Z03"/><Quantity v="3330000"/><MeasureUnit v="KW1"/></Period><Period><TimeInterval v="2016-12-02T14:00Z/2016-12-02T15:00Z"/><Direction v="Z03"/><Quantity v="3330000"/><MeasureUnit v="KW1"/></Period><Period><TimeInterval v="2016-12-02T15:00Z/2016-12-02T16:00Z"/><Direction v="Z03"/><Quantity v="3330000"/><MeasureUnit v="KW1"/></Period><Period><TimeInterval v="2016-12-02T16:00Z/2016-12-02T17:00Z"/><Direction v="Z03"/><Quantity v="3330000"/><MeasureUnit v="KW1"/></Period><Period><TimeInterval v="2016-12-02T17:00Z/2016-12-02T18:00Z"/><Direction v="Z03"/><Quantity v="3330000"/><MeasureUnit v="KW1"/></Period><Period><TimeInterval v="2016-12-02T18:00Z/2016-12-02T19:00Z"/><Direction v="Z03"/><Quantity v="3330000"/><MeasureUnit v="KW1"/></Period><Period><TimeInterval v="2016-12-02T19:00Z/2016-12-02T20:00Z"/><Direction v="Z03"/><Quantity v="3330000"/><MeasureUnit v="KW1"/></Period><Period><TimeInterval v="2016-12-02T20:00Z/2016-12-02T21:00Z"/><Direction v="Z03"/><Quantity v="3330000"/><MeasureUnit v="KW1"/></Period><Period><TimeInterval v="2016-12-02T21:00Z/2016-12-02T22:00Z"/><Direction v="Z03"/><Quantity v="3330000"/><MeasureUnit v="KW1"/></Period><Period><TimeInterval v="2016-12-02T22:00Z/2016-12-02T23:00Z"/><Direction v="Z03"/><Quantity v="3330000"/><MeasureUnit v="KW1"/></Period><Period><TimeInterval v="2016-12-02T23:00Z/2016-12-03T00:00Z"/><Direction v="Z03"/><Quantity v="3330000"/><MeasureUnit v="KW1"/></Period><Period><TimeInterval v="2016-12-03T00:00Z/2016-12-03T01:00Z"/><Direction v="Z03"/><Quantity v="3330000"/><MeasureUnit v="KW1"/></Period><Period><TimeInterval v="2016-12-03T01:00Z/2016-12-03T02:00Z"/><Direction v="Z03"/><Quantity v="3330000"/><MeasureUnit v="KW1"/></Period><Period><TimeInterval v="2016-12-03T02:00Z/2016-12-03T03:00Z"/><Direction v="Z03"/><Quantity v="3330000"/><MeasureUnit v="KW1"/></Period><Period><TimeInterval v="2016-12-03T03:00Z/2016-12-03T04:00Z"/><Direction v="Z03"/><Quantity v="3330000"/><MeasureUnit v="KW1"/></Period><Period><TimeInterval v="2016-12-03T04:00Z/2016-12-03T05:00Z"/><Direction v="Z03"/><Quantity v="3330000"/><MeasureUnit v="KW1"/></Period></Category><Category><CapacityCode v="Z15"/><Period><TimeInterval v="2016-12-02T05:00Z/2016-12-02T06:00Z"/><Direction v="Z02"/><Quantity v="0"/><MeasureUnit v="KW1"/></Period><Period><TimeInterval v="2016-12-02T06:00Z/2016-12-02T07:00Z"/><Direction v="Z02"/><Quantity v="0"/><MeasureUnit v="KW1"/></Period><Period><TimeInterval v="2016-12-02T07:00Z/2016-12-02T08:00Z"/><Direction v="Z02"/><Quantity v="0"/><MeasureUnit v="KW1"/></Period><Period><TimeInterval v="2016-12-02T08:00Z/2016-12-02T09:00Z"/><Direction v="Z02"/><Quantity v="0"/><MeasureUnit v="KW1"/></Period><Period><TimeInterval v="2016-12-02T09:00Z/2016-12-02T10:00Z"/><Direction v="Z02"/><Quantity v="0"/><MeasureUnit v="KW1"/></Period><Period><TimeInterval v="2016-12-02T10:00Z/2016-12-02T11:00Z"/><Direction v="Z02"/><Quantity v="0"/><MeasureUnit v="KW1"/></Period><Period><TimeInterval v="2016-12-02T11:00Z/2016-12-02T12:00Z"/><Direction v="Z02"/><Quantity v="0"/><MeasureUnit v="KW1"/></Period><Period><TimeInterval v="2016-12-02T12:00Z/2016-12-02T13:00Z"/><Direction v="Z02"/><Quantity v="0"/><MeasureUnit v="KW1"/></Period><Period><TimeInterval v="2016-12-02T13:00Z/2016-12-02T14:00Z"/><Direction v="Z02"/><Quantity v="0"/><MeasureUnit v="KW1"/></Period><Period><TimeInterval v="2016-12-02T14:00Z/2016-12-02T15:00Z"/><Direction v="Z02"/><Quantity v="0"/><MeasureUnit v="KW1"/></Period><Period><TimeInterval v="2016-12-02T15:00Z/2016-12-02T16:00Z"/><Direction v="Z02"/><Quantity v="0"/><MeasureUnit v="KW1"/></Period><Period><TimeInterval v="2016-12-02T16:00Z/2016-12-02T17:00Z"/><Direction v="Z02"/><Quantity v="0"/><MeasureUnit v="KW1"/></Period><Period><TimeInterval v="2016-12-02T17:00Z/2016-12-02T18:00Z"/><Direction v="Z02"/><Quantity v="0"/><MeasureUnit v="KW1"/></Period><Period><TimeInterval v="2016-12-02T18:00Z/2016-12-02T19:00Z"/><Direction v="Z02"/><Quantity v="0"/><MeasureUnit v="KW1"/></Period><Period><TimeInterval v="2016-12-02T19:00Z/2016-12-02T20:00Z"/><Direction v="Z02"/><Quantity v="0"/><MeasureUnit v="KW1"/></Period><Period><TimeInterval v="2016-12-02T20:00Z/2016-12-02T21:00Z"/><Direction v="Z02"/><Quantity v="0"/><MeasureUnit v="KW1"/></Period><Period><TimeInterval v="2016-12-02T21:00Z/2016-12-02T22:00Z"/><Direction v="Z02"/><Quantity v="0"/><MeasureUnit v="KW1"/></Period><Period><TimeInterval v="2016-12-02T22:00Z/2016-12-02T23:00Z"/><Direction v="Z02"/><Quantity v="0"/><MeasureUnit v="KW1"/></Period><Period><TimeInterval v="2016-12-02T23:00Z/2016-12-03T00:00Z"/><Direction v="Z02"/><Quantity v="0"/><MeasureUnit v="KW1"/></Period><Period><TimeInterval v="2016-12-03T00:00Z/2016-12-03T01:00Z"/><Direction v="Z02"/><Quantity v="0"/><MeasureUnit v="KW1"/></Period><Period><TimeInterval v="2016-12-03T01:00Z/2016-12-03T02:00Z"/><Direction v="Z02"/><Quantity v="0"/><MeasureUnit v="KW1"/></Period><Period><TimeInterval v="2016-12-03T02:00Z/2016-12-03T03:00Z"/><Direction v="Z02"/><Quantity v="0"/><MeasureUnit v="KW1"/></Period><Period><TimeInterval v="2016-12-03T03:00Z/2016-12-03T04:00Z"/><Direction v="Z02"/><Quantity v="0"/><MeasureUnit v="KW1"/></Period><Period><TimeInterval v="2016-12-03T04:00Z/2016-12-03T05:00Z"/><Direction v="Z02"/><Quantity v="0"/><MeasureUnit v="KW1"/></Period><Period><TimeInterval v="2016-12-02T05:00Z/2016-12-02T06:00Z"/><Direction v="Z03"/><Quantity v="0"/><MeasureUnit v="KW1"/></Period><Period><TimeInterval v="2016-12-02T06:00Z/2016-12-02T07:00Z"/><Direction v="Z03"/><Quantity v="0"/><MeasureUnit v="KW1"/></Period><Period><TimeInterval v="2016-12-02T07:00Z/2016-12-02T08:00Z"/><Direction v="Z03"/><Quantity v="0"/><MeasureUnit v="KW1"/></Period><Period><TimeInterval v="2016-12-02T08:00Z/2016-12-02T09:00Z"/><Direction v="Z03"/><Quantity v="0"/><MeasureUnit v="KW1"/></Period><Period><TimeInterval v="2016-12-02T09:00Z/2016-12-02T10:00Z"/><Direction v="Z03"/><Quantity v="0"/><MeasureUnit v="KW1"/></Period><Period><TimeInterval v="2016-12-02T10:00Z/2016-12-02T11:00Z"/><Direction v="Z03"/><Quantity v="0"/><MeasureUnit v="KW1"/></Period><Period><TimeInterval v="2016-12-02T11:00Z/2016-12-02T12:00Z"/><Direction v="Z03"/><Quantity v="0"/><MeasureUnit v="KW1"/></Period><Period><TimeInterval v="2016-12-02T12:00Z/2016-12-02T13:00Z"/><Direction v="Z03"/><Quantity v="0"/><MeasureUnit v="KW1"/></Period><Period><TimeInterval v="2016-12-02T13:00Z/2016-12-02T14:00Z"/><Direction v="Z03"/><Quantity v="0"/><MeasureUnit v="KW1"/></Period><Period><TimeInterval v="2016-12-02T14:00Z/2016-12-02T15:00Z"/><Direction v="Z03"/><Quantity v="0"/><MeasureUnit v="KW1"/></Period><Period><TimeInterval v="2016-12-02T15:00Z/2016-12-02T16:00Z"/><Direction v="Z03"/><Quantity v="0"/><MeasureUnit v="KW1"/></Period><Period><TimeInterval v="2016-12-02T16:00Z/2016-12-02T17:00Z"/><Direction v="Z03"/><Quantity v="0"/><MeasureUnit v="KW1"/></Period><Period><TimeInterval v="2016-12-02T17:00Z/2016-12-02T18:00Z"/><Direction v="Z03"/><Quantity v="0"/><MeasureUnit v="KW1"/></Period><Period><TimeInterval v="2016-12-02T18:00Z/2016-12-02T19:00Z"/><Direction v="Z03"/><Quantity v="0"/><MeasureUnit v="KW1"/></Period><Period><TimeInterval v="2016-12-02T19:00Z/2016-12-02T20:00Z"/><Direction v="Z03"/><Quantity v="0"/><MeasureUnit v="KW1"/></Period><Period><TimeInterval v="2016-12-02T20:00Z/2016-12-02T21:00Z"/><Direction v="Z03"/><Quantity v="0"/><MeasureUnit v="KW1"/></Period><Period><TimeInterval v="2016-12-02T21:00Z/2016-12-02T22:00Z"/><Direction v="Z03"/><Quantity v="0"/><MeasureUnit v="KW1"/></Period><Period><TimeInterval v="2016-12-02T22:00Z/2016-12-02T23:00Z"/><Direction v="Z03"/><Quantity v="0"/><MeasureUnit v="KW1"/></Period><Period><TimeInterval v="2016-12-02T23:00Z/2016-12-03T00:00Z"/><Direction v="Z03"/><Quantity v="0"/><MeasureUnit v="KW1"/></Period><Period><TimeInterval v="2016-12-03T00:00Z/2016-12-03T01:00Z"/><Direction v="Z03"/><Quantity v="0"/><MeasureUnit v="KW1"/></Period><Period><TimeInterval v="2016-12-03T01:00Z/2016-12-03T02:00Z"/><Direction v="Z03"/><Quantity v="0"/><MeasureUnit v="KW1"/></Period><Period><TimeInterval v="2016-12-03T02:00Z/2016-12-03T03:00Z"/><Direction v="Z03"/><Quantity v="0"/><MeasureUnit v="KW1"/></Period><Period><TimeInterval v="2016-12-03T03:00Z/2016-12-03T04:00Z"/><Direction v="Z03"/><Quantity v="0"/><MeasureUnit v="KW1"/></Period><Period><TimeInterval v="2016-12-03T04:00Z/2016-12-03T05:00Z"/><Direction v="Z03"/><Quantity v="0"/><MeasureUnit v="KW1"/></Period></Category></ConnectionPoint><ConnectionPoint><Identification v="37Y000000000288Q" codingScheme="305"/><Type v="Z26"/><Category><CapacityCode v="Z12"/><Period><TimeInterval v="2016-12-02T05:00Z/2016-12-02T06:00Z"/><Direction v="Z02"/><Quantity v="10844"/><MeasureUnit v="KW1"/></Period><Period><TimeInterval v="2016-12-02T06:00Z/2016-12-02T07:00Z"/><Direction v="Z02"/><Quantity v="10844"/><MeasureUnit v="KW1"/></Period><Period><TimeInterval v="2016-12-02T07:00Z/2016-12-02T08:00Z"/><Direction v="Z02"/><Quantity v="10844"/><MeasureUnit v="KW1"/></Period><Period><TimeInterval v="2016-12-02T08:00Z/2016-12-02T09:00Z"/><Direction v="Z02"/><Quantity v="10844"/><MeasureUnit v="KW1"/></Period><Period><TimeInterval v="2016-12-02T09:00Z/2016-12-02T10:00Z"/><Direction v="Z02"/><Quantity v="10844"/><MeasureUnit v="KW1"/></Period><Period><TimeInterval v="2016-12-02T10:00Z/2016-12-02T11:00Z"/><Direction v="Z02"/><Quantity v="10844"/><MeasureUnit v="KW1"/></Period><Period><TimeInterval v="2016-12-02T11:00Z/2016-12-02T12:00Z"/><Direction v="Z02"/><Quantity v="10844"/><MeasureUnit v="KW1"/></Period><Period><TimeInterval v="2016-12-02T12:00Z/2016-12-02T13:00Z"/><Direction v="Z02"/><Quantity v="10844"/><MeasureUnit v="KW1"/></Period><Period><TimeInterval v="2016-12-02T13:00Z/2016-12-02T14:00Z"/><Direction v="Z02"/><Quantity v="10844"/><MeasureUnit v="KW1"/></Period><Period><TimeInterval v="2016-12-02T14:00Z/2016-12-02T15:00Z"/><Direction v="Z02"/><Quantity v="10844"/><MeasureUnit v="KW1"/></Period><Period><TimeInterval v="2016-12-02T15:00Z/2016-12-02T16:00Z"/><Direction v="Z02"/><Quantity v="10844"/><MeasureUnit v="KW1"/></Period><Period><TimeInterval v="2016-12-02T16:00Z/2016-12-02T17:00Z"/><Direction v="Z02"/><Quantity v="10844"/><MeasureUnit v="KW1"/></Period><Period><TimeInterval v="2016-12-02T17:00Z/2016-12-02T18:00Z"/><Direction v="Z02"/><Quantity v="10844"/><MeasureUnit v="KW1"/></Period><Period><TimeInterval v="2016-12-02T18:00Z/2016-12-02T19:00Z"/><Direction v="Z02"/><Quantity v="10844"/><MeasureUnit v="KW1"/></Period><Period><TimeInterval v="2016-12-02T19:00Z/2016-12-02T20:00Z"/><Direction v="Z02"/><Quantity v="10844"/><MeasureUnit v="KW1"/></Period><Period><TimeInterval v="2016-12-02T20:00Z/2016-12-02T21:00Z"/><Direction v="Z02"/><Quantity v="10844"/><MeasureUnit v="KW1"/></Period><Period><TimeInterval v="2016-12-02T21:00Z/2016-12-02T22:00Z"/><Direction v="Z02"/><Quantity v="10844"/><MeasureUnit v="KW1"/></Period><Period><TimeInterval v="2016-12-02T22:00Z/2016-12-02T23:00Z"/><Direction v="Z02"/><Quantity v="10844"/><MeasureUnit v="KW1"/></Period><Period><TimeInterval v="2016-12-02T23:00Z/2016-12-03T00:00Z"/><Direction v="Z02"/><Quantity v="10844"/><MeasureUnit v="KW1"/></Period><Period><TimeInterval v="2016-12-03T00:00Z/2016-12-03T01:00Z"/><Direction v="Z02"/><Quantity v="10844"/><MeasureUnit v="KW1"/></Period><Period><TimeInterval v="2016-12-03T01:00Z/2016-12-03T02:00Z"/><Direction v="Z02"/><Quantity v="10844"/><MeasureUnit v="KW1"/></Period><Period><TimeInterval v="2016-12-03T02:00Z/2016-12-03T03:00Z"/><Direction v="Z02"/><Quantity v="10844"/><MeasureUnit v="KW1"/></Period><Period><TimeInterval v="2016-12-03T03:00Z/2016-12-03T04:00Z"/><Direction v="Z02"/><Quantity v="10844"/><MeasureUnit v="KW1"/></Period><Period><TimeInterval v="2016-12-03T04:00Z/2016-12-03T05:00Z"/><Direction v="Z02"/><Quantity v="10844"/><MeasureUnit v="KW1"/></Period></Category><Category><CapacityCode v="Z14"/><Period><TimeInterval v="2016-12-02T05:00Z/2016-12-02T06:00Z"/><Direction v="Z02"/><Quantity v="9244"/><MeasureUnit v="KW1"/></Period><Period><TimeInterval v="2016-12-02T06:00Z/2016-12-02T07:00Z"/><Direction v="Z02"/><Quantity v="9244"/><MeasureUnit v="KW1"/></Period><Period><TimeInterval v="2016-12-02T07:00Z/2016-12-02T08:00Z"/><Direction v="Z02"/><Quantity v="9244"/><MeasureUnit v="KW1"/></Period><Period><TimeInterval v="2016-12-02T08:00Z/2016-12-02T09:00Z"/><Direction v="Z02"/><Quantity v="9244"/><MeasureUnit v="KW1"/></Period><Period><TimeInterval v="2016-12-02T09:00Z/2016-12-02T10:00Z"/><Direction v="Z02"/><Quantity v="9244"/><MeasureUnit v="KW1"/></Period><Period><TimeInterval v="2016-12-02T10:00Z/2016-12-02T11:00Z"/><Direction v="Z02"/><Quantity v="9244"/><MeasureUnit v="KW1"/></Period><Period><TimeInterval v="2016-12-02T11:00Z/2016-12-02T12:00Z"/><Direction v="Z02"/><Quantity v="9244"/><MeasureUnit v="KW1"/></Period><Period><TimeInterval v="2016-12-02T12:00Z/2016-12-02T13:00Z"/><Direction v="Z02"/><Quantity v="9244"/><MeasureUnit v="KW1"/></Period><Period><TimeInterval v="2016-12-02T13:00Z/2016-12-02T14:00Z"/><Direction v="Z02"/><Quantity v="9244"/><MeasureUnit v="KW1"/></Period><Period><TimeInterval v="2016-12-02T14:00Z/2016-12-02T15:00Z"/><Direction v="Z02"/><Quantity v="9244"/><MeasureUnit v="KW1"/></Period><Period><TimeInterval v="2016-12-02T15:00Z/2016-12-02T16:00Z"/><Direction v="Z02"/><Quantity v="9244"/><MeasureUnit v="KW1"/></Period><Period><TimeInterval v="2016-12-02T16:00Z/2016-12-02T17:00Z"/><Direction v="Z02"/><Quantity v="9244"/><MeasureUnit v="KW1"/></Period><Period><TimeInterval v="2016-12-02T17:00Z/2016-12-02T18:00Z"/><Direction v="Z02"/><Quantity v="9244"/><MeasureUnit v="KW1"/></Period><Period><TimeInterval v="2016-12-02T18:00Z/2016-12-02T19:00Z"/><Direction v="Z02"/><Quantity v="9244"/><MeasureUnit v="KW1"/></Period><Period><TimeInterval v="2016-12-02T19:00Z/2016-12-02T20:00Z"/><Direction v="Z02"/><Quantity v="9244"/><MeasureUnit v="KW1"/></Period><Period><TimeInterval v="2016-12-02T20:00Z/2016-12-02T21:00Z"/><Direction v="Z02"/><Quantity v="9244"/><MeasureUnit v="KW1"/></Period><Period><TimeInterval v="2016-12-02T21:00Z/2016-12-02T22:00Z"/><Direction v="Z02"/><Quantity v="9244"/><MeasureUnit v="KW1"/></Period><Period><TimeInterval v="2016-12-02T22:00Z/2016-12-02T23:00Z"/><Direction v="Z02"/><Quantity v="9244"/><MeasureUnit v="KW1"/></Period><Period><TimeInterval v="2016-12-02T23:00Z/2016-12-03T00:00Z"/><Direction v="Z02"/><Quantity v="9244"/><MeasureUnit v="KW1"/></Period><Period><TimeInterval v="2016-12-03T00:00Z/2016-12-03T01:00Z"/><Direction v="Z02"/><Quantity v="9244"/><MeasureUnit v="KW1"/></Period><Period><TimeInterval v="2016-12-03T01:00Z/2016-12-03T02:00Z"/><Direction v="Z02"/><Quantity v="9244"/><MeasureUnit v="KW1"/></Period><Period><TimeInterval v="2016-12-03T02:00Z/2016-12-03T03:00Z"/><Direction v="Z02"/><Quantity v="9244"/><MeasureUnit v="KW1"/></Period><Period><TimeInterval v="2016-12-03T03:00Z/2016-12-03T04:00Z"/><Direction v="Z02"/><Quantity v="9244"/><MeasureUnit v="KW1"/></Period><Period><TimeInterval v="2016-12-03T04:00Z/2016-12-03T05:00Z"/><Direction v="Z02"/><Quantity v="9244"/><MeasureUnit v="KW1"/></Period></Category><Category><CapacityCode v="Z15"/><Period><TimeInterval v="2016-12-02T05:00Z/2016-12-02T06:00Z"/><Direction v="Z02"/><Quantity v="0"/><MeasureUnit v="KW1"/></Period><Period><TimeInterval v="2016-12-02T06:00Z/2016-12-02T07:00Z"/><Direction v="Z02"/><Quantity v="0"/><MeasureUnit v="KW1"/></Period><Period><TimeInterval v="2016-12-02T07:00Z/2016-12-02T08:00Z"/><Direction v="Z02"/><Quantity v="0"/><MeasureUnit v="KW1"/></Period><Period><TimeInterval v="2016-12-02T08:00Z/2016-12-02T09:00Z"/><Direction v="Z02"/><Quantity v="0"/><MeasureUnit v="KW1"/></Period><Period><TimeInterval v="2016-12-02T09:00Z/2016-12-02T10:00Z"/><Direction v="Z02"/><Quantity v="0"/><MeasureUnit v="KW1"/></Period><Period><TimeInterval v="2016-12-02T10:00Z/2016-12-02T11:00Z"/><Direction v="Z02"/><Quantity v="0"/><MeasureUnit v="KW1"/></Period><Period><TimeInterval v="2016-12-02T11:00Z/2016-12-02T12:00Z"/><Direction v="Z02"/><Quantity v="0"/><MeasureUnit v="KW1"/></Period><Period><TimeInterval v="2016-12-02T12:00Z/2016-12-02T13:00Z"/><Direction v="Z02"/><Quantity v="0"/><MeasureUnit v="KW1"/></Period><Period><TimeInterval v="2016-12-02T13:00Z/2016-12-02T14:00Z"/><Direction v="Z02"/><Quantity v="0"/><MeasureUnit v="KW1"/></Period><Period><TimeInterval v="2016-12-02T14:00Z/2016-12-02T15:00Z"/><Direction v="Z02"/><Quantity v="0"/><MeasureUnit v="KW1"/></Period><Period><TimeInterval v="2016-12-02T15:00Z/2016-12-02T16:00Z"/><Direction v="Z02"/><Quantity v="0"/><MeasureUnit v="KW1"/></Period><Period><TimeInterval v="2016-12-02T16:00Z/2016-12-02T17:00Z"/><Direction v="Z02"/><Quantity v="0"/><MeasureUnit v="KW1"/></Period><Period><TimeInterval v="2016-12-02T17:00Z/2016-12-02T18:00Z"/><Direction v="Z02"/><Quantity v="0"/><MeasureUnit v="KW1"/></Period><Period><TimeInterval v="2016-12-02T18:00Z/2016-12-02T19:00Z"/><Direction v="Z02"/><Quantity v="0"/><MeasureUnit v="KW1"/></Period><Period><TimeInterval v="2016-12-02T19:00Z/2016-12-02T20:00Z"/><Direction v="Z02"/><Quantity v="0"/><MeasureUnit v="KW1"/></Period><Period><TimeInterval v="2016-12-02T20:00Z/2016-12-02T21:00Z"/><Direction v="Z02"/><Quantity v="0"/><MeasureUnit v="KW1"/></Period><Period><TimeInterval v="2016-12-02T21:00Z/2016-12-02T22:00Z"/><Direction v="Z02"/><Quantity v="0"/><MeasureUnit v="KW1"/></Period><Period><TimeInterval v="2016-12-02T22:00Z/2016-12-02T23:00Z"/><Direction v="Z02"/><Quantity v="0"/><MeasureUnit v="KW1"/></Period><Period><TimeInterval v="2016-12-02T23:00Z/2016-12-03T00:00Z"/><Direction v="Z02"/><Quantity v="0"/><MeasureUnit v="KW1"/></Period><Period><TimeInterval v="2016-12-03T00:00Z/2016-12-03T01:00Z"/><Direction v="Z02"/><Quantity v="0"/><MeasureUnit v="KW1"/></Period><Period><TimeInterval v="2016-12-03T01:00Z/2016-12-03T02:00Z"/><Direction v="Z02"/><Quantity v="0"/><MeasureUnit v="KW1"/></Period><Period><TimeInterval v="2016-12-03T02:00Z/2016-12-03T03:00Z"/><Direction v="Z02"/><Quantity v="0"/><MeasureUnit v="KW1"/></Period><Period><TimeInterval v="2016-12-03T03:00Z/2016-12-03T04:00Z"/><Direction v="Z02"/><Quantity v="0"/><MeasureUnit v="KW1"/></Period><Period><TimeInterval v="2016-12-03T04:00Z/2016-12-03T05:00Z"/><Direction v="Z02"/><Quantity v="0"/><MeasureUnit v="KW1"/></Period></Category></ConnectionPoint><ConnectionPoint><Identification v="21Z000000000343P" codingScheme="305"/><Type v="Z31"/><Category><CapacityCode v="Z12"/><Period><TimeInterval v="2016-12-02T05:00Z/2016-12-02T06:00Z"/><Direction v="Z03"/><Quantity v="8034952"/><MeasureUnit v="KW1"/></Period><Period><TimeInterval v="2016-12-02T06:00Z/2016-12-02T07:00Z"/><Direction v="Z03"/><Quantity v="8585687"/><MeasureUnit v="KW1"/></Period><Period><TimeInterval v="2016-12-02T07:00Z/2016-12-02T08:00Z"/><Direction v="Z03"/><Quantity v="9320934"/><MeasureUnit v="KW1"/></Period><Period><TimeInterval v="2016-12-02T08:00Z/2016-12-02T09:00Z"/><Direction v="Z03"/><Quantity v="9679607"/><MeasureUnit v="KW1"/></Period><Period><TimeInterval v="2016-12-02T09:00Z/2016-12-02T10:00Z"/><Direction v="Z03"/><Quantity v="9746689"/><MeasureUnit v="KW1"/></Period><Period><TimeInterval v="2016-12-02T10:00Z/2016-12-02T11:00Z"/><Direction v="Z03"/><Quantity v="9774976"/><MeasureUnit v="KW1"/></Period><Period><TimeInterval v="2016-12-02T11:00Z/2016-12-02T12:00Z"/><Direction v="Z03"/><Quantity v="9592734"/><MeasureUnit v="KW1"/></Period><Period><TimeInterval v="2016-12-02T12:00Z/2016-12-02T13:00Z"/><Direction v="Z03"/><Quantity v="9845541"/><MeasureUnit v="KW1"/></Period><Period><TimeInterval v="2016-12-02T13:00Z/2016-12-02T14:00Z"/><Direction v="Z03"/><Quantity v="9797594"/><MeasureUnit v="KW1"/></Period><Period><TimeInterval v="2016-12-02T14:00Z/2016-12-02T15:00Z"/><Direction v="Z03"/><Quantity v="9883640"/><MeasureUnit v="KW1"/></Period><Period><TimeInterval v="2016-12-02T15:00Z/2016-12-02T16:00Z"/><Direction v="Z03"/><Quantity v="9898916"/><MeasureUnit v="KW1"/></Period><Period><TimeInterval v="2016-12-02T16:00Z/2016-12-02T17:00Z"/><Direction v="Z03"/><Quantity v="9865851"/><MeasureUnit v="KW1"/></Period><Period><TimeInterval v="2016-12-02T17:00Z/2016-12-02T18:00Z"/><Direction v="Z03"/><Quantity v="9702393"/><MeasureUnit v="KW1"/></Period><Period><TimeInterval v="2016-12-02T18:00Z/2016-12-02T19:00Z"/><Direction v="Z03"/><Quantity v="9829583"/><MeasureUnit v="KW1"/></Period><Period><TimeInterval v="2016-12-02T19:00Z/2016-12-02T20:00Z"/><Direction v="Z03"/><Quantity v="9896105"/><MeasureUnit v="KW1"/></Period><Period><TimeInterval v="2016-12-02T20:00Z/2016-12-02T21:00Z"/><Direction v="Z03"/><Quantity v="9291931"/><MeasureUnit v="KW1"/></Period><Period><TimeInterval v="2016-12-02T21:00Z/2016-12-02T22:00Z"/><Direction v="Z03"/><Quantity v="8221716"/><MeasureUnit v="KW1"/></Period><Period><TimeInterval v="2016-12-02T22:00Z/2016-12-02T23:00Z"/><Direction v="Z03"/><Quantity v="8161182"/><MeasureUnit v="KW1"/></Period><Period><TimeInterval v="2016-12-02T23:00Z/2016-12-03T00:00Z"/><Direction v="Z03"/><Quantity v="7871656"/><MeasureUnit v="KW1"/></Period><Period><TimeInterval v="2016-12-03T00:00Z/2016-12-03T01:00Z"/><Direction v="Z03"/><Quantity v="7898352"/><MeasureUnit v="KW1"/></Period><Period><TimeInterval v="2016-12-03T01:00Z/2016-12-03T02:00Z"/><Direction v="Z03"/><Quantity v="7827896"/><MeasureUnit v="KW1"/></Period><Period><TimeInterval v="2016-12-03T02:00Z/2016-12-03T03:00Z"/><Direction v="Z03"/><Quantity v="7734531"/><MeasureUnit v="KW1"/></Period><Period><TimeInterval v="2016-12-03T03:00Z/2016-12-03T04:00Z"/><Direction v="Z03"/><Quantity v="7890901"/><MeasureUnit v="KW1"/></Period><Period><TimeInterval v="2016-12-03T04:00Z/2016-12-03T05:00Z"/><Direction v="Z03"/><Quantity v="8004114"/><MeasureUnit v="KW1"/></Period></Category><Category><CapacityCode v="Z15"/><Period><TimeInterval v="2016-12-02T05:00Z/2016-12-02T06:00Z"/><Direction v="Z03"/><Quantity v="0"/><MeasureUnit v="KW1"/></Period><Period><TimeInterval v="2016-12-02T06:00Z/2016-12-02T07:00Z"/><Direction v="Z03"/><Quantity v="0"/><MeasureUnit v="KW1"/></Period><Period><TimeInterval v="2016-12-02T07:00Z/2016-12-02T08:00Z"/><Direction v="Z03"/><Quantity v="0"/><MeasureUnit v="KW1"/></Period><Period><TimeInterval v="2016-12-02T08:00Z/2016-12-02T09:00Z"/><Direction v="Z03"/><Quantity v="0"/><MeasureUnit v="KW1"/></Period><Period><TimeInterval v="2016-12-02T09:00Z/2016-12-02T10:00Z"/><Direction v="Z03"/><Quantity v="0"/><MeasureUnit v="KW1"/></Period><Period><TimeInterval v="2016-12-02T10:00Z/2016-12-02T11:00Z"/><Direction v="Z03"/><Quantity v="0"/><MeasureUnit v="KW1"/></Period><Period><TimeInterval v="2016-12-02T11:00Z/2016-12-02T12:00Z"/><Direction v="Z03"/><Quantity v="0"/><MeasureUnit v="KW1"/></Period><Period><TimeInterval v="2016-12-02T12:00Z/2016-12-02T13:00Z"/><Direction v="Z03"/><Quantity v="0"/><MeasureUnit v="KW1"/></Period><Period><TimeInterval v="2016-12-02T13:00Z/2016-12-02T14:00Z"/><Direction v="Z03"/><Quantity v="0"/><MeasureUnit v="KW1"/></Period><Period><TimeInterval v="2016-12-02T14:00Z/2016-12-02T15:00Z"/><Direction v="Z03"/><Quantity v="0"/><MeasureUnit v="KW1"/></Period><Period><TimeInterval v="2016-12-02T15:00Z/2016-12-02T16:00Z"/><Direction v="Z03"/><Quantity v="0"/><MeasureUnit v="KW1"/></Period><Period><TimeInterval v="2016-12-02T16:00Z/2016-12-02T17:00Z"/><Direction v="Z03"/><Quantity v="0"/><MeasureUnit v="KW1"/></Period><Period><TimeInterval v="2016-12-02T17:00Z/2016-12-02T18:00Z"/><Direction v="Z03"/><Quantity v="0"/><MeasureUnit v="KW1"/></Period><Period><TimeInterval v="2016-12-02T18:00Z/2016-12-02T19:00Z"/><Direction v="Z03"/><Quantity v="0"/><MeasureUnit v="KW1"/></Period><Period><TimeInterval v="2016-12-02T19:00Z/2016-12-02T20:00Z"/><Direction v="Z03"/><Quantity v="0"/><MeasureUnit v="KW1"/></Period><Period><TimeInterval v="2016-12-02T20:00Z/2016-12-02T21:00Z"/><Direction v="Z03"/><Quantity v="0"/><MeasureUnit v="KW1"/></Period><Period><TimeInterval v="2016-12-02T21:00Z/2016-12-02T22:00Z"/><Direction v="Z03"/><Quantity v="0"/><MeasureUnit v="KW1"/></Period><Period><TimeInterval v="2016-12-02T22:00Z/2016-12-02T23:00Z"/><Direction v="Z03"/><Quantity v="0"/><MeasureUnit v="KW1"/></Period><Period><TimeInterval v="2016-12-02T23:00Z/2016-12-03T00:00Z"/><Direction v="Z03"/><Quantity v="0"/><MeasureUnit v="KW1"/></Period><Period><TimeInterval v="2016-12-03T00:00Z/2016-12-03T01:00Z"/><Direction v="Z03"/><Quantity v="0"/><MeasureUnit v="KW1"/></Period><Period><TimeInterval v="2016-12-03T01:00Z/2016-12-03T02:00Z"/><Direction v="Z03"/><Quantity v="0"/><MeasureUnit v="KW1"/></Period><Period><TimeInterval v="2016-12-03T02:00Z/2016-12-03T03:00Z"/><Direction v="Z03"/><Quantity v="0"/><MeasureUnit v="KW1"/></Period><Period><TimeInterval v="2016-12-03T03:00Z/2016-12-03T04:00Z"/><Direction v="Z03"/><Quantity v="0"/><MeasureUnit v="KW1"/></Period><Period><TimeInterval v="2016-12-03T04:00Z/2016-12-03T05:00Z"/><Direction v="Z03"/><Quantity v="0"/><MeasureUnit v="KW1"/></Period></Category></ConnectionPoint></TransparencyPublication>