<?xml version="1.0" encoding="UTF-8"?><TransparencyPublication Version="EGAS50" Release="A"><Identification v="TRANPB20170102A103938"/><Version v="1"/><Type v="AL5"/><CreationDateTime v="2017-01-02T07:12:09.649Z"/><ValidityPeriod v="2016-12-21T05:00Z/2016-12-22T05:00Z"/><IssuerIdentification v="21X-DE-C-A0A0A-T" codingScheme="305"/><IssuerRole v="ZSO"/><RecipientIdentification v="10X1001A1001A353" codingScheme="305"/><RecipientRole v="ZUA"/><ConnectionPoint><Identification v="37Z000000006231B" codingScheme="305"/><Type v="Z26"/><Category><CapacityCode v="Z06"/><Period><TimeInterval v="2016-12-21T05:00Z/2016-12-21T06:00Z"/><Direction v="Z02"/><Quantity v="0"/><MeasureUnit v="KW1"/></Period><Period><TimeInterval v="2016-12-21T06:00Z/2016-12-21T07:00Z"/><Direction v="Z02"/><Quantity v="0"/><MeasureUnit v="KW1"/></Period><Period><TimeInterval v="2016-12-21T07:00Z/2016-12-21T08:00Z"/><Direction v="Z02"/><Quantity v="0"/><MeasureUnit v="KW1"/></Period><Period><TimeInterval v="2016-12-21T08:00Z/2016-12-21T09:00Z"/><Direction v="Z02"/><Quantity v="0"/><MeasureUnit v="KW1"/></Period><Period><TimeInterval v="2016-12-21T09:00Z/2016-12-21T10:00Z"/><Direction v="Z02"/><Quantity v="0"/><MeasureUnit v="KW1"/></Period><Period><TimeInterval v="2016-12-21T10:00Z/2016-12-21T11:00Z"/><Direction v="Z02"/><Quantity v="0"/><MeasureUnit v="KW1"/></Period><Period><TimeInterval v="2016-12-21T11:00Z/2016-12-21T12:00Z"/><Direction v="Z02"/><Quantity v="0"/><MeasureUnit v="KW1"/></Period><Period><TimeInterval v="2016-12-21T12:00Z/2016-12-21T13:00Z"/><Direction v="Z02"/><Quantity v="0"/><MeasureUnit v="KW1"/></Period><Period><TimeInterval v="2016-12-21T13:00Z/2016-12-21T14:00Z"/><Direction v="Z02"/><Quantity v="0"/><MeasureUnit v="KW1"/></Period><Period><TimeInterval v="2016-12-21T14:00Z/2016-12-21T15:00Z"/><Direction v="Z02"/><Quantity v="0"/><MeasureUnit v="KW1"/></Period><Period><TimeInterval v="2016-12-21T15:00Z/2016-12-21T16:00Z"/><Direction v="Z02"/><Quantity v="0"/><MeasureUnit v="KW1"/></Period><Period><TimeInterval v="2016-12-21T16:00Z/2016-12-21T17:00Z"/><Direction v="Z02"/><Quantity v="0"/><MeasureUnit v="KW1"/></Period><Period><TimeInterval v="2016-12-21T17:00Z/2016-12-21T18:00Z"/><Direction v="Z02"/><Quantity v="0"/><MeasureUnit v="KW1"/></Period><Period><TimeInterval v="2016-12-21T18:00Z/2016-12-21T19:00Z"/><Direction v="Z02"/><Quantity v="0"/><MeasureUnit v="KW1"/></Period><Period><TimeInterval v="2016-12-21T19:00Z/2016-12-21T20:00Z"/><Direction v="Z02"/><Quantity v="0"/><MeasureUnit v="KW1"/></Period><Period><TimeInterval v="2016-12-21T20:00Z/2016-12-21T21:00Z"/><Direction v="Z02"/><Quantity v="0"/><MeasureUnit v="KW1"/></Period><Period><TimeInterval v="2016-12-21T21:00Z/2016-12-21T22:00Z"/><Direction v="Z02"/><Quantity v="0"/><MeasureUnit v="KW1"/></Period><Period><TimeInterval v="2016-12-21T22:00Z/2016-12-21T23:00Z"/><Direction v="Z02"/><Quantity v="0"/><MeasureUnit v="KW1"/></Period><Period><TimeInterval v="2016-12-21T23:00Z/2016-12-22T00:00Z"/><Direction v="Z02"/><Quantity v="0"/><MeasureUnit v="KW1"/></Period><Period><TimeInterval v="2016-12-22T00:00Z/2016-12-22T01:00Z"/><Direction v="Z02"/><Quantity v="0"/><MeasureUnit v="KW1"/></Period><Period><TimeInterval v="2016-12-22T01:00Z/2016-12-22T02:00Z"/><Direction v="Z02"/><Quantity v="0"/><MeasureUnit v="KW1"/></Period><Period><TimeInterval v="2016-12-22T02:00Z/2016-12-22T03:00Z"/><Direction v="Z02"/><Quantity v="0"/><MeasureUnit v="KW1"/></Period><Period><TimeInterval v="2016-12-22T03:00Z/2016-12-22T04:00Z"/><Direction v="Z02"/><Quantity v="0"/><MeasureUnit v="KW1"/></Period><Period><TimeInterval v="2016-12-22T04:00Z/2016-12-22T05:00Z"/><Direction v="Z02"/><Quantity v="0"/><MeasureUnit v="KW1"/></Period></Category><Category><CapacityCode v="Z07"/><Period><TimeInterval v="2016-12-21T05:00Z/2016-12-21T06:00Z"/><Direction v="Z02"/><Quantity v="0"/><MeasureUnit v="KW1"/></Period><Period><TimeInterval v="2016-12-21T06:00Z/2016-12-21T07:00Z"/><Direction v="Z02"/><Quantity v="0"/><MeasureUnit v="KW1"/></Period><Period><TimeInterval v="2016-12-21T07:00Z/2016-12-21T08:00Z"/><Direction v="Z02"/><Quantity v="0"/><MeasureUnit v="KW1"/></Period><Period><TimeInterval v="2016-12-21T08:00Z/2016-12-21T09:00Z"/><Direction v="Z02"/><Quantity v="0"/><MeasureUnit v="KW1"/></Period><Period><TimeInterval v="2016-12-21T09:00Z/2016-12-21T10:00Z"/><Direction v="Z02"/><Quantity v="0"/><MeasureUnit v="KW1"/></Period><Period><TimeInterval v="2016-12-21T10:00Z/2016-12-21T11:00Z"/><Direction v="Z02"/><Quantity v="0"/><MeasureUnit v="KW1"/></Period><Period><TimeInterval v="2016-12-21T11:00Z/2016-12-21T12:00Z"/><Direction v="Z02"/><Quantity v="0"/><MeasureUnit v="KW1"/></Period><Period><TimeInterval v="2016-12-21T12:00Z/2016-12-21T13:00Z"/><Direction v="Z02"/><Quantity v="0"/><MeasureUnit v="KW1"/></Period><Period><TimeInterval v="2016-12-21T13:00Z/2016-12-21T14:00Z"/><Direction v="Z02"/><Quantity v="0"/><MeasureUnit v="KW1"/></Period><Period><TimeInterval v="2016-12-21T14:00Z/2016-12-21T15:00Z"/><Direction v="Z02"/><Quantity v="0"/><MeasureUnit v="KW1"/></Period><Period><TimeInterval v="2016-12-21T15:00Z/2016-12-21T16:00Z"/><Direction v="Z02"/><Quantity v="0"/><MeasureUnit v="KW1"/></Period><Period><TimeInterval v="2016-12-21T16:00Z/2016-12-21T17:00Z"/><Direction v="Z02"/><Quantity v="0"/><MeasureUnit v="KW1"/></Period><Period><TimeInterval v="2016-12-21T17:00Z/2016-12-21T18:00Z"/><Direction v="Z02"/><Quantity v="0"/><MeasureUnit v="KW1"/></Period><Period><TimeInterval v="2016-12-21T18:00Z/2016-12-21T19:00Z"/><Direction v="Z02"/><Quantity v="0"/><MeasureUnit v="KW1"/></Period><Period><TimeInterval v="2016-12-21T19:00Z/2016-12-21T20:00Z"/><Direction v="Z02"/><Quantity v="0"/><MeasureUnit v="KW1"/></Period><Period><TimeInterval v="2016-12-21T20:00Z/2016-12-21T21:00Z"/><Direction v="Z02"/><Quantity v="0"/><MeasureUnit v="KW1"/></Period><Period><TimeInterval v="2016-12-21T21:00Z/2016-12-21T22:00Z"/><Direction v="Z02"/><Quantity v="0"/><MeasureUnit v="KW1"/></Period><Period><TimeInterval v="2016-12-21T22:00Z/2016-12-21T23:00Z"/><Direction v="Z02"/><Quantity v="0"/><MeasureUnit v="KW1"/></Period><Period><TimeInterval v="2016-12-21T23:00Z/2016-12-22T00:00Z"/><Direction v="Z02"/><Quantity v="0"/><MeasureUnit v="KW1"/></Period><Period><TimeInterval v="2016-12-22T00:00Z/2016-12-22T01:00Z"/><Direction v="Z02"/><Quantity v="0"/><MeasureUnit v="KW1"/></Period><Period><TimeInterval v="2016-12-22T01:00Z/2016-12-22T02:00Z"/><Direction v="Z02"/><Quantity v="0"/><MeasureUnit v="KW1"/></Period><Period><TimeInterval v="2016-12-22T02:00Z/2016-12-22T03:00Z"/><Direction v="Z02"/><Quantity v="0"/><MeasureUnit v="KW1"/></Period><Period><TimeInterval v="2016-12-22T03:00Z/2016-12-22T04:00Z"/><Direction v="Z02"/><Quantity v="0"/><MeasureUnit v="KW1"/></Period><Period><TimeInterval v="2016-12-22T04:00Z/2016-12-22T05:00Z"/><Direction v="Z02"/><Quantity v="0"/><MeasureUnit v="KW1"/></Period></Category><Category><CapacityCode v="Z09"/><Period><TimeInterval v="2016-12-21T05:00Z/2016-12-21T06:00Z"/><Direction v="Z02"/><Quantity v="49400"/><MeasureUnit v="KW1"/></Period><Period><TimeInterval v="2016-12-21T06:00Z/2016-12-21T07:00Z"/><Direction v="Z02"/><Quantity v="49400"/><MeasureUnit v="KW1"/></Period><Period><TimeInterval v="2016-12-21T07:00Z/2016-12-21T08:00Z"/><Direction v="Z02"/><Quantity v="49400"/><MeasureUnit v="KW1"/></Period><Period><TimeInterval v="2016-12-21T08:00Z/2016-12-21T09:00Z"/><Direction v="Z02"/><Quantity v="49400"/><MeasureUnit v="KW1"/></Period><Period><TimeInterval v="2016-12-21T09:00Z/2016-12-21T10:00Z"/><Direction v="Z02"/><Quantity v="49400"/><MeasureUnit v="KW1"/></Period><Period><TimeInterval v="2016-12-21T10:00Z/2016-12-21T11:00Z"/><Direction v="Z02"/><Quantity v="49400"/><MeasureUnit v="KW1"/></Period><Period><TimeInterval v="2016-12-21T11:00Z/2016-12-21T12:00Z"/><Direction v="Z02"/><Quantity v="49400"/><MeasureUnit v="KW1"/></Period><Period><TimeInterval v="2016-12-21T12:00Z/2016-12-21T13:00Z"/><Direction v="Z02"/><Quantity v="49400"/><MeasureUnit v="KW1"/></Period><Period><TimeInterval v="2016-12-21T13:00Z/2016-12-21T14:00Z"/><Direction v="Z02"/><Quantity v="49400"/><MeasureUnit v="KW1"/></Period><Period><TimeInterval v="2016-12-21T14:00Z/2016-12-21T15:00Z"/><Direction v="Z02"/><Quantity v="49400"/><MeasureUnit v="KW1"/></Period><Period><TimeInterval v="2016-12-21T15:00Z/2016-12-21T16:00Z"/><Direction v="Z02"/><Quantity v="49400"/><MeasureUnit v="KW1"/></Period><Period><TimeInterval v="2016-12-21T16:00Z/2016-12-21T17:00Z"/><Direction v="Z02"/><Quantity v="49400"/><MeasureUnit v="KW1"/></Period><Period><TimeInterval v="2016-12-21T17:00Z/2016-12-21T18:00Z"/><Direction v="Z02"/><Quantity v="49400"/><MeasureUnit v="KW1"/></Period><Period><TimeInterval v="2016-12-21T18:00Z/2016-12-21T19:00Z"/><Direction v="Z02"/><Quantity v="49400"/><MeasureUnit v="KW1"/></Period><Period><TimeInterval v="2016-12-21T19:00Z/2016-12-21T20:00Z"/><Direction v="Z02"/><Quantity v="49400"/><MeasureUnit v="KW1"/></Period><Period><TimeInterval v="2016-12-21T20:00Z/2016-12-21T21:00Z"/><Direction v="Z02"/><Quantity v="49400"/><MeasureUnit v="KW1"/></Period><Period><TimeInterval v="2016-12-21T21:00Z/2016-12-21T22:00Z"/><Direction v="Z02"/><Quantity v="49400"/><MeasureUnit v="KW1"/></Period><Period><TimeInterval v="2016-12-21T22:00Z/2016-12-21T23:00Z"/><Direction v="Z02"/><Quantity v="49400"/><MeasureUnit v="KW1"/></Period><Period><TimeInterval v="2016-12-21T23:00Z/2016-12-22T00:00Z"/><Direction v="Z02"/><Quantity v="49400"/><MeasureUnit v="KW1"/></Period><Period><TimeInterval v="2016-12-22T00:00Z/2016-12-22T01:00Z"/><Direction v="Z02"/><Quantity v="49400"/><MeasureUnit v="KW1"/></Period><Period><TimeInterval v="2016-12-22T01:00Z/2016-12-22T02:00Z"/><Direction v="Z02"/><Quantity v="49400"/><MeasureUnit v="KW1"/></Period><Period><TimeInterval v="2016-12-22T02:00Z/2016-12-22T03:00Z"/><Direction v="Z02"/><Quantity v="49400"/><MeasureUnit v="KW1"/></Period><Period><TimeInterval v="2016-12-22T03:00Z/2016-12-22T04:00Z"/><Direction v="Z02"/><Quantity v="49400"/><MeasureUnit v="KW1"/></Period><Period><TimeInterval v="2016-12-22T04:00Z/2016-12-22T05:00Z"/><Direction v="Z02"/><Quantity v="49400"/><MeasureUnit v="KW1"/></Period></Category><Category><CapacityCode v="Z10"/><Period><TimeInterval v="2016-12-21T05:00Z/2016-12-21T06:00Z"/><Direction v="Z02"/><Quantity v="49402"/><MeasureUnit v="KW1"/></Period><Period><TimeInterval v="2016-12-21T06:00Z/2016-12-21T07:00Z"/><Direction v="Z02"/><Quantity v="49402"/><MeasureUnit v="KW1"/></Period><Period><TimeInterval v="2016-12-21T07:00Z/2016-12-21T08:00Z"/><Direction v="Z02"/><Quantity v="49402"/><MeasureUnit v="KW1"/></Period><Period><TimeInterval v="2016-12-21T08:00Z/2016-12-21T09:00Z"/><Direction v="Z02"/><Quantity v="49402"/><MeasureUnit v="KW1"/></Period><Period><TimeInterval v="2016-12-21T09:00Z/2016-12-21T10:00Z"/><Direction v="Z02"/><Quantity v="49402"/><MeasureUnit v="KW1"/></Period><Period><TimeInterval v="2016-12-21T10:00Z/2016-12-21T11:00Z"/><Direction v="Z02"/><Quantity v="49402"/><MeasureUnit v="KW1"/></Period><Period><TimeInterval v="2016-12-21T11:00Z/2016-12-21T12:00Z"/><Direction v="Z02"/><Quantity v="49402"/><MeasureUnit v="KW1"/></Period><Period><TimeInterval v="2016-12-21T12:00Z/2016-12-21T13:00Z"/><Direction v="Z02"/><Quantity v="49402"/><MeasureUnit v="KW1"/></Period><Period><TimeInterval v="2016-12-21T13:00Z/2016-12-21T14:00Z"/><Direction v="Z02"/><Quantity v="49402"/><MeasureUnit v="KW1"/></Period><Period><TimeInterval v="2016-12-21T14:00Z/2016-12-21T15:00Z"/><Direction v="Z02"/><Quantity v="49402"/><MeasureUnit v="KW1"/></Period><Period><TimeInterval v="2016-12-21T15:00Z/2016-12-21T16:00Z"/><Direction v="Z02"/><Quantity v="49402"/><MeasureUnit v="KW1"/></Period><Period><TimeInterval v="2016-12-21T16:00Z/2016-12-21T17:00Z"/><Direction v="Z02"/><Quantity v="49402"/><MeasureUnit v="KW1"/></Period><Period><TimeInterval v="2016-12-21T17:00Z/2016-12-21T18:00Z"/><Direction v="Z02"/><Quantity v="49402"/><MeasureUnit v="KW1"/></Period><Period><TimeInterval v="2016-12-21T18:00Z/2016-12-21T19:00Z"/><Direction v="Z02"/><Quantity v="49402"/><MeasureUnit v="KW1"/></Period><Period><TimeInterval v="2016-12-21T19:00Z/2016-12-21T20:00Z"/><Direction v="Z02"/><Quantity v="49402"/><MeasureUnit v="KW1"/></Period><Period><TimeInterval v="2016-12-21T20:00Z/2016-12-21T21:00Z"/><Direction v="Z02"/><Quantity v="49402"/><MeasureUnit v="KW1"/></Period><Period><TimeInterval v="2016-12-21T21:00Z/2016-12-21T22:00Z"/><Direction v="Z02"/><Quantity v="49402"/><MeasureUnit v="KW1"/></Period><Period><TimeInterval v="2016-12-21T22:00Z/2016-12-21T23:00Z"/><Direction v="Z02"/><Quantity v="49402"/><MeasureUnit v="KW1"/></Period><Period><TimeInterval v="2016-12-21T23:00Z/2016-12-22T00:00Z"/><Direction v="Z02"/><Quantity v="49402"/><MeasureUnit v="KW1"/></Period><Period><TimeInterval v="2016-12-22T00:00Z/2016-12-22T01:00Z"/><Direction v="Z02"/><Quantity v="49402"/><MeasureUnit v="KW1"/></Period><Period><TimeInterval v="2016-12-22T01:00Z/2016-12-22T02:00Z"/><Direction v="Z02"/><Quantity v="49402"/><MeasureUnit v="KW1"/></Period><Period><TimeInterval v="2016-12-22T02:00Z/2016-12-22T03:00Z"/><Direction v="Z02"/><Quantity v="49402"/><MeasureUnit v="KW1"/></Period><Period><TimeInterval v="2016-12-22T03:00Z/2016-12-22T04:00Z"/><Direction v="Z02"/><Quantity v="49402"/><MeasureUnit v="KW1"/></Period><Period><TimeInterval v="2016-12-22T04:00Z/2016-12-22T05:00Z"/><Direction v="Z02"/><Quantity v="49402"/><MeasureUnit v="KW1"/></Period></Category><Category><CapacityCode v="Z11"/><Period><TimeInterval v="2016-12-21T05:00Z/2016-12-21T06:00Z"/><Direction v="Z02"/><Quantity v="0"/><MeasureUnit v="KW1"/></Period><Period><TimeInterval v="2016-12-21T06:00Z/2016-12-21T07:00Z"/><Direction v="Z02"/><Quantity v="0"/><MeasureUnit v="KW1"/></Period><Period><TimeInterval v="2016-12-21T07:00Z/2016-12-21T08:00Z"/><Direction v="Z02"/><Quantity v="0"/><MeasureUnit v="KW1"/></Period><Period><TimeInterval v="2016-12-21T08:00Z/2016-12-21T09:00Z"/><Direction v="Z02"/><Quantity v="0"/><MeasureUnit v="KW1"/></Period><Period><TimeInterval v="2016-12-21T09:00Z/2016-12-21T10:00Z"/><Direction v="Z02"/><Quantity v="0"/><MeasureUnit v="KW1"/></Period><Period><TimeInterval v="2016-12-21T10:00Z/2016-12-21T11:00Z"/><Direction v="Z02"/><Quantity v="0"/><MeasureUnit v="KW1"/></Period><Period><TimeInterval v="2016-12-21T11:00Z/2016-12-21T12:00Z"/><Direction v="Z02"/><Quantity v="0"/><MeasureUnit v="KW1"/></Period><Period><TimeInterval v="2016-12-21T12:00Z/2016-12-21T13:00Z"/><Direction v="Z02"/><Quantity v="0"/><MeasureUnit v="KW1"/></Period><Period><TimeInterval v="2016-12-21T13:00Z/2016-12-21T14:00Z"/><Direction v="Z02"/><Quantity v="0"/><MeasureUnit v="KW1"/></Period><Period><TimeInterval v="2016-12-21T14:00Z/2016-12-21T15:00Z"/><Direction v="Z02"/><Quantity v="0"/><MeasureUnit v="KW1"/></Period><Period><TimeInterval v="2016-12-21T15:00Z/2016-12-21T16:00Z"/><Direction v="Z02"/><Quantity v="0"/><MeasureUnit v="KW1"/></Period><Period><TimeInterval v="2016-12-21T16:00Z/2016-12-21T17:00Z"/><Direction v="Z02"/><Quantity v="0"/><MeasureUnit v="KW1"/></Period><Period><TimeInterval v="2016-12-21T17:00Z/2016-12-21T18:00Z"/><Direction v="Z02"/><Quantity v="0"/><MeasureUnit v="KW1"/></Period><Period><TimeInterval v="2016-12-21T18:00Z/2016-12-21T19:00Z"/><Direction v="Z02"/><Quantity v="0"/><MeasureUnit v="KW1"/></Period><Period><TimeInterval v="2016-12-21T19:00Z/2016-12-21T20:00Z"/><Direction v="Z02"/><Quantity v="0"/><MeasureUnit v="KW1"/></Period><Period><TimeInterval v="2016-12-21T20:00Z/2016-12-21T21:00Z"/><Direction v="Z02"/><Quantity v="0"/><MeasureUnit v="KW1"/></Period><Period><TimeInterval v="2016-12-21T21:00Z/2016-12-21T22:00Z"/><Direction v="Z02"/><Quantity v="0"/><MeasureUnit v="KW1"/></Period><Period><TimeInterval v="2016-12-21T22:00Z/2016-12-21T23:00Z"/><Direction v="Z02"/><Quantity v="0"/><MeasureUnit v="KW1"/></Period><Period><TimeInterval v="2016-12-21T23:00Z/2016-12-22T00:00Z"/><Direction v="Z02"/><Quantity v="0"/><MeasureUnit v="KW1"/></Period><Period><TimeInterval v="2016-12-22T00:00Z/2016-12-22T01:00Z"/><Direction v="Z02"/><Quantity v="0"/><MeasureUnit v="KW1"/></Period><Period><TimeInterval v="2016-12-22T01:00Z/2016-12-22T02:00Z"/><Direction v="Z02"/><Quantity v="0"/><MeasureUnit v="KW1"/></Period><Period><TimeInterval v="2016-12-22T02:00Z/2016-12-22T03:00Z"/><Direction v="Z02"/><Quantity v="0"/><MeasureUnit v="KW1"/></Period><Period><TimeInterval v="2016-12-22T03:00Z/2016-12-22T04:00Z"/><Direction v="Z02"/><Quantity v="0"/><MeasureUnit v="KW1"/></Period><Period><TimeInterval v="2016-12-22T04:00Z/2016-12-22T05:00Z"/><Direction v="Z02"/><Quantity v="0"/><MeasureUnit v="KW1"/></Period></Category></ConnectionPoint><ConnectionPoint><Identification v="21Z000000000071W" codingScheme="305"/><Type v="Z25"/><Category><CapacityCode v="Z06"/><Period><TimeInterval v="2016-12-21T05:00Z/2016-12-21T06:00Z"/><Direction v="Z02"/><Quantity v="3403430"/><MeasureUnit v="KW1"/></Period><Period><TimeInterval v="2016-12-21T06:00Z/2016-12-21T07:00Z"/><Direction v="Z02"/><Quantity v="3403430"/><MeasureUnit v="KW1"/></Period><Period><TimeInterval v="2016-12-21T07:00Z/2016-12-21T08:00Z"/><Direction v="Z02"/><Quantity v="3403430"/><MeasureUnit v="KW1"/></Period><Period><TimeInterval v="2016-12-21T08:00Z/2016-12-21T09:00Z"/><Direction v="Z02"/><Quantity v="3403430"/><MeasureUnit v="KW1"/></Period><Period><TimeInterval v="2016-12-21T09:00Z/2016-12-21T10:00Z"/><Direction v="Z02"/><Quantity v="3403430"/><MeasureUnit v="KW1"/></Period><Period><TimeInterval v="2016-12-21T10:00Z/2016-12-21T11:00Z"/><Direction v="Z02"/><Quantity v="3403430"/><MeasureUnit v="KW1"/></Period><Period><TimeInterval v="2016-12-21T11:00Z/2016-12-21T12:00Z"/><Direction v="Z02"/><Quantity v="3403430"/><MeasureUnit v="KW1"/></Period><Period><TimeInterval v="2016-12-21T12:00Z/2016-12-21T13:00Z"/><Direction v="Z02"/><Quantity v="3403430"/><MeasureUnit v="KW1"/></Period><Period><TimeInterval v="2016-12-21T13:00Z/2016-12-21T14:00Z"/><Direction v="Z02"/><Quantity v="3403430"/><MeasureUnit v="KW1"/></Period><Period><TimeInterval v="2016-12-21T14:00Z/2016-12-21T15:00Z"/><Direction v="Z02"/><Quantity v="3403430"/><MeasureUnit v="KW1"/></Period><Period><TimeInterval v="2016-12-21T15:00Z/2016-12-21T16:00Z"/><Direction v="Z02"/><Quantity v="3403430"/><MeasureUnit v="KW1"/></Period><Period><TimeInterval v="2016-12-21T16:00Z/2016-12-21T17:00Z"/><Direction v="Z02"/><Quantity v="3403430"/><MeasureUnit v="KW1"/></Period><Period><TimeInterval v="2016-12-21T17:00Z/2016-12-21T18:00Z"/><Direction v="Z02"/><Quantity v="3403430"/><MeasureUnit v="KW1"/></Period><Period><TimeInterval v="2016-12-21T18:00Z/2016-12-21T19:00Z"/><Direction v="Z02"/><Quantity v="3403430"/><MeasureUnit v="KW1"/></Period><Period><TimeInterval v="2016-12-21T19:00Z/2016-12-21T20:00Z"/><Direction v="Z02"/><Quantity v="3403430"/><MeasureUnit v="KW1"/></Period><Period><TimeInterval v="2016-12-21T20:00Z/2016-12-21T21:00Z"/><Direction v="Z02"/><Quantity v="3403430"/><MeasureUnit v="KW1"/></Period><Period><TimeInterval v="2016-12-21T21:00Z/2016-12-21T22:00Z"/><Direction v="Z02"/><Quantity v="3403430"/><MeasureUnit v="KW1"/></Period><Period><TimeInterval v="2016-12-21T22:00Z/2016-12-21T23:00Z"/><Direction v="Z02"/><Quantity v="3403430"/><MeasureUnit v="KW1"/></Period><Period><TimeInterval v="2016-12-21T23:00Z/2016-12-22T00:00Z"/><Direction v="Z02"/><Quantity v="3403430"/><MeasureUnit v="KW1"/></Period><Period><TimeInterval v="2016-12-22T00:00Z/2016-12-22T01:00Z"/><Direction v="Z02"/><Quantity v="3403430"/><MeasureUnit v="KW1"/></Period><Period><TimeInterval v="2016-12-22T01:00Z/2016-12-22T02:00Z"/><Direction v="Z02"/><Quantity v="3403430"/><MeasureUnit v="KW1"/></Period><Period><TimeInterval v="2016-12-22T02:00Z/2016-12-22T03:00Z"/><Direction v="Z02"/><Quantity v="3403430"/><MeasureUnit v="KW1"/></Period><Period><TimeInterval v="2016-12-22T03:00Z/2016-12-22T04:00Z"/><Direction v="Z02"/><Quantity v="3403430"/><MeasureUnit v="KW1"/></Period><Period><TimeInterval v="2016-12-22T04:00Z/2016-12-22T05:00Z"/><Direction v="Z02"/><Quantity v="3403430"/><MeasureUnit v="KW1"/></Period></Category><Category><CapacityCode v="Z07"/><Period><TimeInterval v="2016-12-21T05:00Z/2016-12-21T06:00Z"/><Direction v="Z02"/><Quantity v="4918859"/><MeasureUnit v="KW1"/></Period><Period><TimeInterval v="2016-12-21T06:00Z/2016-12-21T07:00Z"/><Direction v="Z02"/><Quantity v="4918859"/><MeasureUnit v="KW1"/></Period><Period><TimeInterval v="2016-12-21T07:00Z/2016-12-21T08:00Z"/><Direction v="Z02"/><Quantity v="4918859"/><MeasureUnit v="KW1"/></Period><Period><TimeInterval v="2016-12-21T08:00Z/2016-12-21T09:00Z"/><Direction v="Z02"/><Quantity v="4918859"/><MeasureUnit v="KW1"/></Period><Period><TimeInterval v="2016-12-21T09:00Z/2016-12-21T10:00Z"/><Direction v="Z02"/><Quantity v="4918859"/><MeasureUnit v="KW1"/></Period><Period><TimeInterval v="2016-12-21T10:00Z/2016-12-21T11:00Z"/><Direction v="Z02"/><Quantity v="4918859"/><MeasureUnit v="KW1"/></Period><Period><TimeInterval v="2016-12-21T11:00Z/2016-12-21T12:00Z"/><Direction v="Z02"/><Quantity v="4918859"/><MeasureUnit v="KW1"/></Period><Period><TimeInterval v="2016-12-21T12:00Z/2016-12-21T13:00Z"/><Direction v="Z02"/><Quantity v="4918859"/><MeasureUnit v="KW1"/></Period><Period><TimeInterval v="2016-12-21T13:00Z/2016-12-21T14:00Z"/><Direction v="Z02"/><Quantity v="4918859"/><MeasureUnit v="KW1"/></Period><Period><TimeInterval v="2016-12-21T14:00Z/2016-12-21T15:00Z"/><Direction v="Z02"/><Quantity v="4918859"/><MeasureUnit v="KW1"/></Period><Period><TimeInterval v="2016-12-21T15:00Z/2016-12-21T16:00Z"/><Direction v="Z02"/><Quantity v="4918859"/><MeasureUnit v="KW1"/></Period><Period><TimeInterval v="2016-12-21T16:00Z/2016-12-21T17:00Z"/><Direction v="Z02"/><Quantity v="4918859"/><MeasureUnit v="KW1"/></Period><Period><TimeInterval v="2016-12-21T17:00Z/2016-12-21T18:00Z"/><Direction v="Z02"/><Quantity v="4918859"/><MeasureUnit v="KW1"/></Period><Period><TimeInterval v="2016-12-21T18:00Z/2016-12-21T19:00Z"/><Direction v="Z02"/><Quantity v="4918859"/><MeasureUnit v="KW1"/></Period><Period><TimeInterval v="2016-12-21T19:00Z/2016-12-21T20:00Z"/><Direction v="Z02"/><Quantity v="4918859"/><MeasureUnit v="KW1"/></Period><Period><TimeInterval v="2016-12-21T20:00Z/2016-12-21T21:00Z"/><Direction v="Z02"/><Quantity v="4918859"/><MeasureUnit v="KW1"/></Period><Period><TimeInterval v="2016-12-21T21:00Z/2016-12-21T22:00Z"/><Direction v="Z02"/><Quantity v="4918859"/><MeasureUnit v="KW1"/></Period><Period><TimeInterval v="2016-12-21T22:00Z/2016-12-21T23:00Z"/><Direction v="Z02"/><Quantity v="4918859"/><MeasureUnit v="KW1"/></Period><Period><TimeInterval v="2016-12-21T23:00Z/2016-12-22T00:00Z"/><Direction v="Z02"/><Quantity v="4918859"/><MeasureUnit v="KW1"/></Period><Period><TimeInterval v="2016-12-22T00:00Z/2016-12-22T01:00Z"/><Direction v="Z02"/><Quantity v="4918859"/><MeasureUnit v="KW1"/></Period><Period><TimeInterval v="2016-12-22T01:00Z/2016-12-22T02:00Z"/><Direction v="Z02"/><Quantity v="4918859"/><MeasureUnit v="KW1"/></Period><Period><TimeInterval v="2016-12-22T02:00Z/2016-12-22T03:00Z"/><Direction v="Z02"/><Quantity v="4918859"/><MeasureUnit v="KW1"/></Period><Period><TimeInterval v="2016-12-22T03:00Z/2016-12-22T04:00Z"/><Direction v="Z02"/><Quantity v="4918859"/><MeasureUnit v="KW1"/></Period><Period><TimeInterval v="2016-12-22T04:00Z/2016-12-22T05:00Z"/><Direction v="Z02"/><Quantity v="4918859"/><MeasureUnit v="KW1"/></Period></Category><Category><CapacityCode v="Z09"/><Period><TimeInterval v="2016-12-21T05:00Z/2016-12-21T06:00Z"/><Direction v="Z02"/><Quantity v="1413193"/><MeasureUnit v="KW1"/></Period><Period><TimeInterval v="2016-12-21T06:00Z/2016-12-21T07:00Z"/><Direction v="Z02"/><Quantity v="1413193"/><MeasureUnit v="KW1"/></Period><Period><TimeInterval v="2016-12-21T07:00Z/2016-12-21T08:00Z"/><Direction v="Z02"/><Quantity v="1413193"/><MeasureUnit v="KW1"/></Period><Period><TimeInterval v="2016-12-21T08:00Z/2016-12-21T09:00Z"/><Direction v="Z02"/><Quantity v="1413193"/><MeasureUnit v="KW1"/></Period><Period><TimeInterval v="2016-12-21T09:00Z/2016-12-21T10:00Z"/><Direction v="Z02"/><Quantity v="1413193"/><MeasureUnit v="KW1"/></Period><Period><TimeInterval v="2016-12-21T10:00Z/2016-12-21T11:00Z"/><Direction v="Z02"/><Quantity v="1413193"/><MeasureUnit v="KW1"/></Period><Period><TimeInterval v="2016-12-21T11:00Z/2016-12-21T12:00Z"/><Direction v="Z02"/><Quantity v="1413193"/><MeasureUnit v="KW1"/></Period><Period><TimeInterval v="2016-12-21T12:00Z/2016-12-21T13:00Z"/><Direction v="Z02"/><Quantity v="1413193"/><MeasureUnit v="KW1"/></Period><Period><TimeInterval v="2016-12-21T13:00Z/2016-12-21T14:00Z"/><Direction v="Z02"/><Quantity v="1413193"/><MeasureUnit v="KW1"/></Period><Period><TimeInterval v="2016-12-21T14:00Z/2016-12-21T15:00Z"/><Direction v="Z02"/><Quantity v="1413193"/><MeasureUnit v="KW1"/></Period><Period><TimeInterval v="2016-12-21T15:00Z/2016-12-21T16:00Z"/><Direction v="Z02"/><Quantity v="1413193"/><MeasureUnit v="KW1"/></Period><Period><TimeInterval v="2016-12-21T16:00Z/2016-12-21T17:00Z"/><Direction v="Z02"/><Quantity v="1413193"/><MeasureUnit v="KW1"/></Period><Period><TimeInterval v="2016-12-21T17:00Z/2016-12-21T18:00Z"/><Direction v="Z02"/><Quantity v="1413193"/><MeasureUnit v="KW1"/></Period><Period><TimeInterval v="2016-12-21T18:00Z/2016-12-21T19:00Z"/><Direction v="Z02"/><Quantity v="1413193"/><MeasureUnit v="KW1"/></Period><Period><TimeInterval v="2016-12-21T19:00Z/2016-12-21T20:00Z"/><Direction v="Z02"/><Quantity v="1413193"/><MeasureUnit v="KW1"/></Period><Period><TimeInterval v="2016-12-21T20:00Z/2016-12-21T21:00Z"/><Direction v="Z02"/><Quantity v="1413193"/><MeasureUnit v="KW1"/></Period><Period><TimeInterval v="2016-12-21T21:00Z/2016-12-21T22:00Z"/><Direction v="Z02"/><Quantity v="1413193"/><MeasureUnit v="KW1"/></Period><Period><TimeInterval v="2016-12-21T22:00Z/2016-12-21T23:00Z"/><Direction v="Z02"/><Quantity v="1413193"/><MeasureUnit v="KW1"/></Period><Period><TimeInterval v="2016-12-21T23:00Z/2016-12-22T00:00Z"/><Direction v="Z02"/><Quantity v="1413193"/><MeasureUnit v="KW1"/></Period><Period><TimeInterval v="2016-12-22T00:00Z/2016-12-22T01:00Z"/><Direction v="Z02"/><Quantity v="1413193"/><MeasureUnit v="KW1"/></Period><Period><TimeInterval v="2016-12-22T01:00Z/2016-12-22T02:00Z"/><Direction v="Z02"/><Quantity v="1413193"/><MeasureUnit v="KW1"/></Period><Period><TimeInterval v="2016-12-22T02:00Z/2016-12-22T03:00Z"/><Direction v="Z02"/><Quantity v="1413193"/><MeasureUnit v="KW1"/></Period><Period><TimeInterval v="2016-12-22T03:00Z/2016-12-22T04:00Z"/><Direction v="Z02"/><Quantity v="1413193"/><MeasureUnit v="KW1"/></Period><Period><TimeInterval v="2016-12-22T04:00Z/2016-12-22T05:00Z"/><Direction v="Z02"/><Quantity v="1413193"/><MeasureUnit v="KW1"/></Period></Category><Category><CapacityCode v="Z10"/><Period><TimeInterval v="2016-12-21T05:00Z/2016-12-21T06:00Z"/><Direction v="Z02"/><Quantity v="434737"/><MeasureUnit v="KW1"/></Period><Period><TimeInterval v="2016-12-21T06:00Z/2016-12-21T07:00Z"/><Direction v="Z02"/><Quantity v="434737"/><MeasureUnit v="KW1"/></Period><Period><TimeInterval v="2016-12-21T07:00Z/2016-12-21T08:00Z"/><Direction v="Z02"/><Quantity v="434737"/><MeasureUnit v="KW1"/></Period><Period><TimeInterval v="2016-12-21T08:00Z/2016-12-21T09:00Z"/><Direction v="Z02"/><Quantity v="434737"/><MeasureUnit v="KW1"/></Period><Period><TimeInterval v="2016-12-21T09:00Z/2016-12-21T10:00Z"/><Direction v="Z02"/><Quantity v="434737"/><MeasureUnit v="KW1"/></Period><Period><TimeInterval v="2016-12-21T10:00Z/2016-12-21T11:00Z"/><Direction v="Z02"/><Quantity v="434737"/><MeasureUnit v="KW1"/></Period><Period><TimeInterval v="2016-12-21T11:00Z/2016-12-21T12:00Z"/><Direction v="Z02"/><Quantity v="434737"/><MeasureUnit v="KW1"/></Period><Period><TimeInterval v="2016-12-21T12:00Z/2016-12-21T13:00Z"/><Direction v="Z02"/><Quantity v="434737"/><MeasureUnit v="KW1"/></Period><Period><TimeInterval v="2016-12-21T13:00Z/2016-12-21T14:00Z"/><Direction v="Z02"/><Quantity v="434737"/><MeasureUnit v="KW1"/></Period><Period><TimeInterval v="2016-12-21T14:00Z/2016-12-21T15:00Z"/><Direction v="Z02"/><Quantity v="434737"/><MeasureUnit v="KW1"/></Period><Period><TimeInterval v="2016-12-21T15:00Z/2016-12-21T16:00Z"/><Direction v="Z02"/><Quantity v="434737"/><MeasureUnit v="KW1"/></Period><Period><TimeInterval v="2016-12-21T16:00Z/2016-12-21T17:00Z"/><Direction v="Z02"/><Quantity v="434737"/><MeasureUnit v="KW1"/></Period><Period><TimeInterval v="2016-12-21T17:00Z/2016-12-21T18:00Z"/><Direction v="Z02"/><Quantity v="434737"/><MeasureUnit v="KW1"/></Period><Period><TimeInterval v="2016-12-21T18:00Z/2016-12-21T19:00Z"/><Direction v="Z02"/><Quantity v="434737"/><MeasureUnit v="KW1"/></Period><Period><TimeInterval v="2016-12-21T19:00Z/2016-12-21T20:00Z"/><Direction v="Z02"/><Quantity v="434737"/><MeasureUnit v="KW1"/></Period><Period><TimeInterval v="2016-12-21T20:00Z/2016-12-21T21:00Z"/><Direction v="Z02"/><Quantity v="434737"/><MeasureUnit v="KW1"/></Period><Period><TimeInterval v="2016-12-21T21:00Z/2016-12-21T22:00Z"/><Direction v="Z02"/><Quantity v="434737"/><MeasureUnit v="KW1"/></Period><Period><TimeInterval v="2016-12-21T22:00Z/2016-12-21T23:00Z"/><Direction v="Z02"/><Quantity v="434737"/><MeasureUnit v="KW1"/></Period><Period><TimeInterval v="2016-12-21T23:00Z/2016-12-22T00:00Z"/><Direction v="Z02"/><Quantity v="434737"/><MeasureUnit v="KW1"/></Period><Period><TimeInterval v="2016-12-22T00:00Z/2016-12-22T01:00Z"/><Direction v="Z02"/><Quantity v="434737"/><MeasureUnit v="KW1"/></Period><Period><TimeInterval v="2016-12-22T01:00Z/2016-12-22T02:00Z"/><Direction v="Z02"/><Quantity v="434737"/><MeasureUnit v="KW1"/></Period><Period><TimeInterval v="2016-12-22T02:00Z/2016-12-22T03:00Z"/><Direction v="Z02"/><Quantity v="434737"/><MeasureUnit v="KW1"/></Period><Period><TimeInterval v="2016-12-22T03:00Z/2016-12-22T04:00Z"/><Direction v="Z02"/><Quantity v="434737"/><MeasureUnit v="KW1"/></Period><Period><TimeInterval v="2016-12-22T04:00Z/2016-12-22T05:00Z"/><Direction v="Z02"/><Quantity v="434737"/><MeasureUnit v="KW1"/></Period></Category><Category><CapacityCode v="Z11"/><Period><TimeInterval v="2016-12-21T05:00Z/2016-12-21T06:00Z"/><Direction v="Z02"/><Quantity v="1572821"/><MeasureUnit v="KW1"/></Period><Period><TimeInterval v="2016-12-21T06:00Z/2016-12-21T07:00Z"/><Direction v="Z02"/><Quantity v="1572821"/><MeasureUnit v="KW1"/></Period><Period><TimeInterval v="2016-12-21T07:00Z/2016-12-21T08:00Z"/><Direction v="Z02"/><Quantity v="1572821"/><MeasureUnit v="KW1"/></Period><Period><TimeInterval v="2016-12-21T08:00Z/2016-12-21T09:00Z"/><Direction v="Z02"/><Quantity v="1572821"/><MeasureUnit v="KW1"/></Period><Period><TimeInterval v="2016-12-21T09:00Z/2016-12-21T10:00Z"/><Direction v="Z02"/><Quantity v="1572821"/><MeasureUnit v="KW1"/></Period><Period><TimeInterval v="2016-12-21T10:00Z/2016-12-21T11:00Z"/><Direction v="Z02"/><Quantity v="1572821"/><MeasureUnit v="KW1"/></Period><Period><TimeInterval v="2016-12-21T11:00Z/2016-12-21T12:00Z"/><Direction v="Z02"/><Quantity v="1572821"/><MeasureUnit v="KW1"/></Period><Period><TimeInterval v="2016-12-21T12:00Z/2016-12-21T13:00Z"/><Direction v="Z02"/><Quantity v="1572821"/><MeasureUnit v="KW1"/></Period><Period><TimeInterval v="2016-12-21T13:00Z/2016-12-21T14:00Z"/><Direction v="Z02"/><Quantity v="1572821"/><MeasureUnit v="KW1"/></Period><Period><TimeInterval v="2016-12-21T14:00Z/2016-12-21T15:00Z"/><Direction v="Z02"/><Quantity v="1572821"/><MeasureUnit v="KW1"/></Period><Period><TimeInterval v="2016-12-21T15:00Z/2016-12-21T16:00Z"/><Direction v="Z02"/><Quantity v="1572821"/><MeasureUnit v="KW1"/></Period><Period><TimeInterval v="2016-12-21T16:00Z/2016-12-21T17:00Z"/><Direction v="Z02"/><Quantity v="1572821"/><MeasureUnit v="KW1"/></Period><Period><TimeInterval v="2016-12-21T17:00Z/2016-12-21T18:00Z"/><Direction v="Z02"/><Quantity v="1572821"/><MeasureUnit v="KW1"/></Period><Period><TimeInterval v="2016-12-21T18:00Z/2016-12-21T19:00Z"/><Direction v="Z02"/><Quantity v="1572821"/><MeasureUnit v="KW1"/></Period><Period><TimeInterval v="2016-12-21T19:00Z/2016-12-21T20:00Z"/><Direction v="Z02"/><Quantity v="1572821"/><MeasureUnit v="KW1"/></Period><Period><TimeInterval v="2016-12-21T20:00Z/2016-12-21T21:00Z"/><Direction v="Z02"/><Quantity v="1572821"/><MeasureUnit v="KW1"/></Period><Period><TimeInterval v="2016-12-21T21:00Z/2016-12-21T22:00Z"/><Direction v="Z02"/><Quantity v="1572821"/><MeasureUnit v="KW1"/></Period><Period><TimeInterval v="2016-12-21T22:00Z/2016-12-21T23:00Z"/><Direction v="Z02"/><Quantity v="1572821"/><MeasureUnit v="KW1"/></Period><Period><TimeInterval v="2016-12-21T23:00Z/2016-12-22T00:00Z"/><Direction v="Z02"/><Quantity v="1572821"/><MeasureUnit v="KW1"/></Period><Period><TimeInterval v="2016-12-22T00:00Z/2016-12-22T01:00Z"/><Direction v="Z02"/><Quantity v="1572821"/><MeasureUnit v="KW1"/></Period><Period><TimeInterval v="2016-12-22T01:00Z/2016-12-22T02:00Z"/><Direction v="Z02"/><Quantity v="1572821"/><MeasureUnit v="KW1"/></Period><Period><TimeInterval v="2016-12-22T02:00Z/2016-12-22T03:00Z"/><Direction v="Z02"/><Quantity v="1572821"/><MeasureUnit v="KW1"/></Period><Period><TimeInterval v="2016-12-22T03:00Z/2016-12-22T04:00Z"/><Direction v="Z02"/><Quantity v="1572821"/><MeasureUnit v="KW1"/></Period><Period><TimeInterval v="2016-12-22T04:00Z/2016-12-22T05:00Z"/><Direction v="Z02"/><Quantity v="1572821"/><MeasureUnit v="KW1"/></Period></Category></ConnectionPoint><ConnectionPoint><Identification v="21Z0000000000163" codingScheme="305"/><Type v="Z25"/><Category><CapacityCode v="Z06"/><Period><TimeInterval v="2016-12-21T05:00Z/2016-12-21T06:00Z"/><Direction v="Z02"/><Quantity v="5776878"/><MeasureUnit v="KW1"/></Period><Period><TimeInterval v="2016-12-21T06:00Z/2016-12-21T07:00Z"/><Direction v="Z02"/><Quantity v="5776878"/><MeasureUnit v="KW1"/></Period><Period><TimeInterval v="2016-12-21T07:00Z/2016-12-21T08:00Z"/><Direction v="Z02"/><Quantity v="5776878"/><MeasureUnit v="KW1"/></Period><Period><TimeInterval v="2016-12-21T08:00Z/2016-12-21T09:00Z"/><Direction v="Z02"/><Quantity v="5776878"/><MeasureUnit v="KW1"/></Period><Period><TimeInterval v="2016-12-21T09:00Z/2016-12-21T10:00Z"/><Direction v="Z02"/><Quantity v="5776878"/><MeasureUnit v="KW1"/></Period><Period><TimeInterval v="2016-12-21T10:00Z/2016-12-21T11:00Z"/><Direction v="Z02"/><Quantity v="5776878"/><MeasureUnit v="KW1"/></Period><Period><TimeInterval v="2016-12-21T11:00Z/2016-12-21T12:00Z"/><Direction v="Z02"/><Quantity v="5776878"/><MeasureUnit v="KW1"/></Period><Period><TimeInterval v="2016-12-21T12:00Z/2016-12-21T13:00Z"/><Direction v="Z02"/><Quantity v="5776878"/><MeasureUnit v="KW1"/></Period><Period><TimeInterval v="2016-12-21T13:00Z/2016-12-21T14:00Z"/><Direction v="Z02"/><Quantity v="5776878"/><MeasureUnit v="KW1"/></Period><Period><TimeInterval v="2016-12-21T14:00Z/2016-12-21T15:00Z"/><Direction v="Z02"/><Quantity v="5776878"/><MeasureUnit v="KW1"/></Period><Period><TimeInterval v="2016-12-21T15:00Z/2016-12-21T16:00Z"/><Direction v="Z02"/><Quantity v="5776878"/><MeasureUnit v="KW1"/></Period><Period><TimeInterval v="2016-12-21T16:00Z/2016-12-21T17:00Z"/><Direction v="Z02"/><Quantity v="5776878"/><MeasureUnit v="KW1"/></Period><Period><TimeInterval v="2016-12-21T17:00Z/2016-12-21T18:00Z"/><Direction v="Z02"/><Quantity v="5776878"/><MeasureUnit v="KW1"/></Period><Period><TimeInterval v="2016-12-21T18:00Z/2016-12-21T19:00Z"/><Direction v="Z02"/><Quantity v="5776878"/><MeasureUnit v="KW1"/></Period><Period><TimeInterval v="2016-12-21T19:00Z/2016-12-21T20:00Z"/><Direction v="Z02"/><Quantity v="5776878"/><MeasureUnit v="KW1"/></Period><Period><TimeInterval v="2016-12-21T20:00Z/2016-12-21T21:00Z"/><Direction v="Z02"/><Quantity v="5776878"/><MeasureUnit v="KW1"/></Period><Period><TimeInterval v="2016-12-21T21:00Z/2016-12-21T22:00Z"/><Direction v="Z02"/><Quantity v="5776878"/><MeasureUnit v="KW1"/></Period><Period><TimeInterval v="2016-12-21T22:00Z/2016-12-21T23:00Z"/><Direction v="Z02"/><Quantity v="5776878"/><MeasureUnit v="KW1"/></Period><Period><TimeInterval v="2016-12-21T23:00Z/2016-12-22T00:00Z"/><Direction v="Z02"/><Quantity v="5776878"/><MeasureUnit v="KW1"/></Period><Period><TimeInterval v="2016-12-22T00:00Z/2016-12-22T01:00Z"/><Direction v="Z02"/><Quantity v="5776878"/><MeasureUnit v="KW1"/></Period><Period><TimeInterval v="2016-12-22T01:00Z/2016-12-22T02:00Z"/><Direction v="Z02"/><Quantity v="5776878"/><MeasureUnit v="KW1"/></Period><Period><TimeInterval v="2016-12-22T02:00Z/2016-12-22T03:00Z"/><Direction v="Z02"/><Quantity v="5776878"/><MeasureUnit v="KW1"/></Period><Period><TimeInterval v="2016-12-22T03:00Z/2016-12-22T04:00Z"/><Direction v="Z02"/><Quantity v="5776878"/><MeasureUnit v="KW1"/></Period><Period><TimeInterval v="2016-12-22T04:00Z/2016-12-22T05:00Z"/><Direction v="Z02"/><Quantity v="5776878"/><MeasureUnit v="KW1"/></Period><Period><TimeInterval v="2016-12-21T05:00Z/2016-12-21T06:00Z"/><Direction v="Z03"/><Quantity v="702979"/><MeasureUnit v="KW1"/></Period><Period><TimeInterval v="2016-12-21T06:00Z/2016-12-21T07:00Z"/><Direction v="Z03"/><Quantity v="702979"/><MeasureUnit v="KW1"/></Period><Period><TimeInterval v="2016-12-21T07:00Z/2016-12-21T08:00Z"/><Direction v="Z03"/><Quantity v="702979"/><MeasureUnit v="KW1"/></Period><Period><TimeInterval v="2016-12-21T08:00Z/2016-12-21T09:00Z"/><Direction v="Z03"/><Quantity v="702979"/><MeasureUnit v="KW1"/></Period><Period><TimeInterval v="2016-12-21T09:00Z/2016-12-21T10:00Z"/><Direction v="Z03"/><Quantity v="702979"/><MeasureUnit v="KW1"/></Period><Period><TimeInterval v="2016-12-21T10:00Z/2016-12-21T11:00Z"/><Direction v="Z03"/><Quantity v="702979"/><MeasureUnit v="KW1"/></Period><Period><TimeInterval v="2016-12-21T11:00Z/2016-12-21T12:00Z"/><Direction v="Z03"/><Quantity v="702979"/><MeasureUnit v="KW1"/></Period><Period><TimeInterval v="2016-12-21T12:00Z/2016-12-21T13:00Z"/><Direction v="Z03"/><Quantity v="702979"/><MeasureUnit v="KW1"/></Period><Period><TimeInterval v="2016-12-21T13:00Z/2016-12-21T14:00Z"/><Direction v="Z03"/><Quantity v="702979"/><MeasureUnit v="KW1"/></Period><Period><TimeInterval v="2016-12-21T14:00Z/2016-12-21T15:00Z"/><Direction v="Z03"/><Quantity v="702979"/><MeasureUnit v="KW1"/></Period><Period><TimeInterval v="2016-12-21T15:00Z/2016-12-21T16:00Z"/><Direction v="Z03"/><Quantity v="702979"/><MeasureUnit v="KW1"/></Period><Period><TimeInterval v="2016-12-21T16:00Z/2016-12-21T17:00Z"/><Direction v="Z03"/><Quantity v="702979"/><MeasureUnit v="KW1"/></Period><Period><TimeInterval v="2016-12-21T17:00Z/2016-12-21T18:00Z"/><Direction v="Z03"/><Quantity v="702979"/><MeasureUnit v="KW1"/></Period><Period><TimeInterval v="2016-12-21T18:00Z/2016-12-21T19:00Z"/><Direction v="Z03"/><Quantity v="702979"/><MeasureUnit v="KW1"/></Period><Period><TimeInterval v="2016-12-21T19:00Z/2016-12-21T20:00Z"/><Direction v="Z03"/><Quantity v="702979"/><MeasureUnit v="KW1"/></Period><Period><TimeInterval v="2016-12-21T20:00Z/2016-12-21T21:00Z"/><Direction v="Z03"/><Quantity v="702979"/><MeasureUnit v="KW1"/></Period><Period><TimeInterval v="2016-12-21T21:00Z/2016-12-21T22:00Z"/><Direction v="Z03"/><Quantity v="702979"/><MeasureUnit v="KW1"/></Period><Period><TimeInterval v="2016-12-21T22:00Z/2016-12-21T23:00Z"/><Direction v="Z03"/><Quantity v="702979"/><MeasureUnit v="KW1"/></Period><Period><TimeInterval v="2016-12-21T23:00Z/2016-12-22T00:00Z"/><Direction v="Z03"/><Quantity v="702979"/><MeasureUnit v="KW1"/></Period><Period><TimeInterval v="2016-12-22T00:00Z/2016-12-22T01:00Z"/><Direction v="Z03"/><Quantity v="702979"/><MeasureUnit v="KW1"/></Period><Period><TimeInterval v="2016-12-22T01:00Z/2016-12-22T02:00Z"/><Direction v="Z03"/><Quantity v="702979"/><MeasureUnit v="KW1"/></Period><Period><TimeInterval v="2016-12-22T02:00Z/2016-12-22T03:00Z"/><Direction v="Z03"/><Quantity v="702979"/><MeasureUnit v="KW1"/></Period><Period><TimeInterval v="2016-12-22T03:00Z/2016-12-22T04:00Z"/><Direction v="Z03"/><Quantity v="702979"/><MeasureUnit v="KW1"/></Period><Period><TimeInterval v="2016-12-22T04:00Z/2016-12-22T05:00Z"/><Direction v="Z03"/><Quantity v="702979"/><MeasureUnit v="KW1"/></Period></Category><Category><CapacityCode v="Z07"/><Period><TimeInterval v="2016-12-21T05:00Z/2016-12-21T06:00Z"/><Direction v="Z02"/><Quantity v="6021880"/><MeasureUnit v="KW1"/></Period><Period><TimeInterval v="2016-12-21T06:00Z/2016-12-21T07:00Z"/><Direction v="Z02"/><Quantity v="6021880"/><MeasureUnit v="KW1"/></Period><Period><TimeInterval v="2016-12-21T07:00Z/2016-12-21T08:00Z"/><Direction v="Z02"/><Quantity v="6021880"/><MeasureUnit v="KW1"/></Period><Period><TimeInterval v="2016-12-21T08:00Z/2016-12-21T09:00Z"/><Direction v="Z02"/><Quantity v="6021880"/><MeasureUnit v="KW1"/></Period><Period><TimeInterval v="2016-12-21T09:00Z/2016-12-21T10:00Z"/><Direction v="Z02"/><Quantity v="6021880"/><MeasureUnit v="KW1"/></Period><Period><TimeInterval v="2016-12-21T10:00Z/2016-12-21T11:00Z"/><Direction v="Z02"/><Quantity v="6021880"/><MeasureUnit v="KW1"/></Period><Period><TimeInterval v="2016-12-21T11:00Z/2016-12-21T12:00Z"/><Direction v="Z02"/><Quantity v="6021880"/><MeasureUnit v="KW1"/></Period><Period><TimeInterval v="2016-12-21T12:00Z/2016-12-21T13:00Z"/><Direction v="Z02"/><Quantity v="6021880"/><MeasureUnit v="KW1"/></Period><Period><TimeInterval v="2016-12-21T13:00Z/2016-12-21T14:00Z"/><Direction v="Z02"/><Quantity v="6021880"/><MeasureUnit v="KW1"/></Period><Period><TimeInterval v="2016-12-21T14:00Z/2016-12-21T15:00Z"/><Direction v="Z02"/><Quantity v="6021880"/><MeasureUnit v="KW1"/></Period><Period><TimeInterval v="2016-12-21T15:00Z/2016-12-21T16:00Z"/><Direction v="Z02"/><Quantity v="6021880"/><MeasureUnit v="KW1"/></Period><Period><TimeInterval v="2016-12-21T16:00Z/2016-12-21T17:00Z"/><Direction v="Z02"/><Quantity v="6021880"/><MeasureUnit v="KW1"/></Period><Period><TimeInterval v="2016-12-21T17:00Z/2016-12-21T18:00Z"/><Direction v="Z02"/><Quantity v="6021880"/><MeasureUnit v="KW1"/></Period><Period><TimeInterval v="2016-12-21T18:00Z/2016-12-21T19:00Z"/><Direction v="Z02"/><Quantity v="6021880"/><MeasureUnit v="KW1"/></Period><Period><TimeInterval v="2016-12-21T19:00Z/2016-12-21T20:00Z"/><Direction v="Z02"/><Quantity v="6021880"/><MeasureUnit v="KW1"/></Period><Period><TimeInterval v="2016-12-21T20:00Z/2016-12-21T21:00Z"/><Direction v="Z02"/><Quantity v="6021880"/><MeasureUnit v="KW1"/></Period><Period><TimeInterval v="2016-12-21T21:00Z/2016-12-21T22:00Z"/><Direction v="Z02"/><Quantity v="6021880"/><MeasureUnit v="KW1"/></Period><Period><TimeInterval v="2016-12-21T22:00Z/2016-12-21T23:00Z"/><Direction v="Z02"/><Quantity v="6021880"/><MeasureUnit v="KW1"/></Period><Period><TimeInterval v="2016-12-21T23:00Z/2016-12-22T00:00Z"/><Direction v="Z02"/><Quantity v="6021880"/><MeasureUnit v="KW1"/></Period><Period><TimeInterval v="2016-12-22T00:00Z/2016-12-22T01:00Z"/><Direction v="Z02"/><Quantity v="6021880"/><MeasureUnit v="KW1"/></Period><Period><TimeInterval v="2016-12-22T01:00Z/2016-12-22T02:00Z"/><Direction v="Z02"/><Quantity v="6021880"/><MeasureUnit v="KW1"/></Period><Period><TimeInterval v="2016-12-22T02:00Z/2016-12-22T03:00Z"/><Direction v="Z02"/><Quantity v="6021880"/><MeasureUnit v="KW1"/></Period><Period><TimeInterval v="2016-12-22T03:00Z/2016-12-22T04:00Z"/><Direction v="Z02"/><Quantity v="6021880"/><MeasureUnit v="KW1"/></Period><Period><TimeInterval v="2016-12-22T04:00Z/2016-12-22T05:00Z"/><Direction v="Z02"/><Quantity v="6021880"/><MeasureUnit v="KW1"/></Period><Period><TimeInterval v="2016-12-21T05:00Z/2016-12-21T06:00Z"/><Direction v="Z03"/><Quantity v="4032980"/><MeasureUnit v="KW1"/></Period><Period><TimeInterval v="2016-12-21T06:00Z/2016-12-21T07:00Z"/><Direction v="Z03"/><Quantity v="4032980"/><MeasureUnit v="KW1"/></Period><Period><TimeInterval v="2016-12-21T07:00Z/2016-12-21T08:00Z"/><Direction v="Z03"/><Quantity v="4032980"/><MeasureUnit v="KW1"/></Period><Period><TimeInterval v="2016-12-21T08:00Z/2016-12-21T09:00Z"/><Direction v="Z03"/><Quantity v="4032980"/><MeasureUnit v="KW1"/></Period><Period><TimeInterval v="2016-12-21T09:00Z/2016-12-21T10:00Z"/><Direction v="Z03"/><Quantity v="4032980"/><MeasureUnit v="KW1"/></Period><Period><TimeInterval v="2016-12-21T10:00Z/2016-12-21T11:00Z"/><Direction v="Z03"/><Quantity v="4032980"/><MeasureUnit v="KW1"/></Period><Period><TimeInterval v="2016-12-21T11:00Z/2016-12-21T12:00Z"/><Direction v="Z03"/><Quantity v="4032980"/><MeasureUnit v="KW1"/></Period><Period><TimeInterval v="2016-12-21T12:00Z/2016-12-21T13:00Z"/><Direction v="Z03"/><Quantity v="4032980"/><MeasureUnit v="KW1"/></Period><Period><TimeInterval v="2016-12-21T13:00Z/2016-12-21T14:00Z"/><Direction v="Z03"/><Quantity v="4032980"/><MeasureUnit v="KW1"/></Period><Period><TimeInterval v="2016-12-21T14:00Z/2016-12-21T15:00Z"/><Direction v="Z03"/><Quantity v="4032980"/><MeasureUnit v="KW1"/></Period><Period><TimeInterval v="2016-12-21T15:00Z/2016-12-21T16:00Z"/><Direction v="Z03"/><Quantity v="4032980"/><MeasureUnit v="KW1"/></Period><Period><TimeInterval v="2016-12-21T16:00Z/2016-12-21T17:00Z"/><Direction v="Z03"/><Quantity v="4032980"/><MeasureUnit v="KW1"/></Period><Period><TimeInterval v="2016-12-21T17:00Z/2016-12-21T18:00Z"/><Direction v="Z03"/><Quantity v="4032980"/><MeasureUnit v="KW1"/></Period><Period><TimeInterval v="2016-12-21T18:00Z/2016-12-21T19:00Z"/><Direction v="Z03"/><Quantity v="4032980"/><MeasureUnit v="KW1"/></Period><Period><TimeInterval v="2016-12-21T19:00Z/2016-12-21T20:00Z"/><Direction v="Z03"/><Quantity v="4032980"/><MeasureUnit v="KW1"/></Period><Period><TimeInterval v="2016-12-21T20:00Z/2016-12-21T21:00Z"/><Direction v="Z03"/><Quantity v="4032980"/><MeasureUnit v="KW1"/></Period><Period><TimeInterval v="2016-12-21T21:00Z/2016-12-21T22:00Z"/><Direction v="Z03"/><Quantity v="4032980"/><MeasureUnit v="KW1"/></Period><Period><TimeInterval v="2016-12-21T22:00Z/2016-12-21T23:00Z"/><Direction v="Z03"/><Quantity v="4032980"/><MeasureUnit v="KW1"/></Period><Period><TimeInterval v="2016-12-21T23:00Z/2016-12-22T00:00Z"/><Direction v="Z03"/><Quantity v="4032980"/><MeasureUnit v="KW1"/></Period><Period><TimeInterval v="2016-12-22T00:00Z/2016-12-22T01:00Z"/><Direction v="Z03"/><Quantity v="4032980"/><MeasureUnit v="KW1"/></Period><Period><TimeInterval v="2016-12-22T01:00Z/2016-12-22T02:00Z"/><Direction v="Z03"/><Quantity v="4032980"/><MeasureUnit v="KW1"/></Period><Period><TimeInterval v="2016-12-22T02:00Z/2016-12-22T03:00Z"/><Direction v="Z03"/><Quantity v="4032980"/><MeasureUnit v="KW1"/></Period><Period><TimeInterval v="2016-12-22T03:00Z/2016-12-22T04:00Z"/><Direction v="Z03"/><Quantity v="4032980"/><MeasureUnit v="KW1"/></Period><Period><TimeInterval v="2016-12-22T04:00Z/2016-12-22T05:00Z"/><Direction v="Z03"/><Quantity v="4032980"/><MeasureUnit v="KW1"/></Period></Category><Category><CapacityCode v="Z09"/><Period><TimeInterval v="2016-12-21T05:00Z/2016-12-21T06:00Z"/><Direction v="Z02"/><Quantity v="245000"/><MeasureUnit v="KW1"/></Period><Period><TimeInterval v="2016-12-21T06:00Z/2016-12-21T07:00Z"/><Direction v="Z02"/><Quantity v="245000"/><MeasureUnit v="KW1"/></Period><Period><TimeInterval v="2016-12-21T07:00Z/2016-12-21T08:00Z"/><Direction v="Z02"/><Quantity v="245000"/><MeasureUnit v="KW1"/></Period><Period><TimeInterval v="2016-12-21T08:00Z/2016-12-21T09:00Z"/><Direction v="Z02"/><Quantity v="245000"/><MeasureUnit v="KW1"/></Period><Period><TimeInterval v="2016-12-21T09:00Z/2016-12-21T10:00Z"/><Direction v="Z02"/><Quantity v="245000"/><MeasureUnit v="KW1"/></Period><Period><TimeInterval v="2016-12-21T10:00Z/2016-12-21T11:00Z"/><Direction v="Z02"/><Quantity v="245000"/><MeasureUnit v="KW1"/></Period><Period><TimeInterval v="2016-12-21T11:00Z/2016-12-21T12:00Z"/><Direction v="Z02"/><Quantity v="245000"/><MeasureUnit v="KW1"/></Period><Period><TimeInterval v="2016-12-21T12:00Z/2016-12-21T13:00Z"/><Direction v="Z02"/><Quantity v="245000"/><MeasureUnit v="KW1"/></Period><Period><TimeInterval v="2016-12-21T13:00Z/2016-12-21T14:00Z"/><Direction v="Z02"/><Quantity v="245000"/><MeasureUnit v="KW1"/></Period><Period><TimeInterval v="2016-12-21T14:00Z/2016-12-21T15:00Z"/><Direction v="Z02"/><Quantity v="245000"/><MeasureUnit v="KW1"/></Period><Period><TimeInterval v="2016-12-21T15:00Z/2016-12-21T16:00Z"/><Direction v="Z02"/><Quantity v="245000"/><MeasureUnit v="KW1"/></Period><Period><TimeInterval v="2016-12-21T16:00Z/2016-12-21T17:00Z"/><Direction v="Z02"/><Quantity v="245000"/><MeasureUnit v="KW1"/></Period><Period><TimeInterval v="2016-12-21T17:00Z/2016-12-21T18:00Z"/><Direction v="Z02"/><Quantity v="245000"/><MeasureUnit v="KW1"/></Period><Period><TimeInterval v="2016-12-21T18:00Z/2016-12-21T19:00Z"/><Direction v="Z02"/><Quantity v="245000"/><MeasureUnit v="KW1"/></Period><Period><TimeInterval v="2016-12-21T19:00Z/2016-12-21T20:00Z"/><Direction v="Z02"/><Quantity v="245000"/><MeasureUnit v="KW1"/></Period><Period><TimeInterval v="2016-12-21T20:00Z/2016-12-21T21:00Z"/><Direction v="Z02"/><Quantity v="245000"/><MeasureUnit v="KW1"/></Period><Period><TimeInterval v="2016-12-21T21:00Z/2016-12-21T22:00Z"/><Direction v="Z02"/><Quantity v="245000"/><MeasureUnit v="KW1"/></Period><Period><TimeInterval v="2016-12-21T22:00Z/2016-12-21T23:00Z"/><Direction v="Z02"/><Quantity v="245000"/><MeasureUnit v="KW1"/></Period><Period><TimeInterval v="2016-12-21T23:00Z/2016-12-22T00:00Z"/><Direction v="Z02"/><Quantity v="245000"/><MeasureUnit v="KW1"/></Period><Period><TimeInterval v="2016-12-22T00:00Z/2016-12-22T01:00Z"/><Direction v="Z02"/><Quantity v="235000"/><MeasureUnit v="KW1"/></Period><Period><TimeInterval v="2016-12-22T01:00Z/2016-12-22T02:00Z"/><Direction v="Z02"/><Quantity v="235000"/><MeasureUnit v="KW1"/></Period><Period><TimeInterval v="2016-12-22T02:00Z/2016-12-22T03:00Z"/><Direction v="Z02"/><Quantity v="235000"/><MeasureUnit v="KW1"/></Period><Period><TimeInterval v="2016-12-22T03:00Z/2016-12-22T04:00Z"/><Direction v="Z02"/><Quantity v="235000"/><MeasureUnit v="KW1"/></Period><Period><TimeInterval v="2016-12-22T04:00Z/2016-12-22T05:00Z"/><Direction v="Z02"/><Quantity v="235000"/><MeasureUnit v="KW1"/></Period><Period><TimeInterval v="2016-12-21T05:00Z/2016-12-21T06:00Z"/><Direction v="Z03"/><Quantity v="3330000"/><MeasureUnit v="KW1"/></Period><Period><TimeInterval v="2016-12-21T06:00Z/2016-12-21T07:00Z"/><Direction v="Z03"/><Quantity v="3330000"/><MeasureUnit v="KW1"/></Period><Period><TimeInterval v="2016-12-21T07:00Z/2016-12-21T08:00Z"/><Direction v="Z03"/><Quantity v="3330000"/><MeasureUnit v="KW1"/></Period><Period><TimeInterval v="2016-12-21T08:00Z/2016-12-21T09:00Z"/><Direction v="Z03"/><Quantity v="3330000"/><MeasureUnit v="KW1"/></Period><Period><TimeInterval v="2016-12-21T09:00Z/2016-12-21T10:00Z"/><Direction v="Z03"/><Quantity v="3330000"/><MeasureUnit v="KW1"/></Period><Period><TimeInterval v="2016-12-21T10:00Z/2016-12-21T11:00Z"/><Direction v="Z03"/><Quantity v="3330000"/><MeasureUnit v="KW1"/></Period><Period><TimeInterval v="2016-12-21T11:00Z/2016-12-21T12:00Z"/><Direction v="Z03"/><Quantity v="3330000"/><MeasureUnit v="KW1"/></Period><Period><TimeInterval v="2016-12-21T12:00Z/2016-12-21T13:00Z"/><Direction v="Z03"/><Quantity v="3330000"/><MeasureUnit v="KW1"/></Period><Period><TimeInterval v="2016-12-21T13:00Z/2016-12-21T14:00Z"/><Direction v="Z03"/><Quantity v="3330000"/><MeasureUnit v="KW1"/></Period><Period><TimeInterval v="2016-12-21T14:00Z/2016-12-21T15:00Z"/><Direction v="Z03"/><Quantity v="3330000"/><MeasureUnit v="KW1"/></Period><Period><TimeInterval v="2016-12-21T15:00Z/2016-12-21T16:00Z"/><Direction v="Z03"/><Quantity v="3330000"/><MeasureUnit v="KW1"/></Period><Period><TimeInterval v="2016-12-21T16:00Z/2016-12-21T17:00Z"/><Direction v="Z03"/><Quantity v="3330000"/><MeasureUnit v="KW1"/></Period><Period><TimeInterval v="2016-12-21T17:00Z/2016-12-21T18:00Z"/><Direction v="Z03"/><Quantity v="3330000"/><MeasureUnit v="KW1"/></Period><Period><TimeInterval v="2016-12-21T18:00Z/2016-12-21T19:00Z"/><Direction v="Z03"/><Quantity v="3330000"/><MeasureUnit v="KW1"/></Period><Period><TimeInterval v="2016-12-21T19:00Z/2016-12-21T20:00Z"/><Direction v="Z03"/><Quantity v="3330000"/><MeasureUnit v="KW1"/></Period><Period><TimeInterval v="2016-12-21T20:00Z/2016-12-21T21:00Z"/><Direction v="Z03"/><Quantity v="3330000"/><MeasureUnit v="KW1"/></Period><Period><TimeInterval v="2016-12-21T21:00Z/2016-12-21T22:00Z"/><Direction v="Z03"/><Quantity v="3330000"/><MeasureUnit v="KW1"/></Period><Period><TimeInterval v="2016-12-21T22:00Z/2016-12-21T23:00Z"/><Direction v="Z03"/><Quantity v="3330000"/><MeasureUnit v="KW1"/></Period><Period><TimeInterval v="2016-12-21T23:00Z/2016-12-22T00:00Z"/><Direction v="Z03"/><Quantity v="3330000"/><MeasureUnit v="KW1"/></Period><Period><TimeInterval v="2016-12-22T00:00Z/2016-12-22T01:00Z"/><Direction v="Z03"/><Quantity v="3330000"/><MeasureUnit v="KW1"/></Period><Period><TimeInterval v="2016-12-22T01:00Z/2016-12-22T02:00Z"/><Direction v="Z03"/><Quantity v="3330000"/><MeasureUnit v="KW1"/></Period><Period><TimeInterval v="2016-12-22T02:00Z/2016-12-22T03:00Z"/><Direction v="Z03"/><Quantity v="3330000"/><MeasureUnit v="KW1"/></Period><Period><TimeInterval v="2016-12-22T03:00Z/2016-12-22T04:00Z"/><Direction v="Z03"/><Quantity v="3330000"/><MeasureUnit v="KW1"/></Period><Period><TimeInterval v="2016-12-22T04:00Z/2016-12-22T05:00Z"/><Direction v="Z03"/><Quantity v="3330000"/><MeasureUnit v="KW1"/></Period></Category><Category><CapacityCode v="Z10"/><Period><TimeInterval v="2016-12-21T05:00Z/2016-12-21T06:00Z"/><Direction v="Z02"/><Quantity v="2"/><MeasureUnit v="KW1"/></Period><Period><TimeInterval v="2016-12-21T06:00Z/2016-12-21T07:00Z"/><Direction v="Z02"/><Quantity v="2"/><MeasureUnit v="KW1"/></Period><Period><TimeInterval v="2016-12-21T07:00Z/2016-12-21T08:00Z"/><Direction v="Z02"/><Quantity v="2"/><MeasureUnit v="KW1"/></Period><Period><TimeInterval v="2016-12-21T08:00Z/2016-12-21T09:00Z"/><Direction v="Z02"/><Quantity v="2"/><MeasureUnit v="KW1"/></Period><Period><TimeInterval v="2016-12-21T09:00Z/2016-12-21T10:00Z"/><Direction v="Z02"/><Quantity v="2"/><MeasureUnit v="KW1"/></Period><Period><TimeInterval v="2016-12-21T10:00Z/2016-12-21T11:00Z"/><Direction v="Z02"/><Quantity v="2"/><MeasureUnit v="KW1"/></Period><Period><TimeInterval v="2016-12-21T11:00Z/2016-12-21T12:00Z"/><Direction v="Z02"/><Quantity v="2"/><MeasureUnit v="KW1"/></Period><Period><TimeInterval v="2016-12-21T12:00Z/2016-12-21T13:00Z"/><Direction v="Z02"/><Quantity v="2"/><MeasureUnit v="KW1"/></Period><Period><TimeInterval v="2016-12-21T13:00Z/2016-12-21T14:00Z"/><Direction v="Z02"/><Quantity v="2"/><MeasureUnit v="KW1"/></Period><Period><TimeInterval v="2016-12-21T14:00Z/2016-12-21T15:00Z"/><Direction v="Z02"/><Quantity v="2"/><MeasureUnit v="KW1"/></Period><Period><TimeInterval v="2016-12-21T15:00Z/2016-12-21T16:00Z"/><Direction v="Z02"/><Quantity v="2"/><MeasureUnit v="KW1"/></Period><Period><TimeInterval v="2016-12-21T16:00Z/2016-12-21T17:00Z"/><Direction v="Z02"/><Quantity v="2"/><MeasureUnit v="KW1"/></Period><Period><TimeInterval v="2016-12-21T17:00Z/2016-12-21T18:00Z"/><Direction v="Z02"/><Quantity v="2"/><MeasureUnit v="KW1"/></Period><Period><TimeInterval v="2016-12-21T18:00Z/2016-12-21T19:00Z"/><Direction v="Z02"/><Quantity v="2"/><MeasureUnit v="KW1"/></Period><Period><TimeInterval v="2016-12-21T19:00Z/2016-12-21T20:00Z"/><Direction v="Z02"/><Quantity v="2"/><MeasureUnit v="KW1"/></Period><Period><TimeInterval v="2016-12-21T20:00Z/2016-12-21T21:00Z"/><Direction v="Z02"/><Quantity v="2"/><MeasureUnit v="KW1"/></Period><Period><TimeInterval v="2016-12-21T21:00Z/2016-12-21T22:00Z"/><Direction v="Z02"/><Quantity v="2"/><MeasureUnit v="KW1"/></Period><Period><TimeInterval v="2016-12-21T22:00Z/2016-12-21T23:00Z"/><Direction v="Z02"/><Quantity v="2"/><MeasureUnit v="KW1"/></Period><Period><TimeInterval v="2016-12-21T23:00Z/2016-12-22T00:00Z"/><Direction v="Z02"/><Quantity v="2"/><MeasureUnit v="KW1"/></Period><Period><TimeInterval v="2016-12-22T00:00Z/2016-12-22T01:00Z"/><Direction v="Z02"/><Quantity v="2"/><MeasureUnit v="KW1"/></Period><Period><TimeInterval v="2016-12-22T01:00Z/2016-12-22T02:00Z"/><Direction v="Z02"/><Quantity v="2"/><MeasureUnit v="KW1"/></Period><Period><TimeInterval v="2016-12-22T02:00Z/2016-12-22T03:00Z"/><Direction v="Z02"/><Quantity v="2"/><MeasureUnit v="KW1"/></Period><Period><TimeInterval v="2016-12-22T03:00Z/2016-12-22T04:00Z"/><Direction v="Z02"/><Quantity v="2"/><MeasureUnit v="KW1"/></Period><Period><TimeInterval v="2016-12-22T04:00Z/2016-12-22T05:00Z"/><Direction v="Z02"/><Quantity v="2"/><MeasureUnit v="KW1"/></Period><Period><TimeInterval v="2016-12-21T05:00Z/2016-12-21T06:00Z"/><Direction v="Z03"/><Quantity v="3"/><MeasureUnit v="KW1"/></Period><Period><TimeInterval v="2016-12-21T06:00Z/2016-12-21T07:00Z"/><Direction v="Z03"/><Quantity v="3"/><MeasureUnit v="KW1"/></Period><Period><TimeInterval v="2016-12-21T07:00Z/2016-12-21T08:00Z"/><Direction v="Z03"/><Quantity v="3"/><MeasureUnit v="KW1"/></Period><Period><TimeInterval v="2016-12-21T08:00Z/2016-12-21T09:00Z"/><Direction v="Z03"/><Quantity v="3"/><MeasureUnit v="KW1"/></Period><Period><TimeInterval v="2016-12-21T09:00Z/2016-12-21T10:00Z"/><Direction v="Z03"/><Quantity v="3"/><MeasureUnit v="KW1"/></Period><Period><TimeInterval v="2016-12-21T10:00Z/2016-12-21T11:00Z"/><Direction v="Z03"/><Quantity v="3"/><MeasureUnit v="KW1"/></Period><Period><TimeInterval v="2016-12-21T11:00Z/2016-12-21T12:00Z"/><Direction v="Z03"/><Quantity v="3"/><MeasureUnit v="KW1"/></Period><Period><TimeInterval v="2016-12-21T12:00Z/2016-12-21T13:00Z"/><Direction v="Z03"/><Quantity v="3"/><MeasureUnit v="KW1"/></Period><Period><TimeInterval v="2016-12-21T13:00Z/2016-12-21T14:00Z"/><Direction v="Z03"/><Quantity v="3"/><MeasureUnit v="KW1"/></Period><Period><TimeInterval v="2016-12-21T14:00Z/2016-12-21T15:00Z"/><Direction v="Z03"/><Quantity v="3"/><MeasureUnit v="KW1"/></Period><Period><TimeInterval v="2016-12-21T15:00Z/2016-12-21T16:00Z"/><Direction v="Z03"/><Quantity v="3"/><MeasureUnit v="KW1"/></Period><Period><TimeInterval v="2016-12-21T16:00Z/2016-12-21T17:00Z"/><Direction v="Z03"/><Quantity v="3"/><MeasureUnit v="KW1"/></Period><Period><TimeInterval v="2016-12-21T17:00Z/2016-12-21T18:00Z"/><Direction v="Z03"/><Quantity v="3"/><MeasureUnit v="KW1"/></Period><Period><TimeInterval v="2016-12-21T18:00Z/2016-12-21T19:00Z"/><Direction v="Z03"/><Quantity v="3"/><MeasureUnit v="KW1"/></Period><Period><TimeInterval v="2016-12-21T19:00Z/2016-12-21T20:00Z"/><Direction v="Z03"/><Quantity v="3"/><MeasureUnit v="KW1"/></Period><Period><TimeInterval v="2016-12-21T20:00Z/2016-12-21T21:00Z"/><Direction v="Z03"/><Quantity v="3"/><MeasureUnit v="KW1"/></Period><Period><TimeInterval v="2016-12-21T21:00Z/2016-12-21T22:00Z"/><Direction v="Z03"/><Quantity v="3"/><MeasureUnit v="KW1"/></Period><Period><TimeInterval v="2016-12-21T22:00Z/2016-12-21T23:00Z"/><Direction v="Z03"/><Quantity v="3"/><MeasureUnit v="KW1"/></Period><Period><TimeInterval v="2016-12-21T23:00Z/2016-12-22T00:00Z"/><Direction v="Z03"/><Quantity v="3"/><MeasureUnit v="KW1"/></Period><Period><TimeInterval v="2016-12-22T00:00Z/2016-12-22T01:00Z"/><Direction v="Z03"/><Quantity v="3"/><MeasureUnit v="KW1"/></Period><Period><TimeInterval v="2016-12-22T01:00Z/2016-12-22T02:00Z"/><Direction v="Z03"/><Quantity v="3"/><MeasureUnit v="KW1"/></Period><Period><TimeInterval v="2016-12-22T02:00Z/2016-12-22T03:00Z"/><Direction v="Z03"/><Quantity v="3"/><MeasureUnit v="KW1"/></Period><Period><TimeInterval v="2016-12-22T03:00Z/2016-12-22T04:00Z"/><Direction v="Z03"/><Quantity v="3"/><MeasureUnit v="KW1"/></Period><Period><TimeInterval v="2016-12-22T04:00Z/2016-12-22T05:00Z"/><Direction v="Z03"/><Quantity v="3"/><MeasureUnit v="KW1"/></Period></Category><Category><CapacityCode v="Z11"/><Period><TimeInterval v="2016-12-21T05:00Z/2016-12-21T06:00Z"/><Direction v="Z02"/><Quantity v="245002"/><MeasureUnit v="KW1"/></Period><Period><TimeInterval v="2016-12-21T06:00Z/2016-12-21T07:00Z"/><Direction v="Z02"/><Quantity v="245002"/><MeasureUnit v="KW1"/></Period><Period><TimeInterval v="2016-12-21T07:00Z/2016-12-21T08:00Z"/><Direction v="Z02"/><Quantity v="245002"/><MeasureUnit v="KW1"/></Period><Period><TimeInterval v="2016-12-21T08:00Z/2016-12-21T09:00Z"/><Direction v="Z02"/><Quantity v="245002"/><MeasureUnit v="KW1"/></Period><Period><TimeInterval v="2016-12-21T09:00Z/2016-12-21T10:00Z"/><Direction v="Z02"/><Quantity v="245002"/><MeasureUnit v="KW1"/></Period><Period><TimeInterval v="2016-12-21T10:00Z/2016-12-21T11:00Z"/><Direction v="Z02"/><Quantity v="245002"/><MeasureUnit v="KW1"/></Period><Period><TimeInterval v="2016-12-21T11:00Z/2016-12-21T12:00Z"/><Direction v="Z02"/><Quantity v="245002"/><MeasureUnit v="KW1"/></Period><Period><TimeInterval v="2016-12-21T12:00Z/2016-12-21T13:00Z"/><Direction v="Z02"/><Quantity v="245002"/><MeasureUnit v="KW1"/></Period><Period><TimeInterval v="2016-12-21T13:00Z/2016-12-21T14:00Z"/><Direction v="Z02"/><Quantity v="245002"/><MeasureUnit v="KW1"/></Period><Period><TimeInterval v="2016-12-21T14:00Z/2016-12-21T15:00Z"/><Direction v="Z02"/><Quantity v="245002"/><MeasureUnit v="KW1"/></Period><Period><TimeInterval v="2016-12-21T15:00Z/2016-12-21T16:00Z"/><Direction v="Z02"/><Quantity v="245002"/><MeasureUnit v="KW1"/></Period><Period><TimeInterval v="2016-12-21T16:00Z/2016-12-21T17:00Z"/><Direction v="Z02"/><Quantity v="245002"/><MeasureUnit v="KW1"/></Period><Period><TimeInterval v="2016-12-21T17:00Z/2016-12-21T18:00Z"/><Direction v="Z02"/><Quantity v="245002"/><MeasureUnit v="KW1"/></Period><Period><TimeInterval v="2016-12-21T18:00Z/2016-12-21T19:00Z"/><Direction v="Z02"/><Quantity v="245002"/><MeasureUnit v="KW1"/></Period><Period><TimeInterval v="2016-12-21T19:00Z/2016-12-21T20:00Z"/><Direction v="Z02"/><Quantity v="245002"/><MeasureUnit v="KW1"/></Period><Period><TimeInterval v="2016-12-21T20:00Z/2016-12-21T21:00Z"/><Direction v="Z02"/><Quantity v="245002"/><MeasureUnit v="KW1"/></Period><Period><TimeInterval v="2016-12-21T21:00Z/2016-12-21T22:00Z"/><Direction v="Z02"/><Quantity v="245002"/><MeasureUnit v="KW1"/></Period><Period><TimeInterval v="2016-12-21T22:00Z/2016-12-21T23:00Z"/><Direction v="Z02"/><Quantity v="245002"/><MeasureUnit v="KW1"/></Period><Period><TimeInterval v="2016-12-21T23:00Z/2016-12-22T00:00Z"/><Direction v="Z02"/><Quantity v="245002"/><MeasureUnit v="KW1"/></Period><Period><TimeInterval v="2016-12-22T00:00Z/2016-12-22T01:00Z"/><Direction v="Z02"/><Quantity v="245002"/><MeasureUnit v="KW1"/></Period><Period><TimeInterval v="2016-12-22T01:00Z/2016-12-22T02:00Z"/><Direction v="Z02"/><Quantity v="245002"/><MeasureUnit v="KW1"/></Period><Period><TimeInterval v="2016-12-22T02:00Z/2016-12-22T03:00Z"/><Direction v="Z02"/><Quantity v="245002"/><MeasureUnit v="KW1"/></Period><Period><TimeInterval v="2016-12-22T03:00Z/2016-12-22T04:00Z"/><Direction v="Z02"/><Quantity v="245002"/><MeasureUnit v="KW1"/></Period><Period><TimeInterval v="2016-12-22T04:00Z/2016-12-22T05:00Z"/><Direction v="Z02"/><Quantity v="245002"/><MeasureUnit v="KW1"/></Period><Period><TimeInterval v="2016-12-21T05:00Z/2016-12-21T06:00Z"/><Direction v="Z03"/><Quantity v="3330001"/><MeasureUnit v="KW1"/></Period><Period><TimeInterval v="2016-12-21T06:00Z/2016-12-21T07:00Z"/><Direction v="Z03"/><Quantity v="3330001"/><MeasureUnit v="KW1"/></Period><Period><TimeInterval v="2016-12-21T07:00Z/2016-12-21T08:00Z"/><Direction v="Z03"/><Quantity v="3330001"/><MeasureUnit v="KW1"/></Period><Period><TimeInterval v="2016-12-21T08:00Z/2016-12-21T09:00Z"/><Direction v="Z03"/><Quantity v="3330001"/><MeasureUnit v="KW1"/></Period><Period><TimeInterval v="2016-12-21T09:00Z/2016-12-21T10:00Z"/><Direction v="Z03"/><Quantity v="3330001"/><MeasureUnit v="KW1"/></Period><Period><TimeInterval v="2016-12-21T10:00Z/2016-12-21T11:00Z"/><Direction v="Z03"/><Quantity v="3330001"/><MeasureUnit v="KW1"/></Period><Period><TimeInterval v="2016-12-21T11:00Z/2016-12-21T12:00Z"/><Direction v="Z03"/><Quantity v="3330001"/><MeasureUnit v="KW1"/></Period><Period><TimeInterval v="2016-12-21T12:00Z/2016-12-21T13:00Z"/><Direction v="Z03"/><Quantity v="3330001"/><MeasureUnit v="KW1"/></Period><Period><TimeInterval v="2016-12-21T13:00Z/2016-12-21T14:00Z"/><Direction v="Z03"/><Quantity v="3330001"/><MeasureUnit v="KW1"/></Period><Period><TimeInterval v="2016-12-21T14:00Z/2016-12-21T15:00Z"/><Direction v="Z03"/><Quantity v="3330001"/><MeasureUnit v="KW1"/></Period><Period><TimeInterval v="2016-12-21T15:00Z/2016-12-21T16:00Z"/><Direction v="Z03"/><Quantity v="3330001"/><MeasureUnit v="KW1"/></Period><Period><TimeInterval v="2016-12-21T16:00Z/2016-12-21T17:00Z"/><Direction v="Z03"/><Quantity v="3330001"/><MeasureUnit v="KW1"/></Period><Period><TimeInterval v="2016-12-21T17:00Z/2016-12-21T18:00Z"/><Direction v="Z03"/><Quantity v="3330001"/><MeasureUnit v="KW1"/></Period><Period><TimeInterval v="2016-12-21T18:00Z/2016-12-21T19:00Z"/><Direction v="Z03"/><Quantity v="3330001"/><MeasureUnit v="KW1"/></Period><Period><TimeInterval v="2016-12-21T19:00Z/2016-12-21T20:00Z"/><Direction v="Z03"/><Quantity v="3330001"/><MeasureUnit v="KW1"/></Period><Period><TimeInterval v="2016-12-21T20:00Z/2016-12-21T21:00Z"/><Direction v="Z03"/><Quantity v="3330001"/><MeasureUnit v="KW1"/></Period><Period><TimeInterval v="2016-12-21T21:00Z/2016-12-21T22:00Z"/><Direction v="Z03"/><Quantity v="3330001"/><MeasureUnit v="KW1"/></Period><Period><TimeInterval v="2016-12-21T22:00Z/2016-12-21T23:00Z"/><Direction v="Z03"/><Quantity v="3330001"/><MeasureUnit v="KW1"/></Period><Period><TimeInterval v="2016-12-21T23:00Z/2016-12-22T00:00Z"/><Direction v="Z03"/><Quantity v="3330001"/><MeasureUnit v="KW1"/></Period><Period><TimeInterval v="2016-12-22T00:00Z/2016-12-22T01:00Z"/><Direction v="Z03"/><Quantity v="3330001"/><MeasureUnit v="KW1"/></Period><Period><TimeInterval v="2016-12-22T01:00Z/2016-12-22T02:00Z"/><Direction v="Z03"/><Quantity v="3330001"/><MeasureUnit v="KW1"/></Period><Period><TimeInterval v="2016-12-22T02:00Z/2016-12-22T03:00Z"/><Direction v="Z03"/><Quantity v="3330001"/><MeasureUnit v="KW1"/></Period><Period><TimeInterval v="2016-12-22T03:00Z/2016-12-22T04:00Z"/><Direction v="Z03"/><Quantity v="3330001"/><MeasureUnit v="KW1"/></Period><Period><TimeInterval v="2016-12-22T04:00Z/2016-12-22T05:00Z"/><Direction v="Z03"/><Quantity v="3330001"/><MeasureUnit v="KW1"/></Period></Category></ConnectionPoint><ConnectionPoint><Identification v="21Z000000000342R" codingScheme="305"/><Type v="Z28"/><Category><CapacityCode v="Z06"/><Period><TimeInterval v="2016-12-21T05:00Z/2016-12-21T06:00Z"/><Direction v="Z02"/><Quantity v="12000"/><MeasureUnit v="KW1"/></Period><Period><TimeInterval v="2016-12-21T06:00Z/2016-12-21T07:00Z"/><Direction v="Z02"/><Quantity v="12000"/><MeasureUnit v="KW1"/></Period><Period><TimeInterval v="2016-12-21T07:00Z/2016-12-21T08:00Z"/><Direction v="Z02"/><Quantity v="12000"/><MeasureUnit v="KW1"/></Period><Period><TimeInterval v="2016-12-21T08:00Z/2016-12-21T09:00Z"/><Direction v="Z02"/><Quantity v="12000"/><MeasureUnit v="KW1"/></Period><Period><TimeInterval v="2016-12-21T09:00Z/2016-12-21T10:00Z"/><Direction v="Z02"/><Quantity v="12000"/><MeasureUnit v="KW1"/></Period><Period><TimeInterval v="2016-12-21T10:00Z/2016-12-21T11:00Z"/><Direction v="Z02"/><Quantity v="12000"/><MeasureUnit v="KW1"/></Period><Period><TimeInterval v="2016-12-21T11:00Z/2016-12-21T12:00Z"/><Direction v="Z02"/><Quantity v="12000"/><MeasureUnit v="KW1"/></Period><Period><TimeInterval v="2016-12-21T12:00Z/2016-12-21T13:00Z"/><Direction v="Z02"/><Quantity v="12000"/><MeasureUnit v="KW1"/></Period><Period><TimeInterval v="2016-12-21T13:00Z/2016-12-21T14:00Z"/><Direction v="Z02"/><Quantity v="12000"/><MeasureUnit v="KW1"/></Period><Period><TimeInterval v="2016-12-21T14:00Z/2016-12-21T15:00Z"/><Direction v="Z02"/><Quantity v="12000"/><MeasureUnit v="KW1"/></Period><Period><TimeInterval v="2016-12-21T15:00Z/2016-12-21T16:00Z"/><Direction v="Z02"/><Quantity v="12000"/><MeasureUnit v="KW1"/></Period><Period><TimeInterval v="2016-12-21T16:00Z/2016-12-21T17:00Z"/><Direction v="Z02"/><Quantity v="12000"/><MeasureUnit v="KW1"/></Period><Period><TimeInterval v="2016-12-21T17:00Z/2016-12-21T18:00Z"/><Direction v="Z02"/><Quantity v="12000"/><MeasureUnit v="KW1"/></Period><Period><TimeInterval v="2016-12-21T18:00Z/2016-12-21T19:00Z"/><Direction v="Z02"/><Quantity v="12000"/><MeasureUnit v="KW1"/></Period><Period><TimeInterval v="2016-12-21T19:00Z/2016-12-21T20:00Z"/><Direction v="Z02"/><Quantity v="12000"/><MeasureUnit v="KW1"/></Period><Period><TimeInterval v="2016-12-21T20:00Z/2016-12-21T21:00Z"/><Direction v="Z02"/><Quantity v="12000"/><MeasureUnit v="KW1"/></Period><Period><TimeInterval v="2016-12-21T21:00Z/2016-12-21T22:00Z"/><Direction v="Z02"/><Quantity v="12000"/><MeasureUnit v="KW1"/></Period><Period><TimeInterval v="2016-12-21T22:00Z/2016-12-21T23:00Z"/><Direction v="Z02"/><Quantity v="12000"/><MeasureUnit v="KW1"/></Period><Period><TimeInterval v="2016-12-21T23:00Z/2016-12-22T00:00Z"/><Direction v="Z02"/><Quantity v="12000"/><MeasureUnit v="KW1"/></Period><Period><TimeInterval v="2016-12-22T00:00Z/2016-12-22T01:00Z"/><Direction v="Z02"/><Quantity v="12000"/><MeasureUnit v="KW1"/></Period><Period><TimeInterval v="2016-12-22T01:00Z/2016-12-22T02:00Z"/><Direction v="Z02"/><Quantity v="12000"/><MeasureUnit v="KW1"/></Period><Period><TimeInterval v="2016-12-22T02:00Z/2016-12-22T03:00Z"/><Direction v="Z02"/><Quantity v="12000"/><MeasureUnit v="KW1"/></Period><Period><TimeInterval v="2016-12-22T03:00Z/2016-12-22T04:00Z"/><Direction v="Z02"/><Quantity v="12000"/><MeasureUnit v="KW1"/></Period><Period><TimeInterval v="2016-12-22T04:00Z/2016-12-22T05:00Z"/><Direction v="Z02"/><Quantity v="12000"/><MeasureUnit v="KW1"/></Period></Category><Category><CapacityCode v="Z07"/><Period><TimeInterval v="2016-12-21T05:00Z/2016-12-21T06:00Z"/><Direction v="Z02"/><Quantity v="18000"/><MeasureUnit v="KW1"/></Period><Period><TimeInterval v="2016-12-21T06:00Z/2016-12-21T07:00Z"/><Direction v="Z02"/><Quantity v="18000"/><MeasureUnit v="KW1"/></Period><Period><TimeInterval v="2016-12-21T07:00Z/2016-12-21T08:00Z"/><Direction v="Z02"/><Quantity v="18000"/><MeasureUnit v="KW1"/></Period><Period><TimeInterval v="2016-12-21T08:00Z/2016-12-21T09:00Z"/><Direction v="Z02"/><Quantity v="18000"/><MeasureUnit v="KW1"/></Period><Period><TimeInterval v="2016-12-21T09:00Z/2016-12-21T10:00Z"/><Direction v="Z02"/><Quantity v="18000"/><MeasureUnit v="KW1"/></Period><Period><TimeInterval v="2016-12-21T10:00Z/2016-12-21T11:00Z"/><Direction v="Z02"/><Quantity v="18000"/><MeasureUnit v="KW1"/></Period><Period><TimeInterval v="2016-12-21T11:00Z/2016-12-21T12:00Z"/><Direction v="Z02"/><Quantity v="18000"/><MeasureUnit v="KW1"/></Period><Period><TimeInterval v="2016-12-21T12:00Z/2016-12-21T13:00Z"/><Direction v="Z02"/><Quantity v="18000"/><MeasureUnit v="KW1"/></Period><Period><TimeInterval v="2016-12-21T13:00Z/2016-12-21T14:00Z"/><Direction v="Z02"/><Quantity v="18000"/><MeasureUnit v="KW1"/></Period><Period><TimeInterval v="2016-12-21T14:00Z/2016-12-21T15:00Z"/><Direction v="Z02"/><Quantity v="18000"/><MeasureUnit v="KW1"/></Period><Period><TimeInterval v="2016-12-21T15:00Z/2016-12-21T16:00Z"/><Direction v="Z02"/><Quantity v="18000"/><MeasureUnit v="KW1"/></Period><Period><TimeInterval v="2016-12-21T16:00Z/2016-12-21T17:00Z"/><Direction v="Z02"/><Quantity v="18000"/><MeasureUnit v="KW1"/></Period><Period><TimeInterval v="2016-12-21T17:00Z/2016-12-21T18:00Z"/><Direction v="Z02"/><Quantity v="18000"/><MeasureUnit v="KW1"/></Period><Period><TimeInterval v="2016-12-21T18:00Z/2016-12-21T19:00Z"/><Direction v="Z02"/><Quantity v="18000"/><MeasureUnit v="KW1"/></Period><Period><TimeInterval v="2016-12-21T19:00Z/2016-12-21T20:00Z"/><Direction v="Z02"/><Quantity v="18000"/><MeasureUnit v="KW1"/></Period><Period><TimeInterval v="2016-12-21T20:00Z/2016-12-21T21:00Z"/><Direction v="Z02"/><Quantity v="18000"/><MeasureUnit v="KW1"/></Period><Period><TimeInterval v="2016-12-21T21:00Z/2016-12-21T22:00Z"/><Direction v="Z02"/><Quantity v="18000"/><MeasureUnit v="KW1"/></Period><Period><TimeInterval v="2016-12-21T22:00Z/2016-12-21T23:00Z"/><Direction v="Z02"/><Quantity v="18000"/><MeasureUnit v="KW1"/></Period><Period><TimeInterval v="2016-12-21T23:00Z/2016-12-22T00:00Z"/><Direction v="Z02"/><Quantity v="18000"/><MeasureUnit v="KW1"/></Period><Period><TimeInterval v="2016-12-22T00:00Z/2016-12-22T01:00Z"/><Direction v="Z02"/><Quantity v="18000"/><MeasureUnit v="KW1"/></Period><Period><TimeInterval v="2016-12-22T01:00Z/2016-12-22T02:00Z"/><Direction v="Z02"/><Quantity v="18000"/><MeasureUnit v="KW1"/></Period><Period><TimeInterval v="2016-12-22T02:00Z/2016-12-22T03:00Z"/><Direction v="Z02"/><Quantity v="18000"/><MeasureUnit v="KW1"/></Period><Period><TimeInterval v="2016-12-22T03:00Z/2016-12-22T04:00Z"/><Direction v="Z02"/><Quantity v="18000"/><MeasureUnit v="KW1"/></Period><Period><TimeInterval v="2016-12-22T04:00Z/2016-12-22T05:00Z"/><Direction v="Z02"/><Quantity v="18000"/><MeasureUnit v="KW1"/></Period></Category><Category><CapacityCode v="Z09"/><Period><TimeInterval v="2016-12-21T05:00Z/2016-12-21T06:00Z"/><Direction v="Z02"/><Quantity v="6000"/><MeasureUnit v="KW1"/></Period><Period><TimeInterval v="2016-12-21T06:00Z/2016-12-21T07:00Z"/><Direction v="Z02"/><Quantity v="6000"/><MeasureUnit v="KW1"/></Period><Period><TimeInterval v="2016-12-21T07:00Z/2016-12-21T08:00Z"/><Direction v="Z02"/><Quantity v="6000"/><MeasureUnit v="KW1"/></Period><Period><TimeInterval v="2016-12-21T08:00Z/2016-12-21T09:00Z"/><Direction v="Z02"/><Quantity v="6000"/><MeasureUnit v="KW1"/></Period><Period><TimeInterval v="2016-12-21T09:00Z/2016-12-21T10:00Z"/><Direction v="Z02"/><Quantity v="6000"/><MeasureUnit v="KW1"/></Period><Period><TimeInterval v="2016-12-21T10:00Z/2016-12-21T11:00Z"/><Direction v="Z02"/><Quantity v="6000"/><MeasureUnit v="KW1"/></Period><Period><TimeInterval v="2016-12-21T11:00Z/2016-12-21T12:00Z"/><Direction v="Z02"/><Quantity v="6000"/><MeasureUnit v="KW1"/></Period><Period><TimeInterval v="2016-12-21T12:00Z/2016-12-21T13:00Z"/><Direction v="Z02"/><Quantity v="6000"/><MeasureUnit v="KW1"/></Period><Period><TimeInterval v="2016-12-21T13:00Z/2016-12-21T14:00Z"/><Direction v="Z02"/><Quantity v="6000"/><MeasureUnit v="KW1"/></Period><Period><TimeInterval v="2016-12-21T14:00Z/2016-12-21T15:00Z"/><Direction v="Z02"/><Quantity v="6000"/><MeasureUnit v="KW1"/></Period><Period><TimeInterval v="2016-12-21T15:00Z/2016-12-21T16:00Z"/><Direction v="Z02"/><Quantity v="6000"/><MeasureUnit v="KW1"/></Period><Period><TimeInterval v="2016-12-21T16:00Z/2016-12-21T17:00Z"/><Direction v="Z02"/><Quantity v="6000"/><MeasureUnit v="KW1"/></Period><Period><TimeInterval v="2016-12-21T17:00Z/2016-12-21T18:00Z"/><Direction v="Z02"/><Quantity v="6000"/><MeasureUnit v="KW1"/></Period><Period><TimeInterval v="2016-12-21T18:00Z/2016-12-21T19:00Z"/><Direction v="Z02"/><Quantity v="6000"/><MeasureUnit v="KW1"/></Period><Period><TimeInterval v="2016-12-21T19:00Z/2016-12-21T20:00Z"/><Direction v="Z02"/><Quantity v="6000"/><MeasureUnit v="KW1"/></Period><Period><TimeInterval v="2016-12-21T20:00Z/2016-12-21T21:00Z"/><Direction v="Z02"/><Quantity v="6000"/><MeasureUnit v="KW1"/></Period><Period><TimeInterval v="2016-12-21T21:00Z/2016-12-21T22:00Z"/><Direction v="Z02"/><Quantity v="6000"/><MeasureUnit v="KW1"/></Period><Period><TimeInterval v="2016-12-21T22:00Z/2016-12-21T23:00Z"/><Direction v="Z02"/><Quantity v="6000"/><MeasureUnit v="KW1"/></Period><Period><TimeInterval v="2016-12-21T23:00Z/2016-12-22T00:00Z"/><Direction v="Z02"/><Quantity v="6000"/><MeasureUnit v="KW1"/></Period><Period><TimeInterval v="2016-12-22T00:00Z/2016-12-22T01:00Z"/><Direction v="Z02"/><Quantity v="6000"/><MeasureUnit v="KW1"/></Period><Period><TimeInterval v="2016-12-22T01:00Z/2016-12-22T02:00Z"/><Direction v="Z02"/><Quantity v="6000"/><MeasureUnit v="KW1"/></Period><Period><TimeInterval v="2016-12-22T02:00Z/2016-12-22T03:00Z"/><Direction v="Z02"/><Quantity v="6000"/><MeasureUnit v="KW1"/></Period><Period><TimeInterval v="2016-12-22T03:00Z/2016-12-22T04:00Z"/><Direction v="Z02"/><Quantity v="6000"/><MeasureUnit v="KW1"/></Period><Period><TimeInterval v="2016-12-22T04:00Z/2016-12-22T05:00Z"/><Direction v="Z02"/><Quantity v="6000"/><MeasureUnit v="KW1"/></Period></Category><Category><CapacityCode v="Z10"/><Period><TimeInterval v="2016-12-21T05:00Z/2016-12-21T06:00Z"/><Direction v="Z02"/><Quantity v="0"/><MeasureUnit v="KW1"/></Period><Period><TimeInterval v="2016-12-21T06:00Z/2016-12-21T07:00Z"/><Direction v="Z02"/><Quantity v="0"/><MeasureUnit v="KW1"/></Period><Period><TimeInterval v="2016-12-21T07:00Z/2016-12-21T08:00Z"/><Direction v="Z02"/><Quantity v="0"/><MeasureUnit v="KW1"/></Period><Period><TimeInterval v="2016-12-21T08:00Z/2016-12-21T09:00Z"/><Direction v="Z02"/><Quantity v="0"/><MeasureUnit v="KW1"/></Period><Period><TimeInterval v="2016-12-21T09:00Z/2016-12-21T10:00Z"/><Direction v="Z02"/><Quantity v="0"/><MeasureUnit v="KW1"/></Period><Period><TimeInterval v="2016-12-21T10:00Z/2016-12-21T11:00Z"/><Direction v="Z02"/><Quantity v="0"/><MeasureUnit v="KW1"/></Period><Period><TimeInterval v="2016-12-21T11:00Z/2016-12-21T12:00Z"/><Direction v="Z02"/><Quantity v="0"/><MeasureUnit v="KW1"/></Period><Period><TimeInterval v="2016-12-21T12:00Z/2016-12-21T13:00Z"/><Direction v="Z02"/><Quantity v="0"/><MeasureUnit v="KW1"/></Period><Period><TimeInterval v="2016-12-21T13:00Z/2016-12-21T14:00Z"/><Direction v="Z02"/><Quantity v="0"/><MeasureUnit v="KW1"/></Period><Period><TimeInterval v="2016-12-21T14:00Z/2016-12-21T15:00Z"/><Direction v="Z02"/><Quantity v="0"/><MeasureUnit v="KW1"/></Period><Period><TimeInterval v="2016-12-21T15:00Z/2016-12-21T16:00Z"/><Direction v="Z02"/><Quantity v="0"/><MeasureUnit v="KW1"/></Period><Period><TimeInterval v="2016-12-21T16:00Z/2016-12-21T17:00Z"/><Direction v="Z02"/><Quantity v="0"/><MeasureUnit v="KW1"/></Period><Period><TimeInterval v="2016-12-21T17:00Z/2016-12-21T18:00Z"/><Direction v="Z02"/><Quantity v="0"/><MeasureUnit v="KW1"/></Period><Period><TimeInterval v="2016-12-21T18:00Z/2016-12-21T19:00Z"/><Direction v="Z02"/><Quantity v="0"/><MeasureUnit v="KW1"/></Period><Period><TimeInterval v="2016-12-21T19:00Z/2016-12-21T20:00Z"/><Direction v="Z02"/><Quantity v="0"/><MeasureUnit v="KW1"/></Period><Period><TimeInterval v="2016-12-21T20:00Z/2016-12-21T21:00Z"/><Direction v="Z02"/><Quantity v="0"/><MeasureUnit v="KW1"/></Period><Period><TimeInterval v="2016-12-21T21:00Z/2016-12-21T22:00Z"/><Direction v="Z02"/><Quantity v="0"/><MeasureUnit v="KW1"/></Period><Period><TimeInterval v="2016-12-21T22:00Z/2016-12-21T23:00Z"/><Direction v="Z02"/><Quantity v="0"/><MeasureUnit v="KW1"/></Period><Period><TimeInterval v="2016-12-21T23:00Z/2016-12-22T00:00Z"/><Direction v="Z02"/><Quantity v="0"/><MeasureUnit v="KW1"/></Period><Period><TimeInterval v="2016-12-22T00:00Z/2016-12-22T01:00Z"/><Direction v="Z02"/><Quantity v="0"/><MeasureUnit v="KW1"/></Period><Period><TimeInterval v="2016-12-22T01:00Z/2016-12-22T02:00Z"/><Direction v="Z02"/><Quantity v="0"/><MeasureUnit v="KW1"/></Period><Period><TimeInterval v="2016-12-22T02:00Z/2016-12-22T03:00Z"/><Direction v="Z02"/><Quantity v="0"/><MeasureUnit v="KW1"/></Period><Period><TimeInterval v="2016-12-22T03:00Z/2016-12-22T04:00Z"/><Direction v="Z02"/><Quantity v="0"/><MeasureUnit v="KW1"/></Period><Period><TimeInterval v="2016-12-22T04:00Z/2016-12-22T05:00Z"/><Direction v="Z02"/><Quantity v="0"/><MeasureUnit v="KW1"/></Period></Category><Category><CapacityCode v="Z11"/><Period><TimeInterval v="2016-12-21T05:00Z/2016-12-21T06:00Z"/><Direction v="Z02"/><Quantity v="6000"/><MeasureUnit v="KW1"/></Period><Period><TimeInterval v="2016-12-21T06:00Z/2016-12-21T07:00Z"/><Direction v="Z02"/><Quantity v="6000"/><MeasureUnit v="KW1"/></Period><Period><TimeInterval v="2016-12-21T07:00Z/2016-12-21T08:00Z"/><Direction v="Z02"/><Quantity v="6000"/><MeasureUnit v="KW1"/></Period><Period><TimeInterval v="2016-12-21T08:00Z/2016-12-21T09:00Z"/><Direction v="Z02"/><Quantity v="6000"/><MeasureUnit v="KW1"/></Period><Period><TimeInterval v="2016-12-21T09:00Z/2016-12-21T10:00Z"/><Direction v="Z02"/><Quantity v="6000"/><MeasureUnit v="KW1"/></Period><Period><TimeInterval v="2016-12-21T10:00Z/2016-12-21T11:00Z"/><Direction v="Z02"/><Quantity v="6000"/><MeasureUnit v="KW1"/></Period><Period><TimeInterval v="2016-12-21T11:00Z/2016-12-21T12:00Z"/><Direction v="Z02"/><Quantity v="6000"/><MeasureUnit v="KW1"/></Period><Period><TimeInterval v="2016-12-21T12:00Z/2016-12-21T13:00Z"/><Direction v="Z02"/><Quantity v="6000"/><MeasureUnit v="KW1"/></Period><Period><TimeInterval v="2016-12-21T13:00Z/2016-12-21T14:00Z"/><Direction v="Z02"/><Quantity v="6000"/><MeasureUnit v="KW1"/></Period><Period><TimeInterval v="2016-12-21T14:00Z/2016-12-21T15:00Z"/><Direction v="Z02"/><Quantity v="6000"/><MeasureUnit v="KW1"/></Period><Period><TimeInterval v="2016-12-21T15:00Z/2016-12-21T16:00Z"/><Direction v="Z02"/><Quantity v="6000"/><MeasureUnit v="KW1"/></Period><Period><TimeInterval v="2016-12-21T16:00Z/2016-12-21T17:00Z"/><Direction v="Z02"/><Quantity v="6000"/><MeasureUnit v="KW1"/></Period><Period><TimeInterval v="2016-12-21T17:00Z/2016-12-21T18:00Z"/><Direction v="Z02"/><Quantity v="6000"/><MeasureUnit v="KW1"/></Period><Period><TimeInterval v="2016-12-21T18:00Z/2016-12-21T19:00Z"/><Direction v="Z02"/><Quantity v="6000"/><MeasureUnit v="KW1"/></Period><Period><TimeInterval v="2016-12-21T19:00Z/2016-12-21T20:00Z"/><Direction v="Z02"/><Quantity v="6000"/><MeasureUnit v="KW1"/></Period><Period><TimeInterval v="2016-12-21T20:00Z/2016-12-21T21:00Z"/><Direction v="Z02"/><Quantity v="6000"/><MeasureUnit v="KW1"/></Period><Period><TimeInterval v="2016-12-21T21:00Z/2016-12-21T22:00Z"/><Direction v="Z02"/><Quantity v="6000"/><MeasureUnit v="KW1"/></Period><Period><TimeInterval v="2016-12-21T22:00Z/2016-12-21T23:00Z"/><Direction v="Z02"/><Quantity v="6000"/><MeasureUnit v="KW1"/></Period><Period><TimeInterval v="2016-12-21T23:00Z/2016-12-22T00:00Z"/><Direction v="Z02"/><Quantity v="6000"/><MeasureUnit v="KW1"/></Period><Period><TimeInterval v="2016-12-22T00:00Z/2016-12-22T01:00Z"/><Direction v="Z02"/><Quantity v="6000"/><MeasureUnit v="KW1"/></Period><Period><TimeInterval v="2016-12-22T01:00Z/2016-12-22T02:00Z"/><Direction v="Z02"/><Quantity v="6000"/><MeasureUnit v="KW1"/></Period><Period><TimeInterval v="2016-12-22T02:00Z/2016-12-22T03:00Z"/><Direction v="Z02"/><Quantity v="6000"/><MeasureUnit v="KW1"/></Period><Period><TimeInterval v="2016-12-22T03:00Z/2016-12-22T04:00Z"/><Direction v="Z02"/><Quantity v="6000"/><MeasureUnit v="KW1"/></Period><Period><TimeInterval v="2016-12-22T04:00Z/2016-12-22T05:00Z"/><Direction v="Z02"/><Quantity v="6000"/><MeasureUnit v="KW1"/></Period></Category></ConnectionPoint><ConnectionPoint><Identification v="21Z000000000343P" codingScheme="305"/><Type v="Z31"/><Category><CapacityCode v="Z06"/><Period><TimeInterval v="2016-12-21T05:00Z/2016-12-21T06:00Z"/><Direction v="Z03"/><Quantity v="4544861"/><MeasureUnit v="KW1"/></Period><Period><TimeInterval v="2016-12-21T06:00Z/2016-12-21T07:00Z"/><Direction v="Z03"/><Quantity v="4544861"/><MeasureUnit v="KW1"/></Period><Period><TimeInterval v="2016-12-21T07:00Z/2016-12-21T08:00Z"/><Direction v="Z03"/><Quantity v="4544861"/><MeasureUnit v="KW1"/></Period><Period><TimeInterval v="2016-12-21T08:00Z/2016-12-21T09:00Z"/><Direction v="Z03"/><Quantity v="4544861"/><MeasureUnit v="KW1"/></Period><Period><TimeInterval v="2016-12-21T09:00Z/2016-12-21T10:00Z"/><Direction v="Z03"/><Quantity v="4544861"/><MeasureUnit v="KW1"/></Period><Period><TimeInterval v="2016-12-21T10:00Z/2016-12-21T11:00Z"/><Direction v="Z03"/><Quantity v="4544861"/><MeasureUnit v="KW1"/></Period><Period><TimeInterval v="2016-12-21T11:00Z/2016-12-21T12:00Z"/><Direction v="Z03"/><Quantity v="4544861"/><MeasureUnit v="KW1"/></Period><Period><TimeInterval v="2016-12-21T12:00Z/2016-12-21T13:00Z"/><Direction v="Z03"/><Quantity v="4544861"/><MeasureUnit v="KW1"/></Period><Period><TimeInterval v="2016-12-21T13:00Z/2016-12-21T14:00Z"/><Direction v="Z03"/><Quantity v="4544861"/><MeasureUnit v="KW1"/></Period><Period><TimeInterval v="2016-12-21T14:00Z/2016-12-21T15:00Z"/><Direction v="Z03"/><Quantity v="4544861"/><MeasureUnit v="KW1"/></Period><Period><TimeInterval v="2016-12-21T15:00Z/2016-12-21T16:00Z"/><Direction v="Z03"/><Quantity v="4544861"/><MeasureUnit v="KW1"/></Period><Period><TimeInterval v="2016-12-21T16:00Z/2016-12-21T17:00Z"/><Direction v="Z03"/><Quantity v="4544861"/><MeasureUnit v="KW1"/></Period><Period><TimeInterval v="2016-12-21T17:00Z/2016-12-21T18:00Z"/><Direction v="Z03"/><Quantity v="4544861"/><MeasureUnit v="KW1"/></Period><Period><TimeInterval v="2016-12-21T18:00Z/2016-12-21T19:00Z"/><Direction v="Z03"/><Quantity v="4544861"/><MeasureUnit v="KW1"/></Period><Period><TimeInterval v="2016-12-21T19:00Z/2016-12-21T20:00Z"/><Direction v="Z03"/><Quantity v="4544861"/><MeasureUnit v="KW1"/></Period><Period><TimeInterval v="2016-12-21T20:00Z/2016-12-21T21:00Z"/><Direction v="Z03"/><Quantity v="4544861"/><MeasureUnit v="KW1"/></Period><Period><TimeInterval v="2016-12-21T21:00Z/2016-12-21T22:00Z"/><Direction v="Z03"/><Quantity v="4544861"/><MeasureUnit v="KW1"/></Period><Period><TimeInterval v="2016-12-21T22:00Z/2016-12-21T23:00Z"/><Direction v="Z03"/><Quantity v="4544861"/><MeasureUnit v="KW1"/></Period><Period><TimeInterval v="2016-12-21T23:00Z/2016-12-22T00:00Z"/><Direction v="Z03"/><Quantity v="4544861"/><MeasureUnit v="KW1"/></Period><Period><TimeInterval v="2016-12-22T00:00Z/2016-12-22T01:00Z"/><Direction v="Z03"/><Quantity v="4544861"/><MeasureUnit v="KW1"/></Period><Period><TimeInterval v="2016-12-22T01:00Z/2016-12-22T02:00Z"/><Direction v="Z03"/><Quantity v="4544861"/><MeasureUnit v="KW1"/></Period><Period><TimeInterval v="2016-12-22T02:00Z/2016-12-22T03:00Z"/><Direction v="Z03"/><Quantity v="4544861"/><MeasureUnit v="KW1"/></Period><Period><TimeInterval v="2016-12-22T03:00Z/2016-12-22T04:00Z"/><Direction v="Z03"/><Quantity v="4544861"/><MeasureUnit v="KW1"/></Period><Period><TimeInterval v="2016-12-22T04:00Z/2016-12-22T05:00Z"/><Direction v="Z03"/><Quantity v="4544861"/><MeasureUnit v="KW1"/></Period></Category><Category><CapacityCode v="Z07"/><Period><TimeInterval v="2016-12-21T05:00Z/2016-12-21T06:00Z"/><Direction v="Z03"/><Quantity v="19148500"/><MeasureUnit v="KW1"/></Period><Period><TimeInterval v="2016-12-21T06:00Z/2016-12-21T07:00Z"/><Direction v="Z03"/><Quantity v="19148500"/><MeasureUnit v="KW1"/></Period><Period><TimeInterval v="2016-12-21T07:00Z/2016-12-21T08:00Z"/><Direction v="Z03"/><Quantity v="19148500"/><MeasureUnit v="KW1"/></Period><Period><TimeInterval v="2016-12-21T08:00Z/2016-12-21T09:00Z"/><Direction v="Z03"/><Quantity v="19148500"/><MeasureUnit v="KW1"/></Period><Period><TimeInterval v="2016-12-21T09:00Z/2016-12-21T10:00Z"/><Direction v="Z03"/><Quantity v="19148500"/><MeasureUnit v="KW1"/></Period><Period><TimeInterval v="2016-12-21T10:00Z/2016-12-21T11:00Z"/><Direction v="Z03"/><Quantity v="19148500"/><MeasureUnit v="KW1"/></Period><Period><TimeInterval v="2016-12-21T11:00Z/2016-12-21T12:00Z"/><Direction v="Z03"/><Quantity v="19148500"/><MeasureUnit v="KW1"/></Period><Period><TimeInterval v="2016-12-21T12:00Z/2016-12-21T13:00Z"/><Direction v="Z03"/><Quantity v="19148500"/><MeasureUnit v="KW1"/></Period><Period><TimeInterval v="2016-12-21T13:00Z/2016-12-21T14:00Z"/><Direction v="Z03"/><Quantity v="19148500"/><MeasureUnit v="KW1"/></Period><Period><TimeInterval v="2016-12-21T14:00Z/2016-12-21T15:00Z"/><Direction v="Z03"/><Quantity v="19148500"/><MeasureUnit v="KW1"/></Period><Period><TimeInterval v="2016-12-21T15:00Z/2016-12-21T16:00Z"/><Direction v="Z03"/><Quantity v="19148500"/><MeasureUnit v="KW1"/></Period><Period><TimeInterval v="2016-12-21T16:00Z/2016-12-21T17:00Z"/><Direction v="Z03"/><Quantity v="19148500"/><MeasureUnit v="KW1"/></Period><Period><TimeInterval v="2016-12-21T17:00Z/2016-12-21T18:00Z"/><Direction v="Z03"/><Quantity v="19148500"/><MeasureUnit v="KW1"/></Period><Period><TimeInterval v="2016-12-21T18:00Z/2016-12-21T19:00Z"/><Direction v="Z03"/><Quantity v="19148500"/><MeasureUnit v="KW1"/></Period><Period><TimeInterval v="2016-12-21T19:00Z/2016-12-21T20:00Z"/><Direction v="Z03"/><Quantity v="19148500"/><MeasureUnit v="KW1"/></Period><Period><TimeInterval v="2016-12-21T20:00Z/2016-12-21T21:00Z"/><Direction v="Z03"/><Quantity v="19148500"/><MeasureUnit v="KW1"/></Period><Period><TimeInterval v="2016-12-21T21:00Z/2016-12-21T22:00Z"/><Direction v="Z03"/><Quantity v="19148500"/><MeasureUnit v="KW1"/></Period><Period><TimeInterval v="2016-12-21T22:00Z/2016-12-21T23:00Z"/><Direction v="Z03"/><Quantity v="19148500"/><MeasureUnit v="KW1"/></Period><Period><TimeInterval v="2016-12-21T23:00Z/2016-12-22T00:00Z"/><Direction v="Z03"/><Quantity v="19148500"/><MeasureUnit v="KW1"/></Period><Period><TimeInterval v="2016-12-22T00:00Z/2016-12-22T01:00Z"/><Direction v="Z03"/><Quantity v="19148500"/><MeasureUnit v="KW1"/></Period><Period><TimeInterval v="2016-12-22T01:00Z/2016-12-22T02:00Z"/><Direction v="Z03"/><Quantity v="19148500"/><MeasureUnit v="KW1"/></Period><Period><TimeInterval v="2016-12-22T02:00Z/2016-12-22T03:00Z"/><Direction v="Z03"/><Quantity v="19148500"/><MeasureUnit v="KW1"/></Period><Period><TimeInterval v="2016-12-22T03:00Z/2016-12-22T04:00Z"/><Direction v="Z03"/><Quantity v="19148500"/><MeasureUnit v="KW1"/></Period><Period><TimeInterval v="2016-12-22T04:00Z/2016-12-22T05:00Z"/><Direction v="Z03"/><Quantity v="19148500"/><MeasureUnit v="KW1"/></Period></Category><Category><CapacityCode v="Z10"/><Period><TimeInterval v="2016-12-21T05:00Z/2016-12-21T06:00Z"/><Direction v="Z03"/><Quantity v="5721607"/><MeasureUnit v="KW1"/></Period><Period><TimeInterval v="2016-12-21T06:00Z/2016-12-21T07:00Z"/><Direction v="Z03"/><Quantity v="5721607"/><MeasureUnit v="KW1"/></Period><Period><TimeInterval v="2016-12-21T07:00Z/2016-12-21T08:00Z"/><Direction v="Z03"/><Quantity v="5721607"/><MeasureUnit v="KW1"/></Period><Period><TimeInterval v="2016-12-21T08:00Z/2016-12-21T09:00Z"/><Direction v="Z03"/><Quantity v="5721607"/><MeasureUnit v="KW1"/></Period><Period><TimeInterval v="2016-12-21T09:00Z/2016-12-21T10:00Z"/><Direction v="Z03"/><Quantity v="5721607"/><MeasureUnit v="KW1"/></Period><Period><TimeInterval v="2016-12-21T10:00Z/2016-12-21T11:00Z"/><Direction v="Z03"/><Quantity v="5721607"/><MeasureUnit v="KW1"/></Period><Period><TimeInterval v="2016-12-21T11:00Z/2016-12-21T12:00Z"/><Direction v="Z03"/><Quantity v="5721607"/><MeasureUnit v="KW1"/></Period><Period><TimeInterval v="2016-12-21T12:00Z/2016-12-21T13:00Z"/><Direction v="Z03"/><Quantity v="5721607"/><MeasureUnit v="KW1"/></Period><Period><TimeInterval v="2016-12-21T13:00Z/2016-12-21T14:00Z"/><Direction v="Z03"/><Quantity v="5721607"/><MeasureUnit v="KW1"/></Period><Period><TimeInterval v="2016-12-21T14:00Z/2016-12-21T15:00Z"/><Direction v="Z03"/><Quantity v="5721607"/><MeasureUnit v="KW1"/></Period><Period><TimeInterval v="2016-12-21T15:00Z/2016-12-21T16:00Z"/><Direction v="Z03"/><Quantity v="5721607"/><MeasureUnit v="KW1"/></Period><Period><TimeInterval v="2016-12-21T16:00Z/2016-12-21T17:00Z"/><Direction v="Z03"/><Quantity v="5721607"/><MeasureUnit v="KW1"/></Period><Period><TimeInterval v="2016-12-21T17:00Z/2016-12-21T18:00Z"/><Direction v="Z03"/><Quantity v="5721607"/><MeasureUnit v="KW1"/></Period><Period><TimeInterval v="2016-12-21T18:00Z/2016-12-21T19:00Z"/><Direction v="Z03"/><Quantity v="5721607"/><MeasureUnit v="KW1"/></Period><Period><TimeInterval v="2016-12-21T19:00Z/2016-12-21T20:00Z"/><Direction v="Z03"/><Quantity v="5721607"/><MeasureUnit v="KW1"/></Period><Period><TimeInterval v="2016-12-21T20:00Z/2016-12-21T21:00Z"/><Direction v="Z03"/><Quantity v="5721607"/><MeasureUnit v="KW1"/></Period><Period><TimeInterval v="2016-12-21T21:00Z/2016-12-21T22:00Z"/><Direction v="Z03"/><Quantity v="5721607"/><MeasureUnit v="KW1"/></Period><Period><TimeInterval v="2016-12-21T22:00Z/2016-12-21T23:00Z"/><Direction v="Z03"/><Quantity v="5721607"/><MeasureUnit v="KW1"/></Period><Period><TimeInterval v="2016-12-21T23:00Z/2016-12-22T00:00Z"/><Direction v="Z03"/><Quantity v="5721607"/><MeasureUnit v="KW1"/></Period><Period><TimeInterval v="2016-12-22T00:00Z/2016-12-22T01:00Z"/><Direction v="Z03"/><Quantity v="5721607"/><MeasureUnit v="KW1"/></Period><Period><TimeInterval v="2016-12-22T01:00Z/2016-12-22T02:00Z"/><Direction v="Z03"/><Quantity v="5721607"/><MeasureUnit v="KW1"/></Period><Period><TimeInterval v="2016-12-22T02:00Z/2016-12-22T03:00Z"/><Direction v="Z03"/><Quantity v="5721607"/><MeasureUnit v="KW1"/></Period><Period><TimeInterval v="2016-12-22T03:00Z/2016-12-22T04:00Z"/><Direction v="Z03"/><Quantity v="5721607"/><MeasureUnit v="KW1"/></Period><Period><TimeInterval v="2016-12-22T04:00Z/2016-12-22T05:00Z"/><Direction v="Z03"/><Quantity v="5721607"/><MeasureUnit v="KW1"/></Period></Category><Category><CapacityCode v="Z11"/><Period><TimeInterval v="2016-12-21T05:00Z/2016-12-21T06:00Z"/><Direction v="Z03"/><Quantity v="14603639"/><MeasureUnit v="KW1"/></Period><Period><TimeInterval v="2016-12-21T06:00Z/2016-12-21T07:00Z"/><Direction v="Z03"/><Quantity v="14603639"/><MeasureUnit v="KW1"/></Period><Period><TimeInterval v="2016-12-21T07:00Z/2016-12-21T08:00Z"/><Direction v="Z03"/><Quantity v="14603639"/><MeasureUnit v="KW1"/></Period><Period><TimeInterval v="2016-12-21T08:00Z/2016-12-21T09:00Z"/><Direction v="Z03"/><Quantity v="14603639"/><MeasureUnit v="KW1"/></Period><Period><TimeInterval v="2016-12-21T09:00Z/2016-12-21T10:00Z"/><Direction v="Z03"/><Quantity v="14603639"/><MeasureUnit v="KW1"/></Period><Period><TimeInterval v="2016-12-21T10:00Z/2016-12-21T11:00Z"/><Direction v="Z03"/><Quantity v="14603639"/><MeasureUnit v="KW1"/></Period><Period><TimeInterval v="2016-12-21T11:00Z/2016-12-21T12:00Z"/><Direction v="Z03"/><Quantity v="14603639"/><MeasureUnit v="KW1"/></Period><Period><TimeInterval v="2016-12-21T12:00Z/2016-12-21T13:00Z"/><Direction v="Z03"/><Quantity v="14603639"/><MeasureUnit v="KW1"/></Period><Period><TimeInterval v="2016-12-21T13:00Z/2016-12-21T14:00Z"/><Direction v="Z03"/><Quantity v="14603639"/><MeasureUnit v="KW1"/></Period><Period><TimeInterval v="2016-12-21T14:00Z/2016-12-21T15:00Z"/><Direction v="Z03"/><Quantity v="14603639"/><MeasureUnit v="KW1"/></Period><Period><TimeInterval v="2016-12-21T15:00Z/2016-12-21T16:00Z"/><Direction v="Z03"/><Quantity v="14603639"/><MeasureUnit v="KW1"/></Period><Period><TimeInterval v="2016-12-21T16:00Z/2016-12-21T17:00Z"/><Direction v="Z03"/><Quantity v="14603639"/><MeasureUnit v="KW1"/></Period><Period><TimeInterval v="2016-12-21T17:00Z/2016-12-21T18:00Z"/><Direction v="Z03"/><Quantity v="14603639"/><MeasureUnit v="KW1"/></Period><Period><TimeInterval v="2016-12-21T18:00Z/2016-12-21T19:00Z"/><Direction v="Z03"/><Quantity v="14603639"/><MeasureUnit v="KW1"/></Period><Period><TimeInterval v="2016-12-21T19:00Z/2016-12-21T20:00Z"/><Direction v="Z03"/><Quantity v="14603639"/><MeasureUnit v="KW1"/></Period><Period><TimeInterval v="2016-12-21T20:00Z/2016-12-21T21:00Z"/><Direction v="Z03"/><Quantity v="14603639"/><MeasureUnit v="KW1"/></Period><Period><TimeInterval v="2016-12-21T21:00Z/2016-12-21T22:00Z"/><Direction v="Z03"/><Quantity v="14603639"/><MeasureUnit v="KW1"/></Period><Period><TimeInterval v="2016-12-21T22:00Z/2016-12-21T23:00Z"/><Direction v="Z03"/><Quantity v="14603639"/><MeasureUnit v="KW1"/></Period><Period><TimeInterval v="2016-12-21T23:00Z/2016-12-22T00:00Z"/><Direction v="Z03"/><Quantity v="14603639"/><MeasureUnit v="KW1"/></Period><Period><TimeInterval v="2016-12-22T00:00Z/2016-12-22T01:00Z"/><Direction v="Z03"/><Quantity v="14603639"/><MeasureUnit v="KW1"/></Period><Period><TimeInterval v="2016-12-22T01:00Z/2016-12-22T02:00Z"/><Direction v="Z03"/><Quantity v="14603639"/><MeasureUnit v="KW1"/></Period><Period><TimeInterval v="2016-12-22T02:00Z/2016-12-22T03:00Z"/><Direction v="Z03"/><Quantity v="14603639"/><MeasureUnit v="KW1"/></Period><Period><TimeInterval v="2016-12-22T03:00Z/2016-12-22T04:00Z"/><Direction v="Z03"/><Quantity v="14603639"/><MeasureUnit v="KW1"/></Period><Period><TimeInterval v="2016-12-22T04:00Z/2016-12-22T05:00Z"/><Direction v="Z03"/><Quantity v="14603639"/><MeasureUnit v="KW1"/></Period></Category></ConnectionPoint></TransparencyPublication>