<?xml version="1.0" encoding="UTF-8"?><TransparencyPublication Version="EGAS50" Release="A"><Identification v="TRANPB20170102A103961"/><Version v="1"/><Type v="AL6"/><CreationDateTime v="2017-01-02T07:13:24.752Z"/><ValidityPeriod v="2016-12-12T05:00Z/2016-12-13T05:00Z"/><IssuerIdentification v="21X-DE-C-A0A0A-T" codingScheme="305"/><IssuerRole v="ZSO"/><RecipientIdentification v="10X1001A1001A353" codingScheme="305"/><RecipientRole v="ZUA"/><ConnectionPoint><Identification v="37Z000000006231B" codingScheme="305"/><Type v="Z26"/><Category><CapacityCode v="Z08"/><Period><TimeInterval v="2016-12-12T05:00Z/2016-12-12T06:00Z"/><Direction v="Z02"/><Quantity v="0"/><MeasureUnit v="KW1"/></Period><Period><TimeInterval v="2016-12-12T06:00Z/2016-12-12T07:00Z"/><Direction v="Z02"/><Quantity v="0"/><MeasureUnit v="KW1"/></Period><Period><TimeInterval v="2016-12-12T07:00Z/2016-12-12T08:00Z"/><Direction v="Z02"/><Quantity v="0"/><MeasureUnit v="KW1"/></Period><Period><TimeInterval v="2016-12-12T08:00Z/2016-12-12T09:00Z"/><Direction v="Z02"/><Quantity v="0"/><MeasureUnit v="KW1"/></Period><Period><TimeInterval v="2016-12-12T09:00Z/2016-12-12T10:00Z"/><Direction v="Z02"/><Quantity v="0"/><MeasureUnit v="KW1"/></Period><Period><TimeInterval v="2016-12-12T10:00Z/2016-12-12T11:00Z"/><Direction v="Z02"/><Quantity v="0"/><MeasureUnit v="KW1"/></Period><Period><TimeInterval v="2016-12-12T11:00Z/2016-12-12T12:00Z"/><Direction v="Z02"/><Quantity v="0"/><MeasureUnit v="KW1"/></Period><Period><TimeInterval v="2016-12-12T12:00Z/2016-12-12T13:00Z"/><Direction v="Z02"/><Quantity v="0"/><MeasureUnit v="KW1"/></Period><Period><TimeInterval v="2016-12-12T13:00Z/2016-12-12T14:00Z"/><Direction v="Z02"/><Quantity v="0"/><MeasureUnit v="KW1"/></Period><Period><TimeInterval v="2016-12-12T14:00Z/2016-12-12T15:00Z"/><Direction v="Z02"/><Quantity v="0"/><MeasureUnit v="KW1"/></Period><Period><TimeInterval v="2016-12-12T15:00Z/2016-12-12T16:00Z"/><Direction v="Z02"/><Quantity v="0"/><MeasureUnit v="KW1"/></Period><Period><TimeInterval v="2016-12-12T16:00Z/2016-12-12T17:00Z"/><Direction v="Z02"/><Quantity v="0"/><MeasureUnit v="KW1"/></Period><Period><TimeInterval v="2016-12-12T17:00Z/2016-12-12T18:00Z"/><Direction v="Z02"/><Quantity v="0"/><MeasureUnit v="KW1"/></Period><Period><TimeInterval v="2016-12-12T18:00Z/2016-12-12T19:00Z"/><Direction v="Z02"/><Quantity v="0"/><MeasureUnit v="KW1"/></Period><Period><TimeInterval v="2016-12-12T19:00Z/2016-12-12T20:00Z"/><Direction v="Z02"/><Quantity v="0"/><MeasureUnit v="KW1"/></Period><Period><TimeInterval v="2016-12-12T20:00Z/2016-12-12T21:00Z"/><Direction v="Z02"/><Quantity v="0"/><MeasureUnit v="KW1"/></Period><Period><TimeInterval v="2016-12-12T21:00Z/2016-12-12T22:00Z"/><Direction v="Z02"/><Quantity v="0"/><MeasureUnit v="KW1"/></Period><Period><TimeInterval v="2016-12-12T22:00Z/2016-12-12T23:00Z"/><Direction v="Z02"/><Quantity v="0"/><MeasureUnit v="KW1"/></Period><Period><TimeInterval v="2016-12-12T23:00Z/2016-12-13T00:00Z"/><Direction v="Z02"/><Quantity v="0"/><MeasureUnit v="KW1"/></Period><Period><TimeInterval v="2016-12-13T00:00Z/2016-12-13T01:00Z"/><Direction v="Z02"/><Quantity v="0"/><MeasureUnit v="KW1"/></Period><Period><TimeInterval v="2016-12-13T01:00Z/2016-12-13T02:00Z"/><Direction v="Z02"/><Quantity v="0"/><MeasureUnit v="KW1"/></Period><Period><TimeInterval v="2016-12-13T02:00Z/2016-12-13T03:00Z"/><Direction v="Z02"/><Quantity v="0"/><MeasureUnit v="KW1"/></Period><Period><TimeInterval v="2016-12-13T03:00Z/2016-12-13T04:00Z"/><Direction v="Z02"/><Quantity v="0"/><MeasureUnit v="KW1"/></Period><Period><TimeInterval v="2016-12-13T04:00Z/2016-12-13T05:00Z"/><Direction v="Z02"/><Quantity v="0"/><MeasureUnit v="KW1"/></Period></Category></ConnectionPoint><ConnectionPoint><Identification v="21Z000000000071W" codingScheme="305"/><Type v="Z25"/><Category><CapacityCode v="Z08"/><Period><TimeInterval v="2016-12-12T05:00Z/2016-12-12T06:00Z"/><Direction v="Z02"/><Quantity v="10353796"/><MeasureUnit v="KW1"/></Period><Period><TimeInterval v="2016-12-12T06:00Z/2016-12-12T07:00Z"/><Direction v="Z02"/><Quantity v="10579867"/><MeasureUnit v="KW1"/></Period><Period><TimeInterval v="2016-12-12T07:00Z/2016-12-12T08:00Z"/><Direction v="Z02"/><Quantity v="10658103"/><MeasureUnit v="KW1"/></Period><Period><TimeInterval v="2016-12-12T08:00Z/2016-12-12T09:00Z"/><Direction v="Z02"/><Quantity v="10714731"/><MeasureUnit v="KW1"/></Period><Period><TimeInterval v="2016-12-12T09:00Z/2016-12-12T10:00Z"/><Direction v="Z02"/><Quantity v="10742348"/><MeasureUnit v="KW1"/></Period><Period><TimeInterval v="2016-12-12T10:00Z/2016-12-12T11:00Z"/><Direction v="Z02"/><Quantity v="10442704"/><MeasureUnit v="KW1"/></Period><Period><TimeInterval v="2016-12-12T11:00Z/2016-12-12T12:00Z"/><Direction v="Z02"/><Quantity v="10342208"/><MeasureUnit v="KW1"/></Period><Period><TimeInterval v="2016-12-12T12:00Z/2016-12-12T13:00Z"/><Direction v="Z02"/><Quantity v="10350145"/><MeasureUnit v="KW1"/></Period><Period><TimeInterval v="2016-12-12T13:00Z/2016-12-12T14:00Z"/><Direction v="Z02"/><Quantity v="12056327"/><MeasureUnit v="KW1"/></Period><Period><TimeInterval v="2016-12-12T14:00Z/2016-12-12T15:00Z"/><Direction v="Z02"/><Quantity v="12317413"/><MeasureUnit v="KW1"/></Period><Period><TimeInterval v="2016-12-12T15:00Z/2016-12-12T16:00Z"/><Direction v="Z02"/><Quantity v="12374771"/><MeasureUnit v="KW1"/></Period><Period><TimeInterval v="2016-12-12T16:00Z/2016-12-12T17:00Z"/><Direction v="Z02"/><Quantity v="11505577"/><MeasureUnit v="KW1"/></Period><Period><TimeInterval v="2016-12-12T17:00Z/2016-12-12T18:00Z"/><Direction v="Z02"/><Quantity v="11768055"/><MeasureUnit v="KW1"/></Period><Period><TimeInterval v="2016-12-12T18:00Z/2016-12-12T19:00Z"/><Direction v="Z02"/><Quantity v="11779928"/><MeasureUnit v="KW1"/></Period><Period><TimeInterval v="2016-12-12T19:00Z/2016-12-12T20:00Z"/><Direction v="Z02"/><Quantity v="11776400"/><MeasureUnit v="KW1"/></Period><Period><TimeInterval v="2016-12-12T20:00Z/2016-12-12T21:00Z"/><Direction v="Z02"/><Quantity v="11742144"/><MeasureUnit v="KW1"/></Period><Period><TimeInterval v="2016-12-12T21:00Z/2016-12-12T22:00Z"/><Direction v="Z02"/><Quantity v="11898127"/><MeasureUnit v="KW1"/></Period><Period><TimeInterval v="2016-12-12T22:00Z/2016-12-12T23:00Z"/><Direction v="Z02"/><Quantity v="11552559"/><MeasureUnit v="KW1"/></Period><Period><TimeInterval v="2016-12-12T23:00Z/2016-12-13T00:00Z"/><Direction v="Z02"/><Quantity v="11365964"/><MeasureUnit v="KW1"/></Period><Period><TimeInterval v="2016-12-13T00:00Z/2016-12-13T01:00Z"/><Direction v="Z02"/><Quantity v="9837954"/><MeasureUnit v="KW1"/></Period><Period><TimeInterval v="2016-12-13T01:00Z/2016-12-13T02:00Z"/><Direction v="Z02"/><Quantity v="9932780"/><MeasureUnit v="KW1"/></Period><Period><TimeInterval v="2016-12-13T02:00Z/2016-12-13T03:00Z"/><Direction v="Z02"/><Quantity v="9971218"/><MeasureUnit v="KW1"/></Period><Period><TimeInterval v="2016-12-13T03:00Z/2016-12-13T04:00Z"/><Direction v="Z02"/><Quantity v="9991956"/><MeasureUnit v="KW1"/></Period><Period><TimeInterval v="2016-12-13T04:00Z/2016-12-13T05:00Z"/><Direction v="Z02"/><Quantity v="9963063"/><MeasureUnit v="KW1"/></Period></Category></ConnectionPoint><ConnectionPoint><Identification v="21Z0000000000163" codingScheme="305"/><Type v="Z25"/><Category><CapacityCode v="Z08"/><Period><TimeInterval v="2016-12-12T05:00Z/2016-12-12T06:00Z"/><Direction v="Z03"/><Quantity v="3205556"/><MeasureUnit v="KW1"/></Period><Period><TimeInterval v="2016-12-12T06:00Z/2016-12-12T07:00Z"/><Direction v="Z03"/><Quantity v="3202778"/><MeasureUnit v="KW1"/></Period><Period><TimeInterval v="2016-12-12T07:00Z/2016-12-12T08:00Z"/><Direction v="Z03"/><Quantity v="3172222"/><MeasureUnit v="KW1"/></Period><Period><TimeInterval v="2016-12-12T08:00Z/2016-12-12T09:00Z"/><Direction v="Z03"/><Quantity v="3175000"/><MeasureUnit v="KW1"/></Period><Period><TimeInterval v="2016-12-12T09:00Z/2016-12-12T10:00Z"/><Direction v="Z03"/><Quantity v="3158333"/><MeasureUnit v="KW1"/></Period><Period><TimeInterval v="2016-12-12T10:00Z/2016-12-12T11:00Z"/><Direction v="Z03"/><Quantity v="3169445"/><MeasureUnit v="KW1"/></Period><Period><TimeInterval v="2016-12-12T11:00Z/2016-12-12T12:00Z"/><Direction v="Z03"/><Quantity v="3138889"/><MeasureUnit v="KW1"/></Period><Period><TimeInterval v="2016-12-12T12:00Z/2016-12-12T13:00Z"/><Direction v="Z03"/><Quantity v="3169444"/><MeasureUnit v="KW1"/></Period><Period><TimeInterval v="2016-12-12T13:00Z/2016-12-12T14:00Z"/><Direction v="Z03"/><Quantity v="5075000"/><MeasureUnit v="KW1"/></Period><Period><TimeInterval v="2016-12-12T14:00Z/2016-12-12T15:00Z"/><Direction v="Z03"/><Quantity v="5125000"/><MeasureUnit v="KW1"/></Period><Period><TimeInterval v="2016-12-12T15:00Z/2016-12-12T16:00Z"/><Direction v="Z03"/><Quantity v="5152778"/><MeasureUnit v="KW1"/></Period><Period><TimeInterval v="2016-12-12T16:00Z/2016-12-12T17:00Z"/><Direction v="Z03"/><Quantity v="5216666"/><MeasureUnit v="KW1"/></Period><Period><TimeInterval v="2016-12-12T17:00Z/2016-12-12T18:00Z"/><Direction v="Z03"/><Quantity v="5255556"/><MeasureUnit v="KW1"/></Period><Period><TimeInterval v="2016-12-12T18:00Z/2016-12-12T19:00Z"/><Direction v="Z03"/><Quantity v="5230556"/><MeasureUnit v="KW1"/></Period><Period><TimeInterval v="2016-12-12T19:00Z/2016-12-12T20:00Z"/><Direction v="Z03"/><Quantity v="5133333"/><MeasureUnit v="KW1"/></Period><Period><TimeInterval v="2016-12-12T20:00Z/2016-12-12T21:00Z"/><Direction v="Z03"/><Quantity v="5108333"/><MeasureUnit v="KW1"/></Period><Period><TimeInterval v="2016-12-12T21:00Z/2016-12-12T22:00Z"/><Direction v="Z03"/><Quantity v="5161111"/><MeasureUnit v="KW1"/></Period><Period><TimeInterval v="2016-12-12T22:00Z/2016-12-12T23:00Z"/><Direction v="Z03"/><Quantity v="5175000"/><MeasureUnit v="KW1"/></Period><Period><TimeInterval v="2016-12-12T23:00Z/2016-12-13T00:00Z"/><Direction v="Z03"/><Quantity v="5152778"/><MeasureUnit v="KW1"/></Period><Period><TimeInterval v="2016-12-13T00:00Z/2016-12-13T01:00Z"/><Direction v="Z03"/><Quantity v="5158333"/><MeasureUnit v="KW1"/></Period><Period><TimeInterval v="2016-12-13T01:00Z/2016-12-13T02:00Z"/><Direction v="Z03"/><Quantity v="5152778"/><MeasureUnit v="KW1"/></Period><Period><TimeInterval v="2016-12-13T02:00Z/2016-12-13T03:00Z"/><Direction v="Z03"/><Quantity v="5169445"/><MeasureUnit v="KW1"/></Period><Period><TimeInterval v="2016-12-13T03:00Z/2016-12-13T04:00Z"/><Direction v="Z03"/><Quantity v="5147222"/><MeasureUnit v="KW1"/></Period><Period><TimeInterval v="2016-12-13T04:00Z/2016-12-13T05:00Z"/><Direction v="Z03"/><Quantity v="5044444"/><MeasureUnit v="KW1"/></Period></Category></ConnectionPoint><ConnectionPoint><Identification v="21Z000000000343P" codingScheme="305"/><Type v="Z31"/><Category><CapacityCode v="Z08"/><Period><TimeInterval v="2016-12-12T05:00Z/2016-12-12T06:00Z"/><Direction v="Z03"/><Quantity v="31861936"/><MeasureUnit v="KW1"/></Period><Period><TimeInterval v="2016-12-12T06:00Z/2016-12-12T07:00Z"/><Direction v="Z03"/><Quantity v="33101742"/><MeasureUnit v="KW1"/></Period><Period><TimeInterval v="2016-12-12T07:00Z/2016-12-12T08:00Z"/><Direction v="Z03"/><Quantity v="33740606"/><MeasureUnit v="KW1"/></Period><Period><TimeInterval v="2016-12-12T08:00Z/2016-12-12T09:00Z"/><Direction v="Z03"/><Quantity v="34016256"/><MeasureUnit v="KW1"/></Period><Period><TimeInterval v="2016-12-12T09:00Z/2016-12-12T10:00Z"/><Direction v="Z03"/><Quantity v="33973278"/><MeasureUnit v="KW1"/></Period><Period><TimeInterval v="2016-12-12T10:00Z/2016-12-12T11:00Z"/><Direction v="Z03"/><Quantity v="33950217"/><MeasureUnit v="KW1"/></Period><Period><TimeInterval v="2016-12-12T11:00Z/2016-12-12T12:00Z"/><Direction v="Z03"/><Quantity v="32600988"/><MeasureUnit v="KW1"/></Period><Period><TimeInterval v="2016-12-12T12:00Z/2016-12-12T13:00Z"/><Direction v="Z03"/><Quantity v="34215465"/><MeasureUnit v="KW1"/></Period><Period><TimeInterval v="2016-12-12T13:00Z/2016-12-12T14:00Z"/><Direction v="Z03"/><Quantity v="35612248"/><MeasureUnit v="KW1"/></Period><Period><TimeInterval v="2016-12-12T14:00Z/2016-12-12T15:00Z"/><Direction v="Z03"/><Quantity v="34254396"/><MeasureUnit v="KW1"/></Period><Period><TimeInterval v="2016-12-12T15:00Z/2016-12-12T16:00Z"/><Direction v="Z03"/><Quantity v="34695388"/><MeasureUnit v="KW1"/></Period><Period><TimeInterval v="2016-12-12T16:00Z/2016-12-12T17:00Z"/><Direction v="Z03"/><Quantity v="33726309"/><MeasureUnit v="KW1"/></Period><Period><TimeInterval v="2016-12-12T17:00Z/2016-12-12T18:00Z"/><Direction v="Z03"/><Quantity v="35734717"/><MeasureUnit v="KW1"/></Period><Period><TimeInterval v="2016-12-12T18:00Z/2016-12-12T19:00Z"/><Direction v="Z03"/><Quantity v="35479672"/><MeasureUnit v="KW1"/></Period><Period><TimeInterval v="2016-12-12T19:00Z/2016-12-12T20:00Z"/><Direction v="Z03"/><Quantity v="32826035"/><MeasureUnit v="KW1"/></Period><Period><TimeInterval v="2016-12-12T20:00Z/2016-12-12T21:00Z"/><Direction v="Z03"/><Quantity v="34605874"/><MeasureUnit v="KW1"/></Period><Period><TimeInterval v="2016-12-12T21:00Z/2016-12-12T22:00Z"/><Direction v="Z03"/><Quantity v="32994901"/><MeasureUnit v="KW1"/></Period><Period><TimeInterval v="2016-12-12T22:00Z/2016-12-12T23:00Z"/><Direction v="Z03"/><Quantity v="31935695"/><MeasureUnit v="KW1"/></Period><Period><TimeInterval v="2016-12-12T23:00Z/2016-12-13T00:00Z"/><Direction v="Z03"/><Quantity v="31087063"/><MeasureUnit v="KW1"/></Period><Period><TimeInterval v="2016-12-13T00:00Z/2016-12-13T01:00Z"/><Direction v="Z03"/><Quantity v="37339373"/><MeasureUnit v="KW1"/></Period><Period><TimeInterval v="2016-12-13T01:00Z/2016-12-13T02:00Z"/><Direction v="Z03"/><Quantity v="38522548"/><MeasureUnit v="KW1"/></Period><Period><TimeInterval v="2016-12-13T02:00Z/2016-12-13T03:00Z"/><Direction v="Z03"/><Quantity v="36723358"/><MeasureUnit v="KW1"/></Period><Period><TimeInterval v="2016-12-13T03:00Z/2016-12-13T04:00Z"/><Direction v="Z03"/><Quantity v="34961823"/><MeasureUnit v="KW1"/></Period><Period><TimeInterval v="2016-12-13T04:00Z/2016-12-13T05:00Z"/><Direction v="Z03"/><Quantity v="33796497"/><MeasureUnit v="KW1"/></Period></Category></ConnectionPoint></TransparencyPublication>