<?xml version="1.0" encoding="UTF-8"?><TransparencyPublication Version="EGAS50" Release="A"><Identification v="TRANPB20170102A103958"/><Version v="1"/><Type v="AL6"/><CreationDateTime v="2017-01-02T07:13:19.348Z"/><ValidityPeriod v="2016-12-08T05:00Z/2016-12-09T05:00Z"/><IssuerIdentification v="21X-DE-C-A0A0A-T" codingScheme="305"/><IssuerRole v="ZSO"/><RecipientIdentification v="10X1001A1001A353" codingScheme="305"/><RecipientRole v="ZUA"/><ConnectionPoint><Identification v="37Z000000006231B" codingScheme="305"/><Type v="Z26"/><Category><CapacityCode v="Z08"/><Period><TimeInterval v="2016-12-08T05:00Z/2016-12-08T06:00Z"/><Direction v="Z02"/><Quantity v="0"/><MeasureUnit v="KW1"/></Period><Period><TimeInterval v="2016-12-08T06:00Z/2016-12-08T07:00Z"/><Direction v="Z02"/><Quantity v="0"/><MeasureUnit v="KW1"/></Period><Period><TimeInterval v="2016-12-08T07:00Z/2016-12-08T08:00Z"/><Direction v="Z02"/><Quantity v="0"/><MeasureUnit v="KW1"/></Period><Period><TimeInterval v="2016-12-08T08:00Z/2016-12-08T09:00Z"/><Direction v="Z02"/><Quantity v="0"/><MeasureUnit v="KW1"/></Period><Period><TimeInterval v="2016-12-08T09:00Z/2016-12-08T10:00Z"/><Direction v="Z02"/><Quantity v="0"/><MeasureUnit v="KW1"/></Period><Period><TimeInterval v="2016-12-08T10:00Z/2016-12-08T11:00Z"/><Direction v="Z02"/><Quantity v="0"/><MeasureUnit v="KW1"/></Period><Period><TimeInterval v="2016-12-08T11:00Z/2016-12-08T12:00Z"/><Direction v="Z02"/><Quantity v="0"/><MeasureUnit v="KW1"/></Period><Period><TimeInterval v="2016-12-08T12:00Z/2016-12-08T13:00Z"/><Direction v="Z02"/><Quantity v="0"/><MeasureUnit v="KW1"/></Period><Period><TimeInterval v="2016-12-08T13:00Z/2016-12-08T14:00Z"/><Direction v="Z02"/><Quantity v="0"/><MeasureUnit v="KW1"/></Period><Period><TimeInterval v="2016-12-08T14:00Z/2016-12-08T15:00Z"/><Direction v="Z02"/><Quantity v="0"/><MeasureUnit v="KW1"/></Period><Period><TimeInterval v="2016-12-08T15:00Z/2016-12-08T16:00Z"/><Direction v="Z02"/><Quantity v="0"/><MeasureUnit v="KW1"/></Period><Period><TimeInterval v="2016-12-08T16:00Z/2016-12-08T17:00Z"/><Direction v="Z02"/><Quantity v="0"/><MeasureUnit v="KW1"/></Period><Period><TimeInterval v="2016-12-08T17:00Z/2016-12-08T18:00Z"/><Direction v="Z02"/><Quantity v="0"/><MeasureUnit v="KW1"/></Period><Period><TimeInterval v="2016-12-08T18:00Z/2016-12-08T19:00Z"/><Direction v="Z02"/><Quantity v="0"/><MeasureUnit v="KW1"/></Period><Period><TimeInterval v="2016-12-08T19:00Z/2016-12-08T20:00Z"/><Direction v="Z02"/><Quantity v="0"/><MeasureUnit v="KW1"/></Period><Period><TimeInterval v="2016-12-08T20:00Z/2016-12-08T21:00Z"/><Direction v="Z02"/><Quantity v="0"/><MeasureUnit v="KW1"/></Period><Period><TimeInterval v="2016-12-08T21:00Z/2016-12-08T22:00Z"/><Direction v="Z02"/><Quantity v="0"/><MeasureUnit v="KW1"/></Period><Period><TimeInterval v="2016-12-08T22:00Z/2016-12-08T23:00Z"/><Direction v="Z02"/><Quantity v="0"/><MeasureUnit v="KW1"/></Period><Period><TimeInterval v="2016-12-08T23:00Z/2016-12-09T00:00Z"/><Direction v="Z02"/><Quantity v="0"/><MeasureUnit v="KW1"/></Period><Period><TimeInterval v="2016-12-09T00:00Z/2016-12-09T01:00Z"/><Direction v="Z02"/><Quantity v="0"/><MeasureUnit v="KW1"/></Period><Period><TimeInterval v="2016-12-09T01:00Z/2016-12-09T02:00Z"/><Direction v="Z02"/><Quantity v="0"/><MeasureUnit v="KW1"/></Period><Period><TimeInterval v="2016-12-09T02:00Z/2016-12-09T03:00Z"/><Direction v="Z02"/><Quantity v="0"/><MeasureUnit v="KW1"/></Period><Period><TimeInterval v="2016-12-09T03:00Z/2016-12-09T04:00Z"/><Direction v="Z02"/><Quantity v="0"/><MeasureUnit v="KW1"/></Period><Period><TimeInterval v="2016-12-09T04:00Z/2016-12-09T05:00Z"/><Direction v="Z02"/><Quantity v="0"/><MeasureUnit v="KW1"/></Period></Category></ConnectionPoint><ConnectionPoint><Identification v="21Z000000000071W" codingScheme="305"/><Type v="Z25"/><Category><CapacityCode v="Z08"/><Period><TimeInterval v="2016-12-08T05:00Z/2016-12-08T06:00Z"/><Direction v="Z02"/><Quantity v="8657218"/><MeasureUnit v="KW1"/></Period><Period><TimeInterval v="2016-12-08T06:00Z/2016-12-08T07:00Z"/><Direction v="Z02"/><Quantity v="8458264"/><MeasureUnit v="KW1"/></Period><Period><TimeInterval v="2016-12-08T07:00Z/2016-12-08T08:00Z"/><Direction v="Z02"/><Quantity v="8486725"/><MeasureUnit v="KW1"/></Period><Period><TimeInterval v="2016-12-08T08:00Z/2016-12-08T09:00Z"/><Direction v="Z02"/><Quantity v="8541303"/><MeasureUnit v="KW1"/></Period><Period><TimeInterval v="2016-12-08T09:00Z/2016-12-08T10:00Z"/><Direction v="Z02"/><Quantity v="8497750"/><MeasureUnit v="KW1"/></Period><Period><TimeInterval v="2016-12-08T10:00Z/2016-12-08T11:00Z"/><Direction v="Z02"/><Quantity v="8585019"/><MeasureUnit v="KW1"/></Period><Period><TimeInterval v="2016-12-08T11:00Z/2016-12-08T12:00Z"/><Direction v="Z02"/><Quantity v="8557817"/><MeasureUnit v="KW1"/></Period><Period><TimeInterval v="2016-12-08T12:00Z/2016-12-08T13:00Z"/><Direction v="Z02"/><Quantity v="8666249"/><MeasureUnit v="KW1"/></Period><Period><TimeInterval v="2016-12-08T13:00Z/2016-12-08T14:00Z"/><Direction v="Z02"/><Quantity v="8707638"/><MeasureUnit v="KW1"/></Period><Period><TimeInterval v="2016-12-08T14:00Z/2016-12-08T15:00Z"/><Direction v="Z02"/><Quantity v="8673423"/><MeasureUnit v="KW1"/></Period><Period><TimeInterval v="2016-12-08T15:00Z/2016-12-08T16:00Z"/><Direction v="Z02"/><Quantity v="8686939"/><MeasureUnit v="KW1"/></Period><Period><TimeInterval v="2016-12-08T16:00Z/2016-12-08T17:00Z"/><Direction v="Z02"/><Quantity v="8674526"/><MeasureUnit v="KW1"/></Period><Period><TimeInterval v="2016-12-08T17:00Z/2016-12-08T18:00Z"/><Direction v="Z02"/><Quantity v="8680415"/><MeasureUnit v="KW1"/></Period><Period><TimeInterval v="2016-12-08T18:00Z/2016-12-08T19:00Z"/><Direction v="Z02"/><Quantity v="8625314"/><MeasureUnit v="KW1"/></Period><Period><TimeInterval v="2016-12-08T19:00Z/2016-12-08T20:00Z"/><Direction v="Z02"/><Quantity v="8495200"/><MeasureUnit v="KW1"/></Period><Period><TimeInterval v="2016-12-08T20:00Z/2016-12-08T21:00Z"/><Direction v="Z02"/><Quantity v="8354675"/><MeasureUnit v="KW1"/></Period><Period><TimeInterval v="2016-12-08T21:00Z/2016-12-08T22:00Z"/><Direction v="Z02"/><Quantity v="8356092"/><MeasureUnit v="KW1"/></Period><Period><TimeInterval v="2016-12-08T22:00Z/2016-12-08T23:00Z"/><Direction v="Z02"/><Quantity v="8107757"/><MeasureUnit v="KW1"/></Period><Period><TimeInterval v="2016-12-08T23:00Z/2016-12-09T00:00Z"/><Direction v="Z02"/><Quantity v="8115094"/><MeasureUnit v="KW1"/></Period><Period><TimeInterval v="2016-12-09T00:00Z/2016-12-09T01:00Z"/><Direction v="Z02"/><Quantity v="8021543"/><MeasureUnit v="KW1"/></Period><Period><TimeInterval v="2016-12-09T01:00Z/2016-12-09T02:00Z"/><Direction v="Z02"/><Quantity v="8004144"/><MeasureUnit v="KW1"/></Period><Period><TimeInterval v="2016-12-09T02:00Z/2016-12-09T03:00Z"/><Direction v="Z02"/><Quantity v="7987522"/><MeasureUnit v="KW1"/></Period><Period><TimeInterval v="2016-12-09T03:00Z/2016-12-09T04:00Z"/><Direction v="Z02"/><Quantity v="7955713"/><MeasureUnit v="KW1"/></Period><Period><TimeInterval v="2016-12-09T04:00Z/2016-12-09T05:00Z"/><Direction v="Z02"/><Quantity v="8038875"/><MeasureUnit v="KW1"/></Period></Category></ConnectionPoint><ConnectionPoint><Identification v="21Z0000000000163" codingScheme="305"/><Type v="Z25"/><Category><CapacityCode v="Z08"/><Period><TimeInterval v="2016-12-08T05:00Z/2016-12-08T06:00Z"/><Direction v="Z02"/><Quantity v="0"/><MeasureUnit v="KW1"/></Period><Period><TimeInterval v="2016-12-08T06:00Z/2016-12-08T07:00Z"/><Direction v="Z02"/><Quantity v="0"/><MeasureUnit v="KW1"/></Period><Period><TimeInterval v="2016-12-08T07:00Z/2016-12-08T08:00Z"/><Direction v="Z02"/><Quantity v="0"/><MeasureUnit v="KW1"/></Period><Period><TimeInterval v="2016-12-08T08:00Z/2016-12-08T09:00Z"/><Direction v="Z02"/><Quantity v="0"/><MeasureUnit v="KW1"/></Period><Period><TimeInterval v="2016-12-08T09:00Z/2016-12-08T10:00Z"/><Direction v="Z02"/><Quantity v="0"/><MeasureUnit v="KW1"/></Period><Period><TimeInterval v="2016-12-08T10:00Z/2016-12-08T11:00Z"/><Direction v="Z02"/><Quantity v="0"/><MeasureUnit v="KW1"/></Period><Period><TimeInterval v="2016-12-08T11:00Z/2016-12-08T12:00Z"/><Direction v="Z02"/><Quantity v="0"/><MeasureUnit v="KW1"/></Period><Period><TimeInterval v="2016-12-08T12:00Z/2016-12-08T13:00Z"/><Direction v="Z02"/><Quantity v="0"/><MeasureUnit v="KW1"/></Period><Period><TimeInterval v="2016-12-08T13:00Z/2016-12-08T14:00Z"/><Direction v="Z02"/><Quantity v="0"/><MeasureUnit v="KW1"/></Period><Period><TimeInterval v="2016-12-08T14:00Z/2016-12-08T15:00Z"/><Direction v="Z02"/><Quantity v="0"/><MeasureUnit v="KW1"/></Period><Period><TimeInterval v="2016-12-08T15:00Z/2016-12-08T16:00Z"/><Direction v="Z02"/><Quantity v="0"/><MeasureUnit v="KW1"/></Period><Period><TimeInterval v="2016-12-08T16:00Z/2016-12-08T17:00Z"/><Direction v="Z02"/><Quantity v="0"/><MeasureUnit v="KW1"/></Period><Period><TimeInterval v="2016-12-08T17:00Z/2016-12-08T18:00Z"/><Direction v="Z02"/><Quantity v="0"/><MeasureUnit v="KW1"/></Period><Period><TimeInterval v="2016-12-08T18:00Z/2016-12-08T19:00Z"/><Direction v="Z02"/><Quantity v="0"/><MeasureUnit v="KW1"/></Period><Period><TimeInterval v="2016-12-08T19:00Z/2016-12-08T20:00Z"/><Direction v="Z02"/><Quantity v="0"/><MeasureUnit v="KW1"/></Period><Period><TimeInterval v="2016-12-08T20:00Z/2016-12-08T21:00Z"/><Direction v="Z02"/><Quantity v="0"/><MeasureUnit v="KW1"/></Period><Period><TimeInterval v="2016-12-08T21:00Z/2016-12-08T22:00Z"/><Direction v="Z02"/><Quantity v="0"/><MeasureUnit v="KW1"/></Period><Period><TimeInterval v="2016-12-08T22:00Z/2016-12-08T23:00Z"/><Direction v="Z02"/><Quantity v="0"/><MeasureUnit v="KW1"/></Period><Period><TimeInterval v="2016-12-08T23:00Z/2016-12-09T00:00Z"/><Direction v="Z02"/><Quantity v="0"/><MeasureUnit v="KW1"/></Period><Period><TimeInterval v="2016-12-09T00:00Z/2016-12-09T01:00Z"/><Direction v="Z02"/><Quantity v="0"/><MeasureUnit v="KW1"/></Period><Period><TimeInterval v="2016-12-09T01:00Z/2016-12-09T02:00Z"/><Direction v="Z02"/><Quantity v="0"/><MeasureUnit v="KW1"/></Period><Period><TimeInterval v="2016-12-09T02:00Z/2016-12-09T03:00Z"/><Direction v="Z02"/><Quantity v="0"/><MeasureUnit v="KW1"/></Period><Period><TimeInterval v="2016-12-09T03:00Z/2016-12-09T04:00Z"/><Direction v="Z02"/><Quantity v="0"/><MeasureUnit v="KW1"/></Period><Period><TimeInterval v="2016-12-09T04:00Z/2016-12-09T05:00Z"/><Direction v="Z02"/><Quantity v="0"/><MeasureUnit v="KW1"/></Period><Period><TimeInterval v="2016-12-08T05:00Z/2016-12-08T06:00Z"/><Direction v="Z03"/><Quantity v="1458333"/><MeasureUnit v="KW1"/></Period><Period><TimeInterval v="2016-12-08T06:00Z/2016-12-08T07:00Z"/><Direction v="Z03"/><Quantity v="1486111"/><MeasureUnit v="KW1"/></Period><Period><TimeInterval v="2016-12-08T07:00Z/2016-12-08T08:00Z"/><Direction v="Z03"/><Quantity v="1472223"/><MeasureUnit v="KW1"/></Period><Period><TimeInterval v="2016-12-08T08:00Z/2016-12-08T09:00Z"/><Direction v="Z03"/><Quantity v="1500000"/><MeasureUnit v="KW1"/></Period><Period><TimeInterval v="2016-12-08T09:00Z/2016-12-08T10:00Z"/><Direction v="Z03"/><Quantity v="1480555"/><MeasureUnit v="KW1"/></Period><Period><TimeInterval v="2016-12-08T10:00Z/2016-12-08T11:00Z"/><Direction v="Z03"/><Quantity v="1525000"/><MeasureUnit v="KW1"/></Period><Period><TimeInterval v="2016-12-08T11:00Z/2016-12-08T12:00Z"/><Direction v="Z03"/><Quantity v="1447222"/><MeasureUnit v="KW1"/></Period><Period><TimeInterval v="2016-12-08T12:00Z/2016-12-08T13:00Z"/><Direction v="Z03"/><Quantity v="1411112"/><MeasureUnit v="KW1"/></Period><Period><TimeInterval v="2016-12-08T13:00Z/2016-12-08T14:00Z"/><Direction v="Z03"/><Quantity v="1444444"/><MeasureUnit v="KW1"/></Period><Period><TimeInterval v="2016-12-08T14:00Z/2016-12-08T15:00Z"/><Direction v="Z03"/><Quantity v="1447222"/><MeasureUnit v="KW1"/></Period><Period><TimeInterval v="2016-12-08T15:00Z/2016-12-08T16:00Z"/><Direction v="Z03"/><Quantity v="1461111"/><MeasureUnit v="KW1"/></Period><Period><TimeInterval v="2016-12-08T16:00Z/2016-12-08T17:00Z"/><Direction v="Z03"/><Quantity v="1477778"/><MeasureUnit v="KW1"/></Period><Period><TimeInterval v="2016-12-08T17:00Z/2016-12-08T18:00Z"/><Direction v="Z03"/><Quantity v="1511111"/><MeasureUnit v="KW1"/></Period><Period><TimeInterval v="2016-12-08T18:00Z/2016-12-08T19:00Z"/><Direction v="Z03"/><Quantity v="1491667"/><MeasureUnit v="KW1"/></Period><Period><TimeInterval v="2016-12-08T19:00Z/2016-12-08T20:00Z"/><Direction v="Z03"/><Quantity v="1475000"/><MeasureUnit v="KW1"/></Period><Period><TimeInterval v="2016-12-08T20:00Z/2016-12-08T21:00Z"/><Direction v="Z03"/><Quantity v="1463889"/><MeasureUnit v="KW1"/></Period><Period><TimeInterval v="2016-12-08T21:00Z/2016-12-08T22:00Z"/><Direction v="Z03"/><Quantity v="1458333"/><MeasureUnit v="KW1"/></Period><Period><TimeInterval v="2016-12-08T22:00Z/2016-12-08T23:00Z"/><Direction v="Z03"/><Quantity v="1447222"/><MeasureUnit v="KW1"/></Period><Period><TimeInterval v="2016-12-08T23:00Z/2016-12-09T00:00Z"/><Direction v="Z03"/><Quantity v="1430556"/><MeasureUnit v="KW1"/></Period><Period><TimeInterval v="2016-12-09T00:00Z/2016-12-09T01:00Z"/><Direction v="Z03"/><Quantity v="1455555"/><MeasureUnit v="KW1"/></Period><Period><TimeInterval v="2016-12-09T01:00Z/2016-12-09T02:00Z"/><Direction v="Z03"/><Quantity v="1472223"/><MeasureUnit v="KW1"/></Period><Period><TimeInterval v="2016-12-09T02:00Z/2016-12-09T03:00Z"/><Direction v="Z03"/><Quantity v="1450000"/><MeasureUnit v="KW1"/></Period><Period><TimeInterval v="2016-12-09T03:00Z/2016-12-09T04:00Z"/><Direction v="Z03"/><Quantity v="1466666"/><MeasureUnit v="KW1"/></Period><Period><TimeInterval v="2016-12-09T04:00Z/2016-12-09T05:00Z"/><Direction v="Z03"/><Quantity v="1477778"/><MeasureUnit v="KW1"/></Period></Category></ConnectionPoint><ConnectionPoint><Identification v="21Z000000000343P" codingScheme="305"/><Type v="Z31"/><Category><CapacityCode v="Z08"/><Period><TimeInterval v="2016-12-08T05:00Z/2016-12-08T06:00Z"/><Direction v="Z03"/><Quantity v="30237493"/><MeasureUnit v="KW1"/></Period><Period><TimeInterval v="2016-12-08T06:00Z/2016-12-08T07:00Z"/><Direction v="Z03"/><Quantity v="32781647"/><MeasureUnit v="KW1"/></Period><Period><TimeInterval v="2016-12-08T07:00Z/2016-12-08T08:00Z"/><Direction v="Z03"/><Quantity v="32883744"/><MeasureUnit v="KW1"/></Period><Period><TimeInterval v="2016-12-08T08:00Z/2016-12-08T09:00Z"/><Direction v="Z03"/><Quantity v="33367989"/><MeasureUnit v="KW1"/></Period><Period><TimeInterval v="2016-12-08T09:00Z/2016-12-08T10:00Z"/><Direction v="Z03"/><Quantity v="33288680"/><MeasureUnit v="KW1"/></Period><Period><TimeInterval v="2016-12-08T10:00Z/2016-12-08T11:00Z"/><Direction v="Z03"/><Quantity v="32347357"/><MeasureUnit v="KW1"/></Period><Period><TimeInterval v="2016-12-08T11:00Z/2016-12-08T12:00Z"/><Direction v="Z03"/><Quantity v="33525307"/><MeasureUnit v="KW1"/></Period><Period><TimeInterval v="2016-12-08T12:00Z/2016-12-08T13:00Z"/><Direction v="Z03"/><Quantity v="32378165"/><MeasureUnit v="KW1"/></Period><Period><TimeInterval v="2016-12-08T13:00Z/2016-12-08T14:00Z"/><Direction v="Z03"/><Quantity v="32790908"/><MeasureUnit v="KW1"/></Period><Period><TimeInterval v="2016-12-08T14:00Z/2016-12-08T15:00Z"/><Direction v="Z03"/><Quantity v="32904643"/><MeasureUnit v="KW1"/></Period><Period><TimeInterval v="2016-12-08T15:00Z/2016-12-08T16:00Z"/><Direction v="Z03"/><Quantity v="31269587"/><MeasureUnit v="KW1"/></Period><Period><TimeInterval v="2016-12-08T16:00Z/2016-12-08T17:00Z"/><Direction v="Z03"/><Quantity v="32203366"/><MeasureUnit v="KW1"/></Period><Period><TimeInterval v="2016-12-08T17:00Z/2016-12-08T18:00Z"/><Direction v="Z03"/><Quantity v="33356407"/><MeasureUnit v="KW1"/></Period><Period><TimeInterval v="2016-12-08T18:00Z/2016-12-08T19:00Z"/><Direction v="Z03"/><Quantity v="34523265"/><MeasureUnit v="KW1"/></Period><Period><TimeInterval v="2016-12-08T19:00Z/2016-12-08T20:00Z"/><Direction v="Z03"/><Quantity v="34250275"/><MeasureUnit v="KW1"/></Period><Period><TimeInterval v="2016-12-08T20:00Z/2016-12-08T21:00Z"/><Direction v="Z03"/><Quantity v="33980451"/><MeasureUnit v="KW1"/></Period><Period><TimeInterval v="2016-12-08T21:00Z/2016-12-08T22:00Z"/><Direction v="Z03"/><Quantity v="34480141"/><MeasureUnit v="KW1"/></Period><Period><TimeInterval v="2016-12-08T22:00Z/2016-12-08T23:00Z"/><Direction v="Z03"/><Quantity v="33686158"/><MeasureUnit v="KW1"/></Period><Period><TimeInterval v="2016-12-08T23:00Z/2016-12-09T00:00Z"/><Direction v="Z03"/><Quantity v="34225354"/><MeasureUnit v="KW1"/></Period><Period><TimeInterval v="2016-12-09T00:00Z/2016-12-09T01:00Z"/><Direction v="Z03"/><Quantity v="33839834"/><MeasureUnit v="KW1"/></Period><Period><TimeInterval v="2016-12-09T01:00Z/2016-12-09T02:00Z"/><Direction v="Z03"/><Quantity v="37772861"/><MeasureUnit v="KW1"/></Period><Period><TimeInterval v="2016-12-09T02:00Z/2016-12-09T03:00Z"/><Direction v="Z03"/><Quantity v="37813442"/><MeasureUnit v="KW1"/></Period><Period><TimeInterval v="2016-12-09T03:00Z/2016-12-09T04:00Z"/><Direction v="Z03"/><Quantity v="36513953"/><MeasureUnit v="KW1"/></Period><Period><TimeInterval v="2016-12-09T04:00Z/2016-12-09T05:00Z"/><Direction v="Z03"/><Quantity v="34582332"/><MeasureUnit v="KW1"/></Period></Category></ConnectionPoint></TransparencyPublication>