<?xml version="1.0" encoding="UTF-8"?><TransparencyPublication Version="EGAS50" Release="A"><Identification v="TRANPB20170102A103979"/><Version v="1"/><Type v="AL6"/><CreationDateTime v="2017-01-02T07:13:55.029Z"/><ValidityPeriod v="2016-12-29T05:00Z/2016-12-30T05:00Z"/><IssuerIdentification v="21X-DE-C-A0A0A-T" codingScheme="305"/><IssuerRole v="ZSO"/><RecipientIdentification v="10X1001A1001A353" codingScheme="305"/><RecipientRole v="ZUA"/><ConnectionPoint><Identification v="37Z000000006231B" codingScheme="305"/><Type v="Z26"/><Category><CapacityCode v="Z08"/><Period><TimeInterval v="2016-12-29T05:00Z/2016-12-29T06:00Z"/><Direction v="Z02"/><Quantity v="0"/><MeasureUnit v="KW1"/></Period><Period><TimeInterval v="2016-12-29T06:00Z/2016-12-29T07:00Z"/><Direction v="Z02"/><Quantity v="0"/><MeasureUnit v="KW1"/></Period><Period><TimeInterval v="2016-12-29T07:00Z/2016-12-29T08:00Z"/><Direction v="Z02"/><Quantity v="0"/><MeasureUnit v="KW1"/></Period><Period><TimeInterval v="2016-12-29T08:00Z/2016-12-29T09:00Z"/><Direction v="Z02"/><Quantity v="0"/><MeasureUnit v="KW1"/></Period><Period><TimeInterval v="2016-12-29T09:00Z/2016-12-29T10:00Z"/><Direction v="Z02"/><Quantity v="0"/><MeasureUnit v="KW1"/></Period><Period><TimeInterval v="2016-12-29T10:00Z/2016-12-29T11:00Z"/><Direction v="Z02"/><Quantity v="0"/><MeasureUnit v="KW1"/></Period><Period><TimeInterval v="2016-12-29T11:00Z/2016-12-29T12:00Z"/><Direction v="Z02"/><Quantity v="0"/><MeasureUnit v="KW1"/></Period><Period><TimeInterval v="2016-12-29T12:00Z/2016-12-29T13:00Z"/><Direction v="Z02"/><Quantity v="0"/><MeasureUnit v="KW1"/></Period><Period><TimeInterval v="2016-12-29T13:00Z/2016-12-29T14:00Z"/><Direction v="Z02"/><Quantity v="0"/><MeasureUnit v="KW1"/></Period><Period><TimeInterval v="2016-12-29T14:00Z/2016-12-29T15:00Z"/><Direction v="Z02"/><Quantity v="0"/><MeasureUnit v="KW1"/></Period><Period><TimeInterval v="2016-12-29T15:00Z/2016-12-29T16:00Z"/><Direction v="Z02"/><Quantity v="0"/><MeasureUnit v="KW1"/></Period><Period><TimeInterval v="2016-12-29T16:00Z/2016-12-29T17:00Z"/><Direction v="Z02"/><Quantity v="0"/><MeasureUnit v="KW1"/></Period><Period><TimeInterval v="2016-12-29T17:00Z/2016-12-29T18:00Z"/><Direction v="Z02"/><Quantity v="0"/><MeasureUnit v="KW1"/></Period><Period><TimeInterval v="2016-12-29T18:00Z/2016-12-29T19:00Z"/><Direction v="Z02"/><Quantity v="0"/><MeasureUnit v="KW1"/></Period><Period><TimeInterval v="2016-12-29T19:00Z/2016-12-29T20:00Z"/><Direction v="Z02"/><Quantity v="0"/><MeasureUnit v="KW1"/></Period><Period><TimeInterval v="2016-12-29T20:00Z/2016-12-29T21:00Z"/><Direction v="Z02"/><Quantity v="0"/><MeasureUnit v="KW1"/></Period><Period><TimeInterval v="2016-12-29T21:00Z/2016-12-29T22:00Z"/><Direction v="Z02"/><Quantity v="0"/><MeasureUnit v="KW1"/></Period><Period><TimeInterval v="2016-12-29T22:00Z/2016-12-29T23:00Z"/><Direction v="Z02"/><Quantity v="0"/><MeasureUnit v="KW1"/></Period><Period><TimeInterval v="2016-12-29T23:00Z/2016-12-30T00:00Z"/><Direction v="Z02"/><Quantity v="0"/><MeasureUnit v="KW1"/></Period><Period><TimeInterval v="2016-12-30T00:00Z/2016-12-30T01:00Z"/><Direction v="Z02"/><Quantity v="0"/><MeasureUnit v="KW1"/></Period><Period><TimeInterval v="2016-12-30T01:00Z/2016-12-30T02:00Z"/><Direction v="Z02"/><Quantity v="0"/><MeasureUnit v="KW1"/></Period><Period><TimeInterval v="2016-12-30T02:00Z/2016-12-30T03:00Z"/><Direction v="Z02"/><Quantity v="0"/><MeasureUnit v="KW1"/></Period><Period><TimeInterval v="2016-12-30T03:00Z/2016-12-30T04:00Z"/><Direction v="Z02"/><Quantity v="0"/><MeasureUnit v="KW1"/></Period><Period><TimeInterval v="2016-12-30T04:00Z/2016-12-30T05:00Z"/><Direction v="Z02"/><Quantity v="0"/><MeasureUnit v="KW1"/></Period></Category></ConnectionPoint><ConnectionPoint><Identification v="21Z000000000071W" codingScheme="305"/><Type v="Z25"/><Category><CapacityCode v="Z08"/><Period><TimeInterval v="2016-12-29T05:00Z/2016-12-29T06:00Z"/><Direction v="Z02"/><Quantity v="7268972"/><MeasureUnit v="KW1"/></Period><Period><TimeInterval v="2016-12-29T06:00Z/2016-12-29T07:00Z"/><Direction v="Z02"/><Quantity v="6992408"/><MeasureUnit v="KW1"/></Period><Period><TimeInterval v="2016-12-29T07:00Z/2016-12-29T08:00Z"/><Direction v="Z02"/><Quantity v="7025174"/><MeasureUnit v="KW1"/></Period><Period><TimeInterval v="2016-12-29T08:00Z/2016-12-29T09:00Z"/><Direction v="Z02"/><Quantity v="7118393"/><MeasureUnit v="KW1"/></Period><Period><TimeInterval v="2016-12-29T09:00Z/2016-12-29T10:00Z"/><Direction v="Z02"/><Quantity v="8016452"/><MeasureUnit v="KW1"/></Period><Period><TimeInterval v="2016-12-29T10:00Z/2016-12-29T11:00Z"/><Direction v="Z02"/><Quantity v="8226341"/><MeasureUnit v="KW1"/></Period><Period><TimeInterval v="2016-12-29T11:00Z/2016-12-29T12:00Z"/><Direction v="Z02"/><Quantity v="8159393"/><MeasureUnit v="KW1"/></Period><Period><TimeInterval v="2016-12-29T12:00Z/2016-12-29T13:00Z"/><Direction v="Z02"/><Quantity v="8116294"/><MeasureUnit v="KW1"/></Period><Period><TimeInterval v="2016-12-29T13:00Z/2016-12-29T14:00Z"/><Direction v="Z02"/><Quantity v="8098330"/><MeasureUnit v="KW1"/></Period><Period><TimeInterval v="2016-12-29T14:00Z/2016-12-29T15:00Z"/><Direction v="Z02"/><Quantity v="8104583"/><MeasureUnit v="KW1"/></Period><Period><TimeInterval v="2016-12-29T15:00Z/2016-12-29T16:00Z"/><Direction v="Z02"/><Quantity v="8136258"/><MeasureUnit v="KW1"/></Period><Period><TimeInterval v="2016-12-29T16:00Z/2016-12-29T17:00Z"/><Direction v="Z02"/><Quantity v="8132446"/><MeasureUnit v="KW1"/></Period><Period><TimeInterval v="2016-12-29T17:00Z/2016-12-29T18:00Z"/><Direction v="Z02"/><Quantity v="8127643"/><MeasureUnit v="KW1"/></Period><Period><TimeInterval v="2016-12-29T18:00Z/2016-12-29T19:00Z"/><Direction v="Z02"/><Quantity v="8075933"/><MeasureUnit v="KW1"/></Period><Period><TimeInterval v="2016-12-29T19:00Z/2016-12-29T20:00Z"/><Direction v="Z02"/><Quantity v="8120155"/><MeasureUnit v="KW1"/></Period><Period><TimeInterval v="2016-12-29T20:00Z/2016-12-29T21:00Z"/><Direction v="Z02"/><Quantity v="8173010"/><MeasureUnit v="KW1"/></Period><Period><TimeInterval v="2016-12-29T21:00Z/2016-12-29T22:00Z"/><Direction v="Z02"/><Quantity v="8157446"/><MeasureUnit v="KW1"/></Period><Period><TimeInterval v="2016-12-29T22:00Z/2016-12-29T23:00Z"/><Direction v="Z02"/><Quantity v="8193237"/><MeasureUnit v="KW1"/></Period><Period><TimeInterval v="2016-12-29T23:00Z/2016-12-30T00:00Z"/><Direction v="Z02"/><Quantity v="8444275"/><MeasureUnit v="KW1"/></Period><Period><TimeInterval v="2016-12-30T00:00Z/2016-12-30T01:00Z"/><Direction v="Z02"/><Quantity v="8498498"/><MeasureUnit v="KW1"/></Period><Period><TimeInterval v="2016-12-30T01:00Z/2016-12-30T02:00Z"/><Direction v="Z02"/><Quantity v="8491609"/><MeasureUnit v="KW1"/></Period><Period><TimeInterval v="2016-12-30T02:00Z/2016-12-30T03:00Z"/><Direction v="Z02"/><Quantity v="8588522"/><MeasureUnit v="KW1"/></Period><Period><TimeInterval v="2016-12-30T03:00Z/2016-12-30T04:00Z"/><Direction v="Z02"/><Quantity v="8649129"/><MeasureUnit v="KW1"/></Period><Period><TimeInterval v="2016-12-30T04:00Z/2016-12-30T05:00Z"/><Direction v="Z02"/><Quantity v="8620634"/><MeasureUnit v="KW1"/></Period></Category></ConnectionPoint><ConnectionPoint><Identification v="21Z0000000000163" codingScheme="305"/><Type v="Z25"/><Category><CapacityCode v="Z08"/><Period><TimeInterval v="2016-12-29T05:00Z/2016-12-29T06:00Z"/><Direction v="Z03"/><Quantity v="4272222"/><MeasureUnit v="KW1"/></Period><Period><TimeInterval v="2016-12-29T06:00Z/2016-12-29T07:00Z"/><Direction v="Z03"/><Quantity v="4163889"/><MeasureUnit v="KW1"/></Period><Period><TimeInterval v="2016-12-29T07:00Z/2016-12-29T08:00Z"/><Direction v="Z03"/><Quantity v="4141666"/><MeasureUnit v="KW1"/></Period><Period><TimeInterval v="2016-12-29T08:00Z/2016-12-29T09:00Z"/><Direction v="Z03"/><Quantity v="4138889"/><MeasureUnit v="KW1"/></Period><Period><TimeInterval v="2016-12-29T09:00Z/2016-12-29T10:00Z"/><Direction v="Z03"/><Quantity v="4130556"/><MeasureUnit v="KW1"/></Period><Period><TimeInterval v="2016-12-29T10:00Z/2016-12-29T11:00Z"/><Direction v="Z03"/><Quantity v="4125000"/><MeasureUnit v="KW1"/></Period><Period><TimeInterval v="2016-12-29T11:00Z/2016-12-29T12:00Z"/><Direction v="Z03"/><Quantity v="4130555"/><MeasureUnit v="KW1"/></Period><Period><TimeInterval v="2016-12-29T12:00Z/2016-12-29T13:00Z"/><Direction v="Z03"/><Quantity v="4122223"/><MeasureUnit v="KW1"/></Period><Period><TimeInterval v="2016-12-29T13:00Z/2016-12-29T14:00Z"/><Direction v="Z03"/><Quantity v="4125000"/><MeasureUnit v="KW1"/></Period><Period><TimeInterval v="2016-12-29T14:00Z/2016-12-29T15:00Z"/><Direction v="Z03"/><Quantity v="4119444"/><MeasureUnit v="KW1"/></Period><Period><TimeInterval v="2016-12-29T15:00Z/2016-12-29T16:00Z"/><Direction v="Z03"/><Quantity v="4141667"/><MeasureUnit v="KW1"/></Period><Period><TimeInterval v="2016-12-29T16:00Z/2016-12-29T17:00Z"/><Direction v="Z03"/><Quantity v="4144444"/><MeasureUnit v="KW1"/></Period><Period><TimeInterval v="2016-12-29T17:00Z/2016-12-29T18:00Z"/><Direction v="Z03"/><Quantity v="4111111"/><MeasureUnit v="KW1"/></Period><Period><TimeInterval v="2016-12-29T18:00Z/2016-12-29T19:00Z"/><Direction v="Z03"/><Quantity v="4147223"/><MeasureUnit v="KW1"/></Period><Period><TimeInterval v="2016-12-29T19:00Z/2016-12-29T20:00Z"/><Direction v="Z03"/><Quantity v="4138888"/><MeasureUnit v="KW1"/></Period><Period><TimeInterval v="2016-12-29T20:00Z/2016-12-29T21:00Z"/><Direction v="Z03"/><Quantity v="4150000"/><MeasureUnit v="KW1"/></Period><Period><TimeInterval v="2016-12-29T21:00Z/2016-12-29T22:00Z"/><Direction v="Z03"/><Quantity v="4138889"/><MeasureUnit v="KW1"/></Period><Period><TimeInterval v="2016-12-29T22:00Z/2016-12-29T23:00Z"/><Direction v="Z03"/><Quantity v="4141667"/><MeasureUnit v="KW1"/></Period><Period><TimeInterval v="2016-12-29T23:00Z/2016-12-30T00:00Z"/><Direction v="Z03"/><Quantity v="4147222"/><MeasureUnit v="KW1"/></Period><Period><TimeInterval v="2016-12-30T00:00Z/2016-12-30T01:00Z"/><Direction v="Z03"/><Quantity v="4158334"/><MeasureUnit v="KW1"/></Period><Period><TimeInterval v="2016-12-30T01:00Z/2016-12-30T02:00Z"/><Direction v="Z03"/><Quantity v="4163888"/><MeasureUnit v="KW1"/></Period><Period><TimeInterval v="2016-12-30T02:00Z/2016-12-30T03:00Z"/><Direction v="Z03"/><Quantity v="4169445"/><MeasureUnit v="KW1"/></Period><Period><TimeInterval v="2016-12-30T03:00Z/2016-12-30T04:00Z"/><Direction v="Z03"/><Quantity v="4172222"/><MeasureUnit v="KW1"/></Period><Period><TimeInterval v="2016-12-30T04:00Z/2016-12-30T05:00Z"/><Direction v="Z03"/><Quantity v="4136111"/><MeasureUnit v="KW1"/></Period></Category></ConnectionPoint><ConnectionPoint><Identification v="21Z000000000342R" codingScheme="305"/><Type v="Z28"/><Category><CapacityCode v="Z08"/><Period><TimeInterval v="2016-12-29T05:00Z/2016-12-29T06:00Z"/><Direction v="Z02"/><Quantity v="616984"/><MeasureUnit v="KW1"/></Period><Period><TimeInterval v="2016-12-29T06:00Z/2016-12-29T07:00Z"/><Direction v="Z02"/><Quantity v="615479"/><MeasureUnit v="KW1"/></Period><Period><TimeInterval v="2016-12-29T07:00Z/2016-12-29T08:00Z"/><Direction v="Z02"/><Quantity v="624410"/><MeasureUnit v="KW1"/></Period><Period><TimeInterval v="2016-12-29T08:00Z/2016-12-29T09:00Z"/><Direction v="Z02"/><Quantity v="626664"/><MeasureUnit v="KW1"/></Period><Period><TimeInterval v="2016-12-29T09:00Z/2016-12-29T10:00Z"/><Direction v="Z02"/><Quantity v="625512"/><MeasureUnit v="KW1"/></Period><Period><TimeInterval v="2016-12-29T10:00Z/2016-12-29T11:00Z"/><Direction v="Z02"/><Quantity v="612222"/><MeasureUnit v="KW1"/></Period><Period><TimeInterval v="2016-12-29T11:00Z/2016-12-29T12:00Z"/><Direction v="Z02"/><Quantity v="620430"/><MeasureUnit v="KW1"/></Period><Period><TimeInterval v="2016-12-29T12:00Z/2016-12-29T13:00Z"/><Direction v="Z02"/><Quantity v="616838"/><MeasureUnit v="KW1"/></Period><Period><TimeInterval v="2016-12-29T13:00Z/2016-12-29T14:00Z"/><Direction v="Z02"/><Quantity v="612419"/><MeasureUnit v="KW1"/></Period><Period><TimeInterval v="2016-12-29T14:00Z/2016-12-29T15:00Z"/><Direction v="Z02"/><Quantity v="621664"/><MeasureUnit v="KW1"/></Period><Period><TimeInterval v="2016-12-29T15:00Z/2016-12-29T16:00Z"/><Direction v="Z02"/><Quantity v="645367"/><MeasureUnit v="KW1"/></Period><Period><TimeInterval v="2016-12-29T16:00Z/2016-12-29T17:00Z"/><Direction v="Z02"/><Quantity v="824557"/><MeasureUnit v="KW1"/></Period><Period><TimeInterval v="2016-12-29T17:00Z/2016-12-29T18:00Z"/><Direction v="Z02"/><Quantity v="704598"/><MeasureUnit v="KW1"/></Period><Period><TimeInterval v="2016-12-29T18:00Z/2016-12-29T19:00Z"/><Direction v="Z02"/><Quantity v="701795"/><MeasureUnit v="KW1"/></Period><Period><TimeInterval v="2016-12-29T19:00Z/2016-12-29T20:00Z"/><Direction v="Z02"/><Quantity v="703991"/><MeasureUnit v="KW1"/></Period><Period><TimeInterval v="2016-12-29T20:00Z/2016-12-29T21:00Z"/><Direction v="Z02"/><Quantity v="709255"/><MeasureUnit v="KW1"/></Period><Period><TimeInterval v="2016-12-29T21:00Z/2016-12-29T22:00Z"/><Direction v="Z02"/><Quantity v="697059"/><MeasureUnit v="KW1"/></Period><Period><TimeInterval v="2016-12-29T22:00Z/2016-12-29T23:00Z"/><Direction v="Z02"/><Quantity v="699276"/><MeasureUnit v="KW1"/></Period><Period><TimeInterval v="2016-12-29T23:00Z/2016-12-30T00:00Z"/><Direction v="Z02"/><Quantity v="698384"/><MeasureUnit v="KW1"/></Period><Period><TimeInterval v="2016-12-30T00:00Z/2016-12-30T01:00Z"/><Direction v="Z02"/><Quantity v="690905"/><MeasureUnit v="KW1"/></Period><Period><TimeInterval v="2016-12-30T01:00Z/2016-12-30T02:00Z"/><Direction v="Z02"/><Quantity v="698062"/><MeasureUnit v="KW1"/></Period><Period><TimeInterval v="2016-12-30T02:00Z/2016-12-30T03:00Z"/><Direction v="Z02"/><Quantity v="695860"/><MeasureUnit v="KW1"/></Period><Period><TimeInterval v="2016-12-30T03:00Z/2016-12-30T04:00Z"/><Direction v="Z02"/><Quantity v="700110"/><MeasureUnit v="KW1"/></Period><Period><TimeInterval v="2016-12-30T04:00Z/2016-12-30T05:00Z"/><Direction v="Z02"/><Quantity v="707847"/><MeasureUnit v="KW1"/></Period></Category></ConnectionPoint><ConnectionPoint><Identification v="21Z000000000343P" codingScheme="305"/><Type v="Z31"/><Category><CapacityCode v="Z08"/><Period><TimeInterval v="2016-12-29T05:00Z/2016-12-29T06:00Z"/><Direction v="Z03"/><Quantity v="6245513"/><MeasureUnit v="KW1"/></Period><Period><TimeInterval v="2016-12-29T06:00Z/2016-12-29T07:00Z"/><Direction v="Z03"/><Quantity v="6911338"/><MeasureUnit v="KW1"/></Period><Period><TimeInterval v="2016-12-29T07:00Z/2016-12-29T08:00Z"/><Direction v="Z03"/><Quantity v="6661481"/><MeasureUnit v="KW1"/></Period><Period><TimeInterval v="2016-12-29T08:00Z/2016-12-29T09:00Z"/><Direction v="Z03"/><Quantity v="6641028"/><MeasureUnit v="KW1"/></Period><Period><TimeInterval v="2016-12-29T09:00Z/2016-12-29T10:00Z"/><Direction v="Z03"/><Quantity v="6636647"/><MeasureUnit v="KW1"/></Period><Period><TimeInterval v="2016-12-29T10:00Z/2016-12-29T11:00Z"/><Direction v="Z03"/><Quantity v="6468761"/><MeasureUnit v="KW1"/></Period><Period><TimeInterval v="2016-12-29T11:00Z/2016-12-29T12:00Z"/><Direction v="Z03"/><Quantity v="6470801"/><MeasureUnit v="KW1"/></Period><Period><TimeInterval v="2016-12-29T12:00Z/2016-12-29T13:00Z"/><Direction v="Z03"/><Quantity v="6830358"/><MeasureUnit v="KW1"/></Period><Period><TimeInterval v="2016-12-29T13:00Z/2016-12-29T14:00Z"/><Direction v="Z03"/><Quantity v="7195554"/><MeasureUnit v="KW1"/></Period><Period><TimeInterval v="2016-12-29T14:00Z/2016-12-29T15:00Z"/><Direction v="Z03"/><Quantity v="7312551"/><MeasureUnit v="KW1"/></Period><Period><TimeInterval v="2016-12-29T15:00Z/2016-12-29T16:00Z"/><Direction v="Z03"/><Quantity v="7532171"/><MeasureUnit v="KW1"/></Period><Period><TimeInterval v="2016-12-29T16:00Z/2016-12-29T17:00Z"/><Direction v="Z03"/><Quantity v="7865390"/><MeasureUnit v="KW1"/></Period><Period><TimeInterval v="2016-12-29T17:00Z/2016-12-29T18:00Z"/><Direction v="Z03"/><Quantity v="7875514"/><MeasureUnit v="KW1"/></Period><Period><TimeInterval v="2016-12-29T18:00Z/2016-12-29T19:00Z"/><Direction v="Z03"/><Quantity v="7864604"/><MeasureUnit v="KW1"/></Period><Period><TimeInterval v="2016-12-29T19:00Z/2016-12-29T20:00Z"/><Direction v="Z03"/><Quantity v="7870455"/><MeasureUnit v="KW1"/></Period><Period><TimeInterval v="2016-12-29T20:00Z/2016-12-29T21:00Z"/><Direction v="Z03"/><Quantity v="7659866"/><MeasureUnit v="KW1"/></Period><Period><TimeInterval v="2016-12-29T21:00Z/2016-12-29T22:00Z"/><Direction v="Z03"/><Quantity v="6933699"/><MeasureUnit v="KW1"/></Period><Period><TimeInterval v="2016-12-29T22:00Z/2016-12-29T23:00Z"/><Direction v="Z03"/><Quantity v="6052360"/><MeasureUnit v="KW1"/></Period><Period><TimeInterval v="2016-12-29T23:00Z/2016-12-30T00:00Z"/><Direction v="Z03"/><Quantity v="5941283"/><MeasureUnit v="KW1"/></Period><Period><TimeInterval v="2016-12-30T00:00Z/2016-12-30T01:00Z"/><Direction v="Z03"/><Quantity v="5720297"/><MeasureUnit v="KW1"/></Period><Period><TimeInterval v="2016-12-30T01:00Z/2016-12-30T02:00Z"/><Direction v="Z03"/><Quantity v="5521425"/><MeasureUnit v="KW1"/></Period><Period><TimeInterval v="2016-12-30T02:00Z/2016-12-30T03:00Z"/><Direction v="Z03"/><Quantity v="5553065"/><MeasureUnit v="KW1"/></Period><Period><TimeInterval v="2016-12-30T03:00Z/2016-12-30T04:00Z"/><Direction v="Z03"/><Quantity v="5564791"/><MeasureUnit v="KW1"/></Period><Period><TimeInterval v="2016-12-30T04:00Z/2016-12-30T05:00Z"/><Direction v="Z03"/><Quantity v="5601589"/><MeasureUnit v="KW1"/></Period></Category></ConnectionPoint></TransparencyPublication>