<?xml version="1.0" encoding="UTF-8"?><TransparencyPublication Version="EGAS50" Release="A"><Identification v="TRANPB20170102A103903"/><Version v="1"/><Type v="AL4"/><CreationDateTime v="2017-01-02T07:10:30.757Z"/><ValidityPeriod v="2016-12-19T05:00Z/2016-12-20T05:00Z"/><IssuerIdentification v="21X-DE-C-A0A0A-T" codingScheme="305"/><IssuerRole v="ZSO"/><RecipientIdentification v="10X1001A1001A353" codingScheme="305"/><RecipientRole v="ZUA"/><ConnectionPoint><Identification v="37Z000000006231B" codingScheme="305"/><Type v="Z26"/><Category><CapacityCode v="Z12"/><Period><TimeInterval v="2016-12-19T05:00Z/2016-12-19T06:00Z"/><Direction v="Z02"/><Quantity v="49400"/><MeasureUnit v="KW1"/></Period><Period><TimeInterval v="2016-12-19T06:00Z/2016-12-19T07:00Z"/><Direction v="Z02"/><Quantity v="49400"/><MeasureUnit v="KW1"/></Period><Period><TimeInterval v="2016-12-19T07:00Z/2016-12-19T08:00Z"/><Direction v="Z02"/><Quantity v="49400"/><MeasureUnit v="KW1"/></Period><Period><TimeInterval v="2016-12-19T08:00Z/2016-12-19T09:00Z"/><Direction v="Z02"/><Quantity v="49400"/><MeasureUnit v="KW1"/></Period><Period><TimeInterval v="2016-12-19T09:00Z/2016-12-19T10:00Z"/><Direction v="Z02"/><Quantity v="49400"/><MeasureUnit v="KW1"/></Period><Period><TimeInterval v="2016-12-19T10:00Z/2016-12-19T11:00Z"/><Direction v="Z02"/><Quantity v="49400"/><MeasureUnit v="KW1"/></Period><Period><TimeInterval v="2016-12-19T11:00Z/2016-12-19T12:00Z"/><Direction v="Z02"/><Quantity v="49400"/><MeasureUnit v="KW1"/></Period><Period><TimeInterval v="2016-12-19T12:00Z/2016-12-19T13:00Z"/><Direction v="Z02"/><Quantity v="49400"/><MeasureUnit v="KW1"/></Period><Period><TimeInterval v="2016-12-19T13:00Z/2016-12-19T14:00Z"/><Direction v="Z02"/><Quantity v="49400"/><MeasureUnit v="KW1"/></Period><Period><TimeInterval v="2016-12-19T14:00Z/2016-12-19T15:00Z"/><Direction v="Z02"/><Quantity v="49400"/><MeasureUnit v="KW1"/></Period><Period><TimeInterval v="2016-12-19T15:00Z/2016-12-19T16:00Z"/><Direction v="Z02"/><Quantity v="49400"/><MeasureUnit v="KW1"/></Period><Period><TimeInterval v="2016-12-19T16:00Z/2016-12-19T17:00Z"/><Direction v="Z02"/><Quantity v="49400"/><MeasureUnit v="KW1"/></Period><Period><TimeInterval v="2016-12-19T17:00Z/2016-12-19T18:00Z"/><Direction v="Z02"/><Quantity v="49400"/><MeasureUnit v="KW1"/></Period><Period><TimeInterval v="2016-12-19T18:00Z/2016-12-19T19:00Z"/><Direction v="Z02"/><Quantity v="49400"/><MeasureUnit v="KW1"/></Period><Period><TimeInterval v="2016-12-19T19:00Z/2016-12-19T20:00Z"/><Direction v="Z02"/><Quantity v="49400"/><MeasureUnit v="KW1"/></Period><Period><TimeInterval v="2016-12-19T20:00Z/2016-12-19T21:00Z"/><Direction v="Z02"/><Quantity v="49400"/><MeasureUnit v="KW1"/></Period><Period><TimeInterval v="2016-12-19T21:00Z/2016-12-19T22:00Z"/><Direction v="Z02"/><Quantity v="49400"/><MeasureUnit v="KW1"/></Period><Period><TimeInterval v="2016-12-19T22:00Z/2016-12-19T23:00Z"/><Direction v="Z02"/><Quantity v="49400"/><MeasureUnit v="KW1"/></Period><Period><TimeInterval v="2016-12-19T23:00Z/2016-12-20T00:00Z"/><Direction v="Z02"/><Quantity v="49400"/><MeasureUnit v="KW1"/></Period><Period><TimeInterval v="2016-12-20T00:00Z/2016-12-20T01:00Z"/><Direction v="Z02"/><Quantity v="49400"/><MeasureUnit v="KW1"/></Period><Period><TimeInterval v="2016-12-20T01:00Z/2016-12-20T02:00Z"/><Direction v="Z02"/><Quantity v="49400"/><MeasureUnit v="KW1"/></Period><Period><TimeInterval v="2016-12-20T02:00Z/2016-12-20T03:00Z"/><Direction v="Z02"/><Quantity v="49400"/><MeasureUnit v="KW1"/></Period><Period><TimeInterval v="2016-12-20T03:00Z/2016-12-20T04:00Z"/><Direction v="Z02"/><Quantity v="49400"/><MeasureUnit v="KW1"/></Period><Period><TimeInterval v="2016-12-20T04:00Z/2016-12-20T05:00Z"/><Direction v="Z02"/><Quantity v="49400"/><MeasureUnit v="KW1"/></Period></Category><Category><CapacityCode v="Z14"/><Period><TimeInterval v="2016-12-19T05:00Z/2016-12-19T06:00Z"/><Direction v="Z02"/><Quantity v="49400"/><MeasureUnit v="KW1"/></Period><Period><TimeInterval v="2016-12-19T06:00Z/2016-12-19T07:00Z"/><Direction v="Z02"/><Quantity v="49400"/><MeasureUnit v="KW1"/></Period><Period><TimeInterval v="2016-12-19T07:00Z/2016-12-19T08:00Z"/><Direction v="Z02"/><Quantity v="49400"/><MeasureUnit v="KW1"/></Period><Period><TimeInterval v="2016-12-19T08:00Z/2016-12-19T09:00Z"/><Direction v="Z02"/><Quantity v="49400"/><MeasureUnit v="KW1"/></Period><Period><TimeInterval v="2016-12-19T09:00Z/2016-12-19T10:00Z"/><Direction v="Z02"/><Quantity v="49400"/><MeasureUnit v="KW1"/></Period><Period><TimeInterval v="2016-12-19T10:00Z/2016-12-19T11:00Z"/><Direction v="Z02"/><Quantity v="49400"/><MeasureUnit v="KW1"/></Period><Period><TimeInterval v="2016-12-19T11:00Z/2016-12-19T12:00Z"/><Direction v="Z02"/><Quantity v="49400"/><MeasureUnit v="KW1"/></Period><Period><TimeInterval v="2016-12-19T12:00Z/2016-12-19T13:00Z"/><Direction v="Z02"/><Quantity v="49400"/><MeasureUnit v="KW1"/></Period><Period><TimeInterval v="2016-12-19T13:00Z/2016-12-19T14:00Z"/><Direction v="Z02"/><Quantity v="49400"/><MeasureUnit v="KW1"/></Period><Period><TimeInterval v="2016-12-19T14:00Z/2016-12-19T15:00Z"/><Direction v="Z02"/><Quantity v="49400"/><MeasureUnit v="KW1"/></Period><Period><TimeInterval v="2016-12-19T15:00Z/2016-12-19T16:00Z"/><Direction v="Z02"/><Quantity v="49400"/><MeasureUnit v="KW1"/></Period><Period><TimeInterval v="2016-12-19T16:00Z/2016-12-19T17:00Z"/><Direction v="Z02"/><Quantity v="49400"/><MeasureUnit v="KW1"/></Period><Period><TimeInterval v="2016-12-19T17:00Z/2016-12-19T18:00Z"/><Direction v="Z02"/><Quantity v="49400"/><MeasureUnit v="KW1"/></Period><Period><TimeInterval v="2016-12-19T18:00Z/2016-12-19T19:00Z"/><Direction v="Z02"/><Quantity v="49400"/><MeasureUnit v="KW1"/></Period><Period><TimeInterval v="2016-12-19T19:00Z/2016-12-19T20:00Z"/><Direction v="Z02"/><Quantity v="49400"/><MeasureUnit v="KW1"/></Period><Period><TimeInterval v="2016-12-19T20:00Z/2016-12-19T21:00Z"/><Direction v="Z02"/><Quantity v="49400"/><MeasureUnit v="KW1"/></Period><Period><TimeInterval v="2016-12-19T21:00Z/2016-12-19T22:00Z"/><Direction v="Z02"/><Quantity v="49400"/><MeasureUnit v="KW1"/></Period><Period><TimeInterval v="2016-12-19T22:00Z/2016-12-19T23:00Z"/><Direction v="Z02"/><Quantity v="49400"/><MeasureUnit v="KW1"/></Period><Period><TimeInterval v="2016-12-19T23:00Z/2016-12-20T00:00Z"/><Direction v="Z02"/><Quantity v="49400"/><MeasureUnit v="KW1"/></Period><Period><TimeInterval v="2016-12-20T00:00Z/2016-12-20T01:00Z"/><Direction v="Z02"/><Quantity v="49400"/><MeasureUnit v="KW1"/></Period><Period><TimeInterval v="2016-12-20T01:00Z/2016-12-20T02:00Z"/><Direction v="Z02"/><Quantity v="49400"/><MeasureUnit v="KW1"/></Period><Period><TimeInterval v="2016-12-20T02:00Z/2016-12-20T03:00Z"/><Direction v="Z02"/><Quantity v="49400"/><MeasureUnit v="KW1"/></Period><Period><TimeInterval v="2016-12-20T03:00Z/2016-12-20T04:00Z"/><Direction v="Z02"/><Quantity v="49400"/><MeasureUnit v="KW1"/></Period><Period><TimeInterval v="2016-12-20T04:00Z/2016-12-20T05:00Z"/><Direction v="Z02"/><Quantity v="49400"/><MeasureUnit v="KW1"/></Period></Category><Category><CapacityCode v="Z15"/><Period><TimeInterval v="2016-12-19T05:00Z/2016-12-19T06:00Z"/><Direction v="Z02"/><Quantity v="0"/><MeasureUnit v="KW1"/></Period><Period><TimeInterval v="2016-12-19T06:00Z/2016-12-19T07:00Z"/><Direction v="Z02"/><Quantity v="0"/><MeasureUnit v="KW1"/></Period><Period><TimeInterval v="2016-12-19T07:00Z/2016-12-19T08:00Z"/><Direction v="Z02"/><Quantity v="0"/><MeasureUnit v="KW1"/></Period><Period><TimeInterval v="2016-12-19T08:00Z/2016-12-19T09:00Z"/><Direction v="Z02"/><Quantity v="0"/><MeasureUnit v="KW1"/></Period><Period><TimeInterval v="2016-12-19T09:00Z/2016-12-19T10:00Z"/><Direction v="Z02"/><Quantity v="0"/><MeasureUnit v="KW1"/></Period><Period><TimeInterval v="2016-12-19T10:00Z/2016-12-19T11:00Z"/><Direction v="Z02"/><Quantity v="0"/><MeasureUnit v="KW1"/></Period><Period><TimeInterval v="2016-12-19T11:00Z/2016-12-19T12:00Z"/><Direction v="Z02"/><Quantity v="0"/><MeasureUnit v="KW1"/></Period><Period><TimeInterval v="2016-12-19T12:00Z/2016-12-19T13:00Z"/><Direction v="Z02"/><Quantity v="0"/><MeasureUnit v="KW1"/></Period><Period><TimeInterval v="2016-12-19T13:00Z/2016-12-19T14:00Z"/><Direction v="Z02"/><Quantity v="0"/><MeasureUnit v="KW1"/></Period><Period><TimeInterval v="2016-12-19T14:00Z/2016-12-19T15:00Z"/><Direction v="Z02"/><Quantity v="0"/><MeasureUnit v="KW1"/></Period><Period><TimeInterval v="2016-12-19T15:00Z/2016-12-19T16:00Z"/><Direction v="Z02"/><Quantity v="0"/><MeasureUnit v="KW1"/></Period><Period><TimeInterval v="2016-12-19T16:00Z/2016-12-19T17:00Z"/><Direction v="Z02"/><Quantity v="0"/><MeasureUnit v="KW1"/></Period><Period><TimeInterval v="2016-12-19T17:00Z/2016-12-19T18:00Z"/><Direction v="Z02"/><Quantity v="0"/><MeasureUnit v="KW1"/></Period><Period><TimeInterval v="2016-12-19T18:00Z/2016-12-19T19:00Z"/><Direction v="Z02"/><Quantity v="0"/><MeasureUnit v="KW1"/></Period><Period><TimeInterval v="2016-12-19T19:00Z/2016-12-19T20:00Z"/><Direction v="Z02"/><Quantity v="0"/><MeasureUnit v="KW1"/></Period><Period><TimeInterval v="2016-12-19T20:00Z/2016-12-19T21:00Z"/><Direction v="Z02"/><Quantity v="0"/><MeasureUnit v="KW1"/></Period><Period><TimeInterval v="2016-12-19T21:00Z/2016-12-19T22:00Z"/><Direction v="Z02"/><Quantity v="0"/><MeasureUnit v="KW1"/></Period><Period><TimeInterval v="2016-12-19T22:00Z/2016-12-19T23:00Z"/><Direction v="Z02"/><Quantity v="0"/><MeasureUnit v="KW1"/></Period><Period><TimeInterval v="2016-12-19T23:00Z/2016-12-20T00:00Z"/><Direction v="Z02"/><Quantity v="0"/><MeasureUnit v="KW1"/></Period><Period><TimeInterval v="2016-12-20T00:00Z/2016-12-20T01:00Z"/><Direction v="Z02"/><Quantity v="0"/><MeasureUnit v="KW1"/></Period><Period><TimeInterval v="2016-12-20T01:00Z/2016-12-20T02:00Z"/><Direction v="Z02"/><Quantity v="0"/><MeasureUnit v="KW1"/></Period><Period><TimeInterval v="2016-12-20T02:00Z/2016-12-20T03:00Z"/><Direction v="Z02"/><Quantity v="0"/><MeasureUnit v="KW1"/></Period><Period><TimeInterval v="2016-12-20T03:00Z/2016-12-20T04:00Z"/><Direction v="Z02"/><Quantity v="0"/><MeasureUnit v="KW1"/></Period><Period><TimeInterval v="2016-12-20T04:00Z/2016-12-20T05:00Z"/><Direction v="Z02"/><Quantity v="0"/><MeasureUnit v="KW1"/></Period></Category></ConnectionPoint><ConnectionPoint><Identification v="21Z000000000071W" codingScheme="305"/><Type v="Z25"/><Category><CapacityCode v="Z12"/><Period><TimeInterval v="2016-12-19T05:00Z/2016-12-19T06:00Z"/><Direction v="Z02"/><Quantity v="1413193"/><MeasureUnit v="KW1"/></Period><Period><TimeInterval v="2016-12-19T06:00Z/2016-12-19T07:00Z"/><Direction v="Z02"/><Quantity v="1413193"/><MeasureUnit v="KW1"/></Period><Period><TimeInterval v="2016-12-19T07:00Z/2016-12-19T08:00Z"/><Direction v="Z02"/><Quantity v="1413193"/><MeasureUnit v="KW1"/></Period><Period><TimeInterval v="2016-12-19T08:00Z/2016-12-19T09:00Z"/><Direction v="Z02"/><Quantity v="1413193"/><MeasureUnit v="KW1"/></Period><Period><TimeInterval v="2016-12-19T09:00Z/2016-12-19T10:00Z"/><Direction v="Z02"/><Quantity v="1413193"/><MeasureUnit v="KW1"/></Period><Period><TimeInterval v="2016-12-19T10:00Z/2016-12-19T11:00Z"/><Direction v="Z02"/><Quantity v="1413193"/><MeasureUnit v="KW1"/></Period><Period><TimeInterval v="2016-12-19T11:00Z/2016-12-19T12:00Z"/><Direction v="Z02"/><Quantity v="1413193"/><MeasureUnit v="KW1"/></Period><Period><TimeInterval v="2016-12-19T12:00Z/2016-12-19T13:00Z"/><Direction v="Z02"/><Quantity v="1413193"/><MeasureUnit v="KW1"/></Period><Period><TimeInterval v="2016-12-19T13:00Z/2016-12-19T14:00Z"/><Direction v="Z02"/><Quantity v="1413193"/><MeasureUnit v="KW1"/></Period><Period><TimeInterval v="2016-12-19T14:00Z/2016-12-19T15:00Z"/><Direction v="Z02"/><Quantity v="1413193"/><MeasureUnit v="KW1"/></Period><Period><TimeInterval v="2016-12-19T15:00Z/2016-12-19T16:00Z"/><Direction v="Z02"/><Quantity v="1413193"/><MeasureUnit v="KW1"/></Period><Period><TimeInterval v="2016-12-19T16:00Z/2016-12-19T17:00Z"/><Direction v="Z02"/><Quantity v="1413193"/><MeasureUnit v="KW1"/></Period><Period><TimeInterval v="2016-12-19T17:00Z/2016-12-19T18:00Z"/><Direction v="Z02"/><Quantity v="1413193"/><MeasureUnit v="KW1"/></Period><Period><TimeInterval v="2016-12-19T18:00Z/2016-12-19T19:00Z"/><Direction v="Z02"/><Quantity v="1413193"/><MeasureUnit v="KW1"/></Period><Period><TimeInterval v="2016-12-19T19:00Z/2016-12-19T20:00Z"/><Direction v="Z02"/><Quantity v="1413193"/><MeasureUnit v="KW1"/></Period><Period><TimeInterval v="2016-12-19T20:00Z/2016-12-19T21:00Z"/><Direction v="Z02"/><Quantity v="1413193"/><MeasureUnit v="KW1"/></Period><Period><TimeInterval v="2016-12-19T21:00Z/2016-12-19T22:00Z"/><Direction v="Z02"/><Quantity v="1413193"/><MeasureUnit v="KW1"/></Period><Period><TimeInterval v="2016-12-19T22:00Z/2016-12-19T23:00Z"/><Direction v="Z02"/><Quantity v="1413193"/><MeasureUnit v="KW1"/></Period><Period><TimeInterval v="2016-12-19T23:00Z/2016-12-20T00:00Z"/><Direction v="Z02"/><Quantity v="1413193"/><MeasureUnit v="KW1"/></Period><Period><TimeInterval v="2016-12-20T00:00Z/2016-12-20T01:00Z"/><Direction v="Z02"/><Quantity v="1413193"/><MeasureUnit v="KW1"/></Period><Period><TimeInterval v="2016-12-20T01:00Z/2016-12-20T02:00Z"/><Direction v="Z02"/><Quantity v="1413193"/><MeasureUnit v="KW1"/></Period><Period><TimeInterval v="2016-12-20T02:00Z/2016-12-20T03:00Z"/><Direction v="Z02"/><Quantity v="1413193"/><MeasureUnit v="KW1"/></Period><Period><TimeInterval v="2016-12-20T03:00Z/2016-12-20T04:00Z"/><Direction v="Z02"/><Quantity v="1413193"/><MeasureUnit v="KW1"/></Period><Period><TimeInterval v="2016-12-20T04:00Z/2016-12-20T05:00Z"/><Direction v="Z02"/><Quantity v="1413193"/><MeasureUnit v="KW1"/></Period></Category><Category><CapacityCode v="Z14"/><Period><TimeInterval v="2016-12-19T05:00Z/2016-12-19T06:00Z"/><Direction v="Z02"/><Quantity v="1413193"/><MeasureUnit v="KW1"/></Period><Period><TimeInterval v="2016-12-19T06:00Z/2016-12-19T07:00Z"/><Direction v="Z02"/><Quantity v="1413193"/><MeasureUnit v="KW1"/></Period><Period><TimeInterval v="2016-12-19T07:00Z/2016-12-19T08:00Z"/><Direction v="Z02"/><Quantity v="1413193"/><MeasureUnit v="KW1"/></Period><Period><TimeInterval v="2016-12-19T08:00Z/2016-12-19T09:00Z"/><Direction v="Z02"/><Quantity v="1413193"/><MeasureUnit v="KW1"/></Period><Period><TimeInterval v="2016-12-19T09:00Z/2016-12-19T10:00Z"/><Direction v="Z02"/><Quantity v="1413193"/><MeasureUnit v="KW1"/></Period><Period><TimeInterval v="2016-12-19T10:00Z/2016-12-19T11:00Z"/><Direction v="Z02"/><Quantity v="1413193"/><MeasureUnit v="KW1"/></Period><Period><TimeInterval v="2016-12-19T11:00Z/2016-12-19T12:00Z"/><Direction v="Z02"/><Quantity v="1413193"/><MeasureUnit v="KW1"/></Period><Period><TimeInterval v="2016-12-19T12:00Z/2016-12-19T13:00Z"/><Direction v="Z02"/><Quantity v="1413193"/><MeasureUnit v="KW1"/></Period><Period><TimeInterval v="2016-12-19T13:00Z/2016-12-19T14:00Z"/><Direction v="Z02"/><Quantity v="1413193"/><MeasureUnit v="KW1"/></Period><Period><TimeInterval v="2016-12-19T14:00Z/2016-12-19T15:00Z"/><Direction v="Z02"/><Quantity v="1413193"/><MeasureUnit v="KW1"/></Period><Period><TimeInterval v="2016-12-19T15:00Z/2016-12-19T16:00Z"/><Direction v="Z02"/><Quantity v="1413193"/><MeasureUnit v="KW1"/></Period><Period><TimeInterval v="2016-12-19T16:00Z/2016-12-19T17:00Z"/><Direction v="Z02"/><Quantity v="1413193"/><MeasureUnit v="KW1"/></Period><Period><TimeInterval v="2016-12-19T17:00Z/2016-12-19T18:00Z"/><Direction v="Z02"/><Quantity v="1413193"/><MeasureUnit v="KW1"/></Period><Period><TimeInterval v="2016-12-19T18:00Z/2016-12-19T19:00Z"/><Direction v="Z02"/><Quantity v="1413193"/><MeasureUnit v="KW1"/></Period><Period><TimeInterval v="2016-12-19T19:00Z/2016-12-19T20:00Z"/><Direction v="Z02"/><Quantity v="1413193"/><MeasureUnit v="KW1"/></Period><Period><TimeInterval v="2016-12-19T20:00Z/2016-12-19T21:00Z"/><Direction v="Z02"/><Quantity v="1413193"/><MeasureUnit v="KW1"/></Period><Period><TimeInterval v="2016-12-19T21:00Z/2016-12-19T22:00Z"/><Direction v="Z02"/><Quantity v="1413193"/><MeasureUnit v="KW1"/></Period><Period><TimeInterval v="2016-12-19T22:00Z/2016-12-19T23:00Z"/><Direction v="Z02"/><Quantity v="1413193"/><MeasureUnit v="KW1"/></Period><Period><TimeInterval v="2016-12-19T23:00Z/2016-12-20T00:00Z"/><Direction v="Z02"/><Quantity v="1413193"/><MeasureUnit v="KW1"/></Period><Period><TimeInterval v="2016-12-20T00:00Z/2016-12-20T01:00Z"/><Direction v="Z02"/><Quantity v="1413193"/><MeasureUnit v="KW1"/></Period><Period><TimeInterval v="2016-12-20T01:00Z/2016-12-20T02:00Z"/><Direction v="Z02"/><Quantity v="1413193"/><MeasureUnit v="KW1"/></Period><Period><TimeInterval v="2016-12-20T02:00Z/2016-12-20T03:00Z"/><Direction v="Z02"/><Quantity v="1413193"/><MeasureUnit v="KW1"/></Period><Period><TimeInterval v="2016-12-20T03:00Z/2016-12-20T04:00Z"/><Direction v="Z02"/><Quantity v="1413193"/><MeasureUnit v="KW1"/></Period><Period><TimeInterval v="2016-12-20T04:00Z/2016-12-20T05:00Z"/><Direction v="Z02"/><Quantity v="1413193"/><MeasureUnit v="KW1"/></Period></Category><Category><CapacityCode v="Z15"/><Period><TimeInterval v="2016-12-19T05:00Z/2016-12-19T06:00Z"/><Direction v="Z02"/><Quantity v="0"/><MeasureUnit v="KW1"/></Period><Period><TimeInterval v="2016-12-19T06:00Z/2016-12-19T07:00Z"/><Direction v="Z02"/><Quantity v="0"/><MeasureUnit v="KW1"/></Period><Period><TimeInterval v="2016-12-19T07:00Z/2016-12-19T08:00Z"/><Direction v="Z02"/><Quantity v="0"/><MeasureUnit v="KW1"/></Period><Period><TimeInterval v="2016-12-19T08:00Z/2016-12-19T09:00Z"/><Direction v="Z02"/><Quantity v="0"/><MeasureUnit v="KW1"/></Period><Period><TimeInterval v="2016-12-19T09:00Z/2016-12-19T10:00Z"/><Direction v="Z02"/><Quantity v="0"/><MeasureUnit v="KW1"/></Period><Period><TimeInterval v="2016-12-19T10:00Z/2016-12-19T11:00Z"/><Direction v="Z02"/><Quantity v="0"/><MeasureUnit v="KW1"/></Period><Period><TimeInterval v="2016-12-19T11:00Z/2016-12-19T12:00Z"/><Direction v="Z02"/><Quantity v="0"/><MeasureUnit v="KW1"/></Period><Period><TimeInterval v="2016-12-19T12:00Z/2016-12-19T13:00Z"/><Direction v="Z02"/><Quantity v="0"/><MeasureUnit v="KW1"/></Period><Period><TimeInterval v="2016-12-19T13:00Z/2016-12-19T14:00Z"/><Direction v="Z02"/><Quantity v="0"/><MeasureUnit v="KW1"/></Period><Period><TimeInterval v="2016-12-19T14:00Z/2016-12-19T15:00Z"/><Direction v="Z02"/><Quantity v="0"/><MeasureUnit v="KW1"/></Period><Period><TimeInterval v="2016-12-19T15:00Z/2016-12-19T16:00Z"/><Direction v="Z02"/><Quantity v="0"/><MeasureUnit v="KW1"/></Period><Period><TimeInterval v="2016-12-19T16:00Z/2016-12-19T17:00Z"/><Direction v="Z02"/><Quantity v="0"/><MeasureUnit v="KW1"/></Period><Period><TimeInterval v="2016-12-19T17:00Z/2016-12-19T18:00Z"/><Direction v="Z02"/><Quantity v="0"/><MeasureUnit v="KW1"/></Period><Period><TimeInterval v="2016-12-19T18:00Z/2016-12-19T19:00Z"/><Direction v="Z02"/><Quantity v="0"/><MeasureUnit v="KW1"/></Period><Period><TimeInterval v="2016-12-19T19:00Z/2016-12-19T20:00Z"/><Direction v="Z02"/><Quantity v="0"/><MeasureUnit v="KW1"/></Period><Period><TimeInterval v="2016-12-19T20:00Z/2016-12-19T21:00Z"/><Direction v="Z02"/><Quantity v="0"/><MeasureUnit v="KW1"/></Period><Period><TimeInterval v="2016-12-19T21:00Z/2016-12-19T22:00Z"/><Direction v="Z02"/><Quantity v="0"/><MeasureUnit v="KW1"/></Period><Period><TimeInterval v="2016-12-19T22:00Z/2016-12-19T23:00Z"/><Direction v="Z02"/><Quantity v="0"/><MeasureUnit v="KW1"/></Period><Period><TimeInterval v="2016-12-19T23:00Z/2016-12-20T00:00Z"/><Direction v="Z02"/><Quantity v="0"/><MeasureUnit v="KW1"/></Period><Period><TimeInterval v="2016-12-20T00:00Z/2016-12-20T01:00Z"/><Direction v="Z02"/><Quantity v="0"/><MeasureUnit v="KW1"/></Period><Period><TimeInterval v="2016-12-20T01:00Z/2016-12-20T02:00Z"/><Direction v="Z02"/><Quantity v="0"/><MeasureUnit v="KW1"/></Period><Period><TimeInterval v="2016-12-20T02:00Z/2016-12-20T03:00Z"/><Direction v="Z02"/><Quantity v="0"/><MeasureUnit v="KW1"/></Period><Period><TimeInterval v="2016-12-20T03:00Z/2016-12-20T04:00Z"/><Direction v="Z02"/><Quantity v="0"/><MeasureUnit v="KW1"/></Period><Period><TimeInterval v="2016-12-20T04:00Z/2016-12-20T05:00Z"/><Direction v="Z02"/><Quantity v="0"/><MeasureUnit v="KW1"/></Period></Category></ConnectionPoint><ConnectionPoint><Identification v="21Z0000000000163" codingScheme="305"/><Type v="Z25"/><Category><CapacityCode v="Z12"/><Period><TimeInterval v="2016-12-19T05:00Z/2016-12-19T06:00Z"/><Direction v="Z03"/><Quantity v="3330000"/><MeasureUnit v="KW1"/></Period><Period><TimeInterval v="2016-12-19T06:00Z/2016-12-19T07:00Z"/><Direction v="Z03"/><Quantity v="3330000"/><MeasureUnit v="KW1"/></Period><Period><TimeInterval v="2016-12-19T07:00Z/2016-12-19T08:00Z"/><Direction v="Z03"/><Quantity v="3330000"/><MeasureUnit v="KW1"/></Period><Period><TimeInterval v="2016-12-19T08:00Z/2016-12-19T09:00Z"/><Direction v="Z03"/><Quantity v="3330000"/><MeasureUnit v="KW1"/></Period><Period><TimeInterval v="2016-12-19T09:00Z/2016-12-19T10:00Z"/><Direction v="Z03"/><Quantity v="3330000"/><MeasureUnit v="KW1"/></Period><Period><TimeInterval v="2016-12-19T10:00Z/2016-12-19T11:00Z"/><Direction v="Z03"/><Quantity v="3330000"/><MeasureUnit v="KW1"/></Period><Period><TimeInterval v="2016-12-19T11:00Z/2016-12-19T12:00Z"/><Direction v="Z03"/><Quantity v="3330000"/><MeasureUnit v="KW1"/></Period><Period><TimeInterval v="2016-12-19T12:00Z/2016-12-19T13:00Z"/><Direction v="Z03"/><Quantity v="3330000"/><MeasureUnit v="KW1"/></Period><Period><TimeInterval v="2016-12-19T13:00Z/2016-12-19T14:00Z"/><Direction v="Z03"/><Quantity v="3330000"/><MeasureUnit v="KW1"/></Period><Period><TimeInterval v="2016-12-19T14:00Z/2016-12-19T15:00Z"/><Direction v="Z03"/><Quantity v="3330000"/><MeasureUnit v="KW1"/></Period><Period><TimeInterval v="2016-12-19T15:00Z/2016-12-19T16:00Z"/><Direction v="Z03"/><Quantity v="3330000"/><MeasureUnit v="KW1"/></Period><Period><TimeInterval v="2016-12-19T16:00Z/2016-12-19T17:00Z"/><Direction v="Z03"/><Quantity v="3330000"/><MeasureUnit v="KW1"/></Period><Period><TimeInterval v="2016-12-19T17:00Z/2016-12-19T18:00Z"/><Direction v="Z03"/><Quantity v="3330000"/><MeasureUnit v="KW1"/></Period><Period><TimeInterval v="2016-12-19T18:00Z/2016-12-19T19:00Z"/><Direction v="Z03"/><Quantity v="3330000"/><MeasureUnit v="KW1"/></Period><Period><TimeInterval v="2016-12-19T19:00Z/2016-12-19T20:00Z"/><Direction v="Z03"/><Quantity v="3330000"/><MeasureUnit v="KW1"/></Period><Period><TimeInterval v="2016-12-19T20:00Z/2016-12-19T21:00Z"/><Direction v="Z03"/><Quantity v="3330000"/><MeasureUnit v="KW1"/></Period><Period><TimeInterval v="2016-12-19T21:00Z/2016-12-19T22:00Z"/><Direction v="Z03"/><Quantity v="3330000"/><MeasureUnit v="KW1"/></Period><Period><TimeInterval v="2016-12-19T22:00Z/2016-12-19T23:00Z"/><Direction v="Z03"/><Quantity v="3330000"/><MeasureUnit v="KW1"/></Period><Period><TimeInterval v="2016-12-19T23:00Z/2016-12-20T00:00Z"/><Direction v="Z03"/><Quantity v="3330000"/><MeasureUnit v="KW1"/></Period><Period><TimeInterval v="2016-12-20T00:00Z/2016-12-20T01:00Z"/><Direction v="Z03"/><Quantity v="3330000"/><MeasureUnit v="KW1"/></Period><Period><TimeInterval v="2016-12-20T01:00Z/2016-12-20T02:00Z"/><Direction v="Z03"/><Quantity v="3330000"/><MeasureUnit v="KW1"/></Period><Period><TimeInterval v="2016-12-20T02:00Z/2016-12-20T03:00Z"/><Direction v="Z03"/><Quantity v="3330000"/><MeasureUnit v="KW1"/></Period><Period><TimeInterval v="2016-12-20T03:00Z/2016-12-20T04:00Z"/><Direction v="Z03"/><Quantity v="3330000"/><MeasureUnit v="KW1"/></Period><Period><TimeInterval v="2016-12-20T04:00Z/2016-12-20T05:00Z"/><Direction v="Z03"/><Quantity v="3330000"/><MeasureUnit v="KW1"/></Period></Category><Category><CapacityCode v="Z14"/><Period><TimeInterval v="2016-12-19T05:00Z/2016-12-19T06:00Z"/><Direction v="Z03"/><Quantity v="3330000"/><MeasureUnit v="KW1"/></Period><Period><TimeInterval v="2016-12-19T06:00Z/2016-12-19T07:00Z"/><Direction v="Z03"/><Quantity v="3330000"/><MeasureUnit v="KW1"/></Period><Period><TimeInterval v="2016-12-19T07:00Z/2016-12-19T08:00Z"/><Direction v="Z03"/><Quantity v="3330000"/><MeasureUnit v="KW1"/></Period><Period><TimeInterval v="2016-12-19T08:00Z/2016-12-19T09:00Z"/><Direction v="Z03"/><Quantity v="3330000"/><MeasureUnit v="KW1"/></Period><Period><TimeInterval v="2016-12-19T09:00Z/2016-12-19T10:00Z"/><Direction v="Z03"/><Quantity v="3330000"/><MeasureUnit v="KW1"/></Period><Period><TimeInterval v="2016-12-19T10:00Z/2016-12-19T11:00Z"/><Direction v="Z03"/><Quantity v="3330000"/><MeasureUnit v="KW1"/></Period><Period><TimeInterval v="2016-12-19T11:00Z/2016-12-19T12:00Z"/><Direction v="Z03"/><Quantity v="3330000"/><MeasureUnit v="KW1"/></Period><Period><TimeInterval v="2016-12-19T12:00Z/2016-12-19T13:00Z"/><Direction v="Z03"/><Quantity v="3330000"/><MeasureUnit v="KW1"/></Period><Period><TimeInterval v="2016-12-19T13:00Z/2016-12-19T14:00Z"/><Direction v="Z03"/><Quantity v="3330000"/><MeasureUnit v="KW1"/></Period><Period><TimeInterval v="2016-12-19T14:00Z/2016-12-19T15:00Z"/><Direction v="Z03"/><Quantity v="3330000"/><MeasureUnit v="KW1"/></Period><Period><TimeInterval v="2016-12-19T15:00Z/2016-12-19T16:00Z"/><Direction v="Z03"/><Quantity v="3330000"/><MeasureUnit v="KW1"/></Period><Period><TimeInterval v="2016-12-19T16:00Z/2016-12-19T17:00Z"/><Direction v="Z03"/><Quantity v="3330000"/><MeasureUnit v="KW1"/></Period><Period><TimeInterval v="2016-12-19T17:00Z/2016-12-19T18:00Z"/><Direction v="Z03"/><Quantity v="3330000"/><MeasureUnit v="KW1"/></Period><Period><TimeInterval v="2016-12-19T18:00Z/2016-12-19T19:00Z"/><Direction v="Z03"/><Quantity v="3330000"/><MeasureUnit v="KW1"/></Period><Period><TimeInterval v="2016-12-19T19:00Z/2016-12-19T20:00Z"/><Direction v="Z03"/><Quantity v="3330000"/><MeasureUnit v="KW1"/></Period><Period><TimeInterval v="2016-12-19T20:00Z/2016-12-19T21:00Z"/><Direction v="Z03"/><Quantity v="3330000"/><MeasureUnit v="KW1"/></Period><Period><TimeInterval v="2016-12-19T21:00Z/2016-12-19T22:00Z"/><Direction v="Z03"/><Quantity v="3330000"/><MeasureUnit v="KW1"/></Period><Period><TimeInterval v="2016-12-19T22:00Z/2016-12-19T23:00Z"/><Direction v="Z03"/><Quantity v="3330000"/><MeasureUnit v="KW1"/></Period><Period><TimeInterval v="2016-12-19T23:00Z/2016-12-20T00:00Z"/><Direction v="Z03"/><Quantity v="3330000"/><MeasureUnit v="KW1"/></Period><Period><TimeInterval v="2016-12-20T00:00Z/2016-12-20T01:00Z"/><Direction v="Z03"/><Quantity v="3330000"/><MeasureUnit v="KW1"/></Period><Period><TimeInterval v="2016-12-20T01:00Z/2016-12-20T02:00Z"/><Direction v="Z03"/><Quantity v="3330000"/><MeasureUnit v="KW1"/></Period><Period><TimeInterval v="2016-12-20T02:00Z/2016-12-20T03:00Z"/><Direction v="Z03"/><Quantity v="3330000"/><MeasureUnit v="KW1"/></Period><Period><TimeInterval v="2016-12-20T03:00Z/2016-12-20T04:00Z"/><Direction v="Z03"/><Quantity v="3330000"/><MeasureUnit v="KW1"/></Period><Period><TimeInterval v="2016-12-20T04:00Z/2016-12-20T05:00Z"/><Direction v="Z03"/><Quantity v="3330000"/><MeasureUnit v="KW1"/></Period></Category><Category><CapacityCode v="Z15"/><Period><TimeInterval v="2016-12-19T05:00Z/2016-12-19T06:00Z"/><Direction v="Z03"/><Quantity v="0"/><MeasureUnit v="KW1"/></Period><Period><TimeInterval v="2016-12-19T06:00Z/2016-12-19T07:00Z"/><Direction v="Z03"/><Quantity v="0"/><MeasureUnit v="KW1"/></Period><Period><TimeInterval v="2016-12-19T07:00Z/2016-12-19T08:00Z"/><Direction v="Z03"/><Quantity v="0"/><MeasureUnit v="KW1"/></Period><Period><TimeInterval v="2016-12-19T08:00Z/2016-12-19T09:00Z"/><Direction v="Z03"/><Quantity v="0"/><MeasureUnit v="KW1"/></Period><Period><TimeInterval v="2016-12-19T09:00Z/2016-12-19T10:00Z"/><Direction v="Z03"/><Quantity v="0"/><MeasureUnit v="KW1"/></Period><Period><TimeInterval v="2016-12-19T10:00Z/2016-12-19T11:00Z"/><Direction v="Z03"/><Quantity v="0"/><MeasureUnit v="KW1"/></Period><Period><TimeInterval v="2016-12-19T11:00Z/2016-12-19T12:00Z"/><Direction v="Z03"/><Quantity v="0"/><MeasureUnit v="KW1"/></Period><Period><TimeInterval v="2016-12-19T12:00Z/2016-12-19T13:00Z"/><Direction v="Z03"/><Quantity v="0"/><MeasureUnit v="KW1"/></Period><Period><TimeInterval v="2016-12-19T13:00Z/2016-12-19T14:00Z"/><Direction v="Z03"/><Quantity v="0"/><MeasureUnit v="KW1"/></Period><Period><TimeInterval v="2016-12-19T14:00Z/2016-12-19T15:00Z"/><Direction v="Z03"/><Quantity v="0"/><MeasureUnit v="KW1"/></Period><Period><TimeInterval v="2016-12-19T15:00Z/2016-12-19T16:00Z"/><Direction v="Z03"/><Quantity v="0"/><MeasureUnit v="KW1"/></Period><Period><TimeInterval v="2016-12-19T16:00Z/2016-12-19T17:00Z"/><Direction v="Z03"/><Quantity v="0"/><MeasureUnit v="KW1"/></Period><Period><TimeInterval v="2016-12-19T17:00Z/2016-12-19T18:00Z"/><Direction v="Z03"/><Quantity v="0"/><MeasureUnit v="KW1"/></Period><Period><TimeInterval v="2016-12-19T18:00Z/2016-12-19T19:00Z"/><Direction v="Z03"/><Quantity v="0"/><MeasureUnit v="KW1"/></Period><Period><TimeInterval v="2016-12-19T19:00Z/2016-12-19T20:00Z"/><Direction v="Z03"/><Quantity v="0"/><MeasureUnit v="KW1"/></Period><Period><TimeInterval v="2016-12-19T20:00Z/2016-12-19T21:00Z"/><Direction v="Z03"/><Quantity v="0"/><MeasureUnit v="KW1"/></Period><Period><TimeInterval v="2016-12-19T21:00Z/2016-12-19T22:00Z"/><Direction v="Z03"/><Quantity v="0"/><MeasureUnit v="KW1"/></Period><Period><TimeInterval v="2016-12-19T22:00Z/2016-12-19T23:00Z"/><Direction v="Z03"/><Quantity v="0"/><MeasureUnit v="KW1"/></Period><Period><TimeInterval v="2016-12-19T23:00Z/2016-12-20T00:00Z"/><Direction v="Z03"/><Quantity v="0"/><MeasureUnit v="KW1"/></Period><Period><TimeInterval v="2016-12-20T00:00Z/2016-12-20T01:00Z"/><Direction v="Z03"/><Quantity v="0"/><MeasureUnit v="KW1"/></Period><Period><TimeInterval v="2016-12-20T01:00Z/2016-12-20T02:00Z"/><Direction v="Z03"/><Quantity v="0"/><MeasureUnit v="KW1"/></Period><Period><TimeInterval v="2016-12-20T02:00Z/2016-12-20T03:00Z"/><Direction v="Z03"/><Quantity v="0"/><MeasureUnit v="KW1"/></Period><Period><TimeInterval v="2016-12-20T03:00Z/2016-12-20T04:00Z"/><Direction v="Z03"/><Quantity v="0"/><MeasureUnit v="KW1"/></Period><Period><TimeInterval v="2016-12-20T04:00Z/2016-12-20T05:00Z"/><Direction v="Z03"/><Quantity v="0"/><MeasureUnit v="KW1"/></Period></Category></ConnectionPoint><ConnectionPoint><Identification v="21Z000000000343P" codingScheme="305"/><Type v="Z31"/><Category><CapacityCode v="Z12"/><Period><TimeInterval v="2016-12-19T05:00Z/2016-12-19T06:00Z"/><Direction v="Z03"/><Quantity v="9424323"/><MeasureUnit v="KW1"/></Period><Period><TimeInterval v="2016-12-19T06:00Z/2016-12-19T07:00Z"/><Direction v="Z03"/><Quantity v="9564467"/><MeasureUnit v="KW1"/></Period><Period><TimeInterval v="2016-12-19T07:00Z/2016-12-19T08:00Z"/><Direction v="Z03"/><Quantity v="9680499"/><MeasureUnit v="KW1"/></Period><Period><TimeInterval v="2016-12-19T08:00Z/2016-12-19T09:00Z"/><Direction v="Z03"/><Quantity v="9750396"/><MeasureUnit v="KW1"/></Period><Period><TimeInterval v="2016-12-19T09:00Z/2016-12-19T10:00Z"/><Direction v="Z03"/><Quantity v="9734547"/><MeasureUnit v="KW1"/></Period><Period><TimeInterval v="2016-12-19T10:00Z/2016-12-19T11:00Z"/><Direction v="Z03"/><Quantity v="9700840"/><MeasureUnit v="KW1"/></Period><Period><TimeInterval v="2016-12-19T11:00Z/2016-12-19T12:00Z"/><Direction v="Z03"/><Quantity v="9579053"/><MeasureUnit v="KW1"/></Period><Period><TimeInterval v="2016-12-19T12:00Z/2016-12-19T13:00Z"/><Direction v="Z03"/><Quantity v="9794353"/><MeasureUnit v="KW1"/></Period><Period><TimeInterval v="2016-12-19T13:00Z/2016-12-19T14:00Z"/><Direction v="Z03"/><Quantity v="9747988"/><MeasureUnit v="KW1"/></Period><Period><TimeInterval v="2016-12-19T14:00Z/2016-12-19T15:00Z"/><Direction v="Z03"/><Quantity v="10107375"/><MeasureUnit v="KW1"/></Period><Period><TimeInterval v="2016-12-19T15:00Z/2016-12-19T16:00Z"/><Direction v="Z03"/><Quantity v="10463025"/><MeasureUnit v="KW1"/></Period><Period><TimeInterval v="2016-12-19T16:00Z/2016-12-19T17:00Z"/><Direction v="Z03"/><Quantity v="10941070"/><MeasureUnit v="KW1"/></Period><Period><TimeInterval v="2016-12-19T17:00Z/2016-12-19T18:00Z"/><Direction v="Z03"/><Quantity v="10767353"/><MeasureUnit v="KW1"/></Period><Period><TimeInterval v="2016-12-19T18:00Z/2016-12-19T19:00Z"/><Direction v="Z03"/><Quantity v="9411272"/><MeasureUnit v="KW1"/></Period><Period><TimeInterval v="2016-12-19T19:00Z/2016-12-19T20:00Z"/><Direction v="Z03"/><Quantity v="9442000"/><MeasureUnit v="KW1"/></Period><Period><TimeInterval v="2016-12-19T20:00Z/2016-12-19T21:00Z"/><Direction v="Z03"/><Quantity v="9133053"/><MeasureUnit v="KW1"/></Period><Period><TimeInterval v="2016-12-19T21:00Z/2016-12-19T22:00Z"/><Direction v="Z03"/><Quantity v="8734357"/><MeasureUnit v="KW1"/></Period><Period><TimeInterval v="2016-12-19T22:00Z/2016-12-19T23:00Z"/><Direction v="Z03"/><Quantity v="8475783"/><MeasureUnit v="KW1"/></Period><Period><TimeInterval v="2016-12-19T23:00Z/2016-12-20T00:00Z"/><Direction v="Z03"/><Quantity v="8509486"/><MeasureUnit v="KW1"/></Period><Period><TimeInterval v="2016-12-20T00:00Z/2016-12-20T01:00Z"/><Direction v="Z03"/><Quantity v="8610341"/><MeasureUnit v="KW1"/></Period><Period><TimeInterval v="2016-12-20T01:00Z/2016-12-20T02:00Z"/><Direction v="Z03"/><Quantity v="8667772"/><MeasureUnit v="KW1"/></Period><Period><TimeInterval v="2016-12-20T02:00Z/2016-12-20T03:00Z"/><Direction v="Z03"/><Quantity v="8455470"/><MeasureUnit v="KW1"/></Period><Period><TimeInterval v="2016-12-20T03:00Z/2016-12-20T04:00Z"/><Direction v="Z03"/><Quantity v="8629224"/><MeasureUnit v="KW1"/></Period><Period><TimeInterval v="2016-12-20T04:00Z/2016-12-20T05:00Z"/><Direction v="Z03"/><Quantity v="8844657"/><MeasureUnit v="KW1"/></Period></Category><Category><CapacityCode v="Z15"/><Period><TimeInterval v="2016-12-19T05:00Z/2016-12-19T06:00Z"/><Direction v="Z03"/><Quantity v="0"/><MeasureUnit v="KW1"/></Period><Period><TimeInterval v="2016-12-19T06:00Z/2016-12-19T07:00Z"/><Direction v="Z03"/><Quantity v="0"/><MeasureUnit v="KW1"/></Period><Period><TimeInterval v="2016-12-19T07:00Z/2016-12-19T08:00Z"/><Direction v="Z03"/><Quantity v="0"/><MeasureUnit v="KW1"/></Period><Period><TimeInterval v="2016-12-19T08:00Z/2016-12-19T09:00Z"/><Direction v="Z03"/><Quantity v="0"/><MeasureUnit v="KW1"/></Period><Period><TimeInterval v="2016-12-19T09:00Z/2016-12-19T10:00Z"/><Direction v="Z03"/><Quantity v="0"/><MeasureUnit v="KW1"/></Period><Period><TimeInterval v="2016-12-19T10:00Z/2016-12-19T11:00Z"/><Direction v="Z03"/><Quantity v="0"/><MeasureUnit v="KW1"/></Period><Period><TimeInterval v="2016-12-19T11:00Z/2016-12-19T12:00Z"/><Direction v="Z03"/><Quantity v="0"/><MeasureUnit v="KW1"/></Period><Period><TimeInterval v="2016-12-19T12:00Z/2016-12-19T13:00Z"/><Direction v="Z03"/><Quantity v="0"/><MeasureUnit v="KW1"/></Period><Period><TimeInterval v="2016-12-19T13:00Z/2016-12-19T14:00Z"/><Direction v="Z03"/><Quantity v="0"/><MeasureUnit v="KW1"/></Period><Period><TimeInterval v="2016-12-19T14:00Z/2016-12-19T15:00Z"/><Direction v="Z03"/><Quantity v="0"/><MeasureUnit v="KW1"/></Period><Period><TimeInterval v="2016-12-19T15:00Z/2016-12-19T16:00Z"/><Direction v="Z03"/><Quantity v="0"/><MeasureUnit v="KW1"/></Period><Period><TimeInterval v="2016-12-19T16:00Z/2016-12-19T17:00Z"/><Direction v="Z03"/><Quantity v="0"/><MeasureUnit v="KW1"/></Period><Period><TimeInterval v="2016-12-19T17:00Z/2016-12-19T18:00Z"/><Direction v="Z03"/><Quantity v="0"/><MeasureUnit v="KW1"/></Period><Period><TimeInterval v="2016-12-19T18:00Z/2016-12-19T19:00Z"/><Direction v="Z03"/><Quantity v="0"/><MeasureUnit v="KW1"/></Period><Period><TimeInterval v="2016-12-19T19:00Z/2016-12-19T20:00Z"/><Direction v="Z03"/><Quantity v="0"/><MeasureUnit v="KW1"/></Period><Period><TimeInterval v="2016-12-19T20:00Z/2016-12-19T21:00Z"/><Direction v="Z03"/><Quantity v="0"/><MeasureUnit v="KW1"/></Period><Period><TimeInterval v="2016-12-19T21:00Z/2016-12-19T22:00Z"/><Direction v="Z03"/><Quantity v="0"/><MeasureUnit v="KW1"/></Period><Period><TimeInterval v="2016-12-19T22:00Z/2016-12-19T23:00Z"/><Direction v="Z03"/><Quantity v="0"/><MeasureUnit v="KW1"/></Period><Period><TimeInterval v="2016-12-19T23:00Z/2016-12-20T00:00Z"/><Direction v="Z03"/><Quantity v="0"/><MeasureUnit v="KW1"/></Period><Period><TimeInterval v="2016-12-20T00:00Z/2016-12-20T01:00Z"/><Direction v="Z03"/><Quantity v="0"/><MeasureUnit v="KW1"/></Period><Period><TimeInterval v="2016-12-20T01:00Z/2016-12-20T02:00Z"/><Direction v="Z03"/><Quantity v="0"/><MeasureUnit v="KW1"/></Period><Period><TimeInterval v="2016-12-20T02:00Z/2016-12-20T03:00Z"/><Direction v="Z03"/><Quantity v="0"/><MeasureUnit v="KW1"/></Period><Period><TimeInterval v="2016-12-20T03:00Z/2016-12-20T04:00Z"/><Direction v="Z03"/><Quantity v="0"/><MeasureUnit v="KW1"/></Period><Period><TimeInterval v="2016-12-20T04:00Z/2016-12-20T05:00Z"/><Direction v="Z03"/><Quantity v="0"/><MeasureUnit v="KW1"/></Period></Category></ConnectionPoint></TransparencyPublication>