<?xml version="1.0" encoding="UTF-8"?><TransparencyPublication Version="EGAS50" Release="A"><Identification v="TRANPB20170102A103932"/><Version v="1"/><Type v="AL5"/><CreationDateTime v="2017-01-02T07:11:54.871Z"/><ValidityPeriod v="2016-12-15T05:00Z/2016-12-16T05:00Z"/><IssuerIdentification v="21X-DE-C-A0A0A-T" codingScheme="305"/><IssuerRole v="ZSO"/><RecipientIdentification v="10X1001A1001A353" codingScheme="305"/><RecipientRole v="ZUA"/><ConnectionPoint><Identification v="37Z000000006231B" codingScheme="305"/><Type v="Z26"/><Category><CapacityCode v="Z06"/><Period><TimeInterval v="2016-12-15T05:00Z/2016-12-15T06:00Z"/><Direction v="Z02"/><Quantity v="0"/><MeasureUnit v="KW1"/></Period><Period><TimeInterval v="2016-12-15T06:00Z/2016-12-15T07:00Z"/><Direction v="Z02"/><Quantity v="0"/><MeasureUnit v="KW1"/></Period><Period><TimeInterval v="2016-12-15T07:00Z/2016-12-15T08:00Z"/><Direction v="Z02"/><Quantity v="0"/><MeasureUnit v="KW1"/></Period><Period><TimeInterval v="2016-12-15T08:00Z/2016-12-15T09:00Z"/><Direction v="Z02"/><Quantity v="0"/><MeasureUnit v="KW1"/></Period><Period><TimeInterval v="2016-12-15T09:00Z/2016-12-15T10:00Z"/><Direction v="Z02"/><Quantity v="0"/><MeasureUnit v="KW1"/></Period><Period><TimeInterval v="2016-12-15T10:00Z/2016-12-15T11:00Z"/><Direction v="Z02"/><Quantity v="0"/><MeasureUnit v="KW1"/></Period><Period><TimeInterval v="2016-12-15T11:00Z/2016-12-15T12:00Z"/><Direction v="Z02"/><Quantity v="0"/><MeasureUnit v="KW1"/></Period><Period><TimeInterval v="2016-12-15T12:00Z/2016-12-15T13:00Z"/><Direction v="Z02"/><Quantity v="0"/><MeasureUnit v="KW1"/></Period><Period><TimeInterval v="2016-12-15T13:00Z/2016-12-15T14:00Z"/><Direction v="Z02"/><Quantity v="0"/><MeasureUnit v="KW1"/></Period><Period><TimeInterval v="2016-12-15T14:00Z/2016-12-15T15:00Z"/><Direction v="Z02"/><Quantity v="0"/><MeasureUnit v="KW1"/></Period><Period><TimeInterval v="2016-12-15T15:00Z/2016-12-15T16:00Z"/><Direction v="Z02"/><Quantity v="0"/><MeasureUnit v="KW1"/></Period><Period><TimeInterval v="2016-12-15T16:00Z/2016-12-15T17:00Z"/><Direction v="Z02"/><Quantity v="0"/><MeasureUnit v="KW1"/></Period><Period><TimeInterval v="2016-12-15T17:00Z/2016-12-15T18:00Z"/><Direction v="Z02"/><Quantity v="0"/><MeasureUnit v="KW1"/></Period><Period><TimeInterval v="2016-12-15T18:00Z/2016-12-15T19:00Z"/><Direction v="Z02"/><Quantity v="0"/><MeasureUnit v="KW1"/></Period><Period><TimeInterval v="2016-12-15T19:00Z/2016-12-15T20:00Z"/><Direction v="Z02"/><Quantity v="0"/><MeasureUnit v="KW1"/></Period><Period><TimeInterval v="2016-12-15T20:00Z/2016-12-15T21:00Z"/><Direction v="Z02"/><Quantity v="0"/><MeasureUnit v="KW1"/></Period><Period><TimeInterval v="2016-12-15T21:00Z/2016-12-15T22:00Z"/><Direction v="Z02"/><Quantity v="0"/><MeasureUnit v="KW1"/></Period><Period><TimeInterval v="2016-12-15T22:00Z/2016-12-15T23:00Z"/><Direction v="Z02"/><Quantity v="0"/><MeasureUnit v="KW1"/></Period><Period><TimeInterval v="2016-12-15T23:00Z/2016-12-16T00:00Z"/><Direction v="Z02"/><Quantity v="0"/><MeasureUnit v="KW1"/></Period><Period><TimeInterval v="2016-12-16T00:00Z/2016-12-16T01:00Z"/><Direction v="Z02"/><Quantity v="0"/><MeasureUnit v="KW1"/></Period><Period><TimeInterval v="2016-12-16T01:00Z/2016-12-16T02:00Z"/><Direction v="Z02"/><Quantity v="0"/><MeasureUnit v="KW1"/></Period><Period><TimeInterval v="2016-12-16T02:00Z/2016-12-16T03:00Z"/><Direction v="Z02"/><Quantity v="0"/><MeasureUnit v="KW1"/></Period><Period><TimeInterval v="2016-12-16T03:00Z/2016-12-16T04:00Z"/><Direction v="Z02"/><Quantity v="0"/><MeasureUnit v="KW1"/></Period><Period><TimeInterval v="2016-12-16T04:00Z/2016-12-16T05:00Z"/><Direction v="Z02"/><Quantity v="0"/><MeasureUnit v="KW1"/></Period></Category><Category><CapacityCode v="Z07"/><Period><TimeInterval v="2016-12-15T05:00Z/2016-12-15T06:00Z"/><Direction v="Z02"/><Quantity v="0"/><MeasureUnit v="KW1"/></Period><Period><TimeInterval v="2016-12-15T06:00Z/2016-12-15T07:00Z"/><Direction v="Z02"/><Quantity v="0"/><MeasureUnit v="KW1"/></Period><Period><TimeInterval v="2016-12-15T07:00Z/2016-12-15T08:00Z"/><Direction v="Z02"/><Quantity v="0"/><MeasureUnit v="KW1"/></Period><Period><TimeInterval v="2016-12-15T08:00Z/2016-12-15T09:00Z"/><Direction v="Z02"/><Quantity v="0"/><MeasureUnit v="KW1"/></Period><Period><TimeInterval v="2016-12-15T09:00Z/2016-12-15T10:00Z"/><Direction v="Z02"/><Quantity v="0"/><MeasureUnit v="KW1"/></Period><Period><TimeInterval v="2016-12-15T10:00Z/2016-12-15T11:00Z"/><Direction v="Z02"/><Quantity v="0"/><MeasureUnit v="KW1"/></Period><Period><TimeInterval v="2016-12-15T11:00Z/2016-12-15T12:00Z"/><Direction v="Z02"/><Quantity v="0"/><MeasureUnit v="KW1"/></Period><Period><TimeInterval v="2016-12-15T12:00Z/2016-12-15T13:00Z"/><Direction v="Z02"/><Quantity v="0"/><MeasureUnit v="KW1"/></Period><Period><TimeInterval v="2016-12-15T13:00Z/2016-12-15T14:00Z"/><Direction v="Z02"/><Quantity v="0"/><MeasureUnit v="KW1"/></Period><Period><TimeInterval v="2016-12-15T14:00Z/2016-12-15T15:00Z"/><Direction v="Z02"/><Quantity v="0"/><MeasureUnit v="KW1"/></Period><Period><TimeInterval v="2016-12-15T15:00Z/2016-12-15T16:00Z"/><Direction v="Z02"/><Quantity v="0"/><MeasureUnit v="KW1"/></Period><Period><TimeInterval v="2016-12-15T16:00Z/2016-12-15T17:00Z"/><Direction v="Z02"/><Quantity v="0"/><MeasureUnit v="KW1"/></Period><Period><TimeInterval v="2016-12-15T17:00Z/2016-12-15T18:00Z"/><Direction v="Z02"/><Quantity v="0"/><MeasureUnit v="KW1"/></Period><Period><TimeInterval v="2016-12-15T18:00Z/2016-12-15T19:00Z"/><Direction v="Z02"/><Quantity v="0"/><MeasureUnit v="KW1"/></Period><Period><TimeInterval v="2016-12-15T19:00Z/2016-12-15T20:00Z"/><Direction v="Z02"/><Quantity v="0"/><MeasureUnit v="KW1"/></Period><Period><TimeInterval v="2016-12-15T20:00Z/2016-12-15T21:00Z"/><Direction v="Z02"/><Quantity v="0"/><MeasureUnit v="KW1"/></Period><Period><TimeInterval v="2016-12-15T21:00Z/2016-12-15T22:00Z"/><Direction v="Z02"/><Quantity v="0"/><MeasureUnit v="KW1"/></Period><Period><TimeInterval v="2016-12-15T22:00Z/2016-12-15T23:00Z"/><Direction v="Z02"/><Quantity v="0"/><MeasureUnit v="KW1"/></Period><Period><TimeInterval v="2016-12-15T23:00Z/2016-12-16T00:00Z"/><Direction v="Z02"/><Quantity v="0"/><MeasureUnit v="KW1"/></Period><Period><TimeInterval v="2016-12-16T00:00Z/2016-12-16T01:00Z"/><Direction v="Z02"/><Quantity v="0"/><MeasureUnit v="KW1"/></Period><Period><TimeInterval v="2016-12-16T01:00Z/2016-12-16T02:00Z"/><Direction v="Z02"/><Quantity v="0"/><MeasureUnit v="KW1"/></Period><Period><TimeInterval v="2016-12-16T02:00Z/2016-12-16T03:00Z"/><Direction v="Z02"/><Quantity v="0"/><MeasureUnit v="KW1"/></Period><Period><TimeInterval v="2016-12-16T03:00Z/2016-12-16T04:00Z"/><Direction v="Z02"/><Quantity v="0"/><MeasureUnit v="KW1"/></Period><Period><TimeInterval v="2016-12-16T04:00Z/2016-12-16T05:00Z"/><Direction v="Z02"/><Quantity v="0"/><MeasureUnit v="KW1"/></Period></Category><Category><CapacityCode v="Z09"/><Period><TimeInterval v="2016-12-15T05:00Z/2016-12-15T06:00Z"/><Direction v="Z02"/><Quantity v="49400"/><MeasureUnit v="KW1"/></Period><Period><TimeInterval v="2016-12-15T06:00Z/2016-12-15T07:00Z"/><Direction v="Z02"/><Quantity v="49400"/><MeasureUnit v="KW1"/></Period><Period><TimeInterval v="2016-12-15T07:00Z/2016-12-15T08:00Z"/><Direction v="Z02"/><Quantity v="49400"/><MeasureUnit v="KW1"/></Period><Period><TimeInterval v="2016-12-15T08:00Z/2016-12-15T09:00Z"/><Direction v="Z02"/><Quantity v="49400"/><MeasureUnit v="KW1"/></Period><Period><TimeInterval v="2016-12-15T09:00Z/2016-12-15T10:00Z"/><Direction v="Z02"/><Quantity v="49400"/><MeasureUnit v="KW1"/></Period><Period><TimeInterval v="2016-12-15T10:00Z/2016-12-15T11:00Z"/><Direction v="Z02"/><Quantity v="49400"/><MeasureUnit v="KW1"/></Period><Period><TimeInterval v="2016-12-15T11:00Z/2016-12-15T12:00Z"/><Direction v="Z02"/><Quantity v="49400"/><MeasureUnit v="KW1"/></Period><Period><TimeInterval v="2016-12-15T12:00Z/2016-12-15T13:00Z"/><Direction v="Z02"/><Quantity v="49400"/><MeasureUnit v="KW1"/></Period><Period><TimeInterval v="2016-12-15T13:00Z/2016-12-15T14:00Z"/><Direction v="Z02"/><Quantity v="49400"/><MeasureUnit v="KW1"/></Period><Period><TimeInterval v="2016-12-15T14:00Z/2016-12-15T15:00Z"/><Direction v="Z02"/><Quantity v="49400"/><MeasureUnit v="KW1"/></Period><Period><TimeInterval v="2016-12-15T15:00Z/2016-12-15T16:00Z"/><Direction v="Z02"/><Quantity v="49400"/><MeasureUnit v="KW1"/></Period><Period><TimeInterval v="2016-12-15T16:00Z/2016-12-15T17:00Z"/><Direction v="Z02"/><Quantity v="49400"/><MeasureUnit v="KW1"/></Period><Period><TimeInterval v="2016-12-15T17:00Z/2016-12-15T18:00Z"/><Direction v="Z02"/><Quantity v="49400"/><MeasureUnit v="KW1"/></Period><Period><TimeInterval v="2016-12-15T18:00Z/2016-12-15T19:00Z"/><Direction v="Z02"/><Quantity v="49400"/><MeasureUnit v="KW1"/></Period><Period><TimeInterval v="2016-12-15T19:00Z/2016-12-15T20:00Z"/><Direction v="Z02"/><Quantity v="49400"/><MeasureUnit v="KW1"/></Period><Period><TimeInterval v="2016-12-15T20:00Z/2016-12-15T21:00Z"/><Direction v="Z02"/><Quantity v="49400"/><MeasureUnit v="KW1"/></Period><Period><TimeInterval v="2016-12-15T21:00Z/2016-12-15T22:00Z"/><Direction v="Z02"/><Quantity v="49400"/><MeasureUnit v="KW1"/></Period><Period><TimeInterval v="2016-12-15T22:00Z/2016-12-15T23:00Z"/><Direction v="Z02"/><Quantity v="49400"/><MeasureUnit v="KW1"/></Period><Period><TimeInterval v="2016-12-15T23:00Z/2016-12-16T00:00Z"/><Direction v="Z02"/><Quantity v="49400"/><MeasureUnit v="KW1"/></Period><Period><TimeInterval v="2016-12-16T00:00Z/2016-12-16T01:00Z"/><Direction v="Z02"/><Quantity v="49400"/><MeasureUnit v="KW1"/></Period><Period><TimeInterval v="2016-12-16T01:00Z/2016-12-16T02:00Z"/><Direction v="Z02"/><Quantity v="49400"/><MeasureUnit v="KW1"/></Period><Period><TimeInterval v="2016-12-16T02:00Z/2016-12-16T03:00Z"/><Direction v="Z02"/><Quantity v="49400"/><MeasureUnit v="KW1"/></Period><Period><TimeInterval v="2016-12-16T03:00Z/2016-12-16T04:00Z"/><Direction v="Z02"/><Quantity v="49400"/><MeasureUnit v="KW1"/></Period><Period><TimeInterval v="2016-12-16T04:00Z/2016-12-16T05:00Z"/><Direction v="Z02"/><Quantity v="149400"/><MeasureUnit v="KW1"/></Period></Category><Category><CapacityCode v="Z10"/><Period><TimeInterval v="2016-12-15T05:00Z/2016-12-15T06:00Z"/><Direction v="Z02"/><Quantity v="49402"/><MeasureUnit v="KW1"/></Period><Period><TimeInterval v="2016-12-15T06:00Z/2016-12-15T07:00Z"/><Direction v="Z02"/><Quantity v="49402"/><MeasureUnit v="KW1"/></Period><Period><TimeInterval v="2016-12-15T07:00Z/2016-12-15T08:00Z"/><Direction v="Z02"/><Quantity v="49402"/><MeasureUnit v="KW1"/></Period><Period><TimeInterval v="2016-12-15T08:00Z/2016-12-15T09:00Z"/><Direction v="Z02"/><Quantity v="49402"/><MeasureUnit v="KW1"/></Period><Period><TimeInterval v="2016-12-15T09:00Z/2016-12-15T10:00Z"/><Direction v="Z02"/><Quantity v="49402"/><MeasureUnit v="KW1"/></Period><Period><TimeInterval v="2016-12-15T10:00Z/2016-12-15T11:00Z"/><Direction v="Z02"/><Quantity v="49402"/><MeasureUnit v="KW1"/></Period><Period><TimeInterval v="2016-12-15T11:00Z/2016-12-15T12:00Z"/><Direction v="Z02"/><Quantity v="49402"/><MeasureUnit v="KW1"/></Period><Period><TimeInterval v="2016-12-15T12:00Z/2016-12-15T13:00Z"/><Direction v="Z02"/><Quantity v="49402"/><MeasureUnit v="KW1"/></Period><Period><TimeInterval v="2016-12-15T13:00Z/2016-12-15T14:00Z"/><Direction v="Z02"/><Quantity v="49402"/><MeasureUnit v="KW1"/></Period><Period><TimeInterval v="2016-12-15T14:00Z/2016-12-15T15:00Z"/><Direction v="Z02"/><Quantity v="49402"/><MeasureUnit v="KW1"/></Period><Period><TimeInterval v="2016-12-15T15:00Z/2016-12-15T16:00Z"/><Direction v="Z02"/><Quantity v="49402"/><MeasureUnit v="KW1"/></Period><Period><TimeInterval v="2016-12-15T16:00Z/2016-12-15T17:00Z"/><Direction v="Z02"/><Quantity v="49402"/><MeasureUnit v="KW1"/></Period><Period><TimeInterval v="2016-12-15T17:00Z/2016-12-15T18:00Z"/><Direction v="Z02"/><Quantity v="49402"/><MeasureUnit v="KW1"/></Period><Period><TimeInterval v="2016-12-15T18:00Z/2016-12-15T19:00Z"/><Direction v="Z02"/><Quantity v="49402"/><MeasureUnit v="KW1"/></Period><Period><TimeInterval v="2016-12-15T19:00Z/2016-12-15T20:00Z"/><Direction v="Z02"/><Quantity v="49402"/><MeasureUnit v="KW1"/></Period><Period><TimeInterval v="2016-12-15T20:00Z/2016-12-15T21:00Z"/><Direction v="Z02"/><Quantity v="49402"/><MeasureUnit v="KW1"/></Period><Period><TimeInterval v="2016-12-15T21:00Z/2016-12-15T22:00Z"/><Direction v="Z02"/><Quantity v="49402"/><MeasureUnit v="KW1"/></Period><Period><TimeInterval v="2016-12-15T22:00Z/2016-12-15T23:00Z"/><Direction v="Z02"/><Quantity v="49402"/><MeasureUnit v="KW1"/></Period><Period><TimeInterval v="2016-12-15T23:00Z/2016-12-16T00:00Z"/><Direction v="Z02"/><Quantity v="49402"/><MeasureUnit v="KW1"/></Period><Period><TimeInterval v="2016-12-16T00:00Z/2016-12-16T01:00Z"/><Direction v="Z02"/><Quantity v="49402"/><MeasureUnit v="KW1"/></Period><Period><TimeInterval v="2016-12-16T01:00Z/2016-12-16T02:00Z"/><Direction v="Z02"/><Quantity v="49402"/><MeasureUnit v="KW1"/></Period><Period><TimeInterval v="2016-12-16T02:00Z/2016-12-16T03:00Z"/><Direction v="Z02"/><Quantity v="49402"/><MeasureUnit v="KW1"/></Period><Period><TimeInterval v="2016-12-16T03:00Z/2016-12-16T04:00Z"/><Direction v="Z02"/><Quantity v="49402"/><MeasureUnit v="KW1"/></Period><Period><TimeInterval v="2016-12-16T04:00Z/2016-12-16T05:00Z"/><Direction v="Z02"/><Quantity v="149402"/><MeasureUnit v="KW1"/></Period></Category><Category><CapacityCode v="Z11"/><Period><TimeInterval v="2016-12-15T05:00Z/2016-12-15T06:00Z"/><Direction v="Z02"/><Quantity v="0"/><MeasureUnit v="KW1"/></Period><Period><TimeInterval v="2016-12-15T06:00Z/2016-12-15T07:00Z"/><Direction v="Z02"/><Quantity v="0"/><MeasureUnit v="KW1"/></Period><Period><TimeInterval v="2016-12-15T07:00Z/2016-12-15T08:00Z"/><Direction v="Z02"/><Quantity v="0"/><MeasureUnit v="KW1"/></Period><Period><TimeInterval v="2016-12-15T08:00Z/2016-12-15T09:00Z"/><Direction v="Z02"/><Quantity v="0"/><MeasureUnit v="KW1"/></Period><Period><TimeInterval v="2016-12-15T09:00Z/2016-12-15T10:00Z"/><Direction v="Z02"/><Quantity v="0"/><MeasureUnit v="KW1"/></Period><Period><TimeInterval v="2016-12-15T10:00Z/2016-12-15T11:00Z"/><Direction v="Z02"/><Quantity v="0"/><MeasureUnit v="KW1"/></Period><Period><TimeInterval v="2016-12-15T11:00Z/2016-12-15T12:00Z"/><Direction v="Z02"/><Quantity v="0"/><MeasureUnit v="KW1"/></Period><Period><TimeInterval v="2016-12-15T12:00Z/2016-12-15T13:00Z"/><Direction v="Z02"/><Quantity v="0"/><MeasureUnit v="KW1"/></Period><Period><TimeInterval v="2016-12-15T13:00Z/2016-12-15T14:00Z"/><Direction v="Z02"/><Quantity v="0"/><MeasureUnit v="KW1"/></Period><Period><TimeInterval v="2016-12-15T14:00Z/2016-12-15T15:00Z"/><Direction v="Z02"/><Quantity v="0"/><MeasureUnit v="KW1"/></Period><Period><TimeInterval v="2016-12-15T15:00Z/2016-12-15T16:00Z"/><Direction v="Z02"/><Quantity v="0"/><MeasureUnit v="KW1"/></Period><Period><TimeInterval v="2016-12-15T16:00Z/2016-12-15T17:00Z"/><Direction v="Z02"/><Quantity v="0"/><MeasureUnit v="KW1"/></Period><Period><TimeInterval v="2016-12-15T17:00Z/2016-12-15T18:00Z"/><Direction v="Z02"/><Quantity v="0"/><MeasureUnit v="KW1"/></Period><Period><TimeInterval v="2016-12-15T18:00Z/2016-12-15T19:00Z"/><Direction v="Z02"/><Quantity v="0"/><MeasureUnit v="KW1"/></Period><Period><TimeInterval v="2016-12-15T19:00Z/2016-12-15T20:00Z"/><Direction v="Z02"/><Quantity v="0"/><MeasureUnit v="KW1"/></Period><Period><TimeInterval v="2016-12-15T20:00Z/2016-12-15T21:00Z"/><Direction v="Z02"/><Quantity v="0"/><MeasureUnit v="KW1"/></Period><Period><TimeInterval v="2016-12-15T21:00Z/2016-12-15T22:00Z"/><Direction v="Z02"/><Quantity v="0"/><MeasureUnit v="KW1"/></Period><Period><TimeInterval v="2016-12-15T22:00Z/2016-12-15T23:00Z"/><Direction v="Z02"/><Quantity v="0"/><MeasureUnit v="KW1"/></Period><Period><TimeInterval v="2016-12-15T23:00Z/2016-12-16T00:00Z"/><Direction v="Z02"/><Quantity v="0"/><MeasureUnit v="KW1"/></Period><Period><TimeInterval v="2016-12-16T00:00Z/2016-12-16T01:00Z"/><Direction v="Z02"/><Quantity v="0"/><MeasureUnit v="KW1"/></Period><Period><TimeInterval v="2016-12-16T01:00Z/2016-12-16T02:00Z"/><Direction v="Z02"/><Quantity v="0"/><MeasureUnit v="KW1"/></Period><Period><TimeInterval v="2016-12-16T02:00Z/2016-12-16T03:00Z"/><Direction v="Z02"/><Quantity v="0"/><MeasureUnit v="KW1"/></Period><Period><TimeInterval v="2016-12-16T03:00Z/2016-12-16T04:00Z"/><Direction v="Z02"/><Quantity v="0"/><MeasureUnit v="KW1"/></Period><Period><TimeInterval v="2016-12-16T04:00Z/2016-12-16T05:00Z"/><Direction v="Z02"/><Quantity v="0"/><MeasureUnit v="KW1"/></Period></Category></ConnectionPoint><ConnectionPoint><Identification v="21Z000000000071W" codingScheme="305"/><Type v="Z25"/><Category><CapacityCode v="Z06"/><Period><TimeInterval v="2016-12-15T05:00Z/2016-12-15T06:00Z"/><Direction v="Z02"/><Quantity v="3463780"/><MeasureUnit v="KW1"/></Period><Period><TimeInterval v="2016-12-15T06:00Z/2016-12-15T07:00Z"/><Direction v="Z02"/><Quantity v="3463780"/><MeasureUnit v="KW1"/></Period><Period><TimeInterval v="2016-12-15T07:00Z/2016-12-15T08:00Z"/><Direction v="Z02"/><Quantity v="3463780"/><MeasureUnit v="KW1"/></Period><Period><TimeInterval v="2016-12-15T08:00Z/2016-12-15T09:00Z"/><Direction v="Z02"/><Quantity v="3463780"/><MeasureUnit v="KW1"/></Period><Period><TimeInterval v="2016-12-15T09:00Z/2016-12-15T10:00Z"/><Direction v="Z02"/><Quantity v="3463780"/><MeasureUnit v="KW1"/></Period><Period><TimeInterval v="2016-12-15T10:00Z/2016-12-15T11:00Z"/><Direction v="Z02"/><Quantity v="3463780"/><MeasureUnit v="KW1"/></Period><Period><TimeInterval v="2016-12-15T11:00Z/2016-12-15T12:00Z"/><Direction v="Z02"/><Quantity v="3463780"/><MeasureUnit v="KW1"/></Period><Period><TimeInterval v="2016-12-15T12:00Z/2016-12-15T13:00Z"/><Direction v="Z02"/><Quantity v="3463780"/><MeasureUnit v="KW1"/></Period><Period><TimeInterval v="2016-12-15T13:00Z/2016-12-15T14:00Z"/><Direction v="Z02"/><Quantity v="3463780"/><MeasureUnit v="KW1"/></Period><Period><TimeInterval v="2016-12-15T14:00Z/2016-12-15T15:00Z"/><Direction v="Z02"/><Quantity v="3463780"/><MeasureUnit v="KW1"/></Period><Period><TimeInterval v="2016-12-15T15:00Z/2016-12-15T16:00Z"/><Direction v="Z02"/><Quantity v="3463780"/><MeasureUnit v="KW1"/></Period><Period><TimeInterval v="2016-12-15T16:00Z/2016-12-15T17:00Z"/><Direction v="Z02"/><Quantity v="3463780"/><MeasureUnit v="KW1"/></Period><Period><TimeInterval v="2016-12-15T17:00Z/2016-12-15T18:00Z"/><Direction v="Z02"/><Quantity v="3463780"/><MeasureUnit v="KW1"/></Period><Period><TimeInterval v="2016-12-15T18:00Z/2016-12-15T19:00Z"/><Direction v="Z02"/><Quantity v="3463780"/><MeasureUnit v="KW1"/></Period><Period><TimeInterval v="2016-12-15T19:00Z/2016-12-15T20:00Z"/><Direction v="Z02"/><Quantity v="3463780"/><MeasureUnit v="KW1"/></Period><Period><TimeInterval v="2016-12-15T20:00Z/2016-12-15T21:00Z"/><Direction v="Z02"/><Quantity v="3463780"/><MeasureUnit v="KW1"/></Period><Period><TimeInterval v="2016-12-15T21:00Z/2016-12-15T22:00Z"/><Direction v="Z02"/><Quantity v="3463780"/><MeasureUnit v="KW1"/></Period><Period><TimeInterval v="2016-12-15T22:00Z/2016-12-15T23:00Z"/><Direction v="Z02"/><Quantity v="3463780"/><MeasureUnit v="KW1"/></Period><Period><TimeInterval v="2016-12-15T23:00Z/2016-12-16T00:00Z"/><Direction v="Z02"/><Quantity v="3463780"/><MeasureUnit v="KW1"/></Period><Period><TimeInterval v="2016-12-16T00:00Z/2016-12-16T01:00Z"/><Direction v="Z02"/><Quantity v="3463780"/><MeasureUnit v="KW1"/></Period><Period><TimeInterval v="2016-12-16T01:00Z/2016-12-16T02:00Z"/><Direction v="Z02"/><Quantity v="3463780"/><MeasureUnit v="KW1"/></Period><Period><TimeInterval v="2016-12-16T02:00Z/2016-12-16T03:00Z"/><Direction v="Z02"/><Quantity v="3463780"/><MeasureUnit v="KW1"/></Period><Period><TimeInterval v="2016-12-16T03:00Z/2016-12-16T04:00Z"/><Direction v="Z02"/><Quantity v="3463780"/><MeasureUnit v="KW1"/></Period><Period><TimeInterval v="2016-12-16T04:00Z/2016-12-16T05:00Z"/><Direction v="Z02"/><Quantity v="3463780"/><MeasureUnit v="KW1"/></Period></Category><Category><CapacityCode v="Z07"/><Period><TimeInterval v="2016-12-15T05:00Z/2016-12-15T06:00Z"/><Direction v="Z02"/><Quantity v="4918859"/><MeasureUnit v="KW1"/></Period><Period><TimeInterval v="2016-12-15T06:00Z/2016-12-15T07:00Z"/><Direction v="Z02"/><Quantity v="4918859"/><MeasureUnit v="KW1"/></Period><Period><TimeInterval v="2016-12-15T07:00Z/2016-12-15T08:00Z"/><Direction v="Z02"/><Quantity v="4918859"/><MeasureUnit v="KW1"/></Period><Period><TimeInterval v="2016-12-15T08:00Z/2016-12-15T09:00Z"/><Direction v="Z02"/><Quantity v="4918859"/><MeasureUnit v="KW1"/></Period><Period><TimeInterval v="2016-12-15T09:00Z/2016-12-15T10:00Z"/><Direction v="Z02"/><Quantity v="4918859"/><MeasureUnit v="KW1"/></Period><Period><TimeInterval v="2016-12-15T10:00Z/2016-12-15T11:00Z"/><Direction v="Z02"/><Quantity v="4918859"/><MeasureUnit v="KW1"/></Period><Period><TimeInterval v="2016-12-15T11:00Z/2016-12-15T12:00Z"/><Direction v="Z02"/><Quantity v="4918859"/><MeasureUnit v="KW1"/></Period><Period><TimeInterval v="2016-12-15T12:00Z/2016-12-15T13:00Z"/><Direction v="Z02"/><Quantity v="4918859"/><MeasureUnit v="KW1"/></Period><Period><TimeInterval v="2016-12-15T13:00Z/2016-12-15T14:00Z"/><Direction v="Z02"/><Quantity v="4918859"/><MeasureUnit v="KW1"/></Period><Period><TimeInterval v="2016-12-15T14:00Z/2016-12-15T15:00Z"/><Direction v="Z02"/><Quantity v="4918859"/><MeasureUnit v="KW1"/></Period><Period><TimeInterval v="2016-12-15T15:00Z/2016-12-15T16:00Z"/><Direction v="Z02"/><Quantity v="4918859"/><MeasureUnit v="KW1"/></Period><Period><TimeInterval v="2016-12-15T16:00Z/2016-12-15T17:00Z"/><Direction v="Z02"/><Quantity v="4918859"/><MeasureUnit v="KW1"/></Period><Period><TimeInterval v="2016-12-15T17:00Z/2016-12-15T18:00Z"/><Direction v="Z02"/><Quantity v="4918859"/><MeasureUnit v="KW1"/></Period><Period><TimeInterval v="2016-12-15T18:00Z/2016-12-15T19:00Z"/><Direction v="Z02"/><Quantity v="4918859"/><MeasureUnit v="KW1"/></Period><Period><TimeInterval v="2016-12-15T19:00Z/2016-12-15T20:00Z"/><Direction v="Z02"/><Quantity v="4918859"/><MeasureUnit v="KW1"/></Period><Period><TimeInterval v="2016-12-15T20:00Z/2016-12-15T21:00Z"/><Direction v="Z02"/><Quantity v="4918859"/><MeasureUnit v="KW1"/></Period><Period><TimeInterval v="2016-12-15T21:00Z/2016-12-15T22:00Z"/><Direction v="Z02"/><Quantity v="4918859"/><MeasureUnit v="KW1"/></Period><Period><TimeInterval v="2016-12-15T22:00Z/2016-12-15T23:00Z"/><Direction v="Z02"/><Quantity v="4918859"/><MeasureUnit v="KW1"/></Period><Period><TimeInterval v="2016-12-15T23:00Z/2016-12-16T00:00Z"/><Direction v="Z02"/><Quantity v="4918859"/><MeasureUnit v="KW1"/></Period><Period><TimeInterval v="2016-12-16T00:00Z/2016-12-16T01:00Z"/><Direction v="Z02"/><Quantity v="4918859"/><MeasureUnit v="KW1"/></Period><Period><TimeInterval v="2016-12-16T01:00Z/2016-12-16T02:00Z"/><Direction v="Z02"/><Quantity v="4918859"/><MeasureUnit v="KW1"/></Period><Period><TimeInterval v="2016-12-16T02:00Z/2016-12-16T03:00Z"/><Direction v="Z02"/><Quantity v="4918859"/><MeasureUnit v="KW1"/></Period><Period><TimeInterval v="2016-12-16T03:00Z/2016-12-16T04:00Z"/><Direction v="Z02"/><Quantity v="4918859"/><MeasureUnit v="KW1"/></Period><Period><TimeInterval v="2016-12-16T04:00Z/2016-12-16T05:00Z"/><Direction v="Z02"/><Quantity v="4918859"/><MeasureUnit v="KW1"/></Period></Category><Category><CapacityCode v="Z09"/><Period><TimeInterval v="2016-12-15T05:00Z/2016-12-15T06:00Z"/><Direction v="Z02"/><Quantity v="1413193"/><MeasureUnit v="KW1"/></Period><Period><TimeInterval v="2016-12-15T06:00Z/2016-12-15T07:00Z"/><Direction v="Z02"/><Quantity v="1413193"/><MeasureUnit v="KW1"/></Period><Period><TimeInterval v="2016-12-15T07:00Z/2016-12-15T08:00Z"/><Direction v="Z02"/><Quantity v="1413193"/><MeasureUnit v="KW1"/></Period><Period><TimeInterval v="2016-12-15T08:00Z/2016-12-15T09:00Z"/><Direction v="Z02"/><Quantity v="1413193"/><MeasureUnit v="KW1"/></Period><Period><TimeInterval v="2016-12-15T09:00Z/2016-12-15T10:00Z"/><Direction v="Z02"/><Quantity v="1413193"/><MeasureUnit v="KW1"/></Period><Period><TimeInterval v="2016-12-15T10:00Z/2016-12-15T11:00Z"/><Direction v="Z02"/><Quantity v="1413193"/><MeasureUnit v="KW1"/></Period><Period><TimeInterval v="2016-12-15T11:00Z/2016-12-15T12:00Z"/><Direction v="Z02"/><Quantity v="1413193"/><MeasureUnit v="KW1"/></Period><Period><TimeInterval v="2016-12-15T12:00Z/2016-12-15T13:00Z"/><Direction v="Z02"/><Quantity v="1413193"/><MeasureUnit v="KW1"/></Period><Period><TimeInterval v="2016-12-15T13:00Z/2016-12-15T14:00Z"/><Direction v="Z02"/><Quantity v="1413193"/><MeasureUnit v="KW1"/></Period><Period><TimeInterval v="2016-12-15T14:00Z/2016-12-15T15:00Z"/><Direction v="Z02"/><Quantity v="1413193"/><MeasureUnit v="KW1"/></Period><Period><TimeInterval v="2016-12-15T15:00Z/2016-12-15T16:00Z"/><Direction v="Z02"/><Quantity v="1413193"/><MeasureUnit v="KW1"/></Period><Period><TimeInterval v="2016-12-15T16:00Z/2016-12-15T17:00Z"/><Direction v="Z02"/><Quantity v="1413193"/><MeasureUnit v="KW1"/></Period><Period><TimeInterval v="2016-12-15T17:00Z/2016-12-15T18:00Z"/><Direction v="Z02"/><Quantity v="1413193"/><MeasureUnit v="KW1"/></Period><Period><TimeInterval v="2016-12-15T18:00Z/2016-12-15T19:00Z"/><Direction v="Z02"/><Quantity v="1413193"/><MeasureUnit v="KW1"/></Period><Period><TimeInterval v="2016-12-15T19:00Z/2016-12-15T20:00Z"/><Direction v="Z02"/><Quantity v="1413193"/><MeasureUnit v="KW1"/></Period><Period><TimeInterval v="2016-12-15T20:00Z/2016-12-15T21:00Z"/><Direction v="Z02"/><Quantity v="1413193"/><MeasureUnit v="KW1"/></Period><Period><TimeInterval v="2016-12-15T21:00Z/2016-12-15T22:00Z"/><Direction v="Z02"/><Quantity v="1413193"/><MeasureUnit v="KW1"/></Period><Period><TimeInterval v="2016-12-15T22:00Z/2016-12-15T23:00Z"/><Direction v="Z02"/><Quantity v="1413193"/><MeasureUnit v="KW1"/></Period><Period><TimeInterval v="2016-12-15T23:00Z/2016-12-16T00:00Z"/><Direction v="Z02"/><Quantity v="1413193"/><MeasureUnit v="KW1"/></Period><Period><TimeInterval v="2016-12-16T00:00Z/2016-12-16T01:00Z"/><Direction v="Z02"/><Quantity v="1413193"/><MeasureUnit v="KW1"/></Period><Period><TimeInterval v="2016-12-16T01:00Z/2016-12-16T02:00Z"/><Direction v="Z02"/><Quantity v="1413193"/><MeasureUnit v="KW1"/></Period><Period><TimeInterval v="2016-12-16T02:00Z/2016-12-16T03:00Z"/><Direction v="Z02"/><Quantity v="1413193"/><MeasureUnit v="KW1"/></Period><Period><TimeInterval v="2016-12-16T03:00Z/2016-12-16T04:00Z"/><Direction v="Z02"/><Quantity v="1413193"/><MeasureUnit v="KW1"/></Period><Period><TimeInterval v="2016-12-16T04:00Z/2016-12-16T05:00Z"/><Direction v="Z02"/><Quantity v="1413193"/><MeasureUnit v="KW1"/></Period></Category><Category><CapacityCode v="Z10"/><Period><TimeInterval v="2016-12-15T05:00Z/2016-12-15T06:00Z"/><Direction v="Z02"/><Quantity v="434737"/><MeasureUnit v="KW1"/></Period><Period><TimeInterval v="2016-12-15T06:00Z/2016-12-15T07:00Z"/><Direction v="Z02"/><Quantity v="434737"/><MeasureUnit v="KW1"/></Period><Period><TimeInterval v="2016-12-15T07:00Z/2016-12-15T08:00Z"/><Direction v="Z02"/><Quantity v="434737"/><MeasureUnit v="KW1"/></Period><Period><TimeInterval v="2016-12-15T08:00Z/2016-12-15T09:00Z"/><Direction v="Z02"/><Quantity v="434737"/><MeasureUnit v="KW1"/></Period><Period><TimeInterval v="2016-12-15T09:00Z/2016-12-15T10:00Z"/><Direction v="Z02"/><Quantity v="434737"/><MeasureUnit v="KW1"/></Period><Period><TimeInterval v="2016-12-15T10:00Z/2016-12-15T11:00Z"/><Direction v="Z02"/><Quantity v="434737"/><MeasureUnit v="KW1"/></Period><Period><TimeInterval v="2016-12-15T11:00Z/2016-12-15T12:00Z"/><Direction v="Z02"/><Quantity v="434737"/><MeasureUnit v="KW1"/></Period><Period><TimeInterval v="2016-12-15T12:00Z/2016-12-15T13:00Z"/><Direction v="Z02"/><Quantity v="434737"/><MeasureUnit v="KW1"/></Period><Period><TimeInterval v="2016-12-15T13:00Z/2016-12-15T14:00Z"/><Direction v="Z02"/><Quantity v="434737"/><MeasureUnit v="KW1"/></Period><Period><TimeInterval v="2016-12-15T14:00Z/2016-12-15T15:00Z"/><Direction v="Z02"/><Quantity v="434737"/><MeasureUnit v="KW1"/></Period><Period><TimeInterval v="2016-12-15T15:00Z/2016-12-15T16:00Z"/><Direction v="Z02"/><Quantity v="434737"/><MeasureUnit v="KW1"/></Period><Period><TimeInterval v="2016-12-15T16:00Z/2016-12-15T17:00Z"/><Direction v="Z02"/><Quantity v="434737"/><MeasureUnit v="KW1"/></Period><Period><TimeInterval v="2016-12-15T17:00Z/2016-12-15T18:00Z"/><Direction v="Z02"/><Quantity v="434737"/><MeasureUnit v="KW1"/></Period><Period><TimeInterval v="2016-12-15T18:00Z/2016-12-15T19:00Z"/><Direction v="Z02"/><Quantity v="434737"/><MeasureUnit v="KW1"/></Period><Period><TimeInterval v="2016-12-15T19:00Z/2016-12-15T20:00Z"/><Direction v="Z02"/><Quantity v="434737"/><MeasureUnit v="KW1"/></Period><Period><TimeInterval v="2016-12-15T20:00Z/2016-12-15T21:00Z"/><Direction v="Z02"/><Quantity v="434737"/><MeasureUnit v="KW1"/></Period><Period><TimeInterval v="2016-12-15T21:00Z/2016-12-15T22:00Z"/><Direction v="Z02"/><Quantity v="434737"/><MeasureUnit v="KW1"/></Period><Period><TimeInterval v="2016-12-15T22:00Z/2016-12-15T23:00Z"/><Direction v="Z02"/><Quantity v="434737"/><MeasureUnit v="KW1"/></Period><Period><TimeInterval v="2016-12-15T23:00Z/2016-12-16T00:00Z"/><Direction v="Z02"/><Quantity v="434737"/><MeasureUnit v="KW1"/></Period><Period><TimeInterval v="2016-12-16T00:00Z/2016-12-16T01:00Z"/><Direction v="Z02"/><Quantity v="434737"/><MeasureUnit v="KW1"/></Period><Period><TimeInterval v="2016-12-16T01:00Z/2016-12-16T02:00Z"/><Direction v="Z02"/><Quantity v="434737"/><MeasureUnit v="KW1"/></Period><Period><TimeInterval v="2016-12-16T02:00Z/2016-12-16T03:00Z"/><Direction v="Z02"/><Quantity v="434737"/><MeasureUnit v="KW1"/></Period><Period><TimeInterval v="2016-12-16T03:00Z/2016-12-16T04:00Z"/><Direction v="Z02"/><Quantity v="434737"/><MeasureUnit v="KW1"/></Period><Period><TimeInterval v="2016-12-16T04:00Z/2016-12-16T05:00Z"/><Direction v="Z02"/><Quantity v="434737"/><MeasureUnit v="KW1"/></Period></Category><Category><CapacityCode v="Z11"/><Period><TimeInterval v="2016-12-15T05:00Z/2016-12-15T06:00Z"/><Direction v="Z02"/><Quantity v="1572821"/><MeasureUnit v="KW1"/></Period><Period><TimeInterval v="2016-12-15T06:00Z/2016-12-15T07:00Z"/><Direction v="Z02"/><Quantity v="1572821"/><MeasureUnit v="KW1"/></Period><Period><TimeInterval v="2016-12-15T07:00Z/2016-12-15T08:00Z"/><Direction v="Z02"/><Quantity v="1572821"/><MeasureUnit v="KW1"/></Period><Period><TimeInterval v="2016-12-15T08:00Z/2016-12-15T09:00Z"/><Direction v="Z02"/><Quantity v="1572821"/><MeasureUnit v="KW1"/></Period><Period><TimeInterval v="2016-12-15T09:00Z/2016-12-15T10:00Z"/><Direction v="Z02"/><Quantity v="1572821"/><MeasureUnit v="KW1"/></Period><Period><TimeInterval v="2016-12-15T10:00Z/2016-12-15T11:00Z"/><Direction v="Z02"/><Quantity v="1572821"/><MeasureUnit v="KW1"/></Period><Period><TimeInterval v="2016-12-15T11:00Z/2016-12-15T12:00Z"/><Direction v="Z02"/><Quantity v="1572821"/><MeasureUnit v="KW1"/></Period><Period><TimeInterval v="2016-12-15T12:00Z/2016-12-15T13:00Z"/><Direction v="Z02"/><Quantity v="1572821"/><MeasureUnit v="KW1"/></Period><Period><TimeInterval v="2016-12-15T13:00Z/2016-12-15T14:00Z"/><Direction v="Z02"/><Quantity v="1572821"/><MeasureUnit v="KW1"/></Period><Period><TimeInterval v="2016-12-15T14:00Z/2016-12-15T15:00Z"/><Direction v="Z02"/><Quantity v="1572821"/><MeasureUnit v="KW1"/></Period><Period><TimeInterval v="2016-12-15T15:00Z/2016-12-15T16:00Z"/><Direction v="Z02"/><Quantity v="1572821"/><MeasureUnit v="KW1"/></Period><Period><TimeInterval v="2016-12-15T16:00Z/2016-12-15T17:00Z"/><Direction v="Z02"/><Quantity v="1572821"/><MeasureUnit v="KW1"/></Period><Period><TimeInterval v="2016-12-15T17:00Z/2016-12-15T18:00Z"/><Direction v="Z02"/><Quantity v="1572821"/><MeasureUnit v="KW1"/></Period><Period><TimeInterval v="2016-12-15T18:00Z/2016-12-15T19:00Z"/><Direction v="Z02"/><Quantity v="1572821"/><MeasureUnit v="KW1"/></Period><Period><TimeInterval v="2016-12-15T19:00Z/2016-12-15T20:00Z"/><Direction v="Z02"/><Quantity v="1572821"/><MeasureUnit v="KW1"/></Period><Period><TimeInterval v="2016-12-15T20:00Z/2016-12-15T21:00Z"/><Direction v="Z02"/><Quantity v="1572821"/><MeasureUnit v="KW1"/></Period><Period><TimeInterval v="2016-12-15T21:00Z/2016-12-15T22:00Z"/><Direction v="Z02"/><Quantity v="1572821"/><MeasureUnit v="KW1"/></Period><Period><TimeInterval v="2016-12-15T22:00Z/2016-12-15T23:00Z"/><Direction v="Z02"/><Quantity v="1572821"/><MeasureUnit v="KW1"/></Period><Period><TimeInterval v="2016-12-15T23:00Z/2016-12-16T00:00Z"/><Direction v="Z02"/><Quantity v="1572821"/><MeasureUnit v="KW1"/></Period><Period><TimeInterval v="2016-12-16T00:00Z/2016-12-16T01:00Z"/><Direction v="Z02"/><Quantity v="1572821"/><MeasureUnit v="KW1"/></Period><Period><TimeInterval v="2016-12-16T01:00Z/2016-12-16T02:00Z"/><Direction v="Z02"/><Quantity v="1572821"/><MeasureUnit v="KW1"/></Period><Period><TimeInterval v="2016-12-16T02:00Z/2016-12-16T03:00Z"/><Direction v="Z02"/><Quantity v="1572821"/><MeasureUnit v="KW1"/></Period><Period><TimeInterval v="2016-12-16T03:00Z/2016-12-16T04:00Z"/><Direction v="Z02"/><Quantity v="1572821"/><MeasureUnit v="KW1"/></Period><Period><TimeInterval v="2016-12-16T04:00Z/2016-12-16T05:00Z"/><Direction v="Z02"/><Quantity v="1572821"/><MeasureUnit v="KW1"/></Period></Category></ConnectionPoint><ConnectionPoint><Identification v="21Z0000000000163" codingScheme="305"/><Type v="Z25"/><Category><CapacityCode v="Z06"/><Period><TimeInterval v="2016-12-15T05:00Z/2016-12-15T06:00Z"/><Direction v="Z02"/><Quantity v="5776878"/><MeasureUnit v="KW1"/></Period><Period><TimeInterval v="2016-12-15T06:00Z/2016-12-15T07:00Z"/><Direction v="Z02"/><Quantity v="5776878"/><MeasureUnit v="KW1"/></Period><Period><TimeInterval v="2016-12-15T07:00Z/2016-12-15T08:00Z"/><Direction v="Z02"/><Quantity v="5776878"/><MeasureUnit v="KW1"/></Period><Period><TimeInterval v="2016-12-15T08:00Z/2016-12-15T09:00Z"/><Direction v="Z02"/><Quantity v="5776878"/><MeasureUnit v="KW1"/></Period><Period><TimeInterval v="2016-12-15T09:00Z/2016-12-15T10:00Z"/><Direction v="Z02"/><Quantity v="5776878"/><MeasureUnit v="KW1"/></Period><Period><TimeInterval v="2016-12-15T10:00Z/2016-12-15T11:00Z"/><Direction v="Z02"/><Quantity v="5776878"/><MeasureUnit v="KW1"/></Period><Period><TimeInterval v="2016-12-15T11:00Z/2016-12-15T12:00Z"/><Direction v="Z02"/><Quantity v="5776878"/><MeasureUnit v="KW1"/></Period><Period><TimeInterval v="2016-12-15T12:00Z/2016-12-15T13:00Z"/><Direction v="Z02"/><Quantity v="5776878"/><MeasureUnit v="KW1"/></Period><Period><TimeInterval v="2016-12-15T13:00Z/2016-12-15T14:00Z"/><Direction v="Z02"/><Quantity v="5776878"/><MeasureUnit v="KW1"/></Period><Period><TimeInterval v="2016-12-15T14:00Z/2016-12-15T15:00Z"/><Direction v="Z02"/><Quantity v="5776878"/><MeasureUnit v="KW1"/></Period><Period><TimeInterval v="2016-12-15T15:00Z/2016-12-15T16:00Z"/><Direction v="Z02"/><Quantity v="5776878"/><MeasureUnit v="KW1"/></Period><Period><TimeInterval v="2016-12-15T16:00Z/2016-12-15T17:00Z"/><Direction v="Z02"/><Quantity v="5776878"/><MeasureUnit v="KW1"/></Period><Period><TimeInterval v="2016-12-15T17:00Z/2016-12-15T18:00Z"/><Direction v="Z02"/><Quantity v="5776878"/><MeasureUnit v="KW1"/></Period><Period><TimeInterval v="2016-12-15T18:00Z/2016-12-15T19:00Z"/><Direction v="Z02"/><Quantity v="5776878"/><MeasureUnit v="KW1"/></Period><Period><TimeInterval v="2016-12-15T19:00Z/2016-12-15T20:00Z"/><Direction v="Z02"/><Quantity v="5776878"/><MeasureUnit v="KW1"/></Period><Period><TimeInterval v="2016-12-15T20:00Z/2016-12-15T21:00Z"/><Direction v="Z02"/><Quantity v="5776878"/><MeasureUnit v="KW1"/></Period><Period><TimeInterval v="2016-12-15T21:00Z/2016-12-15T22:00Z"/><Direction v="Z02"/><Quantity v="5776878"/><MeasureUnit v="KW1"/></Period><Period><TimeInterval v="2016-12-15T22:00Z/2016-12-15T23:00Z"/><Direction v="Z02"/><Quantity v="5776878"/><MeasureUnit v="KW1"/></Period><Period><TimeInterval v="2016-12-15T23:00Z/2016-12-16T00:00Z"/><Direction v="Z02"/><Quantity v="5776878"/><MeasureUnit v="KW1"/></Period><Period><TimeInterval v="2016-12-16T00:00Z/2016-12-16T01:00Z"/><Direction v="Z02"/><Quantity v="5776878"/><MeasureUnit v="KW1"/></Period><Period><TimeInterval v="2016-12-16T01:00Z/2016-12-16T02:00Z"/><Direction v="Z02"/><Quantity v="5776878"/><MeasureUnit v="KW1"/></Period><Period><TimeInterval v="2016-12-16T02:00Z/2016-12-16T03:00Z"/><Direction v="Z02"/><Quantity v="5776878"/><MeasureUnit v="KW1"/></Period><Period><TimeInterval v="2016-12-16T03:00Z/2016-12-16T04:00Z"/><Direction v="Z02"/><Quantity v="5776878"/><MeasureUnit v="KW1"/></Period><Period><TimeInterval v="2016-12-16T04:00Z/2016-12-16T05:00Z"/><Direction v="Z02"/><Quantity v="5776878"/><MeasureUnit v="KW1"/></Period><Period><TimeInterval v="2016-12-15T05:00Z/2016-12-15T06:00Z"/><Direction v="Z03"/><Quantity v="702979"/><MeasureUnit v="KW1"/></Period><Period><TimeInterval v="2016-12-15T06:00Z/2016-12-15T07:00Z"/><Direction v="Z03"/><Quantity v="702979"/><MeasureUnit v="KW1"/></Period><Period><TimeInterval v="2016-12-15T07:00Z/2016-12-15T08:00Z"/><Direction v="Z03"/><Quantity v="702979"/><MeasureUnit v="KW1"/></Period><Period><TimeInterval v="2016-12-15T08:00Z/2016-12-15T09:00Z"/><Direction v="Z03"/><Quantity v="702979"/><MeasureUnit v="KW1"/></Period><Period><TimeInterval v="2016-12-15T09:00Z/2016-12-15T10:00Z"/><Direction v="Z03"/><Quantity v="702979"/><MeasureUnit v="KW1"/></Period><Period><TimeInterval v="2016-12-15T10:00Z/2016-12-15T11:00Z"/><Direction v="Z03"/><Quantity v="702979"/><MeasureUnit v="KW1"/></Period><Period><TimeInterval v="2016-12-15T11:00Z/2016-12-15T12:00Z"/><Direction v="Z03"/><Quantity v="702979"/><MeasureUnit v="KW1"/></Period><Period><TimeInterval v="2016-12-15T12:00Z/2016-12-15T13:00Z"/><Direction v="Z03"/><Quantity v="702979"/><MeasureUnit v="KW1"/></Period><Period><TimeInterval v="2016-12-15T13:00Z/2016-12-15T14:00Z"/><Direction v="Z03"/><Quantity v="702979"/><MeasureUnit v="KW1"/></Period><Period><TimeInterval v="2016-12-15T14:00Z/2016-12-15T15:00Z"/><Direction v="Z03"/><Quantity v="702979"/><MeasureUnit v="KW1"/></Period><Period><TimeInterval v="2016-12-15T15:00Z/2016-12-15T16:00Z"/><Direction v="Z03"/><Quantity v="702979"/><MeasureUnit v="KW1"/></Period><Period><TimeInterval v="2016-12-15T16:00Z/2016-12-15T17:00Z"/><Direction v="Z03"/><Quantity v="702979"/><MeasureUnit v="KW1"/></Period><Period><TimeInterval v="2016-12-15T17:00Z/2016-12-15T18:00Z"/><Direction v="Z03"/><Quantity v="702979"/><MeasureUnit v="KW1"/></Period><Period><TimeInterval v="2016-12-15T18:00Z/2016-12-15T19:00Z"/><Direction v="Z03"/><Quantity v="702979"/><MeasureUnit v="KW1"/></Period><Period><TimeInterval v="2016-12-15T19:00Z/2016-12-15T20:00Z"/><Direction v="Z03"/><Quantity v="702979"/><MeasureUnit v="KW1"/></Period><Period><TimeInterval v="2016-12-15T20:00Z/2016-12-15T21:00Z"/><Direction v="Z03"/><Quantity v="702979"/><MeasureUnit v="KW1"/></Period><Period><TimeInterval v="2016-12-15T21:00Z/2016-12-15T22:00Z"/><Direction v="Z03"/><Quantity v="702979"/><MeasureUnit v="KW1"/></Period><Period><TimeInterval v="2016-12-15T22:00Z/2016-12-15T23:00Z"/><Direction v="Z03"/><Quantity v="702979"/><MeasureUnit v="KW1"/></Period><Period><TimeInterval v="2016-12-15T23:00Z/2016-12-16T00:00Z"/><Direction v="Z03"/><Quantity v="702979"/><MeasureUnit v="KW1"/></Period><Period><TimeInterval v="2016-12-16T00:00Z/2016-12-16T01:00Z"/><Direction v="Z03"/><Quantity v="702979"/><MeasureUnit v="KW1"/></Period><Period><TimeInterval v="2016-12-16T01:00Z/2016-12-16T02:00Z"/><Direction v="Z03"/><Quantity v="702979"/><MeasureUnit v="KW1"/></Period><Period><TimeInterval v="2016-12-16T02:00Z/2016-12-16T03:00Z"/><Direction v="Z03"/><Quantity v="702979"/><MeasureUnit v="KW1"/></Period><Period><TimeInterval v="2016-12-16T03:00Z/2016-12-16T04:00Z"/><Direction v="Z03"/><Quantity v="702979"/><MeasureUnit v="KW1"/></Period><Period><TimeInterval v="2016-12-16T04:00Z/2016-12-16T05:00Z"/><Direction v="Z03"/><Quantity v="702979"/><MeasureUnit v="KW1"/></Period></Category><Category><CapacityCode v="Z07"/><Period><TimeInterval v="2016-12-15T05:00Z/2016-12-15T06:00Z"/><Direction v="Z02"/><Quantity v="6021880"/><MeasureUnit v="KW1"/></Period><Period><TimeInterval v="2016-12-15T06:00Z/2016-12-15T07:00Z"/><Direction v="Z02"/><Quantity v="6021880"/><MeasureUnit v="KW1"/></Period><Period><TimeInterval v="2016-12-15T07:00Z/2016-12-15T08:00Z"/><Direction v="Z02"/><Quantity v="6021880"/><MeasureUnit v="KW1"/></Period><Period><TimeInterval v="2016-12-15T08:00Z/2016-12-15T09:00Z"/><Direction v="Z02"/><Quantity v="6021880"/><MeasureUnit v="KW1"/></Period><Period><TimeInterval v="2016-12-15T09:00Z/2016-12-15T10:00Z"/><Direction v="Z02"/><Quantity v="6021880"/><MeasureUnit v="KW1"/></Period><Period><TimeInterval v="2016-12-15T10:00Z/2016-12-15T11:00Z"/><Direction v="Z02"/><Quantity v="6021880"/><MeasureUnit v="KW1"/></Period><Period><TimeInterval v="2016-12-15T11:00Z/2016-12-15T12:00Z"/><Direction v="Z02"/><Quantity v="6021880"/><MeasureUnit v="KW1"/></Period><Period><TimeInterval v="2016-12-15T12:00Z/2016-12-15T13:00Z"/><Direction v="Z02"/><Quantity v="6021880"/><MeasureUnit v="KW1"/></Period><Period><TimeInterval v="2016-12-15T13:00Z/2016-12-15T14:00Z"/><Direction v="Z02"/><Quantity v="6021880"/><MeasureUnit v="KW1"/></Period><Period><TimeInterval v="2016-12-15T14:00Z/2016-12-15T15:00Z"/><Direction v="Z02"/><Quantity v="6021880"/><MeasureUnit v="KW1"/></Period><Period><TimeInterval v="2016-12-15T15:00Z/2016-12-15T16:00Z"/><Direction v="Z02"/><Quantity v="6021880"/><MeasureUnit v="KW1"/></Period><Period><TimeInterval v="2016-12-15T16:00Z/2016-12-15T17:00Z"/><Direction v="Z02"/><Quantity v="6021880"/><MeasureUnit v="KW1"/></Period><Period><TimeInterval v="2016-12-15T17:00Z/2016-12-15T18:00Z"/><Direction v="Z02"/><Quantity v="6021880"/><MeasureUnit v="KW1"/></Period><Period><TimeInterval v="2016-12-15T18:00Z/2016-12-15T19:00Z"/><Direction v="Z02"/><Quantity v="6021880"/><MeasureUnit v="KW1"/></Period><Period><TimeInterval v="2016-12-15T19:00Z/2016-12-15T20:00Z"/><Direction v="Z02"/><Quantity v="6021880"/><MeasureUnit v="KW1"/></Period><Period><TimeInterval v="2016-12-15T20:00Z/2016-12-15T21:00Z"/><Direction v="Z02"/><Quantity v="6021880"/><MeasureUnit v="KW1"/></Period><Period><TimeInterval v="2016-12-15T21:00Z/2016-12-15T22:00Z"/><Direction v="Z02"/><Quantity v="6021880"/><MeasureUnit v="KW1"/></Period><Period><TimeInterval v="2016-12-15T22:00Z/2016-12-15T23:00Z"/><Direction v="Z02"/><Quantity v="6021880"/><MeasureUnit v="KW1"/></Period><Period><TimeInterval v="2016-12-15T23:00Z/2016-12-16T00:00Z"/><Direction v="Z02"/><Quantity v="6021880"/><MeasureUnit v="KW1"/></Period><Period><TimeInterval v="2016-12-16T00:00Z/2016-12-16T01:00Z"/><Direction v="Z02"/><Quantity v="6021880"/><MeasureUnit v="KW1"/></Period><Period><TimeInterval v="2016-12-16T01:00Z/2016-12-16T02:00Z"/><Direction v="Z02"/><Quantity v="6021880"/><MeasureUnit v="KW1"/></Period><Period><TimeInterval v="2016-12-16T02:00Z/2016-12-16T03:00Z"/><Direction v="Z02"/><Quantity v="6021880"/><MeasureUnit v="KW1"/></Period><Period><TimeInterval v="2016-12-16T03:00Z/2016-12-16T04:00Z"/><Direction v="Z02"/><Quantity v="6021880"/><MeasureUnit v="KW1"/></Period><Period><TimeInterval v="2016-12-16T04:00Z/2016-12-16T05:00Z"/><Direction v="Z02"/><Quantity v="6021880"/><MeasureUnit v="KW1"/></Period><Period><TimeInterval v="2016-12-15T05:00Z/2016-12-15T06:00Z"/><Direction v="Z03"/><Quantity v="4032980"/><MeasureUnit v="KW1"/></Period><Period><TimeInterval v="2016-12-15T06:00Z/2016-12-15T07:00Z"/><Direction v="Z03"/><Quantity v="4032980"/><MeasureUnit v="KW1"/></Period><Period><TimeInterval v="2016-12-15T07:00Z/2016-12-15T08:00Z"/><Direction v="Z03"/><Quantity v="4032980"/><MeasureUnit v="KW1"/></Period><Period><TimeInterval v="2016-12-15T08:00Z/2016-12-15T09:00Z"/><Direction v="Z03"/><Quantity v="4032980"/><MeasureUnit v="KW1"/></Period><Period><TimeInterval v="2016-12-15T09:00Z/2016-12-15T10:00Z"/><Direction v="Z03"/><Quantity v="4032980"/><MeasureUnit v="KW1"/></Period><Period><TimeInterval v="2016-12-15T10:00Z/2016-12-15T11:00Z"/><Direction v="Z03"/><Quantity v="4032980"/><MeasureUnit v="KW1"/></Period><Period><TimeInterval v="2016-12-15T11:00Z/2016-12-15T12:00Z"/><Direction v="Z03"/><Quantity v="4032980"/><MeasureUnit v="KW1"/></Period><Period><TimeInterval v="2016-12-15T12:00Z/2016-12-15T13:00Z"/><Direction v="Z03"/><Quantity v="4032980"/><MeasureUnit v="KW1"/></Period><Period><TimeInterval v="2016-12-15T13:00Z/2016-12-15T14:00Z"/><Direction v="Z03"/><Quantity v="4032980"/><MeasureUnit v="KW1"/></Period><Period><TimeInterval v="2016-12-15T14:00Z/2016-12-15T15:00Z"/><Direction v="Z03"/><Quantity v="4032980"/><MeasureUnit v="KW1"/></Period><Period><TimeInterval v="2016-12-15T15:00Z/2016-12-15T16:00Z"/><Direction v="Z03"/><Quantity v="4032980"/><MeasureUnit v="KW1"/></Period><Period><TimeInterval v="2016-12-15T16:00Z/2016-12-15T17:00Z"/><Direction v="Z03"/><Quantity v="4032980"/><MeasureUnit v="KW1"/></Period><Period><TimeInterval v="2016-12-15T17:00Z/2016-12-15T18:00Z"/><Direction v="Z03"/><Quantity v="4032980"/><MeasureUnit v="KW1"/></Period><Period><TimeInterval v="2016-12-15T18:00Z/2016-12-15T19:00Z"/><Direction v="Z03"/><Quantity v="4032980"/><MeasureUnit v="KW1"/></Period><Period><TimeInterval v="2016-12-15T19:00Z/2016-12-15T20:00Z"/><Direction v="Z03"/><Quantity v="4032980"/><MeasureUnit v="KW1"/></Period><Period><TimeInterval v="2016-12-15T20:00Z/2016-12-15T21:00Z"/><Direction v="Z03"/><Quantity v="4032980"/><MeasureUnit v="KW1"/></Period><Period><TimeInterval v="2016-12-15T21:00Z/2016-12-15T22:00Z"/><Direction v="Z03"/><Quantity v="4032980"/><MeasureUnit v="KW1"/></Period><Period><TimeInterval v="2016-12-15T22:00Z/2016-12-15T23:00Z"/><Direction v="Z03"/><Quantity v="4032980"/><MeasureUnit v="KW1"/></Period><Period><TimeInterval v="2016-12-15T23:00Z/2016-12-16T00:00Z"/><Direction v="Z03"/><Quantity v="4032980"/><MeasureUnit v="KW1"/></Period><Period><TimeInterval v="2016-12-16T00:00Z/2016-12-16T01:00Z"/><Direction v="Z03"/><Quantity v="4032980"/><MeasureUnit v="KW1"/></Period><Period><TimeInterval v="2016-12-16T01:00Z/2016-12-16T02:00Z"/><Direction v="Z03"/><Quantity v="4032980"/><MeasureUnit v="KW1"/></Period><Period><TimeInterval v="2016-12-16T02:00Z/2016-12-16T03:00Z"/><Direction v="Z03"/><Quantity v="4032980"/><MeasureUnit v="KW1"/></Period><Period><TimeInterval v="2016-12-16T03:00Z/2016-12-16T04:00Z"/><Direction v="Z03"/><Quantity v="4032980"/><MeasureUnit v="KW1"/></Period><Period><TimeInterval v="2016-12-16T04:00Z/2016-12-16T05:00Z"/><Direction v="Z03"/><Quantity v="4032980"/><MeasureUnit v="KW1"/></Period></Category><Category><CapacityCode v="Z09"/><Period><TimeInterval v="2016-12-15T05:00Z/2016-12-15T06:00Z"/><Direction v="Z02"/><Quantity v="245000"/><MeasureUnit v="KW1"/></Period><Period><TimeInterval v="2016-12-15T06:00Z/2016-12-15T07:00Z"/><Direction v="Z02"/><Quantity v="245000"/><MeasureUnit v="KW1"/></Period><Period><TimeInterval v="2016-12-15T07:00Z/2016-12-15T08:00Z"/><Direction v="Z02"/><Quantity v="245000"/><MeasureUnit v="KW1"/></Period><Period><TimeInterval v="2016-12-15T08:00Z/2016-12-15T09:00Z"/><Direction v="Z02"/><Quantity v="245000"/><MeasureUnit v="KW1"/></Period><Period><TimeInterval v="2016-12-15T09:00Z/2016-12-15T10:00Z"/><Direction v="Z02"/><Quantity v="245000"/><MeasureUnit v="KW1"/></Period><Period><TimeInterval v="2016-12-15T10:00Z/2016-12-15T11:00Z"/><Direction v="Z02"/><Quantity v="245000"/><MeasureUnit v="KW1"/></Period><Period><TimeInterval v="2016-12-15T11:00Z/2016-12-15T12:00Z"/><Direction v="Z02"/><Quantity v="245000"/><MeasureUnit v="KW1"/></Period><Period><TimeInterval v="2016-12-15T12:00Z/2016-12-15T13:00Z"/><Direction v="Z02"/><Quantity v="245000"/><MeasureUnit v="KW1"/></Period><Period><TimeInterval v="2016-12-15T13:00Z/2016-12-15T14:00Z"/><Direction v="Z02"/><Quantity v="245000"/><MeasureUnit v="KW1"/></Period><Period><TimeInterval v="2016-12-15T14:00Z/2016-12-15T15:00Z"/><Direction v="Z02"/><Quantity v="245000"/><MeasureUnit v="KW1"/></Period><Period><TimeInterval v="2016-12-15T15:00Z/2016-12-15T16:00Z"/><Direction v="Z02"/><Quantity v="245000"/><MeasureUnit v="KW1"/></Period><Period><TimeInterval v="2016-12-15T16:00Z/2016-12-15T17:00Z"/><Direction v="Z02"/><Quantity v="245000"/><MeasureUnit v="KW1"/></Period><Period><TimeInterval v="2016-12-15T17:00Z/2016-12-15T18:00Z"/><Direction v="Z02"/><Quantity v="245000"/><MeasureUnit v="KW1"/></Period><Period><TimeInterval v="2016-12-15T18:00Z/2016-12-15T19:00Z"/><Direction v="Z02"/><Quantity v="245000"/><MeasureUnit v="KW1"/></Period><Period><TimeInterval v="2016-12-15T19:00Z/2016-12-15T20:00Z"/><Direction v="Z02"/><Quantity v="245000"/><MeasureUnit v="KW1"/></Period><Period><TimeInterval v="2016-12-15T20:00Z/2016-12-15T21:00Z"/><Direction v="Z02"/><Quantity v="245000"/><MeasureUnit v="KW1"/></Period><Period><TimeInterval v="2016-12-15T21:00Z/2016-12-15T22:00Z"/><Direction v="Z02"/><Quantity v="245000"/><MeasureUnit v="KW1"/></Period><Period><TimeInterval v="2016-12-15T22:00Z/2016-12-15T23:00Z"/><Direction v="Z02"/><Quantity v="245000"/><MeasureUnit v="KW1"/></Period><Period><TimeInterval v="2016-12-15T23:00Z/2016-12-16T00:00Z"/><Direction v="Z02"/><Quantity v="245000"/><MeasureUnit v="KW1"/></Period><Period><TimeInterval v="2016-12-16T00:00Z/2016-12-16T01:00Z"/><Direction v="Z02"/><Quantity v="245000"/><MeasureUnit v="KW1"/></Period><Period><TimeInterval v="2016-12-16T01:00Z/2016-12-16T02:00Z"/><Direction v="Z02"/><Quantity v="245000"/><MeasureUnit v="KW1"/></Period><Period><TimeInterval v="2016-12-16T02:00Z/2016-12-16T03:00Z"/><Direction v="Z02"/><Quantity v="245000"/><MeasureUnit v="KW1"/></Period><Period><TimeInterval v="2016-12-16T03:00Z/2016-12-16T04:00Z"/><Direction v="Z02"/><Quantity v="245000"/><MeasureUnit v="KW1"/></Period><Period><TimeInterval v="2016-12-16T04:00Z/2016-12-16T05:00Z"/><Direction v="Z02"/><Quantity v="245000"/><MeasureUnit v="KW1"/></Period><Period><TimeInterval v="2016-12-15T05:00Z/2016-12-15T06:00Z"/><Direction v="Z03"/><Quantity v="3330000"/><MeasureUnit v="KW1"/></Period><Period><TimeInterval v="2016-12-15T06:00Z/2016-12-15T07:00Z"/><Direction v="Z03"/><Quantity v="3330000"/><MeasureUnit v="KW1"/></Period><Period><TimeInterval v="2016-12-15T07:00Z/2016-12-15T08:00Z"/><Direction v="Z03"/><Quantity v="3330000"/><MeasureUnit v="KW1"/></Period><Period><TimeInterval v="2016-12-15T08:00Z/2016-12-15T09:00Z"/><Direction v="Z03"/><Quantity v="3330000"/><MeasureUnit v="KW1"/></Period><Period><TimeInterval v="2016-12-15T09:00Z/2016-12-15T10:00Z"/><Direction v="Z03"/><Quantity v="3330000"/><MeasureUnit v="KW1"/></Period><Period><TimeInterval v="2016-12-15T10:00Z/2016-12-15T11:00Z"/><Direction v="Z03"/><Quantity v="3330000"/><MeasureUnit v="KW1"/></Period><Period><TimeInterval v="2016-12-15T11:00Z/2016-12-15T12:00Z"/><Direction v="Z03"/><Quantity v="3330000"/><MeasureUnit v="KW1"/></Period><Period><TimeInterval v="2016-12-15T12:00Z/2016-12-15T13:00Z"/><Direction v="Z03"/><Quantity v="3330000"/><MeasureUnit v="KW1"/></Period><Period><TimeInterval v="2016-12-15T13:00Z/2016-12-15T14:00Z"/><Direction v="Z03"/><Quantity v="3330000"/><MeasureUnit v="KW1"/></Period><Period><TimeInterval v="2016-12-15T14:00Z/2016-12-15T15:00Z"/><Direction v="Z03"/><Quantity v="3330000"/><MeasureUnit v="KW1"/></Period><Period><TimeInterval v="2016-12-15T15:00Z/2016-12-15T16:00Z"/><Direction v="Z03"/><Quantity v="3330000"/><MeasureUnit v="KW1"/></Period><Period><TimeInterval v="2016-12-15T16:00Z/2016-12-15T17:00Z"/><Direction v="Z03"/><Quantity v="3330000"/><MeasureUnit v="KW1"/></Period><Period><TimeInterval v="2016-12-15T17:00Z/2016-12-15T18:00Z"/><Direction v="Z03"/><Quantity v="3330000"/><MeasureUnit v="KW1"/></Period><Period><TimeInterval v="2016-12-15T18:00Z/2016-12-15T19:00Z"/><Direction v="Z03"/><Quantity v="3330000"/><MeasureUnit v="KW1"/></Period><Period><TimeInterval v="2016-12-15T19:00Z/2016-12-15T20:00Z"/><Direction v="Z03"/><Quantity v="3330000"/><MeasureUnit v="KW1"/></Period><Period><TimeInterval v="2016-12-15T20:00Z/2016-12-15T21:00Z"/><Direction v="Z03"/><Quantity v="3330000"/><MeasureUnit v="KW1"/></Period><Period><TimeInterval v="2016-12-15T21:00Z/2016-12-15T22:00Z"/><Direction v="Z03"/><Quantity v="3330000"/><MeasureUnit v="KW1"/></Period><Period><TimeInterval v="2016-12-15T22:00Z/2016-12-15T23:00Z"/><Direction v="Z03"/><Quantity v="3330000"/><MeasureUnit v="KW1"/></Period><Period><TimeInterval v="2016-12-15T23:00Z/2016-12-16T00:00Z"/><Direction v="Z03"/><Quantity v="3330000"/><MeasureUnit v="KW1"/></Period><Period><TimeInterval v="2016-12-16T00:00Z/2016-12-16T01:00Z"/><Direction v="Z03"/><Quantity v="3330000"/><MeasureUnit v="KW1"/></Period><Period><TimeInterval v="2016-12-16T01:00Z/2016-12-16T02:00Z"/><Direction v="Z03"/><Quantity v="3330000"/><MeasureUnit v="KW1"/></Period><Period><TimeInterval v="2016-12-16T02:00Z/2016-12-16T03:00Z"/><Direction v="Z03"/><Quantity v="3330000"/><MeasureUnit v="KW1"/></Period><Period><TimeInterval v="2016-12-16T03:00Z/2016-12-16T04:00Z"/><Direction v="Z03"/><Quantity v="3330000"/><MeasureUnit v="KW1"/></Period><Period><TimeInterval v="2016-12-16T04:00Z/2016-12-16T05:00Z"/><Direction v="Z03"/><Quantity v="3330000"/><MeasureUnit v="KW1"/></Period></Category><Category><CapacityCode v="Z10"/><Period><TimeInterval v="2016-12-15T05:00Z/2016-12-15T06:00Z"/><Direction v="Z02"/><Quantity v="2"/><MeasureUnit v="KW1"/></Period><Period><TimeInterval v="2016-12-15T06:00Z/2016-12-15T07:00Z"/><Direction v="Z02"/><Quantity v="2"/><MeasureUnit v="KW1"/></Period><Period><TimeInterval v="2016-12-15T07:00Z/2016-12-15T08:00Z"/><Direction v="Z02"/><Quantity v="2"/><MeasureUnit v="KW1"/></Period><Period><TimeInterval v="2016-12-15T08:00Z/2016-12-15T09:00Z"/><Direction v="Z02"/><Quantity v="2"/><MeasureUnit v="KW1"/></Period><Period><TimeInterval v="2016-12-15T09:00Z/2016-12-15T10:00Z"/><Direction v="Z02"/><Quantity v="2"/><MeasureUnit v="KW1"/></Period><Period><TimeInterval v="2016-12-15T10:00Z/2016-12-15T11:00Z"/><Direction v="Z02"/><Quantity v="2"/><MeasureUnit v="KW1"/></Period><Period><TimeInterval v="2016-12-15T11:00Z/2016-12-15T12:00Z"/><Direction v="Z02"/><Quantity v="2"/><MeasureUnit v="KW1"/></Period><Period><TimeInterval v="2016-12-15T12:00Z/2016-12-15T13:00Z"/><Direction v="Z02"/><Quantity v="2"/><MeasureUnit v="KW1"/></Period><Period><TimeInterval v="2016-12-15T13:00Z/2016-12-15T14:00Z"/><Direction v="Z02"/><Quantity v="2"/><MeasureUnit v="KW1"/></Period><Period><TimeInterval v="2016-12-15T14:00Z/2016-12-15T15:00Z"/><Direction v="Z02"/><Quantity v="2"/><MeasureUnit v="KW1"/></Period><Period><TimeInterval v="2016-12-15T15:00Z/2016-12-15T16:00Z"/><Direction v="Z02"/><Quantity v="2"/><MeasureUnit v="KW1"/></Period><Period><TimeInterval v="2016-12-15T16:00Z/2016-12-15T17:00Z"/><Direction v="Z02"/><Quantity v="2"/><MeasureUnit v="KW1"/></Period><Period><TimeInterval v="2016-12-15T17:00Z/2016-12-15T18:00Z"/><Direction v="Z02"/><Quantity v="2"/><MeasureUnit v="KW1"/></Period><Period><TimeInterval v="2016-12-15T18:00Z/2016-12-15T19:00Z"/><Direction v="Z02"/><Quantity v="2"/><MeasureUnit v="KW1"/></Period><Period><TimeInterval v="2016-12-15T19:00Z/2016-12-15T20:00Z"/><Direction v="Z02"/><Quantity v="2"/><MeasureUnit v="KW1"/></Period><Period><TimeInterval v="2016-12-15T20:00Z/2016-12-15T21:00Z"/><Direction v="Z02"/><Quantity v="2"/><MeasureUnit v="KW1"/></Period><Period><TimeInterval v="2016-12-15T21:00Z/2016-12-15T22:00Z"/><Direction v="Z02"/><Quantity v="2"/><MeasureUnit v="KW1"/></Period><Period><TimeInterval v="2016-12-15T22:00Z/2016-12-15T23:00Z"/><Direction v="Z02"/><Quantity v="2"/><MeasureUnit v="KW1"/></Period><Period><TimeInterval v="2016-12-15T23:00Z/2016-12-16T00:00Z"/><Direction v="Z02"/><Quantity v="2"/><MeasureUnit v="KW1"/></Period><Period><TimeInterval v="2016-12-16T00:00Z/2016-12-16T01:00Z"/><Direction v="Z02"/><Quantity v="2"/><MeasureUnit v="KW1"/></Period><Period><TimeInterval v="2016-12-16T01:00Z/2016-12-16T02:00Z"/><Direction v="Z02"/><Quantity v="2"/><MeasureUnit v="KW1"/></Period><Period><TimeInterval v="2016-12-16T02:00Z/2016-12-16T03:00Z"/><Direction v="Z02"/><Quantity v="2"/><MeasureUnit v="KW1"/></Period><Period><TimeInterval v="2016-12-16T03:00Z/2016-12-16T04:00Z"/><Direction v="Z02"/><Quantity v="2"/><MeasureUnit v="KW1"/></Period><Period><TimeInterval v="2016-12-16T04:00Z/2016-12-16T05:00Z"/><Direction v="Z02"/><Quantity v="2"/><MeasureUnit v="KW1"/></Period><Period><TimeInterval v="2016-12-15T05:00Z/2016-12-15T06:00Z"/><Direction v="Z03"/><Quantity v="3"/><MeasureUnit v="KW1"/></Period><Period><TimeInterval v="2016-12-15T06:00Z/2016-12-15T07:00Z"/><Direction v="Z03"/><Quantity v="3"/><MeasureUnit v="KW1"/></Period><Period><TimeInterval v="2016-12-15T07:00Z/2016-12-15T08:00Z"/><Direction v="Z03"/><Quantity v="3"/><MeasureUnit v="KW1"/></Period><Period><TimeInterval v="2016-12-15T08:00Z/2016-12-15T09:00Z"/><Direction v="Z03"/><Quantity v="3"/><MeasureUnit v="KW1"/></Period><Period><TimeInterval v="2016-12-15T09:00Z/2016-12-15T10:00Z"/><Direction v="Z03"/><Quantity v="3"/><MeasureUnit v="KW1"/></Period><Period><TimeInterval v="2016-12-15T10:00Z/2016-12-15T11:00Z"/><Direction v="Z03"/><Quantity v="3"/><MeasureUnit v="KW1"/></Period><Period><TimeInterval v="2016-12-15T11:00Z/2016-12-15T12:00Z"/><Direction v="Z03"/><Quantity v="3"/><MeasureUnit v="KW1"/></Period><Period><TimeInterval v="2016-12-15T12:00Z/2016-12-15T13:00Z"/><Direction v="Z03"/><Quantity v="3"/><MeasureUnit v="KW1"/></Period><Period><TimeInterval v="2016-12-15T13:00Z/2016-12-15T14:00Z"/><Direction v="Z03"/><Quantity v="3"/><MeasureUnit v="KW1"/></Period><Period><TimeInterval v="2016-12-15T14:00Z/2016-12-15T15:00Z"/><Direction v="Z03"/><Quantity v="3"/><MeasureUnit v="KW1"/></Period><Period><TimeInterval v="2016-12-15T15:00Z/2016-12-15T16:00Z"/><Direction v="Z03"/><Quantity v="3"/><MeasureUnit v="KW1"/></Period><Period><TimeInterval v="2016-12-15T16:00Z/2016-12-15T17:00Z"/><Direction v="Z03"/><Quantity v="3"/><MeasureUnit v="KW1"/></Period><Period><TimeInterval v="2016-12-15T17:00Z/2016-12-15T18:00Z"/><Direction v="Z03"/><Quantity v="3"/><MeasureUnit v="KW1"/></Period><Period><TimeInterval v="2016-12-15T18:00Z/2016-12-15T19:00Z"/><Direction v="Z03"/><Quantity v="3"/><MeasureUnit v="KW1"/></Period><Period><TimeInterval v="2016-12-15T19:00Z/2016-12-15T20:00Z"/><Direction v="Z03"/><Quantity v="3"/><MeasureUnit v="KW1"/></Period><Period><TimeInterval v="2016-12-15T20:00Z/2016-12-15T21:00Z"/><Direction v="Z03"/><Quantity v="3"/><MeasureUnit v="KW1"/></Period><Period><TimeInterval v="2016-12-15T21:00Z/2016-12-15T22:00Z"/><Direction v="Z03"/><Quantity v="3"/><MeasureUnit v="KW1"/></Period><Period><TimeInterval v="2016-12-15T22:00Z/2016-12-15T23:00Z"/><Direction v="Z03"/><Quantity v="3"/><MeasureUnit v="KW1"/></Period><Period><TimeInterval v="2016-12-15T23:00Z/2016-12-16T00:00Z"/><Direction v="Z03"/><Quantity v="3"/><MeasureUnit v="KW1"/></Period><Period><TimeInterval v="2016-12-16T00:00Z/2016-12-16T01:00Z"/><Direction v="Z03"/><Quantity v="3"/><MeasureUnit v="KW1"/></Period><Period><TimeInterval v="2016-12-16T01:00Z/2016-12-16T02:00Z"/><Direction v="Z03"/><Quantity v="3"/><MeasureUnit v="KW1"/></Period><Period><TimeInterval v="2016-12-16T02:00Z/2016-12-16T03:00Z"/><Direction v="Z03"/><Quantity v="3"/><MeasureUnit v="KW1"/></Period><Period><TimeInterval v="2016-12-16T03:00Z/2016-12-16T04:00Z"/><Direction v="Z03"/><Quantity v="3"/><MeasureUnit v="KW1"/></Period><Period><TimeInterval v="2016-12-16T04:00Z/2016-12-16T05:00Z"/><Direction v="Z03"/><Quantity v="3"/><MeasureUnit v="KW1"/></Period></Category><Category><CapacityCode v="Z11"/><Period><TimeInterval v="2016-12-15T05:00Z/2016-12-15T06:00Z"/><Direction v="Z02"/><Quantity v="245002"/><MeasureUnit v="KW1"/></Period><Period><TimeInterval v="2016-12-15T06:00Z/2016-12-15T07:00Z"/><Direction v="Z02"/><Quantity v="245002"/><MeasureUnit v="KW1"/></Period><Period><TimeInterval v="2016-12-15T07:00Z/2016-12-15T08:00Z"/><Direction v="Z02"/><Quantity v="245002"/><MeasureUnit v="KW1"/></Period><Period><TimeInterval v="2016-12-15T08:00Z/2016-12-15T09:00Z"/><Direction v="Z02"/><Quantity v="245002"/><MeasureUnit v="KW1"/></Period><Period><TimeInterval v="2016-12-15T09:00Z/2016-12-15T10:00Z"/><Direction v="Z02"/><Quantity v="245002"/><MeasureUnit v="KW1"/></Period><Period><TimeInterval v="2016-12-15T10:00Z/2016-12-15T11:00Z"/><Direction v="Z02"/><Quantity v="245002"/><MeasureUnit v="KW1"/></Period><Period><TimeInterval v="2016-12-15T11:00Z/2016-12-15T12:00Z"/><Direction v="Z02"/><Quantity v="245002"/><MeasureUnit v="KW1"/></Period><Period><TimeInterval v="2016-12-15T12:00Z/2016-12-15T13:00Z"/><Direction v="Z02"/><Quantity v="245002"/><MeasureUnit v="KW1"/></Period><Period><TimeInterval v="2016-12-15T13:00Z/2016-12-15T14:00Z"/><Direction v="Z02"/><Quantity v="245002"/><MeasureUnit v="KW1"/></Period><Period><TimeInterval v="2016-12-15T14:00Z/2016-12-15T15:00Z"/><Direction v="Z02"/><Quantity v="245002"/><MeasureUnit v="KW1"/></Period><Period><TimeInterval v="2016-12-15T15:00Z/2016-12-15T16:00Z"/><Direction v="Z02"/><Quantity v="245002"/><MeasureUnit v="KW1"/></Period><Period><TimeInterval v="2016-12-15T16:00Z/2016-12-15T17:00Z"/><Direction v="Z02"/><Quantity v="245002"/><MeasureUnit v="KW1"/></Period><Period><TimeInterval v="2016-12-15T17:00Z/2016-12-15T18:00Z"/><Direction v="Z02"/><Quantity v="245002"/><MeasureUnit v="KW1"/></Period><Period><TimeInterval v="2016-12-15T18:00Z/2016-12-15T19:00Z"/><Direction v="Z02"/><Quantity v="245002"/><MeasureUnit v="KW1"/></Period><Period><TimeInterval v="2016-12-15T19:00Z/2016-12-15T20:00Z"/><Direction v="Z02"/><Quantity v="245002"/><MeasureUnit v="KW1"/></Period><Period><TimeInterval v="2016-12-15T20:00Z/2016-12-15T21:00Z"/><Direction v="Z02"/><Quantity v="245002"/><MeasureUnit v="KW1"/></Period><Period><TimeInterval v="2016-12-15T21:00Z/2016-12-15T22:00Z"/><Direction v="Z02"/><Quantity v="245002"/><MeasureUnit v="KW1"/></Period><Period><TimeInterval v="2016-12-15T22:00Z/2016-12-15T23:00Z"/><Direction v="Z02"/><Quantity v="245002"/><MeasureUnit v="KW1"/></Period><Period><TimeInterval v="2016-12-15T23:00Z/2016-12-16T00:00Z"/><Direction v="Z02"/><Quantity v="245002"/><MeasureUnit v="KW1"/></Period><Period><TimeInterval v="2016-12-16T00:00Z/2016-12-16T01:00Z"/><Direction v="Z02"/><Quantity v="245002"/><MeasureUnit v="KW1"/></Period><Period><TimeInterval v="2016-12-16T01:00Z/2016-12-16T02:00Z"/><Direction v="Z02"/><Quantity v="245002"/><MeasureUnit v="KW1"/></Period><Period><TimeInterval v="2016-12-16T02:00Z/2016-12-16T03:00Z"/><Direction v="Z02"/><Quantity v="245002"/><MeasureUnit v="KW1"/></Period><Period><TimeInterval v="2016-12-16T03:00Z/2016-12-16T04:00Z"/><Direction v="Z02"/><Quantity v="245002"/><MeasureUnit v="KW1"/></Period><Period><TimeInterval v="2016-12-16T04:00Z/2016-12-16T05:00Z"/><Direction v="Z02"/><Quantity v="245002"/><MeasureUnit v="KW1"/></Period><Period><TimeInterval v="2016-12-15T05:00Z/2016-12-15T06:00Z"/><Direction v="Z03"/><Quantity v="3330001"/><MeasureUnit v="KW1"/></Period><Period><TimeInterval v="2016-12-15T06:00Z/2016-12-15T07:00Z"/><Direction v="Z03"/><Quantity v="3330001"/><MeasureUnit v="KW1"/></Period><Period><TimeInterval v="2016-12-15T07:00Z/2016-12-15T08:00Z"/><Direction v="Z03"/><Quantity v="3330001"/><MeasureUnit v="KW1"/></Period><Period><TimeInterval v="2016-12-15T08:00Z/2016-12-15T09:00Z"/><Direction v="Z03"/><Quantity v="3330001"/><MeasureUnit v="KW1"/></Period><Period><TimeInterval v="2016-12-15T09:00Z/2016-12-15T10:00Z"/><Direction v="Z03"/><Quantity v="3330001"/><MeasureUnit v="KW1"/></Period><Period><TimeInterval v="2016-12-15T10:00Z/2016-12-15T11:00Z"/><Direction v="Z03"/><Quantity v="3330001"/><MeasureUnit v="KW1"/></Period><Period><TimeInterval v="2016-12-15T11:00Z/2016-12-15T12:00Z"/><Direction v="Z03"/><Quantity v="3330001"/><MeasureUnit v="KW1"/></Period><Period><TimeInterval v="2016-12-15T12:00Z/2016-12-15T13:00Z"/><Direction v="Z03"/><Quantity v="3330001"/><MeasureUnit v="KW1"/></Period><Period><TimeInterval v="2016-12-15T13:00Z/2016-12-15T14:00Z"/><Direction v="Z03"/><Quantity v="3330001"/><MeasureUnit v="KW1"/></Period><Period><TimeInterval v="2016-12-15T14:00Z/2016-12-15T15:00Z"/><Direction v="Z03"/><Quantity v="3330001"/><MeasureUnit v="KW1"/></Period><Period><TimeInterval v="2016-12-15T15:00Z/2016-12-15T16:00Z"/><Direction v="Z03"/><Quantity v="3330001"/><MeasureUnit v="KW1"/></Period><Period><TimeInterval v="2016-12-15T16:00Z/2016-12-15T17:00Z"/><Direction v="Z03"/><Quantity v="3330001"/><MeasureUnit v="KW1"/></Period><Period><TimeInterval v="2016-12-15T17:00Z/2016-12-15T18:00Z"/><Direction v="Z03"/><Quantity v="3330001"/><MeasureUnit v="KW1"/></Period><Period><TimeInterval v="2016-12-15T18:00Z/2016-12-15T19:00Z"/><Direction v="Z03"/><Quantity v="3330001"/><MeasureUnit v="KW1"/></Period><Period><TimeInterval v="2016-12-15T19:00Z/2016-12-15T20:00Z"/><Direction v="Z03"/><Quantity v="3330001"/><MeasureUnit v="KW1"/></Period><Period><TimeInterval v="2016-12-15T20:00Z/2016-12-15T21:00Z"/><Direction v="Z03"/><Quantity v="3330001"/><MeasureUnit v="KW1"/></Period><Period><TimeInterval v="2016-12-15T21:00Z/2016-12-15T22:00Z"/><Direction v="Z03"/><Quantity v="3330001"/><MeasureUnit v="KW1"/></Period><Period><TimeInterval v="2016-12-15T22:00Z/2016-12-15T23:00Z"/><Direction v="Z03"/><Quantity v="3330001"/><MeasureUnit v="KW1"/></Period><Period><TimeInterval v="2016-12-15T23:00Z/2016-12-16T00:00Z"/><Direction v="Z03"/><Quantity v="3330001"/><MeasureUnit v="KW1"/></Period><Period><TimeInterval v="2016-12-16T00:00Z/2016-12-16T01:00Z"/><Direction v="Z03"/><Quantity v="3330001"/><MeasureUnit v="KW1"/></Period><Period><TimeInterval v="2016-12-16T01:00Z/2016-12-16T02:00Z"/><Direction v="Z03"/><Quantity v="3330001"/><MeasureUnit v="KW1"/></Period><Period><TimeInterval v="2016-12-16T02:00Z/2016-12-16T03:00Z"/><Direction v="Z03"/><Quantity v="3330001"/><MeasureUnit v="KW1"/></Period><Period><TimeInterval v="2016-12-16T03:00Z/2016-12-16T04:00Z"/><Direction v="Z03"/><Quantity v="3330001"/><MeasureUnit v="KW1"/></Period><Period><TimeInterval v="2016-12-16T04:00Z/2016-12-16T05:00Z"/><Direction v="Z03"/><Quantity v="3330001"/><MeasureUnit v="KW1"/></Period></Category></ConnectionPoint><ConnectionPoint><Identification v="21Z000000000343P" codingScheme="305"/><Type v="Z31"/><Category><CapacityCode v="Z06"/><Period><TimeInterval v="2016-12-15T05:00Z/2016-12-15T06:00Z"/><Direction v="Z03"/><Quantity v="4483861"/><MeasureUnit v="KW1"/></Period><Period><TimeInterval v="2016-12-15T06:00Z/2016-12-15T07:00Z"/><Direction v="Z03"/><Quantity v="4483861"/><MeasureUnit v="KW1"/></Period><Period><TimeInterval v="2016-12-15T07:00Z/2016-12-15T08:00Z"/><Direction v="Z03"/><Quantity v="4483861"/><MeasureUnit v="KW1"/></Period><Period><TimeInterval v="2016-12-15T08:00Z/2016-12-15T09:00Z"/><Direction v="Z03"/><Quantity v="4483861"/><MeasureUnit v="KW1"/></Period><Period><TimeInterval v="2016-12-15T09:00Z/2016-12-15T10:00Z"/><Direction v="Z03"/><Quantity v="4483861"/><MeasureUnit v="KW1"/></Period><Period><TimeInterval v="2016-12-15T10:00Z/2016-12-15T11:00Z"/><Direction v="Z03"/><Quantity v="4483861"/><MeasureUnit v="KW1"/></Period><Period><TimeInterval v="2016-12-15T11:00Z/2016-12-15T12:00Z"/><Direction v="Z03"/><Quantity v="4483861"/><MeasureUnit v="KW1"/></Period><Period><TimeInterval v="2016-12-15T12:00Z/2016-12-15T13:00Z"/><Direction v="Z03"/><Quantity v="4483861"/><MeasureUnit v="KW1"/></Period><Period><TimeInterval v="2016-12-15T13:00Z/2016-12-15T14:00Z"/><Direction v="Z03"/><Quantity v="4483861"/><MeasureUnit v="KW1"/></Period><Period><TimeInterval v="2016-12-15T14:00Z/2016-12-15T15:00Z"/><Direction v="Z03"/><Quantity v="4483861"/><MeasureUnit v="KW1"/></Period><Period><TimeInterval v="2016-12-15T15:00Z/2016-12-15T16:00Z"/><Direction v="Z03"/><Quantity v="4483861"/><MeasureUnit v="KW1"/></Period><Period><TimeInterval v="2016-12-15T16:00Z/2016-12-15T17:00Z"/><Direction v="Z03"/><Quantity v="4483861"/><MeasureUnit v="KW1"/></Period><Period><TimeInterval v="2016-12-15T17:00Z/2016-12-15T18:00Z"/><Direction v="Z03"/><Quantity v="4483861"/><MeasureUnit v="KW1"/></Period><Period><TimeInterval v="2016-12-15T18:00Z/2016-12-15T19:00Z"/><Direction v="Z03"/><Quantity v="4483861"/><MeasureUnit v="KW1"/></Period><Period><TimeInterval v="2016-12-15T19:00Z/2016-12-15T20:00Z"/><Direction v="Z03"/><Quantity v="4483861"/><MeasureUnit v="KW1"/></Period><Period><TimeInterval v="2016-12-15T20:00Z/2016-12-15T21:00Z"/><Direction v="Z03"/><Quantity v="4483861"/><MeasureUnit v="KW1"/></Period><Period><TimeInterval v="2016-12-15T21:00Z/2016-12-15T22:00Z"/><Direction v="Z03"/><Quantity v="4483861"/><MeasureUnit v="KW1"/></Period><Period><TimeInterval v="2016-12-15T22:00Z/2016-12-15T23:00Z"/><Direction v="Z03"/><Quantity v="4483861"/><MeasureUnit v="KW1"/></Period><Period><TimeInterval v="2016-12-15T23:00Z/2016-12-16T00:00Z"/><Direction v="Z03"/><Quantity v="4483861"/><MeasureUnit v="KW1"/></Period><Period><TimeInterval v="2016-12-16T00:00Z/2016-12-16T01:00Z"/><Direction v="Z03"/><Quantity v="4483861"/><MeasureUnit v="KW1"/></Period><Period><TimeInterval v="2016-12-16T01:00Z/2016-12-16T02:00Z"/><Direction v="Z03"/><Quantity v="4483861"/><MeasureUnit v="KW1"/></Period><Period><TimeInterval v="2016-12-16T02:00Z/2016-12-16T03:00Z"/><Direction v="Z03"/><Quantity v="4483861"/><MeasureUnit v="KW1"/></Period><Period><TimeInterval v="2016-12-16T03:00Z/2016-12-16T04:00Z"/><Direction v="Z03"/><Quantity v="4483861"/><MeasureUnit v="KW1"/></Period><Period><TimeInterval v="2016-12-16T04:00Z/2016-12-16T05:00Z"/><Direction v="Z03"/><Quantity v="4483861"/><MeasureUnit v="KW1"/></Period></Category><Category><CapacityCode v="Z07"/><Period><TimeInterval v="2016-12-15T05:00Z/2016-12-15T06:00Z"/><Direction v="Z03"/><Quantity v="19148500"/><MeasureUnit v="KW1"/></Period><Period><TimeInterval v="2016-12-15T06:00Z/2016-12-15T07:00Z"/><Direction v="Z03"/><Quantity v="19148500"/><MeasureUnit v="KW1"/></Period><Period><TimeInterval v="2016-12-15T07:00Z/2016-12-15T08:00Z"/><Direction v="Z03"/><Quantity v="19148500"/><MeasureUnit v="KW1"/></Period><Period><TimeInterval v="2016-12-15T08:00Z/2016-12-15T09:00Z"/><Direction v="Z03"/><Quantity v="19148500"/><MeasureUnit v="KW1"/></Period><Period><TimeInterval v="2016-12-15T09:00Z/2016-12-15T10:00Z"/><Direction v="Z03"/><Quantity v="19148500"/><MeasureUnit v="KW1"/></Period><Period><TimeInterval v="2016-12-15T10:00Z/2016-12-15T11:00Z"/><Direction v="Z03"/><Quantity v="19148500"/><MeasureUnit v="KW1"/></Period><Period><TimeInterval v="2016-12-15T11:00Z/2016-12-15T12:00Z"/><Direction v="Z03"/><Quantity v="19148500"/><MeasureUnit v="KW1"/></Period><Period><TimeInterval v="2016-12-15T12:00Z/2016-12-15T13:00Z"/><Direction v="Z03"/><Quantity v="19148500"/><MeasureUnit v="KW1"/></Period><Period><TimeInterval v="2016-12-15T13:00Z/2016-12-15T14:00Z"/><Direction v="Z03"/><Quantity v="19148500"/><MeasureUnit v="KW1"/></Period><Period><TimeInterval v="2016-12-15T14:00Z/2016-12-15T15:00Z"/><Direction v="Z03"/><Quantity v="19148500"/><MeasureUnit v="KW1"/></Period><Period><TimeInterval v="2016-12-15T15:00Z/2016-12-15T16:00Z"/><Direction v="Z03"/><Quantity v="19148500"/><MeasureUnit v="KW1"/></Period><Period><TimeInterval v="2016-12-15T16:00Z/2016-12-15T17:00Z"/><Direction v="Z03"/><Quantity v="19148500"/><MeasureUnit v="KW1"/></Period><Period><TimeInterval v="2016-12-15T17:00Z/2016-12-15T18:00Z"/><Direction v="Z03"/><Quantity v="19148500"/><MeasureUnit v="KW1"/></Period><Period><TimeInterval v="2016-12-15T18:00Z/2016-12-15T19:00Z"/><Direction v="Z03"/><Quantity v="19148500"/><MeasureUnit v="KW1"/></Period><Period><TimeInterval v="2016-12-15T19:00Z/2016-12-15T20:00Z"/><Direction v="Z03"/><Quantity v="19148500"/><MeasureUnit v="KW1"/></Period><Period><TimeInterval v="2016-12-15T20:00Z/2016-12-15T21:00Z"/><Direction v="Z03"/><Quantity v="19148500"/><MeasureUnit v="KW1"/></Period><Period><TimeInterval v="2016-12-15T21:00Z/2016-12-15T22:00Z"/><Direction v="Z03"/><Quantity v="19148500"/><MeasureUnit v="KW1"/></Period><Period><TimeInterval v="2016-12-15T22:00Z/2016-12-15T23:00Z"/><Direction v="Z03"/><Quantity v="19148500"/><MeasureUnit v="KW1"/></Period><Period><TimeInterval v="2016-12-15T23:00Z/2016-12-16T00:00Z"/><Direction v="Z03"/><Quantity v="19148500"/><MeasureUnit v="KW1"/></Period><Period><TimeInterval v="2016-12-16T00:00Z/2016-12-16T01:00Z"/><Direction v="Z03"/><Quantity v="19148500"/><MeasureUnit v="KW1"/></Period><Period><TimeInterval v="2016-12-16T01:00Z/2016-12-16T02:00Z"/><Direction v="Z03"/><Quantity v="19148500"/><MeasureUnit v="KW1"/></Period><Period><TimeInterval v="2016-12-16T02:00Z/2016-12-16T03:00Z"/><Direction v="Z03"/><Quantity v="19148500"/><MeasureUnit v="KW1"/></Period><Period><TimeInterval v="2016-12-16T03:00Z/2016-12-16T04:00Z"/><Direction v="Z03"/><Quantity v="19148500"/><MeasureUnit v="KW1"/></Period><Period><TimeInterval v="2016-12-16T04:00Z/2016-12-16T05:00Z"/><Direction v="Z03"/><Quantity v="19148500"/><MeasureUnit v="KW1"/></Period></Category><Category><CapacityCode v="Z10"/><Period><TimeInterval v="2016-12-15T05:00Z/2016-12-15T06:00Z"/><Direction v="Z03"/><Quantity v="6829318"/><MeasureUnit v="KW1"/></Period><Period><TimeInterval v="2016-12-15T06:00Z/2016-12-15T07:00Z"/><Direction v="Z03"/><Quantity v="6829318"/><MeasureUnit v="KW1"/></Period><Period><TimeInterval v="2016-12-15T07:00Z/2016-12-15T08:00Z"/><Direction v="Z03"/><Quantity v="6829318"/><MeasureUnit v="KW1"/></Period><Period><TimeInterval v="2016-12-15T08:00Z/2016-12-15T09:00Z"/><Direction v="Z03"/><Quantity v="6829318"/><MeasureUnit v="KW1"/></Period><Period><TimeInterval v="2016-12-15T09:00Z/2016-12-15T10:00Z"/><Direction v="Z03"/><Quantity v="6829318"/><MeasureUnit v="KW1"/></Period><Period><TimeInterval v="2016-12-15T10:00Z/2016-12-15T11:00Z"/><Direction v="Z03"/><Quantity v="6829318"/><MeasureUnit v="KW1"/></Period><Period><TimeInterval v="2016-12-15T11:00Z/2016-12-15T12:00Z"/><Direction v="Z03"/><Quantity v="6829318"/><MeasureUnit v="KW1"/></Period><Period><TimeInterval v="2016-12-15T12:00Z/2016-12-15T13:00Z"/><Direction v="Z03"/><Quantity v="6829318"/><MeasureUnit v="KW1"/></Period><Period><TimeInterval v="2016-12-15T13:00Z/2016-12-15T14:00Z"/><Direction v="Z03"/><Quantity v="6829318"/><MeasureUnit v="KW1"/></Period><Period><TimeInterval v="2016-12-15T14:00Z/2016-12-15T15:00Z"/><Direction v="Z03"/><Quantity v="6829318"/><MeasureUnit v="KW1"/></Period><Period><TimeInterval v="2016-12-15T15:00Z/2016-12-15T16:00Z"/><Direction v="Z03"/><Quantity v="6829318"/><MeasureUnit v="KW1"/></Period><Period><TimeInterval v="2016-12-15T16:00Z/2016-12-15T17:00Z"/><Direction v="Z03"/><Quantity v="6829318"/><MeasureUnit v="KW1"/></Period><Period><TimeInterval v="2016-12-15T17:00Z/2016-12-15T18:00Z"/><Direction v="Z03"/><Quantity v="6829318"/><MeasureUnit v="KW1"/></Period><Period><TimeInterval v="2016-12-15T18:00Z/2016-12-15T19:00Z"/><Direction v="Z03"/><Quantity v="6829318"/><MeasureUnit v="KW1"/></Period><Period><TimeInterval v="2016-12-15T19:00Z/2016-12-15T20:00Z"/><Direction v="Z03"/><Quantity v="6829318"/><MeasureUnit v="KW1"/></Period><Period><TimeInterval v="2016-12-15T20:00Z/2016-12-15T21:00Z"/><Direction v="Z03"/><Quantity v="6829318"/><MeasureUnit v="KW1"/></Period><Period><TimeInterval v="2016-12-15T21:00Z/2016-12-15T22:00Z"/><Direction v="Z03"/><Quantity v="6829318"/><MeasureUnit v="KW1"/></Period><Period><TimeInterval v="2016-12-15T22:00Z/2016-12-15T23:00Z"/><Direction v="Z03"/><Quantity v="6829318"/><MeasureUnit v="KW1"/></Period><Period><TimeInterval v="2016-12-15T23:00Z/2016-12-16T00:00Z"/><Direction v="Z03"/><Quantity v="6829318"/><MeasureUnit v="KW1"/></Period><Period><TimeInterval v="2016-12-16T00:00Z/2016-12-16T01:00Z"/><Direction v="Z03"/><Quantity v="6829318"/><MeasureUnit v="KW1"/></Period><Period><TimeInterval v="2016-12-16T01:00Z/2016-12-16T02:00Z"/><Direction v="Z03"/><Quantity v="6829318"/><MeasureUnit v="KW1"/></Period><Period><TimeInterval v="2016-12-16T02:00Z/2016-12-16T03:00Z"/><Direction v="Z03"/><Quantity v="6829318"/><MeasureUnit v="KW1"/></Period><Period><TimeInterval v="2016-12-16T03:00Z/2016-12-16T04:00Z"/><Direction v="Z03"/><Quantity v="6829318"/><MeasureUnit v="KW1"/></Period><Period><TimeInterval v="2016-12-16T04:00Z/2016-12-16T05:00Z"/><Direction v="Z03"/><Quantity v="6829318"/><MeasureUnit v="KW1"/></Period></Category><Category><CapacityCode v="Z11"/><Period><TimeInterval v="2016-12-15T05:00Z/2016-12-15T06:00Z"/><Direction v="Z03"/><Quantity v="14664639"/><MeasureUnit v="KW1"/></Period><Period><TimeInterval v="2016-12-15T06:00Z/2016-12-15T07:00Z"/><Direction v="Z03"/><Quantity v="14664639"/><MeasureUnit v="KW1"/></Period><Period><TimeInterval v="2016-12-15T07:00Z/2016-12-15T08:00Z"/><Direction v="Z03"/><Quantity v="14664639"/><MeasureUnit v="KW1"/></Period><Period><TimeInterval v="2016-12-15T08:00Z/2016-12-15T09:00Z"/><Direction v="Z03"/><Quantity v="14664639"/><MeasureUnit v="KW1"/></Period><Period><TimeInterval v="2016-12-15T09:00Z/2016-12-15T10:00Z"/><Direction v="Z03"/><Quantity v="14664639"/><MeasureUnit v="KW1"/></Period><Period><TimeInterval v="2016-12-15T10:00Z/2016-12-15T11:00Z"/><Direction v="Z03"/><Quantity v="14664639"/><MeasureUnit v="KW1"/></Period><Period><TimeInterval v="2016-12-15T11:00Z/2016-12-15T12:00Z"/><Direction v="Z03"/><Quantity v="14664639"/><MeasureUnit v="KW1"/></Period><Period><TimeInterval v="2016-12-15T12:00Z/2016-12-15T13:00Z"/><Direction v="Z03"/><Quantity v="14664639"/><MeasureUnit v="KW1"/></Period><Period><TimeInterval v="2016-12-15T13:00Z/2016-12-15T14:00Z"/><Direction v="Z03"/><Quantity v="14664639"/><MeasureUnit v="KW1"/></Period><Period><TimeInterval v="2016-12-15T14:00Z/2016-12-15T15:00Z"/><Direction v="Z03"/><Quantity v="14664639"/><MeasureUnit v="KW1"/></Period><Period><TimeInterval v="2016-12-15T15:00Z/2016-12-15T16:00Z"/><Direction v="Z03"/><Quantity v="14664639"/><MeasureUnit v="KW1"/></Period><Period><TimeInterval v="2016-12-15T16:00Z/2016-12-15T17:00Z"/><Direction v="Z03"/><Quantity v="14664639"/><MeasureUnit v="KW1"/></Period><Period><TimeInterval v="2016-12-15T17:00Z/2016-12-15T18:00Z"/><Direction v="Z03"/><Quantity v="14664639"/><MeasureUnit v="KW1"/></Period><Period><TimeInterval v="2016-12-15T18:00Z/2016-12-15T19:00Z"/><Direction v="Z03"/><Quantity v="14664639"/><MeasureUnit v="KW1"/></Period><Period><TimeInterval v="2016-12-15T19:00Z/2016-12-15T20:00Z"/><Direction v="Z03"/><Quantity v="14664639"/><MeasureUnit v="KW1"/></Period><Period><TimeInterval v="2016-12-15T20:00Z/2016-12-15T21:00Z"/><Direction v="Z03"/><Quantity v="14664639"/><MeasureUnit v="KW1"/></Period><Period><TimeInterval v="2016-12-15T21:00Z/2016-12-15T22:00Z"/><Direction v="Z03"/><Quantity v="14664639"/><MeasureUnit v="KW1"/></Period><Period><TimeInterval v="2016-12-15T22:00Z/2016-12-15T23:00Z"/><Direction v="Z03"/><Quantity v="14664639"/><MeasureUnit v="KW1"/></Period><Period><TimeInterval v="2016-12-15T23:00Z/2016-12-16T00:00Z"/><Direction v="Z03"/><Quantity v="14664639"/><MeasureUnit v="KW1"/></Period><Period><TimeInterval v="2016-12-16T00:00Z/2016-12-16T01:00Z"/><Direction v="Z03"/><Quantity v="14664639"/><MeasureUnit v="KW1"/></Period><Period><TimeInterval v="2016-12-16T01:00Z/2016-12-16T02:00Z"/><Direction v="Z03"/><Quantity v="14664639"/><MeasureUnit v="KW1"/></Period><Period><TimeInterval v="2016-12-16T02:00Z/2016-12-16T03:00Z"/><Direction v="Z03"/><Quantity v="14664639"/><MeasureUnit v="KW1"/></Period><Period><TimeInterval v="2016-12-16T03:00Z/2016-12-16T04:00Z"/><Direction v="Z03"/><Quantity v="14664639"/><MeasureUnit v="KW1"/></Period><Period><TimeInterval v="2016-12-16T04:00Z/2016-12-16T05:00Z"/><Direction v="Z03"/><Quantity v="14664639"/><MeasureUnit v="KW1"/></Period></Category></ConnectionPoint></TransparencyPublication>