<?xml version="1.0" encoding="UTF-8"?><TransparencyPublication Version="EGAS50" Release="A"><Identification v="TRANPB20170102A103969"/><Version v="1"/><Type v="AL6"/><CreationDateTime v="2017-01-02T07:13:37.995Z"/><ValidityPeriod v="2016-12-19T05:00Z/2016-12-20T05:00Z"/><IssuerIdentification v="21X-DE-C-A0A0A-T" codingScheme="305"/><IssuerRole v="ZSO"/><RecipientIdentification v="10X1001A1001A353" codingScheme="305"/><RecipientRole v="ZUA"/><ConnectionPoint><Identification v="37Z000000006231B" codingScheme="305"/><Type v="Z26"/><Category><CapacityCode v="Z08"/><Period><TimeInterval v="2016-12-19T05:00Z/2016-12-19T06:00Z"/><Direction v="Z02"/><Quantity v="0"/><MeasureUnit v="KW1"/></Period><Period><TimeInterval v="2016-12-19T06:00Z/2016-12-19T07:00Z"/><Direction v="Z02"/><Quantity v="0"/><MeasureUnit v="KW1"/></Period><Period><TimeInterval v="2016-12-19T07:00Z/2016-12-19T08:00Z"/><Direction v="Z02"/><Quantity v="0"/><MeasureUnit v="KW1"/></Period><Period><TimeInterval v="2016-12-19T08:00Z/2016-12-19T09:00Z"/><Direction v="Z02"/><Quantity v="0"/><MeasureUnit v="KW1"/></Period><Period><TimeInterval v="2016-12-19T09:00Z/2016-12-19T10:00Z"/><Direction v="Z02"/><Quantity v="0"/><MeasureUnit v="KW1"/></Period><Period><TimeInterval v="2016-12-19T10:00Z/2016-12-19T11:00Z"/><Direction v="Z02"/><Quantity v="0"/><MeasureUnit v="KW1"/></Period><Period><TimeInterval v="2016-12-19T11:00Z/2016-12-19T12:00Z"/><Direction v="Z02"/><Quantity v="0"/><MeasureUnit v="KW1"/></Period><Period><TimeInterval v="2016-12-19T12:00Z/2016-12-19T13:00Z"/><Direction v="Z02"/><Quantity v="0"/><MeasureUnit v="KW1"/></Period><Period><TimeInterval v="2016-12-19T13:00Z/2016-12-19T14:00Z"/><Direction v="Z02"/><Quantity v="0"/><MeasureUnit v="KW1"/></Period><Period><TimeInterval v="2016-12-19T14:00Z/2016-12-19T15:00Z"/><Direction v="Z02"/><Quantity v="0"/><MeasureUnit v="KW1"/></Period><Period><TimeInterval v="2016-12-19T15:00Z/2016-12-19T16:00Z"/><Direction v="Z02"/><Quantity v="0"/><MeasureUnit v="KW1"/></Period><Period><TimeInterval v="2016-12-19T16:00Z/2016-12-19T17:00Z"/><Direction v="Z02"/><Quantity v="0"/><MeasureUnit v="KW1"/></Period><Period><TimeInterval v="2016-12-19T17:00Z/2016-12-19T18:00Z"/><Direction v="Z02"/><Quantity v="0"/><MeasureUnit v="KW1"/></Period><Period><TimeInterval v="2016-12-19T18:00Z/2016-12-19T19:00Z"/><Direction v="Z02"/><Quantity v="0"/><MeasureUnit v="KW1"/></Period><Period><TimeInterval v="2016-12-19T19:00Z/2016-12-19T20:00Z"/><Direction v="Z02"/><Quantity v="0"/><MeasureUnit v="KW1"/></Period><Period><TimeInterval v="2016-12-19T20:00Z/2016-12-19T21:00Z"/><Direction v="Z02"/><Quantity v="0"/><MeasureUnit v="KW1"/></Period><Period><TimeInterval v="2016-12-19T21:00Z/2016-12-19T22:00Z"/><Direction v="Z02"/><Quantity v="0"/><MeasureUnit v="KW1"/></Period><Period><TimeInterval v="2016-12-19T22:00Z/2016-12-19T23:00Z"/><Direction v="Z02"/><Quantity v="0"/><MeasureUnit v="KW1"/></Period><Period><TimeInterval v="2016-12-19T23:00Z/2016-12-20T00:00Z"/><Direction v="Z02"/><Quantity v="0"/><MeasureUnit v="KW1"/></Period><Period><TimeInterval v="2016-12-20T00:00Z/2016-12-20T01:00Z"/><Direction v="Z02"/><Quantity v="0"/><MeasureUnit v="KW1"/></Period><Period><TimeInterval v="2016-12-20T01:00Z/2016-12-20T02:00Z"/><Direction v="Z02"/><Quantity v="0"/><MeasureUnit v="KW1"/></Period><Period><TimeInterval v="2016-12-20T02:00Z/2016-12-20T03:00Z"/><Direction v="Z02"/><Quantity v="0"/><MeasureUnit v="KW1"/></Period><Period><TimeInterval v="2016-12-20T03:00Z/2016-12-20T04:00Z"/><Direction v="Z02"/><Quantity v="0"/><MeasureUnit v="KW1"/></Period><Period><TimeInterval v="2016-12-20T04:00Z/2016-12-20T05:00Z"/><Direction v="Z02"/><Quantity v="0"/><MeasureUnit v="KW1"/></Period></Category></ConnectionPoint><ConnectionPoint><Identification v="21Z000000000071W" codingScheme="305"/><Type v="Z25"/><Category><CapacityCode v="Z08"/><Period><TimeInterval v="2016-12-19T05:00Z/2016-12-19T06:00Z"/><Direction v="Z02"/><Quantity v="10345631"/><MeasureUnit v="KW1"/></Period><Period><TimeInterval v="2016-12-19T06:00Z/2016-12-19T07:00Z"/><Direction v="Z02"/><Quantity v="10532203"/><MeasureUnit v="KW1"/></Period><Period><TimeInterval v="2016-12-19T07:00Z/2016-12-19T08:00Z"/><Direction v="Z02"/><Quantity v="10664769"/><MeasureUnit v="KW1"/></Period><Period><TimeInterval v="2016-12-19T08:00Z/2016-12-19T09:00Z"/><Direction v="Z02"/><Quantity v="10744906"/><MeasureUnit v="KW1"/></Period><Period><TimeInterval v="2016-12-19T09:00Z/2016-12-19T10:00Z"/><Direction v="Z02"/><Quantity v="10553672"/><MeasureUnit v="KW1"/></Period><Period><TimeInterval v="2016-12-19T10:00Z/2016-12-19T11:00Z"/><Direction v="Z02"/><Quantity v="10664584"/><MeasureUnit v="KW1"/></Period><Period><TimeInterval v="2016-12-19T11:00Z/2016-12-19T12:00Z"/><Direction v="Z02"/><Quantity v="10991171"/><MeasureUnit v="KW1"/></Period><Period><TimeInterval v="2016-12-19T12:00Z/2016-12-19T13:00Z"/><Direction v="Z02"/><Quantity v="10990591"/><MeasureUnit v="KW1"/></Period><Period><TimeInterval v="2016-12-19T13:00Z/2016-12-19T14:00Z"/><Direction v="Z02"/><Quantity v="10917848"/><MeasureUnit v="KW1"/></Period><Period><TimeInterval v="2016-12-19T14:00Z/2016-12-19T15:00Z"/><Direction v="Z02"/><Quantity v="11065851"/><MeasureUnit v="KW1"/></Period><Period><TimeInterval v="2016-12-19T15:00Z/2016-12-19T16:00Z"/><Direction v="Z02"/><Quantity v="10179836"/><MeasureUnit v="KW1"/></Period><Period><TimeInterval v="2016-12-19T16:00Z/2016-12-19T17:00Z"/><Direction v="Z02"/><Quantity v="9099011"/><MeasureUnit v="KW1"/></Period><Period><TimeInterval v="2016-12-19T17:00Z/2016-12-19T18:00Z"/><Direction v="Z02"/><Quantity v="9759309"/><MeasureUnit v="KW1"/></Period><Period><TimeInterval v="2016-12-19T18:00Z/2016-12-19T19:00Z"/><Direction v="Z02"/><Quantity v="9912130"/><MeasureUnit v="KW1"/></Period><Period><TimeInterval v="2016-12-19T19:00Z/2016-12-19T20:00Z"/><Direction v="Z02"/><Quantity v="9674658"/><MeasureUnit v="KW1"/></Period><Period><TimeInterval v="2016-12-19T20:00Z/2016-12-19T21:00Z"/><Direction v="Z02"/><Quantity v="9809896"/><MeasureUnit v="KW1"/></Period><Period><TimeInterval v="2016-12-19T21:00Z/2016-12-19T22:00Z"/><Direction v="Z02"/><Quantity v="9828337"/><MeasureUnit v="KW1"/></Period><Period><TimeInterval v="2016-12-19T22:00Z/2016-12-19T23:00Z"/><Direction v="Z02"/><Quantity v="9823014"/><MeasureUnit v="KW1"/></Period><Period><TimeInterval v="2016-12-19T23:00Z/2016-12-20T00:00Z"/><Direction v="Z02"/><Quantity v="9860798"/><MeasureUnit v="KW1"/></Period><Period><TimeInterval v="2016-12-20T00:00Z/2016-12-20T01:00Z"/><Direction v="Z02"/><Quantity v="9833841"/><MeasureUnit v="KW1"/></Period><Period><TimeInterval v="2016-12-20T01:00Z/2016-12-20T02:00Z"/><Direction v="Z02"/><Quantity v="9800980"/><MeasureUnit v="KW1"/></Period><Period><TimeInterval v="2016-12-20T02:00Z/2016-12-20T03:00Z"/><Direction v="Z02"/><Quantity v="9895623"/><MeasureUnit v="KW1"/></Period><Period><TimeInterval v="2016-12-20T03:00Z/2016-12-20T04:00Z"/><Direction v="Z02"/><Quantity v="9844822"/><MeasureUnit v="KW1"/></Period><Period><TimeInterval v="2016-12-20T04:00Z/2016-12-20T05:00Z"/><Direction v="Z02"/><Quantity v="9838895"/><MeasureUnit v="KW1"/></Period></Category></ConnectionPoint><ConnectionPoint><Identification v="21Z0000000000163" codingScheme="305"/><Type v="Z25"/><Category><CapacityCode v="Z08"/><Period><TimeInterval v="2016-12-19T05:00Z/2016-12-19T06:00Z"/><Direction v="Z03"/><Quantity v="4652777"/><MeasureUnit v="KW1"/></Period><Period><TimeInterval v="2016-12-19T06:00Z/2016-12-19T07:00Z"/><Direction v="Z03"/><Quantity v="4544445"/><MeasureUnit v="KW1"/></Period><Period><TimeInterval v="2016-12-19T07:00Z/2016-12-19T08:00Z"/><Direction v="Z03"/><Quantity v="4563889"/><MeasureUnit v="KW1"/></Period><Period><TimeInterval v="2016-12-19T08:00Z/2016-12-19T09:00Z"/><Direction v="Z03"/><Quantity v="4611111"/><MeasureUnit v="KW1"/></Period><Period><TimeInterval v="2016-12-19T09:00Z/2016-12-19T10:00Z"/><Direction v="Z03"/><Quantity v="4569444"/><MeasureUnit v="KW1"/></Period><Period><TimeInterval v="2016-12-19T10:00Z/2016-12-19T11:00Z"/><Direction v="Z03"/><Quantity v="4583333"/><MeasureUnit v="KW1"/></Period><Period><TimeInterval v="2016-12-19T11:00Z/2016-12-19T12:00Z"/><Direction v="Z03"/><Quantity v="4569444"/><MeasureUnit v="KW1"/></Period><Period><TimeInterval v="2016-12-19T12:00Z/2016-12-19T13:00Z"/><Direction v="Z03"/><Quantity v="4602778"/><MeasureUnit v="KW1"/></Period><Period><TimeInterval v="2016-12-19T13:00Z/2016-12-19T14:00Z"/><Direction v="Z03"/><Quantity v="4630556"/><MeasureUnit v="KW1"/></Period><Period><TimeInterval v="2016-12-19T14:00Z/2016-12-19T15:00Z"/><Direction v="Z03"/><Quantity v="4627778"/><MeasureUnit v="KW1"/></Period><Period><TimeInterval v="2016-12-19T15:00Z/2016-12-19T16:00Z"/><Direction v="Z03"/><Quantity v="4611111"/><MeasureUnit v="KW1"/></Period><Period><TimeInterval v="2016-12-19T16:00Z/2016-12-19T17:00Z"/><Direction v="Z03"/><Quantity v="3636111"/><MeasureUnit v="KW1"/></Period><Period><TimeInterval v="2016-12-19T17:00Z/2016-12-19T18:00Z"/><Direction v="Z03"/><Quantity v="4569444"/><MeasureUnit v="KW1"/></Period><Period><TimeInterval v="2016-12-19T18:00Z/2016-12-19T19:00Z"/><Direction v="Z03"/><Quantity v="4588889"/><MeasureUnit v="KW1"/></Period><Period><TimeInterval v="2016-12-19T19:00Z/2016-12-19T20:00Z"/><Direction v="Z03"/><Quantity v="4594445"/><MeasureUnit v="KW1"/></Period><Period><TimeInterval v="2016-12-19T20:00Z/2016-12-19T21:00Z"/><Direction v="Z03"/><Quantity v="4622222"/><MeasureUnit v="KW1"/></Period><Period><TimeInterval v="2016-12-19T21:00Z/2016-12-19T22:00Z"/><Direction v="Z03"/><Quantity v="4155555"/><MeasureUnit v="KW1"/></Period><Period><TimeInterval v="2016-12-19T22:00Z/2016-12-19T23:00Z"/><Direction v="Z03"/><Quantity v="4136111"/><MeasureUnit v="KW1"/></Period><Period><TimeInterval v="2016-12-19T23:00Z/2016-12-20T00:00Z"/><Direction v="Z03"/><Quantity v="4102778"/><MeasureUnit v="KW1"/></Period><Period><TimeInterval v="2016-12-20T00:00Z/2016-12-20T01:00Z"/><Direction v="Z03"/><Quantity v="4077778"/><MeasureUnit v="KW1"/></Period><Period><TimeInterval v="2016-12-20T01:00Z/2016-12-20T02:00Z"/><Direction v="Z03"/><Quantity v="4080556"/><MeasureUnit v="KW1"/></Period><Period><TimeInterval v="2016-12-20T02:00Z/2016-12-20T03:00Z"/><Direction v="Z03"/><Quantity v="4080555"/><MeasureUnit v="KW1"/></Period><Period><TimeInterval v="2016-12-20T03:00Z/2016-12-20T04:00Z"/><Direction v="Z03"/><Quantity v="4108333"/><MeasureUnit v="KW1"/></Period><Period><TimeInterval v="2016-12-20T04:00Z/2016-12-20T05:00Z"/><Direction v="Z03"/><Quantity v="4102778"/><MeasureUnit v="KW1"/></Period></Category></ConnectionPoint><ConnectionPoint><Identification v="21Z000000000343P" codingScheme="305"/><Type v="Z31"/><Category><CapacityCode v="Z08"/><Period><TimeInterval v="2016-12-19T05:00Z/2016-12-19T06:00Z"/><Direction v="Z03"/><Quantity v="34000965"/><MeasureUnit v="KW1"/></Period><Period><TimeInterval v="2016-12-19T06:00Z/2016-12-19T07:00Z"/><Direction v="Z03"/><Quantity v="34207918"/><MeasureUnit v="KW1"/></Period><Period><TimeInterval v="2016-12-19T07:00Z/2016-12-19T08:00Z"/><Direction v="Z03"/><Quantity v="36418802"/><MeasureUnit v="KW1"/></Period><Period><TimeInterval v="2016-12-19T08:00Z/2016-12-19T09:00Z"/><Direction v="Z03"/><Quantity v="38077733"/><MeasureUnit v="KW1"/></Period><Period><TimeInterval v="2016-12-19T09:00Z/2016-12-19T10:00Z"/><Direction v="Z03"/><Quantity v="38578521"/><MeasureUnit v="KW1"/></Period><Period><TimeInterval v="2016-12-19T10:00Z/2016-12-19T11:00Z"/><Direction v="Z03"/><Quantity v="35793519"/><MeasureUnit v="KW1"/></Period><Period><TimeInterval v="2016-12-19T11:00Z/2016-12-19T12:00Z"/><Direction v="Z03"/><Quantity v="36350730"/><MeasureUnit v="KW1"/></Period><Period><TimeInterval v="2016-12-19T12:00Z/2016-12-19T13:00Z"/><Direction v="Z03"/><Quantity v="37269606"/><MeasureUnit v="KW1"/></Period><Period><TimeInterval v="2016-12-19T13:00Z/2016-12-19T14:00Z"/><Direction v="Z03"/><Quantity v="37021195"/><MeasureUnit v="KW1"/></Period><Period><TimeInterval v="2016-12-19T14:00Z/2016-12-19T15:00Z"/><Direction v="Z03"/><Quantity v="37617843"/><MeasureUnit v="KW1"/></Period><Period><TimeInterval v="2016-12-19T15:00Z/2016-12-19T16:00Z"/><Direction v="Z03"/><Quantity v="37984072"/><MeasureUnit v="KW1"/></Period><Period><TimeInterval v="2016-12-19T16:00Z/2016-12-19T17:00Z"/><Direction v="Z03"/><Quantity v="35709903"/><MeasureUnit v="KW1"/></Period><Period><TimeInterval v="2016-12-19T17:00Z/2016-12-19T18:00Z"/><Direction v="Z03"/><Quantity v="31991380"/><MeasureUnit v="KW1"/></Period><Period><TimeInterval v="2016-12-19T18:00Z/2016-12-19T19:00Z"/><Direction v="Z03"/><Quantity v="32470122"/><MeasureUnit v="KW1"/></Period><Period><TimeInterval v="2016-12-19T19:00Z/2016-12-19T20:00Z"/><Direction v="Z03"/><Quantity v="30473737"/><MeasureUnit v="KW1"/></Period><Period><TimeInterval v="2016-12-19T20:00Z/2016-12-19T21:00Z"/><Direction v="Z03"/><Quantity v="31707753"/><MeasureUnit v="KW1"/></Period><Period><TimeInterval v="2016-12-19T21:00Z/2016-12-19T22:00Z"/><Direction v="Z03"/><Quantity v="35284660"/><MeasureUnit v="KW1"/></Period><Period><TimeInterval v="2016-12-19T22:00Z/2016-12-19T23:00Z"/><Direction v="Z03"/><Quantity v="36258120"/><MeasureUnit v="KW1"/></Period><Period><TimeInterval v="2016-12-19T23:00Z/2016-12-20T00:00Z"/><Direction v="Z03"/><Quantity v="37920411"/><MeasureUnit v="KW1"/></Period><Period><TimeInterval v="2016-12-20T00:00Z/2016-12-20T01:00Z"/><Direction v="Z03"/><Quantity v="37217271"/><MeasureUnit v="KW1"/></Period><Period><TimeInterval v="2016-12-20T01:00Z/2016-12-20T02:00Z"/><Direction v="Z03"/><Quantity v="36506404"/><MeasureUnit v="KW1"/></Period><Period><TimeInterval v="2016-12-20T02:00Z/2016-12-20T03:00Z"/><Direction v="Z03"/><Quantity v="35897598"/><MeasureUnit v="KW1"/></Period><Period><TimeInterval v="2016-12-20T03:00Z/2016-12-20T04:00Z"/><Direction v="Z03"/><Quantity v="33673864"/><MeasureUnit v="KW1"/></Period><Period><TimeInterval v="2016-12-20T04:00Z/2016-12-20T05:00Z"/><Direction v="Z03"/><Quantity v="31398693"/><MeasureUnit v="KW1"/></Period></Category></ConnectionPoint></TransparencyPublication>