<?xml version="1.0" encoding="UTF-8"?><TransparencyPublication Version="EGAS50" Release="A"><Identification v="TRANPB20170102A104039"/><Version v="1"/><Type v="AL6"/><CreationDateTime v="2017-01-02T08:03:22.221Z"/><ValidityPeriod v="2016-12-02T05:00Z/2016-12-03T05:00Z"/><IssuerIdentification v="21X-DE-C-A0A0A-T" codingScheme="305"/><IssuerRole v="ZSO"/><RecipientIdentification v="10X1001A1001A353" codingScheme="305"/><RecipientRole v="ZUA"/><ConnectionPoint><Identification v="21Z0000000000236" codingScheme="305"/><Type v="Z25"/><Category><CapacityCode v="Z08"/><Period><TimeInterval v="2016-12-02T05:00Z/2016-12-02T06:00Z"/><Direction v="Z02"/><Quantity v="33789660"/><MeasureUnit v="KW1"/></Period><Period><TimeInterval v="2016-12-02T06:00Z/2016-12-02T07:00Z"/><Direction v="Z02"/><Quantity v="33769110"/><MeasureUnit v="KW1"/></Period><Period><TimeInterval v="2016-12-02T07:00Z/2016-12-02T08:00Z"/><Direction v="Z02"/><Quantity v="33767687"/><MeasureUnit v="KW1"/></Period><Period><TimeInterval v="2016-12-02T08:00Z/2016-12-02T09:00Z"/><Direction v="Z02"/><Quantity v="33909429"/><MeasureUnit v="KW1"/></Period><Period><TimeInterval v="2016-12-02T09:00Z/2016-12-02T10:00Z"/><Direction v="Z02"/><Quantity v="34247257"/><MeasureUnit v="KW1"/></Period><Period><TimeInterval v="2016-12-02T10:00Z/2016-12-02T11:00Z"/><Direction v="Z02"/><Quantity v="34137077"/><MeasureUnit v="KW1"/></Period><Period><TimeInterval v="2016-12-02T11:00Z/2016-12-02T12:00Z"/><Direction v="Z02"/><Quantity v="34014922"/><MeasureUnit v="KW1"/></Period><Period><TimeInterval v="2016-12-02T12:00Z/2016-12-02T13:00Z"/><Direction v="Z02"/><Quantity v="33950001"/><MeasureUnit v="KW1"/></Period><Period><TimeInterval v="2016-12-02T13:00Z/2016-12-02T14:00Z"/><Direction v="Z02"/><Quantity v="33889196"/><MeasureUnit v="KW1"/></Period><Period><TimeInterval v="2016-12-02T14:00Z/2016-12-02T15:00Z"/><Direction v="Z02"/><Quantity v="34027326"/><MeasureUnit v="KW1"/></Period><Period><TimeInterval v="2016-12-02T15:00Z/2016-12-02T16:00Z"/><Direction v="Z02"/><Quantity v="33216836"/><MeasureUnit v="KW1"/></Period><Period><TimeInterval v="2016-12-02T16:00Z/2016-12-02T17:00Z"/><Direction v="Z02"/><Quantity v="33251271"/><MeasureUnit v="KW1"/></Period><Period><TimeInterval v="2016-12-02T17:00Z/2016-12-02T18:00Z"/><Direction v="Z02"/><Quantity v="33241088"/><MeasureUnit v="KW1"/></Period><Period><TimeInterval v="2016-12-02T18:00Z/2016-12-02T19:00Z"/><Direction v="Z02"/><Quantity v="33335832"/><MeasureUnit v="KW1"/></Period><Period><TimeInterval v="2016-12-02T19:00Z/2016-12-02T20:00Z"/><Direction v="Z02"/><Quantity v="33361115"/><MeasureUnit v="KW1"/></Period><Period><TimeInterval v="2016-12-02T20:00Z/2016-12-02T21:00Z"/><Direction v="Z02"/><Quantity v="33935759"/><MeasureUnit v="KW1"/></Period><Period><TimeInterval v="2016-12-02T21:00Z/2016-12-02T22:00Z"/><Direction v="Z02"/><Quantity v="34122051"/><MeasureUnit v="KW1"/></Period><Period><TimeInterval v="2016-12-02T22:00Z/2016-12-02T23:00Z"/><Direction v="Z02"/><Quantity v="34287812"/><MeasureUnit v="KW1"/></Period><Period><TimeInterval v="2016-12-02T23:00Z/2016-12-03T00:00Z"/><Direction v="Z02"/><Quantity v="34770357"/><MeasureUnit v="KW1"/></Period><Period><TimeInterval v="2016-12-03T00:00Z/2016-12-03T01:00Z"/><Direction v="Z02"/><Quantity v="34812979"/><MeasureUnit v="KW1"/></Period><Period><TimeInterval v="2016-12-03T01:00Z/2016-12-03T02:00Z"/><Direction v="Z02"/><Quantity v="34883641"/><MeasureUnit v="KW1"/></Period><Period><TimeInterval v="2016-12-03T02:00Z/2016-12-03T03:00Z"/><Direction v="Z02"/><Quantity v="34915207"/><MeasureUnit v="KW1"/></Period><Period><TimeInterval v="2016-12-03T03:00Z/2016-12-03T04:00Z"/><Direction v="Z02"/><Quantity v="34916948"/><MeasureUnit v="KW1"/></Period><Period><TimeInterval v="2016-12-03T04:00Z/2016-12-03T05:00Z"/><Direction v="Z02"/><Quantity v="34840797"/><MeasureUnit v="KW1"/></Period></Category></ConnectionPoint><ConnectionPoint><Identification v="21Z0000000000406" codingScheme="305"/><Type v="Z25"/><Category><CapacityCode v="Z08"/><Period><TimeInterval v="2016-12-02T05:00Z/2016-12-02T06:00Z"/><Direction v="Z03"/><Quantity v="796825"/><MeasureUnit v="KW1"/></Period><Period><TimeInterval v="2016-12-02T06:00Z/2016-12-02T07:00Z"/><Direction v="Z03"/><Quantity v="796669"/><MeasureUnit v="KW1"/></Period><Period><TimeInterval v="2016-12-02T07:00Z/2016-12-02T08:00Z"/><Direction v="Z03"/><Quantity v="796761"/><MeasureUnit v="KW1"/></Period><Period><TimeInterval v="2016-12-02T08:00Z/2016-12-02T09:00Z"/><Direction v="Z03"/><Quantity v="795268"/><MeasureUnit v="KW1"/></Period><Period><TimeInterval v="2016-12-02T09:00Z/2016-12-02T10:00Z"/><Direction v="Z03"/><Quantity v="791648"/><MeasureUnit v="KW1"/></Period><Period><TimeInterval v="2016-12-02T10:00Z/2016-12-02T11:00Z"/><Direction v="Z03"/><Quantity v="786852"/><MeasureUnit v="KW1"/></Period><Period><TimeInterval v="2016-12-02T11:00Z/2016-12-02T12:00Z"/><Direction v="Z03"/><Quantity v="780769"/><MeasureUnit v="KW1"/></Period><Period><TimeInterval v="2016-12-02T12:00Z/2016-12-02T13:00Z"/><Direction v="Z03"/><Quantity v="775634"/><MeasureUnit v="KW1"/></Period><Period><TimeInterval v="2016-12-02T13:00Z/2016-12-02T14:00Z"/><Direction v="Z03"/><Quantity v="806264"/><MeasureUnit v="KW1"/></Period><Period><TimeInterval v="2016-12-02T14:00Z/2016-12-02T15:00Z"/><Direction v="Z03"/><Quantity v="822187"/><MeasureUnit v="KW1"/></Period><Period><TimeInterval v="2016-12-02T15:00Z/2016-12-02T16:00Z"/><Direction v="Z03"/><Quantity v="832406"/><MeasureUnit v="KW1"/></Period><Period><TimeInterval v="2016-12-02T16:00Z/2016-12-02T17:00Z"/><Direction v="Z03"/><Quantity v="831141"/><MeasureUnit v="KW1"/></Period><Period><TimeInterval v="2016-12-02T17:00Z/2016-12-02T18:00Z"/><Direction v="Z03"/><Quantity v="830993"/><MeasureUnit v="KW1"/></Period><Period><TimeInterval v="2016-12-02T18:00Z/2016-12-02T19:00Z"/><Direction v="Z03"/><Quantity v="830580"/><MeasureUnit v="KW1"/></Period><Period><TimeInterval v="2016-12-02T19:00Z/2016-12-02T20:00Z"/><Direction v="Z03"/><Quantity v="830293"/><MeasureUnit v="KW1"/></Period><Period><TimeInterval v="2016-12-02T20:00Z/2016-12-02T21:00Z"/><Direction v="Z03"/><Quantity v="787206"/><MeasureUnit v="KW1"/></Period><Period><TimeInterval v="2016-12-02T21:00Z/2016-12-02T22:00Z"/><Direction v="Z03"/><Quantity v="499899"/><MeasureUnit v="KW1"/></Period><Period><TimeInterval v="2016-12-02T22:00Z/2016-12-02T23:00Z"/><Direction v="Z03"/><Quantity v="470169"/><MeasureUnit v="KW1"/></Period><Period><TimeInterval v="2016-12-02T23:00Z/2016-12-03T00:00Z"/><Direction v="Z03"/><Quantity v="469832"/><MeasureUnit v="KW1"/></Period><Period><TimeInterval v="2016-12-03T00:00Z/2016-12-03T01:00Z"/><Direction v="Z03"/><Quantity v="469610"/><MeasureUnit v="KW1"/></Period><Period><TimeInterval v="2016-12-03T01:00Z/2016-12-03T02:00Z"/><Direction v="Z03"/><Quantity v="469738"/><MeasureUnit v="KW1"/></Period><Period><TimeInterval v="2016-12-03T02:00Z/2016-12-03T03:00Z"/><Direction v="Z03"/><Quantity v="469474"/><MeasureUnit v="KW1"/></Period><Period><TimeInterval v="2016-12-03T03:00Z/2016-12-03T04:00Z"/><Direction v="Z03"/><Quantity v="471544"/><MeasureUnit v="KW1"/></Period><Period><TimeInterval v="2016-12-03T04:00Z/2016-12-03T05:00Z"/><Direction v="Z03"/><Quantity v="512319"/><MeasureUnit v="KW1"/></Period></Category></ConnectionPoint><ConnectionPoint><Identification v="21Z000000000073S" codingScheme="305"/><Type v="Z25"/><Category><CapacityCode v="Z08"/><Period><TimeInterval v="2016-12-02T05:00Z/2016-12-02T06:00Z"/><Direction v="Z02"/><Quantity v="9928262"/><MeasureUnit v="KW1"/></Period><Period><TimeInterval v="2016-12-02T06:00Z/2016-12-02T07:00Z"/><Direction v="Z02"/><Quantity v="11155517"/><MeasureUnit v="KW1"/></Period><Period><TimeInterval v="2016-12-02T07:00Z/2016-12-02T08:00Z"/><Direction v="Z02"/><Quantity v="11425791"/><MeasureUnit v="KW1"/></Period><Period><TimeInterval v="2016-12-02T08:00Z/2016-12-02T09:00Z"/><Direction v="Z02"/><Quantity v="11741949"/><MeasureUnit v="KW1"/></Period><Period><TimeInterval v="2016-12-02T09:00Z/2016-12-02T10:00Z"/><Direction v="Z02"/><Quantity v="13201535"/><MeasureUnit v="KW1"/></Period><Period><TimeInterval v="2016-12-02T10:00Z/2016-12-02T11:00Z"/><Direction v="Z02"/><Quantity v="13691447"/><MeasureUnit v="KW1"/></Period><Period><TimeInterval v="2016-12-02T11:00Z/2016-12-02T12:00Z"/><Direction v="Z02"/><Quantity v="13094478"/><MeasureUnit v="KW1"/></Period><Period><TimeInterval v="2016-12-02T12:00Z/2016-12-02T13:00Z"/><Direction v="Z02"/><Quantity v="12842809"/><MeasureUnit v="KW1"/></Period><Period><TimeInterval v="2016-12-02T13:00Z/2016-12-02T14:00Z"/><Direction v="Z02"/><Quantity v="12586751"/><MeasureUnit v="KW1"/></Period><Period><TimeInterval v="2016-12-02T14:00Z/2016-12-02T15:00Z"/><Direction v="Z02"/><Quantity v="12775786"/><MeasureUnit v="KW1"/></Period><Period><TimeInterval v="2016-12-02T15:00Z/2016-12-02T16:00Z"/><Direction v="Z02"/><Quantity v="12914799"/><MeasureUnit v="KW1"/></Period><Period><TimeInterval v="2016-12-02T16:00Z/2016-12-02T17:00Z"/><Direction v="Z02"/><Quantity v="12974899"/><MeasureUnit v="KW1"/></Period><Period><TimeInterval v="2016-12-02T17:00Z/2016-12-02T18:00Z"/><Direction v="Z02"/><Quantity v="12841305"/><MeasureUnit v="KW1"/></Period><Period><TimeInterval v="2016-12-02T18:00Z/2016-12-02T19:00Z"/><Direction v="Z02"/><Quantity v="12494361"/><MeasureUnit v="KW1"/></Period><Period><TimeInterval v="2016-12-02T19:00Z/2016-12-02T20:00Z"/><Direction v="Z02"/><Quantity v="12659174"/><MeasureUnit v="KW1"/></Period><Period><TimeInterval v="2016-12-02T20:00Z/2016-12-02T21:00Z"/><Direction v="Z02"/><Quantity v="12806089"/><MeasureUnit v="KW1"/></Period><Period><TimeInterval v="2016-12-02T21:00Z/2016-12-02T22:00Z"/><Direction v="Z02"/><Quantity v="11967333"/><MeasureUnit v="KW1"/></Period><Period><TimeInterval v="2016-12-02T22:00Z/2016-12-02T23:00Z"/><Direction v="Z02"/><Quantity v="11545519"/><MeasureUnit v="KW1"/></Period><Period><TimeInterval v="2016-12-02T23:00Z/2016-12-03T00:00Z"/><Direction v="Z02"/><Quantity v="11217213"/><MeasureUnit v="KW1"/></Period><Period><TimeInterval v="2016-12-03T00:00Z/2016-12-03T01:00Z"/><Direction v="Z02"/><Quantity v="11158691"/><MeasureUnit v="KW1"/></Period><Period><TimeInterval v="2016-12-03T01:00Z/2016-12-03T02:00Z"/><Direction v="Z02"/><Quantity v="11659090"/><MeasureUnit v="KW1"/></Period><Period><TimeInterval v="2016-12-03T02:00Z/2016-12-03T03:00Z"/><Direction v="Z02"/><Quantity v="11616695"/><MeasureUnit v="KW1"/></Period><Period><TimeInterval v="2016-12-03T03:00Z/2016-12-03T04:00Z"/><Direction v="Z02"/><Quantity v="11660132"/><MeasureUnit v="KW1"/></Period><Period><TimeInterval v="2016-12-03T04:00Z/2016-12-03T05:00Z"/><Direction v="Z02"/><Quantity v="12435375"/><MeasureUnit v="KW1"/></Period><Period><TimeInterval v="2016-12-02T05:00Z/2016-12-02T06:00Z"/><Direction v="Z03"/><Quantity v="0"/><MeasureUnit v="KW1"/></Period><Period><TimeInterval v="2016-12-02T06:00Z/2016-12-02T07:00Z"/><Direction v="Z03"/><Quantity v="0"/><MeasureUnit v="KW1"/></Period><Period><TimeInterval v="2016-12-02T07:00Z/2016-12-02T08:00Z"/><Direction v="Z03"/><Quantity v="0"/><MeasureUnit v="KW1"/></Period><Period><TimeInterval v="2016-12-02T08:00Z/2016-12-02T09:00Z"/><Direction v="Z03"/><Quantity v="0"/><MeasureUnit v="KW1"/></Period><Period><TimeInterval v="2016-12-02T09:00Z/2016-12-02T10:00Z"/><Direction v="Z03"/><Quantity v="0"/><MeasureUnit v="KW1"/></Period><Period><TimeInterval v="2016-12-02T10:00Z/2016-12-02T11:00Z"/><Direction v="Z03"/><Quantity v="0"/><MeasureUnit v="KW1"/></Period><Period><TimeInterval v="2016-12-02T11:00Z/2016-12-02T12:00Z"/><Direction v="Z03"/><Quantity v="0"/><MeasureUnit v="KW1"/></Period><Period><TimeInterval v="2016-12-02T12:00Z/2016-12-02T13:00Z"/><Direction v="Z03"/><Quantity v="0"/><MeasureUnit v="KW1"/></Period><Period><TimeInterval v="2016-12-02T13:00Z/2016-12-02T14:00Z"/><Direction v="Z03"/><Quantity v="0"/><MeasureUnit v="KW1"/></Period><Period><TimeInterval v="2016-12-02T14:00Z/2016-12-02T15:00Z"/><Direction v="Z03"/><Quantity v="0"/><MeasureUnit v="KW1"/></Period><Period><TimeInterval v="2016-12-02T15:00Z/2016-12-02T16:00Z"/><Direction v="Z03"/><Quantity v="0"/><MeasureUnit v="KW1"/></Period><Period><TimeInterval v="2016-12-02T16:00Z/2016-12-02T17:00Z"/><Direction v="Z03"/><Quantity v="0"/><MeasureUnit v="KW1"/></Period><Period><TimeInterval v="2016-12-02T17:00Z/2016-12-02T18:00Z"/><Direction v="Z03"/><Quantity v="0"/><MeasureUnit v="KW1"/></Period><Period><TimeInterval v="2016-12-02T18:00Z/2016-12-02T19:00Z"/><Direction v="Z03"/><Quantity v="0"/><MeasureUnit v="KW1"/></Period><Period><TimeInterval v="2016-12-02T19:00Z/2016-12-02T20:00Z"/><Direction v="Z03"/><Quantity v="0"/><MeasureUnit v="KW1"/></Period><Period><TimeInterval v="2016-12-02T20:00Z/2016-12-02T21:00Z"/><Direction v="Z03"/><Quantity v="0"/><MeasureUnit v="KW1"/></Period><Period><TimeInterval v="2016-12-02T21:00Z/2016-12-02T22:00Z"/><Direction v="Z03"/><Quantity v="0"/><MeasureUnit v="KW1"/></Period><Period><TimeInterval v="2016-12-02T22:00Z/2016-12-02T23:00Z"/><Direction v="Z03"/><Quantity v="0"/><MeasureUnit v="KW1"/></Period><Period><TimeInterval v="2016-12-02T23:00Z/2016-12-03T00:00Z"/><Direction v="Z03"/><Quantity v="0"/><MeasureUnit v="KW1"/></Period><Period><TimeInterval v="2016-12-03T00:00Z/2016-12-03T01:00Z"/><Direction v="Z03"/><Quantity v="0"/><MeasureUnit v="KW1"/></Period><Period><TimeInterval v="2016-12-03T01:00Z/2016-12-03T02:00Z"/><Direction v="Z03"/><Quantity v="0"/><MeasureUnit v="KW1"/></Period><Period><TimeInterval v="2016-12-03T02:00Z/2016-12-03T03:00Z"/><Direction v="Z03"/><Quantity v="0"/><MeasureUnit v="KW1"/></Period><Period><TimeInterval v="2016-12-03T03:00Z/2016-12-03T04:00Z"/><Direction v="Z03"/><Quantity v="0"/><MeasureUnit v="KW1"/></Period><Period><TimeInterval v="2016-12-03T04:00Z/2016-12-03T05:00Z"/><Direction v="Z03"/><Quantity v="0"/><MeasureUnit v="KW1"/></Period></Category></ConnectionPoint><ConnectionPoint><Identification v="21Z0000000001232" codingScheme="305"/><Type v="Z25"/><Category><CapacityCode v="Z08"/><Period><TimeInterval v="2016-12-02T05:00Z/2016-12-02T06:00Z"/><Direction v="Z03"/><Quantity v="12778925"/><MeasureUnit v="KW1"/></Period><Period><TimeInterval v="2016-12-02T06:00Z/2016-12-02T07:00Z"/><Direction v="Z03"/><Quantity v="12877562"/><MeasureUnit v="KW1"/></Period><Period><TimeInterval v="2016-12-02T07:00Z/2016-12-02T08:00Z"/><Direction v="Z03"/><Quantity v="13010336"/><MeasureUnit v="KW1"/></Period><Period><TimeInterval v="2016-12-02T08:00Z/2016-12-02T09:00Z"/><Direction v="Z03"/><Quantity v="13032511"/><MeasureUnit v="KW1"/></Period><Period><TimeInterval v="2016-12-02T09:00Z/2016-12-02T10:00Z"/><Direction v="Z03"/><Quantity v="13022103"/><MeasureUnit v="KW1"/></Period><Period><TimeInterval v="2016-12-02T10:00Z/2016-12-02T11:00Z"/><Direction v="Z03"/><Quantity v="13001952"/><MeasureUnit v="KW1"/></Period><Period><TimeInterval v="2016-12-02T11:00Z/2016-12-02T12:00Z"/><Direction v="Z03"/><Quantity v="12964426"/><MeasureUnit v="KW1"/></Period><Period><TimeInterval v="2016-12-02T12:00Z/2016-12-02T13:00Z"/><Direction v="Z03"/><Quantity v="13002672"/><MeasureUnit v="KW1"/></Period><Period><TimeInterval v="2016-12-02T13:00Z/2016-12-02T14:00Z"/><Direction v="Z03"/><Quantity v="13003392"/><MeasureUnit v="KW1"/></Period><Period><TimeInterval v="2016-12-02T14:00Z/2016-12-02T15:00Z"/><Direction v="Z03"/><Quantity v="13053359"/><MeasureUnit v="KW1"/></Period><Period><TimeInterval v="2016-12-02T15:00Z/2016-12-02T16:00Z"/><Direction v="Z03"/><Quantity v="13008125"/><MeasureUnit v="KW1"/></Period><Period><TimeInterval v="2016-12-02T16:00Z/2016-12-02T17:00Z"/><Direction v="Z03"/><Quantity v="13100975"/><MeasureUnit v="KW1"/></Period><Period><TimeInterval v="2016-12-02T17:00Z/2016-12-02T18:00Z"/><Direction v="Z03"/><Quantity v="13174541"/><MeasureUnit v="KW1"/></Period><Period><TimeInterval v="2016-12-02T18:00Z/2016-12-02T19:00Z"/><Direction v="Z03"/><Quantity v="13376345"/><MeasureUnit v="KW1"/></Period><Period><TimeInterval v="2016-12-02T19:00Z/2016-12-02T20:00Z"/><Direction v="Z03"/><Quantity v="13315936"/><MeasureUnit v="KW1"/></Period><Period><TimeInterval v="2016-12-02T20:00Z/2016-12-02T21:00Z"/><Direction v="Z03"/><Quantity v="12868039"/><MeasureUnit v="KW1"/></Period><Period><TimeInterval v="2016-12-02T21:00Z/2016-12-02T22:00Z"/><Direction v="Z03"/><Quantity v="12625921"/><MeasureUnit v="KW1"/></Period><Period><TimeInterval v="2016-12-02T22:00Z/2016-12-02T23:00Z"/><Direction v="Z03"/><Quantity v="12580686"/><MeasureUnit v="KW1"/></Period><Period><TimeInterval v="2016-12-02T23:00Z/2016-12-03T00:00Z"/><Direction v="Z03"/><Quantity v="12569468"/><MeasureUnit v="KW1"/></Period><Period><TimeInterval v="2016-12-03T00:00Z/2016-12-03T01:00Z"/><Direction v="Z03"/><Quantity v="12593327"/><MeasureUnit v="KW1"/></Period><Period><TimeInterval v="2016-12-03T01:00Z/2016-12-03T02:00Z"/><Direction v="Z03"/><Quantity v="12519540"/><MeasureUnit v="KW1"/></Period><Period><TimeInterval v="2016-12-03T02:00Z/2016-12-03T03:00Z"/><Direction v="Z03"/><Quantity v="12128204"/><MeasureUnit v="KW1"/></Period><Period><TimeInterval v="2016-12-03T03:00Z/2016-12-03T04:00Z"/><Direction v="Z03"/><Quantity v="12016852"/><MeasureUnit v="KW1"/></Period><Period><TimeInterval v="2016-12-03T04:00Z/2016-12-03T05:00Z"/><Direction v="Z03"/><Quantity v="12052370"/><MeasureUnit v="KW1"/></Period></Category></ConnectionPoint><ConnectionPoint><Identification v="21Z000000000075O" codingScheme="305"/><Type v="Z25"/><Category><CapacityCode v="Z08"/><Period><TimeInterval v="2016-12-02T05:00Z/2016-12-02T06:00Z"/><Direction v="Z02"/><Quantity v="0"/><MeasureUnit v="KW1"/></Period><Period><TimeInterval v="2016-12-02T06:00Z/2016-12-02T07:00Z"/><Direction v="Z02"/><Quantity v="0"/><MeasureUnit v="KW1"/></Period><Period><TimeInterval v="2016-12-02T07:00Z/2016-12-02T08:00Z"/><Direction v="Z02"/><Quantity v="0"/><MeasureUnit v="KW1"/></Period><Period><TimeInterval v="2016-12-02T08:00Z/2016-12-02T09:00Z"/><Direction v="Z02"/><Quantity v="0"/><MeasureUnit v="KW1"/></Period><Period><TimeInterval v="2016-12-02T09:00Z/2016-12-02T10:00Z"/><Direction v="Z02"/><Quantity v="0"/><MeasureUnit v="KW1"/></Period><Period><TimeInterval v="2016-12-02T10:00Z/2016-12-02T11:00Z"/><Direction v="Z02"/><Quantity v="0"/><MeasureUnit v="KW1"/></Period><Period><TimeInterval v="2016-12-02T11:00Z/2016-12-02T12:00Z"/><Direction v="Z02"/><Quantity v="0"/><MeasureUnit v="KW1"/></Period><Period><TimeInterval v="2016-12-02T12:00Z/2016-12-02T13:00Z"/><Direction v="Z02"/><Quantity v="0"/><MeasureUnit v="KW1"/></Period><Period><TimeInterval v="2016-12-02T13:00Z/2016-12-02T14:00Z"/><Direction v="Z02"/><Quantity v="0"/><MeasureUnit v="KW1"/></Period><Period><TimeInterval v="2016-12-02T14:00Z/2016-12-02T15:00Z"/><Direction v="Z02"/><Quantity v="0"/><MeasureUnit v="KW1"/></Period><Period><TimeInterval v="2016-12-02T15:00Z/2016-12-02T16:00Z"/><Direction v="Z02"/><Quantity v="0"/><MeasureUnit v="KW1"/></Period><Period><TimeInterval v="2016-12-02T16:00Z/2016-12-02T17:00Z"/><Direction v="Z02"/><Quantity v="0"/><MeasureUnit v="KW1"/></Period><Period><TimeInterval v="2016-12-02T17:00Z/2016-12-02T18:00Z"/><Direction v="Z02"/><Quantity v="0"/><MeasureUnit v="KW1"/></Period><Period><TimeInterval v="2016-12-02T18:00Z/2016-12-02T19:00Z"/><Direction v="Z02"/><Quantity v="0"/><MeasureUnit v="KW1"/></Period><Period><TimeInterval v="2016-12-02T19:00Z/2016-12-02T20:00Z"/><Direction v="Z02"/><Quantity v="0"/><MeasureUnit v="KW1"/></Period><Period><TimeInterval v="2016-12-02T20:00Z/2016-12-02T21:00Z"/><Direction v="Z02"/><Quantity v="0"/><MeasureUnit v="KW1"/></Period><Period><TimeInterval v="2016-12-02T21:00Z/2016-12-02T22:00Z"/><Direction v="Z02"/><Quantity v="0"/><MeasureUnit v="KW1"/></Period><Period><TimeInterval v="2016-12-02T22:00Z/2016-12-02T23:00Z"/><Direction v="Z02"/><Quantity v="0"/><MeasureUnit v="KW1"/></Period><Period><TimeInterval v="2016-12-02T23:00Z/2016-12-03T00:00Z"/><Direction v="Z02"/><Quantity v="0"/><MeasureUnit v="KW1"/></Period><Period><TimeInterval v="2016-12-03T00:00Z/2016-12-03T01:00Z"/><Direction v="Z02"/><Quantity v="0"/><MeasureUnit v="KW1"/></Period><Period><TimeInterval v="2016-12-03T01:00Z/2016-12-03T02:00Z"/><Direction v="Z02"/><Quantity v="0"/><MeasureUnit v="KW1"/></Period><Period><TimeInterval v="2016-12-03T02:00Z/2016-12-03T03:00Z"/><Direction v="Z02"/><Quantity v="0"/><MeasureUnit v="KW1"/></Period><Period><TimeInterval v="2016-12-03T03:00Z/2016-12-03T04:00Z"/><Direction v="Z02"/><Quantity v="0"/><MeasureUnit v="KW1"/></Period><Period><TimeInterval v="2016-12-03T04:00Z/2016-12-03T05:00Z"/><Direction v="Z02"/><Quantity v="0"/><MeasureUnit v="KW1"/></Period><Period><TimeInterval v="2016-12-02T05:00Z/2016-12-02T06:00Z"/><Direction v="Z03"/><Quantity v="4532251"/><MeasureUnit v="KW1"/></Period><Period><TimeInterval v="2016-12-02T06:00Z/2016-12-02T07:00Z"/><Direction v="Z03"/><Quantity v="4193191"/><MeasureUnit v="KW1"/></Period><Period><TimeInterval v="2016-12-02T07:00Z/2016-12-02T08:00Z"/><Direction v="Z03"/><Quantity v="4168612"/><MeasureUnit v="KW1"/></Period><Period><TimeInterval v="2016-12-02T08:00Z/2016-12-02T09:00Z"/><Direction v="Z03"/><Quantity v="4281729"/><MeasureUnit v="KW1"/></Period><Period><TimeInterval v="2016-12-02T09:00Z/2016-12-02T10:00Z"/><Direction v="Z03"/><Quantity v="7078330"/><MeasureUnit v="KW1"/></Period><Period><TimeInterval v="2016-12-02T10:00Z/2016-12-02T11:00Z"/><Direction v="Z03"/><Quantity v="7608843"/><MeasureUnit v="KW1"/></Period><Period><TimeInterval v="2016-12-02T11:00Z/2016-12-02T12:00Z"/><Direction v="Z03"/><Quantity v="7610865"/><MeasureUnit v="KW1"/></Period><Period><TimeInterval v="2016-12-02T12:00Z/2016-12-02T13:00Z"/><Direction v="Z03"/><Quantity v="7511663"/><MeasureUnit v="KW1"/></Period><Period><TimeInterval v="2016-12-02T13:00Z/2016-12-02T14:00Z"/><Direction v="Z03"/><Quantity v="7483983"/><MeasureUnit v="KW1"/></Period><Period><TimeInterval v="2016-12-02T14:00Z/2016-12-02T15:00Z"/><Direction v="Z03"/><Quantity v="6829641"/><MeasureUnit v="KW1"/></Period><Period><TimeInterval v="2016-12-02T15:00Z/2016-12-02T16:00Z"/><Direction v="Z03"/><Quantity v="7351531"/><MeasureUnit v="KW1"/></Period><Period><TimeInterval v="2016-12-02T16:00Z/2016-12-02T17:00Z"/><Direction v="Z03"/><Quantity v="7458381"/><MeasureUnit v="KW1"/></Period><Period><TimeInterval v="2016-12-02T17:00Z/2016-12-02T18:00Z"/><Direction v="Z03"/><Quantity v="7557492"/><MeasureUnit v="KW1"/></Period><Period><TimeInterval v="2016-12-02T18:00Z/2016-12-02T19:00Z"/><Direction v="Z03"/><Quantity v="7533184"/><MeasureUnit v="KW1"/></Period><Period><TimeInterval v="2016-12-02T19:00Z/2016-12-02T20:00Z"/><Direction v="Z03"/><Quantity v="7539122"/><MeasureUnit v="KW1"/></Period><Period><TimeInterval v="2016-12-02T20:00Z/2016-12-02T21:00Z"/><Direction v="Z03"/><Quantity v="7540895"/><MeasureUnit v="KW1"/></Period><Period><TimeInterval v="2016-12-02T21:00Z/2016-12-02T22:00Z"/><Direction v="Z03"/><Quantity v="7531762"/><MeasureUnit v="KW1"/></Period><Period><TimeInterval v="2016-12-02T22:00Z/2016-12-02T23:00Z"/><Direction v="Z03"/><Quantity v="7541511"/><MeasureUnit v="KW1"/></Period><Period><TimeInterval v="2016-12-02T23:00Z/2016-12-03T00:00Z"/><Direction v="Z03"/><Quantity v="7528284"/><MeasureUnit v="KW1"/></Period><Period><TimeInterval v="2016-12-03T00:00Z/2016-12-03T01:00Z"/><Direction v="Z03"/><Quantity v="7564934"/><MeasureUnit v="KW1"/></Period><Period><TimeInterval v="2016-12-03T01:00Z/2016-12-03T02:00Z"/><Direction v="Z03"/><Quantity v="7557025"/><MeasureUnit v="KW1"/></Period><Period><TimeInterval v="2016-12-03T02:00Z/2016-12-03T03:00Z"/><Direction v="Z03"/><Quantity v="7530360"/><MeasureUnit v="KW1"/></Period><Period><TimeInterval v="2016-12-03T03:00Z/2016-12-03T04:00Z"/><Direction v="Z03"/><Quantity v="7530181"/><MeasureUnit v="KW1"/></Period><Period><TimeInterval v="2016-12-03T04:00Z/2016-12-03T05:00Z"/><Direction v="Z03"/><Quantity v="7557933"/><MeasureUnit v="KW1"/></Period></Category></ConnectionPoint><ConnectionPoint><Identification v="21Z000000000053Y" codingScheme="305"/><Type v="Z25"/><Category><CapacityCode v="Z08"/><Period><TimeInterval v="2016-12-02T05:00Z/2016-12-02T06:00Z"/><Direction v="Z02"/><Quantity v="23205884"/><MeasureUnit v="KW1"/></Period><Period><TimeInterval v="2016-12-02T06:00Z/2016-12-02T07:00Z"/><Direction v="Z02"/><Quantity v="22953419"/><MeasureUnit v="KW1"/></Period><Period><TimeInterval v="2016-12-02T07:00Z/2016-12-02T08:00Z"/><Direction v="Z02"/><Quantity v="23282131"/><MeasureUnit v="KW1"/></Period><Period><TimeInterval v="2016-12-02T08:00Z/2016-12-02T09:00Z"/><Direction v="Z02"/><Quantity v="23539389"/><MeasureUnit v="KW1"/></Period><Period><TimeInterval v="2016-12-02T09:00Z/2016-12-02T10:00Z"/><Direction v="Z02"/><Quantity v="23279704"/><MeasureUnit v="KW1"/></Period><Period><TimeInterval v="2016-12-02T10:00Z/2016-12-02T11:00Z"/><Direction v="Z02"/><Quantity v="23574767"/><MeasureUnit v="KW1"/></Period><Period><TimeInterval v="2016-12-02T11:00Z/2016-12-02T12:00Z"/><Direction v="Z02"/><Quantity v="23175739"/><MeasureUnit v="KW1"/></Period><Period><TimeInterval v="2016-12-02T12:00Z/2016-12-02T13:00Z"/><Direction v="Z02"/><Quantity v="23208460"/><MeasureUnit v="KW1"/></Period><Period><TimeInterval v="2016-12-02T13:00Z/2016-12-02T14:00Z"/><Direction v="Z02"/><Quantity v="23057745"/><MeasureUnit v="KW1"/></Period><Period><TimeInterval v="2016-12-02T14:00Z/2016-12-02T15:00Z"/><Direction v="Z02"/><Quantity v="23157829"/><MeasureUnit v="KW1"/></Period><Period><TimeInterval v="2016-12-02T15:00Z/2016-12-02T16:00Z"/><Direction v="Z02"/><Quantity v="23151496"/><MeasureUnit v="KW1"/></Period><Period><TimeInterval v="2016-12-02T16:00Z/2016-12-02T17:00Z"/><Direction v="Z02"/><Quantity v="23176400"/><MeasureUnit v="KW1"/></Period><Period><TimeInterval v="2016-12-02T17:00Z/2016-12-02T18:00Z"/><Direction v="Z02"/><Quantity v="23222377"/><MeasureUnit v="KW1"/></Period><Period><TimeInterval v="2016-12-02T18:00Z/2016-12-02T19:00Z"/><Direction v="Z02"/><Quantity v="23185221"/><MeasureUnit v="KW1"/></Period><Period><TimeInterval v="2016-12-02T19:00Z/2016-12-02T20:00Z"/><Direction v="Z02"/><Quantity v="22934732"/><MeasureUnit v="KW1"/></Period><Period><TimeInterval v="2016-12-02T20:00Z/2016-12-02T21:00Z"/><Direction v="Z02"/><Quantity v="23273532"/><MeasureUnit v="KW1"/></Period><Period><TimeInterval v="2016-12-02T21:00Z/2016-12-02T22:00Z"/><Direction v="Z02"/><Quantity v="23415671"/><MeasureUnit v="KW1"/></Period><Period><TimeInterval v="2016-12-02T22:00Z/2016-12-02T23:00Z"/><Direction v="Z02"/><Quantity v="23181257"/><MeasureUnit v="KW1"/></Period><Period><TimeInterval v="2016-12-02T23:00Z/2016-12-03T00:00Z"/><Direction v="Z02"/><Quantity v="23429134"/><MeasureUnit v="KW1"/></Period><Period><TimeInterval v="2016-12-03T00:00Z/2016-12-03T01:00Z"/><Direction v="Z02"/><Quantity v="23210969"/><MeasureUnit v="KW1"/></Period><Period><TimeInterval v="2016-12-03T01:00Z/2016-12-03T02:00Z"/><Direction v="Z02"/><Quantity v="23424841"/><MeasureUnit v="KW1"/></Period><Period><TimeInterval v="2016-12-03T02:00Z/2016-12-03T03:00Z"/><Direction v="Z02"/><Quantity v="27092322"/><MeasureUnit v="KW1"/></Period><Period><TimeInterval v="2016-12-03T03:00Z/2016-12-03T04:00Z"/><Direction v="Z02"/><Quantity v="27183269"/><MeasureUnit v="KW1"/></Period><Period><TimeInterval v="2016-12-03T04:00Z/2016-12-03T05:00Z"/><Direction v="Z02"/><Quantity v="27723292"/><MeasureUnit v="KW1"/></Period></Category></ConnectionPoint><ConnectionPoint><Identification v="21Z0000000000503" codingScheme="305"/><Type v="Z25"/><Category><CapacityCode v="Z08"/><Period><TimeInterval v="2016-12-02T05:00Z/2016-12-02T06:00Z"/><Direction v="Z02"/><Quantity v="0"/><MeasureUnit v="KW1"/></Period><Period><TimeInterval v="2016-12-02T06:00Z/2016-12-02T07:00Z"/><Direction v="Z02"/><Quantity v="0"/><MeasureUnit v="KW1"/></Period><Period><TimeInterval v="2016-12-02T07:00Z/2016-12-02T08:00Z"/><Direction v="Z02"/><Quantity v="0"/><MeasureUnit v="KW1"/></Period><Period><TimeInterval v="2016-12-02T08:00Z/2016-12-02T09:00Z"/><Direction v="Z02"/><Quantity v="0"/><MeasureUnit v="KW1"/></Period><Period><TimeInterval v="2016-12-02T09:00Z/2016-12-02T10:00Z"/><Direction v="Z02"/><Quantity v="0"/><MeasureUnit v="KW1"/></Period><Period><TimeInterval v="2016-12-02T10:00Z/2016-12-02T11:00Z"/><Direction v="Z02"/><Quantity v="0"/><MeasureUnit v="KW1"/></Period><Period><TimeInterval v="2016-12-02T11:00Z/2016-12-02T12:00Z"/><Direction v="Z02"/><Quantity v="0"/><MeasureUnit v="KW1"/></Period><Period><TimeInterval v="2016-12-02T12:00Z/2016-12-02T13:00Z"/><Direction v="Z02"/><Quantity v="0"/><MeasureUnit v="KW1"/></Period><Period><TimeInterval v="2016-12-02T13:00Z/2016-12-02T14:00Z"/><Direction v="Z02"/><Quantity v="0"/><MeasureUnit v="KW1"/></Period><Period><TimeInterval v="2016-12-02T14:00Z/2016-12-02T15:00Z"/><Direction v="Z02"/><Quantity v="0"/><MeasureUnit v="KW1"/></Period><Period><TimeInterval v="2016-12-02T15:00Z/2016-12-02T16:00Z"/><Direction v="Z02"/><Quantity v="0"/><MeasureUnit v="KW1"/></Period><Period><TimeInterval v="2016-12-02T16:00Z/2016-12-02T17:00Z"/><Direction v="Z02"/><Quantity v="0"/><MeasureUnit v="KW1"/></Period><Period><TimeInterval v="2016-12-02T17:00Z/2016-12-02T18:00Z"/><Direction v="Z02"/><Quantity v="0"/><MeasureUnit v="KW1"/></Period><Period><TimeInterval v="2016-12-02T18:00Z/2016-12-02T19:00Z"/><Direction v="Z02"/><Quantity v="0"/><MeasureUnit v="KW1"/></Period><Period><TimeInterval v="2016-12-02T19:00Z/2016-12-02T20:00Z"/><Direction v="Z02"/><Quantity v="0"/><MeasureUnit v="KW1"/></Period><Period><TimeInterval v="2016-12-02T20:00Z/2016-12-02T21:00Z"/><Direction v="Z02"/><Quantity v="0"/><MeasureUnit v="KW1"/></Period><Period><TimeInterval v="2016-12-02T21:00Z/2016-12-02T22:00Z"/><Direction v="Z02"/><Quantity v="0"/><MeasureUnit v="KW1"/></Period><Period><TimeInterval v="2016-12-02T22:00Z/2016-12-02T23:00Z"/><Direction v="Z02"/><Quantity v="0"/><MeasureUnit v="KW1"/></Period><Period><TimeInterval v="2016-12-02T23:00Z/2016-12-03T00:00Z"/><Direction v="Z02"/><Quantity v="0"/><MeasureUnit v="KW1"/></Period><Period><TimeInterval v="2016-12-03T00:00Z/2016-12-03T01:00Z"/><Direction v="Z02"/><Quantity v="0"/><MeasureUnit v="KW1"/></Period><Period><TimeInterval v="2016-12-03T01:00Z/2016-12-03T02:00Z"/><Direction v="Z02"/><Quantity v="0"/><MeasureUnit v="KW1"/></Period><Period><TimeInterval v="2016-12-03T02:00Z/2016-12-03T03:00Z"/><Direction v="Z02"/><Quantity v="0"/><MeasureUnit v="KW1"/></Period><Period><TimeInterval v="2016-12-03T03:00Z/2016-12-03T04:00Z"/><Direction v="Z02"/><Quantity v="0"/><MeasureUnit v="KW1"/></Period><Period><TimeInterval v="2016-12-03T04:00Z/2016-12-03T05:00Z"/><Direction v="Z02"/><Quantity v="0"/><MeasureUnit v="KW1"/></Period></Category></ConnectionPoint><ConnectionPoint><Identification v="37Z000000006389D" codingScheme="305"/><Type v="Z26"/><Category><CapacityCode v="Z08"/><Period><TimeInterval v="2016-12-02T05:00Z/2016-12-02T06:00Z"/><Direction v="Z03"/><Quantity v="4046615"/><MeasureUnit v="KW1"/></Period><Period><TimeInterval v="2016-12-02T06:00Z/2016-12-02T07:00Z"/><Direction v="Z03"/><Quantity v="4119813"/><MeasureUnit v="KW1"/></Period><Period><TimeInterval v="2016-12-02T07:00Z/2016-12-02T08:00Z"/><Direction v="Z03"/><Quantity v="4119482"/><MeasureUnit v="KW1"/></Period><Period><TimeInterval v="2016-12-02T08:00Z/2016-12-02T09:00Z"/><Direction v="Z03"/><Quantity v="4120971"/><MeasureUnit v="KW1"/></Period><Period><TimeInterval v="2016-12-02T09:00Z/2016-12-02T10:00Z"/><Direction v="Z03"/><Quantity v="4119399"/><MeasureUnit v="KW1"/></Period><Period><TimeInterval v="2016-12-02T10:00Z/2016-12-02T11:00Z"/><Direction v="Z03"/><Quantity v="4120442"/><MeasureUnit v="KW1"/></Period><Period><TimeInterval v="2016-12-02T11:00Z/2016-12-02T12:00Z"/><Direction v="Z03"/><Quantity v="3982520"/><MeasureUnit v="KW1"/></Period><Period><TimeInterval v="2016-12-02T12:00Z/2016-12-02T13:00Z"/><Direction v="Z03"/><Quantity v="3968166"/><MeasureUnit v="KW1"/></Period><Period><TimeInterval v="2016-12-02T13:00Z/2016-12-02T14:00Z"/><Direction v="Z03"/><Quantity v="3986132"/><MeasureUnit v="KW1"/></Period><Period><TimeInterval v="2016-12-02T14:00Z/2016-12-02T15:00Z"/><Direction v="Z03"/><Quantity v="3957589"/><MeasureUnit v="KW1"/></Period><Period><TimeInterval v="2016-12-02T15:00Z/2016-12-02T16:00Z"/><Direction v="Z03"/><Quantity v="3981069"/><MeasureUnit v="KW1"/></Period><Period><TimeInterval v="2016-12-02T16:00Z/2016-12-02T17:00Z"/><Direction v="Z03"/><Quantity v="3405297"/><MeasureUnit v="KW1"/></Period><Period><TimeInterval v="2016-12-02T17:00Z/2016-12-02T18:00Z"/><Direction v="Z03"/><Quantity v="3403961"/><MeasureUnit v="KW1"/></Period><Period><TimeInterval v="2016-12-02T18:00Z/2016-12-02T19:00Z"/><Direction v="Z03"/><Quantity v="3398205"/><MeasureUnit v="KW1"/></Period><Period><TimeInterval v="2016-12-02T19:00Z/2016-12-02T20:00Z"/><Direction v="Z03"/><Quantity v="3460566"/><MeasureUnit v="KW1"/></Period><Period><TimeInterval v="2016-12-02T20:00Z/2016-12-02T21:00Z"/><Direction v="Z03"/><Quantity v="3392672"/><MeasureUnit v="KW1"/></Period><Period><TimeInterval v="2016-12-02T21:00Z/2016-12-02T22:00Z"/><Direction v="Z03"/><Quantity v="3426557"/><MeasureUnit v="KW1"/></Period><Period><TimeInterval v="2016-12-02T22:00Z/2016-12-02T23:00Z"/><Direction v="Z03"/><Quantity v="3069746"/><MeasureUnit v="KW1"/></Period><Period><TimeInterval v="2016-12-02T23:00Z/2016-12-03T00:00Z"/><Direction v="Z03"/><Quantity v="3064770"/><MeasureUnit v="KW1"/></Period><Period><TimeInterval v="2016-12-03T00:00Z/2016-12-03T01:00Z"/><Direction v="Z03"/><Quantity v="3179652"/><MeasureUnit v="KW1"/></Period><Period><TimeInterval v="2016-12-03T01:00Z/2016-12-03T02:00Z"/><Direction v="Z03"/><Quantity v="3291439"/><MeasureUnit v="KW1"/></Period><Period><TimeInterval v="2016-12-03T02:00Z/2016-12-03T03:00Z"/><Direction v="Z03"/><Quantity v="3292829"/><MeasureUnit v="KW1"/></Period><Period><TimeInterval v="2016-12-03T03:00Z/2016-12-03T04:00Z"/><Direction v="Z03"/><Quantity v="3546289"/><MeasureUnit v="KW1"/></Period><Period><TimeInterval v="2016-12-03T04:00Z/2016-12-03T05:00Z"/><Direction v="Z03"/><Quantity v="3534764"/><MeasureUnit v="KW1"/></Period></Category></ConnectionPoint><ConnectionPoint><Identification v="21Z000000000001G" codingScheme="305"/><Type v="Z25"/><Category><CapacityCode v="Z08"/><Period><TimeInterval v="2016-12-02T05:00Z/2016-12-02T06:00Z"/><Direction v="Z03"/><Quantity v="188109"/><MeasureUnit v="KW1"/></Period><Period><TimeInterval v="2016-12-02T06:00Z/2016-12-02T07:00Z"/><Direction v="Z03"/><Quantity v="936313"/><MeasureUnit v="KW1"/></Period><Period><TimeInterval v="2016-12-02T07:00Z/2016-12-02T08:00Z"/><Direction v="Z03"/><Quantity v="948713"/><MeasureUnit v="KW1"/></Period><Period><TimeInterval v="2016-12-02T08:00Z/2016-12-02T09:00Z"/><Direction v="Z03"/><Quantity v="952807"/><MeasureUnit v="KW1"/></Period><Period><TimeInterval v="2016-12-02T09:00Z/2016-12-02T10:00Z"/><Direction v="Z03"/><Quantity v="950863"/><MeasureUnit v="KW1"/></Period><Period><TimeInterval v="2016-12-02T10:00Z/2016-12-02T11:00Z"/><Direction v="Z03"/><Quantity v="950009"/><MeasureUnit v="KW1"/></Period><Period><TimeInterval v="2016-12-02T11:00Z/2016-12-02T12:00Z"/><Direction v="Z03"/><Quantity v="946815"/><MeasureUnit v="KW1"/></Period><Period><TimeInterval v="2016-12-02T12:00Z/2016-12-02T13:00Z"/><Direction v="Z03"/><Quantity v="931194"/><MeasureUnit v="KW1"/></Period><Period><TimeInterval v="2016-12-02T13:00Z/2016-12-02T14:00Z"/><Direction v="Z03"/><Quantity v="855180"/><MeasureUnit v="KW1"/></Period><Period><TimeInterval v="2016-12-02T14:00Z/2016-12-02T15:00Z"/><Direction v="Z03"/><Quantity v="1063099"/><MeasureUnit v="KW1"/></Period><Period><TimeInterval v="2016-12-02T15:00Z/2016-12-02T16:00Z"/><Direction v="Z03"/><Quantity v="1246493"/><MeasureUnit v="KW1"/></Period><Period><TimeInterval v="2016-12-02T16:00Z/2016-12-02T17:00Z"/><Direction v="Z03"/><Quantity v="1089350"/><MeasureUnit v="KW1"/></Period><Period><TimeInterval v="2016-12-02T17:00Z/2016-12-02T18:00Z"/><Direction v="Z03"/><Quantity v="1001569"/><MeasureUnit v="KW1"/></Period><Period><TimeInterval v="2016-12-02T18:00Z/2016-12-02T19:00Z"/><Direction v="Z03"/><Quantity v="906174"/><MeasureUnit v="KW1"/></Period><Period><TimeInterval v="2016-12-02T19:00Z/2016-12-02T20:00Z"/><Direction v="Z03"/><Quantity v="843054"/><MeasureUnit v="KW1"/></Period><Period><TimeInterval v="2016-12-02T20:00Z/2016-12-02T21:00Z"/><Direction v="Z03"/><Quantity v="981309"/><MeasureUnit v="KW1"/></Period><Period><TimeInterval v="2016-12-02T21:00Z/2016-12-02T22:00Z"/><Direction v="Z03"/><Quantity v="991837"/><MeasureUnit v="KW1"/></Period><Period><TimeInterval v="2016-12-02T22:00Z/2016-12-02T23:00Z"/><Direction v="Z03"/><Quantity v="1003696"/><MeasureUnit v="KW1"/></Period><Period><TimeInterval v="2016-12-02T23:00Z/2016-12-03T00:00Z"/><Direction v="Z03"/><Quantity v="1024293"/><MeasureUnit v="KW1"/></Period><Period><TimeInterval v="2016-12-03T00:00Z/2016-12-03T01:00Z"/><Direction v="Z03"/><Quantity v="1001283"/><MeasureUnit v="KW1"/></Period><Period><TimeInterval v="2016-12-03T01:00Z/2016-12-03T02:00Z"/><Direction v="Z03"/><Quantity v="985527"/><MeasureUnit v="KW1"/></Period><Period><TimeInterval v="2016-12-03T02:00Z/2016-12-03T03:00Z"/><Direction v="Z03"/><Quantity v="960386"/><MeasureUnit v="KW1"/></Period><Period><TimeInterval v="2016-12-03T03:00Z/2016-12-03T04:00Z"/><Direction v="Z03"/><Quantity v="415960"/><MeasureUnit v="KW1"/></Period><Period><TimeInterval v="2016-12-03T04:00Z/2016-12-03T05:00Z"/><Direction v="Z03"/><Quantity v="543337"/><MeasureUnit v="KW1"/></Period></Category></ConnectionPoint><ConnectionPoint><Identification v="21Z000000000039S" codingScheme="305"/><Type v="Z25"/><Category><CapacityCode v="Z08"/><Period><TimeInterval v="2016-12-02T05:00Z/2016-12-02T06:00Z"/><Direction v="Z03"/><Quantity v="19625610"/><MeasureUnit v="KW1"/></Period><Period><TimeInterval v="2016-12-02T06:00Z/2016-12-02T07:00Z"/><Direction v="Z03"/><Quantity v="17619417"/><MeasureUnit v="KW1"/></Period><Period><TimeInterval v="2016-12-02T07:00Z/2016-12-02T08:00Z"/><Direction v="Z03"/><Quantity v="16680178"/><MeasureUnit v="KW1"/></Period><Period><TimeInterval v="2016-12-02T08:00Z/2016-12-02T09:00Z"/><Direction v="Z03"/><Quantity v="16822110"/><MeasureUnit v="KW1"/></Period><Period><TimeInterval v="2016-12-02T09:00Z/2016-12-02T10:00Z"/><Direction v="Z03"/><Quantity v="17050886"/><MeasureUnit v="KW1"/></Period><Period><TimeInterval v="2016-12-02T10:00Z/2016-12-02T11:00Z"/><Direction v="Z03"/><Quantity v="17030918"/><MeasureUnit v="KW1"/></Period><Period><TimeInterval v="2016-12-02T11:00Z/2016-12-02T12:00Z"/><Direction v="Z03"/><Quantity v="17157260"/><MeasureUnit v="KW1"/></Period><Period><TimeInterval v="2016-12-02T12:00Z/2016-12-02T13:00Z"/><Direction v="Z03"/><Quantity v="17240802"/><MeasureUnit v="KW1"/></Period><Period><TimeInterval v="2016-12-02T13:00Z/2016-12-02T14:00Z"/><Direction v="Z03"/><Quantity v="18147831"/><MeasureUnit v="KW1"/></Period><Period><TimeInterval v="2016-12-02T14:00Z/2016-12-02T15:00Z"/><Direction v="Z03"/><Quantity v="18863535"/><MeasureUnit v="KW1"/></Period><Period><TimeInterval v="2016-12-02T15:00Z/2016-12-02T16:00Z"/><Direction v="Z03"/><Quantity v="18896000"/><MeasureUnit v="KW1"/></Period><Period><TimeInterval v="2016-12-02T16:00Z/2016-12-02T17:00Z"/><Direction v="Z03"/><Quantity v="18932799"/><MeasureUnit v="KW1"/></Period><Period><TimeInterval v="2016-12-02T17:00Z/2016-12-02T18:00Z"/><Direction v="Z03"/><Quantity v="18963516"/><MeasureUnit v="KW1"/></Period><Period><TimeInterval v="2016-12-02T18:00Z/2016-12-02T19:00Z"/><Direction v="Z03"/><Quantity v="18935280"/><MeasureUnit v="KW1"/></Period><Period><TimeInterval v="2016-12-02T19:00Z/2016-12-02T20:00Z"/><Direction v="Z03"/><Quantity v="18695635"/><MeasureUnit v="KW1"/></Period><Period><TimeInterval v="2016-12-02T20:00Z/2016-12-02T21:00Z"/><Direction v="Z03"/><Quantity v="18164872"/><MeasureUnit v="KW1"/></Period><Period><TimeInterval v="2016-12-02T21:00Z/2016-12-02T22:00Z"/><Direction v="Z03"/><Quantity v="17787343"/><MeasureUnit v="KW1"/></Period><Period><TimeInterval v="2016-12-02T22:00Z/2016-12-02T23:00Z"/><Direction v="Z03"/><Quantity v="17712817"/><MeasureUnit v="KW1"/></Period><Period><TimeInterval v="2016-12-02T23:00Z/2016-12-03T00:00Z"/><Direction v="Z03"/><Quantity v="17663669"/><MeasureUnit v="KW1"/></Period><Period><TimeInterval v="2016-12-03T00:00Z/2016-12-03T01:00Z"/><Direction v="Z03"/><Quantity v="17045920"/><MeasureUnit v="KW1"/></Period><Period><TimeInterval v="2016-12-03T01:00Z/2016-12-03T02:00Z"/><Direction v="Z03"/><Quantity v="16892098"/><MeasureUnit v="KW1"/></Period><Period><TimeInterval v="2016-12-03T02:00Z/2016-12-03T03:00Z"/><Direction v="Z03"/><Quantity v="16860395"/><MeasureUnit v="KW1"/></Period><Period><TimeInterval v="2016-12-03T03:00Z/2016-12-03T04:00Z"/><Direction v="Z03"/><Quantity v="16848908"/><MeasureUnit v="KW1"/></Period><Period><TimeInterval v="2016-12-03T04:00Z/2016-12-03T05:00Z"/><Direction v="Z03"/><Quantity v="16509258"/><MeasureUnit v="KW1"/></Period></Category></ConnectionPoint><ConnectionPoint><Identification v="21Z000000000072U" codingScheme="305"/><Type v="Z25"/><Category><CapacityCode v="Z08"/><Period><TimeInterval v="2016-12-02T05:00Z/2016-12-02T06:00Z"/><Direction v="Z02"/><Quantity v="10060403"/><MeasureUnit v="KW1"/></Period><Period><TimeInterval v="2016-12-02T06:00Z/2016-12-02T07:00Z"/><Direction v="Z02"/><Quantity v="13492423"/><MeasureUnit v="KW1"/></Period><Period><TimeInterval v="2016-12-02T07:00Z/2016-12-02T08:00Z"/><Direction v="Z02"/><Quantity v="13137463"/><MeasureUnit v="KW1"/></Period><Period><TimeInterval v="2016-12-02T08:00Z/2016-12-02T09:00Z"/><Direction v="Z02"/><Quantity v="13257199"/><MeasureUnit v="KW1"/></Period><Period><TimeInterval v="2016-12-02T09:00Z/2016-12-02T10:00Z"/><Direction v="Z02"/><Quantity v="15665598"/><MeasureUnit v="KW1"/></Period><Period><TimeInterval v="2016-12-02T10:00Z/2016-12-02T11:00Z"/><Direction v="Z02"/><Quantity v="16064022"/><MeasureUnit v="KW1"/></Period><Period><TimeInterval v="2016-12-02T11:00Z/2016-12-02T12:00Z"/><Direction v="Z02"/><Quantity v="15705513"/><MeasureUnit v="KW1"/></Period><Period><TimeInterval v="2016-12-02T12:00Z/2016-12-02T13:00Z"/><Direction v="Z02"/><Quantity v="15184304"/><MeasureUnit v="KW1"/></Period><Period><TimeInterval v="2016-12-02T13:00Z/2016-12-02T14:00Z"/><Direction v="Z02"/><Quantity v="14944980"/><MeasureUnit v="KW1"/></Period><Period><TimeInterval v="2016-12-02T14:00Z/2016-12-02T15:00Z"/><Direction v="Z02"/><Quantity v="14308723"/><MeasureUnit v="KW1"/></Period><Period><TimeInterval v="2016-12-02T15:00Z/2016-12-02T16:00Z"/><Direction v="Z02"/><Quantity v="14544691"/><MeasureUnit v="KW1"/></Period><Period><TimeInterval v="2016-12-02T16:00Z/2016-12-02T17:00Z"/><Direction v="Z02"/><Quantity v="15161504"/><MeasureUnit v="KW1"/></Period><Period><TimeInterval v="2016-12-02T17:00Z/2016-12-02T18:00Z"/><Direction v="Z02"/><Quantity v="15318071"/><MeasureUnit v="KW1"/></Period><Period><TimeInterval v="2016-12-02T18:00Z/2016-12-02T19:00Z"/><Direction v="Z02"/><Quantity v="15143035"/><MeasureUnit v="KW1"/></Period><Period><TimeInterval v="2016-12-02T19:00Z/2016-12-02T20:00Z"/><Direction v="Z02"/><Quantity v="14993823"/><MeasureUnit v="KW1"/></Period><Period><TimeInterval v="2016-12-02T20:00Z/2016-12-02T21:00Z"/><Direction v="Z02"/><Quantity v="14200198"/><MeasureUnit v="KW1"/></Period><Period><TimeInterval v="2016-12-02T21:00Z/2016-12-02T22:00Z"/><Direction v="Z02"/><Quantity v="13197420"/><MeasureUnit v="KW1"/></Period><Period><TimeInterval v="2016-12-02T22:00Z/2016-12-02T23:00Z"/><Direction v="Z02"/><Quantity v="12100506"/><MeasureUnit v="KW1"/></Period><Period><TimeInterval v="2016-12-02T23:00Z/2016-12-03T00:00Z"/><Direction v="Z02"/><Quantity v="11116728"/><MeasureUnit v="KW1"/></Period><Period><TimeInterval v="2016-12-03T00:00Z/2016-12-03T01:00Z"/><Direction v="Z02"/><Quantity v="10203931"/><MeasureUnit v="KW1"/></Period><Period><TimeInterval v="2016-12-03T01:00Z/2016-12-03T02:00Z"/><Direction v="Z02"/><Quantity v="11447872"/><MeasureUnit v="KW1"/></Period><Period><TimeInterval v="2016-12-03T02:00Z/2016-12-03T03:00Z"/><Direction v="Z02"/><Quantity v="11481357"/><MeasureUnit v="KW1"/></Period><Period><TimeInterval v="2016-12-03T03:00Z/2016-12-03T04:00Z"/><Direction v="Z02"/><Quantity v="11446422"/><MeasureUnit v="KW1"/></Period><Period><TimeInterval v="2016-12-03T04:00Z/2016-12-03T05:00Z"/><Direction v="Z02"/><Quantity v="14015887"/><MeasureUnit v="KW1"/></Period><Period><TimeInterval v="2016-12-02T05:00Z/2016-12-02T06:00Z"/><Direction v="Z03"/><Quantity v="0"/><MeasureUnit v="KW1"/></Period><Period><TimeInterval v="2016-12-02T06:00Z/2016-12-02T07:00Z"/><Direction v="Z03"/><Quantity v="0"/><MeasureUnit v="KW1"/></Period><Period><TimeInterval v="2016-12-02T07:00Z/2016-12-02T08:00Z"/><Direction v="Z03"/><Quantity v="0"/><MeasureUnit v="KW1"/></Period><Period><TimeInterval v="2016-12-02T08:00Z/2016-12-02T09:00Z"/><Direction v="Z03"/><Quantity v="0"/><MeasureUnit v="KW1"/></Period><Period><TimeInterval v="2016-12-02T09:00Z/2016-12-02T10:00Z"/><Direction v="Z03"/><Quantity v="0"/><MeasureUnit v="KW1"/></Period><Period><TimeInterval v="2016-12-02T10:00Z/2016-12-02T11:00Z"/><Direction v="Z03"/><Quantity v="0"/><MeasureUnit v="KW1"/></Period><Period><TimeInterval v="2016-12-02T11:00Z/2016-12-02T12:00Z"/><Direction v="Z03"/><Quantity v="0"/><MeasureUnit v="KW1"/></Period><Period><TimeInterval v="2016-12-02T12:00Z/2016-12-02T13:00Z"/><Direction v="Z03"/><Quantity v="0"/><MeasureUnit v="KW1"/></Period><Period><TimeInterval v="2016-12-02T13:00Z/2016-12-02T14:00Z"/><Direction v="Z03"/><Quantity v="0"/><MeasureUnit v="KW1"/></Period><Period><TimeInterval v="2016-12-02T14:00Z/2016-12-02T15:00Z"/><Direction v="Z03"/><Quantity v="0"/><MeasureUnit v="KW1"/></Period><Period><TimeInterval v="2016-12-02T15:00Z/2016-12-02T16:00Z"/><Direction v="Z03"/><Quantity v="0"/><MeasureUnit v="KW1"/></Period><Period><TimeInterval v="2016-12-02T16:00Z/2016-12-02T17:00Z"/><Direction v="Z03"/><Quantity v="0"/><MeasureUnit v="KW1"/></Period><Period><TimeInterval v="2016-12-02T17:00Z/2016-12-02T18:00Z"/><Direction v="Z03"/><Quantity v="0"/><MeasureUnit v="KW1"/></Period><Period><TimeInterval v="2016-12-02T18:00Z/2016-12-02T19:00Z"/><Direction v="Z03"/><Quantity v="0"/><MeasureUnit v="KW1"/></Period><Period><TimeInterval v="2016-12-02T19:00Z/2016-12-02T20:00Z"/><Direction v="Z03"/><Quantity v="0"/><MeasureUnit v="KW1"/></Period><Period><TimeInterval v="2016-12-02T20:00Z/2016-12-02T21:00Z"/><Direction v="Z03"/><Quantity v="0"/><MeasureUnit v="KW1"/></Period><Period><TimeInterval v="2016-12-02T21:00Z/2016-12-02T22:00Z"/><Direction v="Z03"/><Quantity v="0"/><MeasureUnit v="KW1"/></Period><Period><TimeInterval v="2016-12-02T22:00Z/2016-12-02T23:00Z"/><Direction v="Z03"/><Quantity v="0"/><MeasureUnit v="KW1"/></Period><Period><TimeInterval v="2016-12-02T23:00Z/2016-12-03T00:00Z"/><Direction v="Z03"/><Quantity v="0"/><MeasureUnit v="KW1"/></Period><Period><TimeInterval v="2016-12-03T00:00Z/2016-12-03T01:00Z"/><Direction v="Z03"/><Quantity v="0"/><MeasureUnit v="KW1"/></Period><Period><TimeInterval v="2016-12-03T01:00Z/2016-12-03T02:00Z"/><Direction v="Z03"/><Quantity v="0"/><MeasureUnit v="KW1"/></Period><Period><TimeInterval v="2016-12-03T02:00Z/2016-12-03T03:00Z"/><Direction v="Z03"/><Quantity v="0"/><MeasureUnit v="KW1"/></Period><Period><TimeInterval v="2016-12-03T03:00Z/2016-12-03T04:00Z"/><Direction v="Z03"/><Quantity v="0"/><MeasureUnit v="KW1"/></Period><Period><TimeInterval v="2016-12-03T04:00Z/2016-12-03T05:00Z"/><Direction v="Z03"/><Quantity v="0"/><MeasureUnit v="KW1"/></Period></Category></ConnectionPoint><ConnectionPoint><Identification v="37Z000000001078I" codingScheme="305"/><Type v="Z26"/><Category><CapacityCode v="Z08"/><Period><TimeInterval v="2016-12-02T05:00Z/2016-12-02T06:00Z"/><Direction v="Z02"/><Quantity v="2775000"/><MeasureUnit v="KW1"/></Period><Period><TimeInterval v="2016-12-02T06:00Z/2016-12-02T07:00Z"/><Direction v="Z02"/><Quantity v="2775000"/><MeasureUnit v="KW1"/></Period><Period><TimeInterval v="2016-12-02T07:00Z/2016-12-02T08:00Z"/><Direction v="Z02"/><Quantity v="2775000"/><MeasureUnit v="KW1"/></Period><Period><TimeInterval v="2016-12-02T08:00Z/2016-12-02T09:00Z"/><Direction v="Z02"/><Quantity v="2775000"/><MeasureUnit v="KW1"/></Period><Period><TimeInterval v="2016-12-02T09:00Z/2016-12-02T10:00Z"/><Direction v="Z02"/><Quantity v="2775000"/><MeasureUnit v="KW1"/></Period><Period><TimeInterval v="2016-12-02T10:00Z/2016-12-02T11:00Z"/><Direction v="Z02"/><Quantity v="2775000"/><MeasureUnit v="KW1"/></Period><Period><TimeInterval v="2016-12-02T11:00Z/2016-12-02T12:00Z"/><Direction v="Z02"/><Quantity v="2775000"/><MeasureUnit v="KW1"/></Period><Period><TimeInterval v="2016-12-02T12:00Z/2016-12-02T13:00Z"/><Direction v="Z02"/><Quantity v="2775000"/><MeasureUnit v="KW1"/></Period><Period><TimeInterval v="2016-12-02T13:00Z/2016-12-02T14:00Z"/><Direction v="Z02"/><Quantity v="2775000"/><MeasureUnit v="KW1"/></Period><Period><TimeInterval v="2016-12-02T14:00Z/2016-12-02T15:00Z"/><Direction v="Z02"/><Quantity v="2775000"/><MeasureUnit v="KW1"/></Period><Period><TimeInterval v="2016-12-02T15:00Z/2016-12-02T16:00Z"/><Direction v="Z02"/><Quantity v="2775000"/><MeasureUnit v="KW1"/></Period><Period><TimeInterval v="2016-12-02T16:00Z/2016-12-02T17:00Z"/><Direction v="Z02"/><Quantity v="2775000"/><MeasureUnit v="KW1"/></Period><Period><TimeInterval v="2016-12-02T17:00Z/2016-12-02T18:00Z"/><Direction v="Z02"/><Quantity v="2775000"/><MeasureUnit v="KW1"/></Period><Period><TimeInterval v="2016-12-02T18:00Z/2016-12-02T19:00Z"/><Direction v="Z02"/><Quantity v="2775000"/><MeasureUnit v="KW1"/></Period><Period><TimeInterval v="2016-12-02T19:00Z/2016-12-02T20:00Z"/><Direction v="Z02"/><Quantity v="2775000"/><MeasureUnit v="KW1"/></Period><Period><TimeInterval v="2016-12-02T20:00Z/2016-12-02T21:00Z"/><Direction v="Z02"/><Quantity v="2775000"/><MeasureUnit v="KW1"/></Period><Period><TimeInterval v="2016-12-02T21:00Z/2016-12-02T22:00Z"/><Direction v="Z02"/><Quantity v="2775000"/><MeasureUnit v="KW1"/></Period><Period><TimeInterval v="2016-12-02T22:00Z/2016-12-02T23:00Z"/><Direction v="Z02"/><Quantity v="2775000"/><MeasureUnit v="KW1"/></Period><Period><TimeInterval v="2016-12-02T23:00Z/2016-12-03T00:00Z"/><Direction v="Z02"/><Quantity v="2775000"/><MeasureUnit v="KW1"/></Period><Period><TimeInterval v="2016-12-03T00:00Z/2016-12-03T01:00Z"/><Direction v="Z02"/><Quantity v="2775000"/><MeasureUnit v="KW1"/></Period><Period><TimeInterval v="2016-12-03T01:00Z/2016-12-03T02:00Z"/><Direction v="Z02"/><Quantity v="2775000"/><MeasureUnit v="KW1"/></Period><Period><TimeInterval v="2016-12-03T02:00Z/2016-12-03T03:00Z"/><Direction v="Z02"/><Quantity v="2775000"/><MeasureUnit v="KW1"/></Period><Period><TimeInterval v="2016-12-03T03:00Z/2016-12-03T04:00Z"/><Direction v="Z02"/><Quantity v="2775000"/><MeasureUnit v="KW1"/></Period><Period><TimeInterval v="2016-12-03T04:00Z/2016-12-03T05:00Z"/><Direction v="Z02"/><Quantity v="2775000"/><MeasureUnit v="KW1"/></Period></Category></ConnectionPoint><ConnectionPoint><Identification v="37Z000000006390S" codingScheme="305"/><Type v="Z26"/><Category><CapacityCode v="Z08"/><Period><TimeInterval v="2016-12-02T05:00Z/2016-12-02T06:00Z"/><Direction v="Z02"/><Quantity v="0"/><MeasureUnit v="KW1"/></Period><Period><TimeInterval v="2016-12-02T06:00Z/2016-12-02T07:00Z"/><Direction v="Z02"/><Quantity v="0"/><MeasureUnit v="KW1"/></Period><Period><TimeInterval v="2016-12-02T07:00Z/2016-12-02T08:00Z"/><Direction v="Z02"/><Quantity v="0"/><MeasureUnit v="KW1"/></Period><Period><TimeInterval v="2016-12-02T08:00Z/2016-12-02T09:00Z"/><Direction v="Z02"/><Quantity v="0"/><MeasureUnit v="KW1"/></Period><Period><TimeInterval v="2016-12-02T09:00Z/2016-12-02T10:00Z"/><Direction v="Z02"/><Quantity v="0"/><MeasureUnit v="KW1"/></Period><Period><TimeInterval v="2016-12-02T10:00Z/2016-12-02T11:00Z"/><Direction v="Z02"/><Quantity v="0"/><MeasureUnit v="KW1"/></Period><Period><TimeInterval v="2016-12-02T11:00Z/2016-12-02T12:00Z"/><Direction v="Z02"/><Quantity v="0"/><MeasureUnit v="KW1"/></Period><Period><TimeInterval v="2016-12-02T12:00Z/2016-12-02T13:00Z"/><Direction v="Z02"/><Quantity v="0"/><MeasureUnit v="KW1"/></Period><Period><TimeInterval v="2016-12-02T13:00Z/2016-12-02T14:00Z"/><Direction v="Z02"/><Quantity v="0"/><MeasureUnit v="KW1"/></Period><Period><TimeInterval v="2016-12-02T14:00Z/2016-12-02T15:00Z"/><Direction v="Z02"/><Quantity v="0"/><MeasureUnit v="KW1"/></Period><Period><TimeInterval v="2016-12-02T15:00Z/2016-12-02T16:00Z"/><Direction v="Z02"/><Quantity v="0"/><MeasureUnit v="KW1"/></Period><Period><TimeInterval v="2016-12-02T16:00Z/2016-12-02T17:00Z"/><Direction v="Z02"/><Quantity v="0"/><MeasureUnit v="KW1"/></Period><Period><TimeInterval v="2016-12-02T17:00Z/2016-12-02T18:00Z"/><Direction v="Z02"/><Quantity v="0"/><MeasureUnit v="KW1"/></Period><Period><TimeInterval v="2016-12-02T18:00Z/2016-12-02T19:00Z"/><Direction v="Z02"/><Quantity v="0"/><MeasureUnit v="KW1"/></Period><Period><TimeInterval v="2016-12-02T19:00Z/2016-12-02T20:00Z"/><Direction v="Z02"/><Quantity v="0"/><MeasureUnit v="KW1"/></Period><Period><TimeInterval v="2016-12-02T20:00Z/2016-12-02T21:00Z"/><Direction v="Z02"/><Quantity v="0"/><MeasureUnit v="KW1"/></Period><Period><TimeInterval v="2016-12-02T21:00Z/2016-12-02T22:00Z"/><Direction v="Z02"/><Quantity v="0"/><MeasureUnit v="KW1"/></Period><Period><TimeInterval v="2016-12-02T22:00Z/2016-12-02T23:00Z"/><Direction v="Z02"/><Quantity v="0"/><MeasureUnit v="KW1"/></Period><Period><TimeInterval v="2016-12-02T23:00Z/2016-12-03T00:00Z"/><Direction v="Z02"/><Quantity v="0"/><MeasureUnit v="KW1"/></Period><Period><TimeInterval v="2016-12-03T00:00Z/2016-12-03T01:00Z"/><Direction v="Z02"/><Quantity v="0"/><MeasureUnit v="KW1"/></Period><Period><TimeInterval v="2016-12-03T01:00Z/2016-12-03T02:00Z"/><Direction v="Z02"/><Quantity v="0"/><MeasureUnit v="KW1"/></Period><Period><TimeInterval v="2016-12-03T02:00Z/2016-12-03T03:00Z"/><Direction v="Z02"/><Quantity v="0"/><MeasureUnit v="KW1"/></Period><Period><TimeInterval v="2016-12-03T03:00Z/2016-12-03T04:00Z"/><Direction v="Z02"/><Quantity v="0"/><MeasureUnit v="KW1"/></Period><Period><TimeInterval v="2016-12-03T04:00Z/2016-12-03T05:00Z"/><Direction v="Z02"/><Quantity v="0"/><MeasureUnit v="KW1"/></Period></Category></ConnectionPoint><ConnectionPoint><Identification v="37Y000000000288Q" codingScheme="305"/><Type v="Z26"/><Category><CapacityCode v="Z08"/><Period><TimeInterval v="2016-12-02T05:00Z/2016-12-02T06:00Z"/><Direction v="Z02"/><Quantity v="1871425"/><MeasureUnit v="KW1"/></Period><Period><TimeInterval v="2016-12-02T06:00Z/2016-12-02T07:00Z"/><Direction v="Z02"/><Quantity v="1797498"/><MeasureUnit v="KW1"/></Period><Period><TimeInterval v="2016-12-02T07:00Z/2016-12-02T08:00Z"/><Direction v="Z02"/><Quantity v="1937057"/><MeasureUnit v="KW1"/></Period><Period><TimeInterval v="2016-12-02T08:00Z/2016-12-02T09:00Z"/><Direction v="Z02"/><Quantity v="1956367"/><MeasureUnit v="KW1"/></Period><Period><TimeInterval v="2016-12-02T09:00Z/2016-12-02T10:00Z"/><Direction v="Z02"/><Quantity v="1707243"/><MeasureUnit v="KW1"/></Period><Period><TimeInterval v="2016-12-02T10:00Z/2016-12-02T11:00Z"/><Direction v="Z02"/><Quantity v="1649427"/><MeasureUnit v="KW1"/></Period><Period><TimeInterval v="2016-12-02T11:00Z/2016-12-02T12:00Z"/><Direction v="Z02"/><Quantity v="1480925"/><MeasureUnit v="KW1"/></Period><Period><TimeInterval v="2016-12-02T12:00Z/2016-12-02T13:00Z"/><Direction v="Z02"/><Quantity v="1212144"/><MeasureUnit v="KW1"/></Period><Period><TimeInterval v="2016-12-02T13:00Z/2016-12-02T14:00Z"/><Direction v="Z02"/><Quantity v="1258098"/><MeasureUnit v="KW1"/></Period><Period><TimeInterval v="2016-12-02T14:00Z/2016-12-02T15:00Z"/><Direction v="Z02"/><Quantity v="1286503"/><MeasureUnit v="KW1"/></Period><Period><TimeInterval v="2016-12-02T15:00Z/2016-12-02T16:00Z"/><Direction v="Z02"/><Quantity v="1358818"/><MeasureUnit v="KW1"/></Period><Period><TimeInterval v="2016-12-02T16:00Z/2016-12-02T17:00Z"/><Direction v="Z02"/><Quantity v="1366664"/><MeasureUnit v="KW1"/></Period><Period><TimeInterval v="2016-12-02T17:00Z/2016-12-02T18:00Z"/><Direction v="Z02"/><Quantity v="1385402"/><MeasureUnit v="KW1"/></Period><Period><TimeInterval v="2016-12-02T18:00Z/2016-12-02T19:00Z"/><Direction v="Z02"/><Quantity v="1360951"/><MeasureUnit v="KW1"/></Period><Period><TimeInterval v="2016-12-02T19:00Z/2016-12-02T20:00Z"/><Direction v="Z02"/><Quantity v="1248284"/><MeasureUnit v="KW1"/></Period><Period><TimeInterval v="2016-12-02T20:00Z/2016-12-02T21:00Z"/><Direction v="Z02"/><Quantity v="1170981"/><MeasureUnit v="KW1"/></Period><Period><TimeInterval v="2016-12-02T21:00Z/2016-12-02T22:00Z"/><Direction v="Z02"/><Quantity v="991008"/><MeasureUnit v="KW1"/></Period><Period><TimeInterval v="2016-12-02T22:00Z/2016-12-02T23:00Z"/><Direction v="Z02"/><Quantity v="913289"/><MeasureUnit v="KW1"/></Period><Period><TimeInterval v="2016-12-02T23:00Z/2016-12-03T00:00Z"/><Direction v="Z02"/><Quantity v="866687"/><MeasureUnit v="KW1"/></Period><Period><TimeInterval v="2016-12-03T00:00Z/2016-12-03T01:00Z"/><Direction v="Z02"/><Quantity v="921436"/><MeasureUnit v="KW1"/></Period><Period><TimeInterval v="2016-12-03T01:00Z/2016-12-03T02:00Z"/><Direction v="Z02"/><Quantity v="911069"/><MeasureUnit v="KW1"/></Period><Period><TimeInterval v="2016-12-03T02:00Z/2016-12-03T03:00Z"/><Direction v="Z02"/><Quantity v="939529"/><MeasureUnit v="KW1"/></Period><Period><TimeInterval v="2016-12-03T03:00Z/2016-12-03T04:00Z"/><Direction v="Z02"/><Quantity v="1011461"/><MeasureUnit v="KW1"/></Period><Period><TimeInterval v="2016-12-03T04:00Z/2016-12-03T05:00Z"/><Direction v="Z02"/><Quantity v="1330054"/><MeasureUnit v="KW1"/></Period></Category></ConnectionPoint><ConnectionPoint><Identification v="37Y000000000385S" codingScheme="305"/><Type v="Z26"/><Category><CapacityCode v="Z08"/><Period><TimeInterval v="2016-12-02T05:00Z/2016-12-02T06:00Z"/><Direction v="Z02"/><Quantity v="2480090"/><MeasureUnit v="KW1"/></Period><Period><TimeInterval v="2016-12-02T06:00Z/2016-12-02T07:00Z"/><Direction v="Z02"/><Quantity v="2671308"/><MeasureUnit v="KW1"/></Period><Period><TimeInterval v="2016-12-02T07:00Z/2016-12-02T08:00Z"/><Direction v="Z02"/><Quantity v="2578958"/><MeasureUnit v="KW1"/></Period><Period><TimeInterval v="2016-12-02T08:00Z/2016-12-02T09:00Z"/><Direction v="Z02"/><Quantity v="2569170"/><MeasureUnit v="KW1"/></Period><Period><TimeInterval v="2016-12-02T09:00Z/2016-12-02T10:00Z"/><Direction v="Z02"/><Quantity v="2563605"/><MeasureUnit v="KW1"/></Period><Period><TimeInterval v="2016-12-02T10:00Z/2016-12-02T11:00Z"/><Direction v="Z02"/><Quantity v="2560196"/><MeasureUnit v="KW1"/></Period><Period><TimeInterval v="2016-12-02T11:00Z/2016-12-02T12:00Z"/><Direction v="Z02"/><Quantity v="2555510"/><MeasureUnit v="KW1"/></Period><Period><TimeInterval v="2016-12-02T12:00Z/2016-12-02T13:00Z"/><Direction v="Z02"/><Quantity v="2543669"/><MeasureUnit v="KW1"/></Period><Period><TimeInterval v="2016-12-02T13:00Z/2016-12-02T14:00Z"/><Direction v="Z02"/><Quantity v="2840957"/><MeasureUnit v="KW1"/></Period><Period><TimeInterval v="2016-12-02T14:00Z/2016-12-02T15:00Z"/><Direction v="Z02"/><Quantity v="2843743"/><MeasureUnit v="KW1"/></Period><Period><TimeInterval v="2016-12-02T15:00Z/2016-12-02T16:00Z"/><Direction v="Z02"/><Quantity v="2830849"/><MeasureUnit v="KW1"/></Period><Period><TimeInterval v="2016-12-02T16:00Z/2016-12-02T17:00Z"/><Direction v="Z02"/><Quantity v="2829592"/><MeasureUnit v="KW1"/></Period><Period><TimeInterval v="2016-12-02T17:00Z/2016-12-02T18:00Z"/><Direction v="Z02"/><Quantity v="2833123"/><MeasureUnit v="KW1"/></Period><Period><TimeInterval v="2016-12-02T18:00Z/2016-12-02T19:00Z"/><Direction v="Z02"/><Quantity v="2710890"/><MeasureUnit v="KW1"/></Period><Period><TimeInterval v="2016-12-02T19:00Z/2016-12-02T20:00Z"/><Direction v="Z02"/><Quantity v="2713689"/><MeasureUnit v="KW1"/></Period><Period><TimeInterval v="2016-12-02T20:00Z/2016-12-02T21:00Z"/><Direction v="Z02"/><Quantity v="2701706"/><MeasureUnit v="KW1"/></Period><Period><TimeInterval v="2016-12-02T21:00Z/2016-12-02T22:00Z"/><Direction v="Z02"/><Quantity v="2718050"/><MeasureUnit v="KW1"/></Period><Period><TimeInterval v="2016-12-02T22:00Z/2016-12-02T23:00Z"/><Direction v="Z02"/><Quantity v="2621030"/><MeasureUnit v="KW1"/></Period><Period><TimeInterval v="2016-12-02T23:00Z/2016-12-03T00:00Z"/><Direction v="Z02"/><Quantity v="2654345"/><MeasureUnit v="KW1"/></Period><Period><TimeInterval v="2016-12-03T00:00Z/2016-12-03T01:00Z"/><Direction v="Z02"/><Quantity v="2652368"/><MeasureUnit v="KW1"/></Period><Period><TimeInterval v="2016-12-03T01:00Z/2016-12-03T02:00Z"/><Direction v="Z02"/><Quantity v="2666779"/><MeasureUnit v="KW1"/></Period><Period><TimeInterval v="2016-12-03T02:00Z/2016-12-03T03:00Z"/><Direction v="Z02"/><Quantity v="2667343"/><MeasureUnit v="KW1"/></Period><Period><TimeInterval v="2016-12-03T03:00Z/2016-12-03T04:00Z"/><Direction v="Z02"/><Quantity v="2687322"/><MeasureUnit v="KW1"/></Period><Period><TimeInterval v="2016-12-03T04:00Z/2016-12-03T05:00Z"/><Direction v="Z02"/><Quantity v="2656292"/><MeasureUnit v="KW1"/></Period></Category></ConnectionPoint><ConnectionPoint><Identification v="21Z000000000343P" codingScheme="305"/><Type v="Z31"/><Category><CapacityCode v="Z08"/><Period><TimeInterval v="2016-12-02T05:00Z/2016-12-02T06:00Z"/><Direction v="Z03"/><Quantity v="29463550"/><MeasureUnit v="KW1"/></Period><Period><TimeInterval v="2016-12-02T06:00Z/2016-12-02T07:00Z"/><Direction v="Z03"/><Quantity v="34145021"/><MeasureUnit v="KW1"/></Period><Period><TimeInterval v="2016-12-02T07:00Z/2016-12-02T08:00Z"/><Direction v="Z03"/><Quantity v="34152062"/><MeasureUnit v="KW1"/></Period><Period><TimeInterval v="2016-12-02T08:00Z/2016-12-02T09:00Z"/><Direction v="Z03"/><Quantity v="34705959"/><MeasureUnit v="KW1"/></Period><Period><TimeInterval v="2016-12-02T09:00Z/2016-12-02T10:00Z"/><Direction v="Z03"/><Quantity v="34722321"/><MeasureUnit v="KW1"/></Period><Period><TimeInterval v="2016-12-02T10:00Z/2016-12-02T11:00Z"/><Direction v="Z03"/><Quantity v="34064623"/><MeasureUnit v="KW1"/></Period><Period><TimeInterval v="2016-12-02T11:00Z/2016-12-02T12:00Z"/><Direction v="Z03"/><Quantity v="34702416"/><MeasureUnit v="KW1"/></Period><Period><TimeInterval v="2016-12-02T12:00Z/2016-12-02T13:00Z"/><Direction v="Z03"/><Quantity v="37023237"/><MeasureUnit v="KW1"/></Period><Period><TimeInterval v="2016-12-02T13:00Z/2016-12-02T14:00Z"/><Direction v="Z03"/><Quantity v="37051459"/><MeasureUnit v="KW1"/></Period><Period><TimeInterval v="2016-12-02T14:00Z/2016-12-02T15:00Z"/><Direction v="Z03"/><Quantity v="31874657"/><MeasureUnit v="KW1"/></Period><Period><TimeInterval v="2016-12-02T15:00Z/2016-12-02T16:00Z"/><Direction v="Z03"/><Quantity v="35350316"/><MeasureUnit v="KW1"/></Period><Period><TimeInterval v="2016-12-02T16:00Z/2016-12-02T17:00Z"/><Direction v="Z03"/><Quantity v="35098960"/><MeasureUnit v="KW1"/></Period><Period><TimeInterval v="2016-12-02T17:00Z/2016-12-02T18:00Z"/><Direction v="Z03"/><Quantity v="35371328"/><MeasureUnit v="KW1"/></Period><Period><TimeInterval v="2016-12-02T18:00Z/2016-12-02T19:00Z"/><Direction v="Z03"/><Quantity v="35546670"/><MeasureUnit v="KW1"/></Period><Period><TimeInterval v="2016-12-02T19:00Z/2016-12-02T20:00Z"/><Direction v="Z03"/><Quantity v="35691995"/><MeasureUnit v="KW1"/></Period><Period><TimeInterval v="2016-12-02T20:00Z/2016-12-02T21:00Z"/><Direction v="Z03"/><Quantity v="37143062"/><MeasureUnit v="KW1"/></Period><Period><TimeInterval v="2016-12-02T21:00Z/2016-12-02T22:00Z"/><Direction v="Z03"/><Quantity v="36058741"/><MeasureUnit v="KW1"/></Period><Period><TimeInterval v="2016-12-02T22:00Z/2016-12-02T23:00Z"/><Direction v="Z03"/><Quantity v="35793815"/><MeasureUnit v="KW1"/></Period><Period><TimeInterval v="2016-12-02T23:00Z/2016-12-03T00:00Z"/><Direction v="Z03"/><Quantity v="35184744"/><MeasureUnit v="KW1"/></Period><Period><TimeInterval v="2016-12-03T00:00Z/2016-12-03T01:00Z"/><Direction v="Z03"/><Quantity v="31249051"/><MeasureUnit v="KW1"/></Period><Period><TimeInterval v="2016-12-03T01:00Z/2016-12-03T02:00Z"/><Direction v="Z03"/><Quantity v="34943767"/><MeasureUnit v="KW1"/></Period><Period><TimeInterval v="2016-12-03T02:00Z/2016-12-03T03:00Z"/><Direction v="Z03"/><Quantity v="26379062"/><MeasureUnit v="KW1"/></Period><Period><TimeInterval v="2016-12-03T03:00Z/2016-12-03T04:00Z"/><Direction v="Z03"/><Quantity v="29947390"/><MeasureUnit v="KW1"/></Period><Period><TimeInterval v="2016-12-03T04:00Z/2016-12-03T05:00Z"/><Direction v="Z03"/><Quantity v="28904319"/><MeasureUnit v="KW1"/></Period></Category></ConnectionPoint></TransparencyPublication>