<?xml version="1.0" encoding="UTF-8"?><TransparencyPublication Version="EGAS50" Release="A"><Identification v="TRANPB20170102A104059"/><Version v="1"/><Type v="AL6"/><CreationDateTime v="2017-01-02T08:04:20.437Z"/><ValidityPeriod v="2016-12-16T05:00Z/2016-12-17T05:00Z"/><IssuerIdentification v="21X-DE-C-A0A0A-T" codingScheme="305"/><IssuerRole v="ZSO"/><RecipientIdentification v="10X1001A1001A353" codingScheme="305"/><RecipientRole v="ZUA"/><ConnectionPoint><Identification v="21Z0000000000236" codingScheme="305"/><Type v="Z25"/><Category><CapacityCode v="Z08"/><Period><TimeInterval v="2016-12-16T05:00Z/2016-12-16T06:00Z"/><Direction v="Z02"/><Quantity v="34679284"/><MeasureUnit v="KW1"/></Period><Period><TimeInterval v="2016-12-16T06:00Z/2016-12-16T07:00Z"/><Direction v="Z02"/><Quantity v="34674064"/><MeasureUnit v="KW1"/></Period><Period><TimeInterval v="2016-12-16T07:00Z/2016-12-16T08:00Z"/><Direction v="Z02"/><Quantity v="35530274"/><MeasureUnit v="KW1"/></Period><Period><TimeInterval v="2016-12-16T08:00Z/2016-12-16T09:00Z"/><Direction v="Z02"/><Quantity v="35646346"/><MeasureUnit v="KW1"/></Period><Period><TimeInterval v="2016-12-16T09:00Z/2016-12-16T10:00Z"/><Direction v="Z02"/><Quantity v="35621417"/><MeasureUnit v="KW1"/></Period><Period><TimeInterval v="2016-12-16T10:00Z/2016-12-16T11:00Z"/><Direction v="Z02"/><Quantity v="35615777"/><MeasureUnit v="KW1"/></Period><Period><TimeInterval v="2016-12-16T11:00Z/2016-12-16T12:00Z"/><Direction v="Z02"/><Quantity v="35621309"/><MeasureUnit v="KW1"/></Period><Period><TimeInterval v="2016-12-16T12:00Z/2016-12-16T13:00Z"/><Direction v="Z02"/><Quantity v="35618529"/><MeasureUnit v="KW1"/></Period><Period><TimeInterval v="2016-12-16T13:00Z/2016-12-16T14:00Z"/><Direction v="Z02"/><Quantity v="35562248"/><MeasureUnit v="KW1"/></Period><Period><TimeInterval v="2016-12-16T14:00Z/2016-12-16T15:00Z"/><Direction v="Z02"/><Quantity v="35558715"/><MeasureUnit v="KW1"/></Period><Period><TimeInterval v="2016-12-16T15:00Z/2016-12-16T16:00Z"/><Direction v="Z02"/><Quantity v="35599576"/><MeasureUnit v="KW1"/></Period><Period><TimeInterval v="2016-12-16T16:00Z/2016-12-16T17:00Z"/><Direction v="Z02"/><Quantity v="35594682"/><MeasureUnit v="KW1"/></Period><Period><TimeInterval v="2016-12-16T17:00Z/2016-12-16T18:00Z"/><Direction v="Z02"/><Quantity v="35609921"/><MeasureUnit v="KW1"/></Period><Period><TimeInterval v="2016-12-16T18:00Z/2016-12-16T19:00Z"/><Direction v="Z02"/><Quantity v="35606375"/><MeasureUnit v="KW1"/></Period><Period><TimeInterval v="2016-12-16T19:00Z/2016-12-16T20:00Z"/><Direction v="Z02"/><Quantity v="35632924"/><MeasureUnit v="KW1"/></Period><Period><TimeInterval v="2016-12-16T20:00Z/2016-12-16T21:00Z"/><Direction v="Z02"/><Quantity v="35636744"/><MeasureUnit v="KW1"/></Period><Period><TimeInterval v="2016-12-16T21:00Z/2016-12-16T22:00Z"/><Direction v="Z02"/><Quantity v="35611116"/><MeasureUnit v="KW1"/></Period><Period><TimeInterval v="2016-12-16T22:00Z/2016-12-16T23:00Z"/><Direction v="Z02"/><Quantity v="35684601"/><MeasureUnit v="KW1"/></Period><Period><TimeInterval v="2016-12-16T23:00Z/2016-12-17T00:00Z"/><Direction v="Z02"/><Quantity v="35707731"/><MeasureUnit v="KW1"/></Period><Period><TimeInterval v="2016-12-17T00:00Z/2016-12-17T01:00Z"/><Direction v="Z02"/><Quantity v="35843868"/><MeasureUnit v="KW1"/></Period><Period><TimeInterval v="2016-12-17T01:00Z/2016-12-17T02:00Z"/><Direction v="Z02"/><Quantity v="35866653"/><MeasureUnit v="KW1"/></Period><Period><TimeInterval v="2016-12-17T02:00Z/2016-12-17T03:00Z"/><Direction v="Z02"/><Quantity v="35808759"/><MeasureUnit v="KW1"/></Period><Period><TimeInterval v="2016-12-17T03:00Z/2016-12-17T04:00Z"/><Direction v="Z02"/><Quantity v="35742990"/><MeasureUnit v="KW1"/></Period><Period><TimeInterval v="2016-12-17T04:00Z/2016-12-17T05:00Z"/><Direction v="Z02"/><Quantity v="35594003"/><MeasureUnit v="KW1"/></Period></Category></ConnectionPoint><ConnectionPoint><Identification v="21Z0000000000406" codingScheme="305"/><Type v="Z25"/><Category><CapacityCode v="Z08"/><Period><TimeInterval v="2016-12-16T05:00Z/2016-12-16T06:00Z"/><Direction v="Z03"/><Quantity v="349491"/><MeasureUnit v="KW1"/></Period><Period><TimeInterval v="2016-12-16T06:00Z/2016-12-16T07:00Z"/><Direction v="Z03"/><Quantity v="396500"/><MeasureUnit v="KW1"/></Period><Period><TimeInterval v="2016-12-16T07:00Z/2016-12-16T08:00Z"/><Direction v="Z03"/><Quantity v="400668"/><MeasureUnit v="KW1"/></Period><Period><TimeInterval v="2016-12-16T08:00Z/2016-12-16T09:00Z"/><Direction v="Z03"/><Quantity v="400104"/><MeasureUnit v="KW1"/></Period><Period><TimeInterval v="2016-12-16T09:00Z/2016-12-16T10:00Z"/><Direction v="Z03"/><Quantity v="399937"/><MeasureUnit v="KW1"/></Period><Period><TimeInterval v="2016-12-16T10:00Z/2016-12-16T11:00Z"/><Direction v="Z03"/><Quantity v="400946"/><MeasureUnit v="KW1"/></Period><Period><TimeInterval v="2016-12-16T11:00Z/2016-12-16T12:00Z"/><Direction v="Z03"/><Quantity v="400246"/><MeasureUnit v="KW1"/></Period><Period><TimeInterval v="2016-12-16T12:00Z/2016-12-16T13:00Z"/><Direction v="Z03"/><Quantity v="401905"/><MeasureUnit v="KW1"/></Period><Period><TimeInterval v="2016-12-16T13:00Z/2016-12-16T14:00Z"/><Direction v="Z03"/><Quantity v="402309"/><MeasureUnit v="KW1"/></Period><Period><TimeInterval v="2016-12-16T14:00Z/2016-12-16T15:00Z"/><Direction v="Z03"/><Quantity v="403031"/><MeasureUnit v="KW1"/></Period><Period><TimeInterval v="2016-12-16T15:00Z/2016-12-16T16:00Z"/><Direction v="Z03"/><Quantity v="402973"/><MeasureUnit v="KW1"/></Period><Period><TimeInterval v="2016-12-16T16:00Z/2016-12-16T17:00Z"/><Direction v="Z03"/><Quantity v="403776"/><MeasureUnit v="KW1"/></Period><Period><TimeInterval v="2016-12-16T17:00Z/2016-12-16T18:00Z"/><Direction v="Z03"/><Quantity v="403889"/><MeasureUnit v="KW1"/></Period><Period><TimeInterval v="2016-12-16T18:00Z/2016-12-16T19:00Z"/><Direction v="Z03"/><Quantity v="403621"/><MeasureUnit v="KW1"/></Period><Period><TimeInterval v="2016-12-16T19:00Z/2016-12-16T20:00Z"/><Direction v="Z03"/><Quantity v="402668"/><MeasureUnit v="KW1"/></Period><Period><TimeInterval v="2016-12-16T20:00Z/2016-12-16T21:00Z"/><Direction v="Z03"/><Quantity v="401421"/><MeasureUnit v="KW1"/></Period><Period><TimeInterval v="2016-12-16T21:00Z/2016-12-16T22:00Z"/><Direction v="Z03"/><Quantity v="56818"/><MeasureUnit v="KW1"/></Period><Period><TimeInterval v="2016-12-16T22:00Z/2016-12-16T23:00Z"/><Direction v="Z03"/><Quantity v="0"/><MeasureUnit v="KW1"/></Period><Period><TimeInterval v="2016-12-16T23:00Z/2016-12-17T00:00Z"/><Direction v="Z03"/><Quantity v="0"/><MeasureUnit v="KW1"/></Period><Period><TimeInterval v="2016-12-17T00:00Z/2016-12-17T01:00Z"/><Direction v="Z03"/><Quantity v="0"/><MeasureUnit v="KW1"/></Period><Period><TimeInterval v="2016-12-17T01:00Z/2016-12-17T02:00Z"/><Direction v="Z03"/><Quantity v="0"/><MeasureUnit v="KW1"/></Period><Period><TimeInterval v="2016-12-17T02:00Z/2016-12-17T03:00Z"/><Direction v="Z03"/><Quantity v="0"/><MeasureUnit v="KW1"/></Period><Period><TimeInterval v="2016-12-17T03:00Z/2016-12-17T04:00Z"/><Direction v="Z03"/><Quantity v="0"/><MeasureUnit v="KW1"/></Period><Period><TimeInterval v="2016-12-17T04:00Z/2016-12-17T05:00Z"/><Direction v="Z03"/><Quantity v="0"/><MeasureUnit v="KW1"/></Period></Category></ConnectionPoint><ConnectionPoint><Identification v="21Z000000000073S" codingScheme="305"/><Type v="Z25"/><Category><CapacityCode v="Z08"/><Period><TimeInterval v="2016-12-16T05:00Z/2016-12-16T06:00Z"/><Direction v="Z02"/><Quantity v="14098733"/><MeasureUnit v="KW1"/></Period><Period><TimeInterval v="2016-12-16T06:00Z/2016-12-16T07:00Z"/><Direction v="Z02"/><Quantity v="14231229"/><MeasureUnit v="KW1"/></Period><Period><TimeInterval v="2016-12-16T07:00Z/2016-12-16T08:00Z"/><Direction v="Z02"/><Quantity v="14122085"/><MeasureUnit v="KW1"/></Period><Period><TimeInterval v="2016-12-16T08:00Z/2016-12-16T09:00Z"/><Direction v="Z02"/><Quantity v="14064293"/><MeasureUnit v="KW1"/></Period><Period><TimeInterval v="2016-12-16T09:00Z/2016-12-16T10:00Z"/><Direction v="Z02"/><Quantity v="13785971"/><MeasureUnit v="KW1"/></Period><Period><TimeInterval v="2016-12-16T10:00Z/2016-12-16T11:00Z"/><Direction v="Z02"/><Quantity v="14036057"/><MeasureUnit v="KW1"/></Period><Period><TimeInterval v="2016-12-16T11:00Z/2016-12-16T12:00Z"/><Direction v="Z02"/><Quantity v="14032461"/><MeasureUnit v="KW1"/></Period><Period><TimeInterval v="2016-12-16T12:00Z/2016-12-16T13:00Z"/><Direction v="Z02"/><Quantity v="14038277"/><MeasureUnit v="KW1"/></Period><Period><TimeInterval v="2016-12-16T13:00Z/2016-12-16T14:00Z"/><Direction v="Z02"/><Quantity v="13995851"/><MeasureUnit v="KW1"/></Period><Period><TimeInterval v="2016-12-16T14:00Z/2016-12-16T15:00Z"/><Direction v="Z02"/><Quantity v="14250129"/><MeasureUnit v="KW1"/></Period><Period><TimeInterval v="2016-12-16T15:00Z/2016-12-16T16:00Z"/><Direction v="Z02"/><Quantity v="14234976"/><MeasureUnit v="KW1"/></Period><Period><TimeInterval v="2016-12-16T16:00Z/2016-12-16T17:00Z"/><Direction v="Z02"/><Quantity v="14448463"/><MeasureUnit v="KW1"/></Period><Period><TimeInterval v="2016-12-16T17:00Z/2016-12-16T18:00Z"/><Direction v="Z02"/><Quantity v="14227131"/><MeasureUnit v="KW1"/></Period><Period><TimeInterval v="2016-12-16T18:00Z/2016-12-16T19:00Z"/><Direction v="Z02"/><Quantity v="14421784"/><MeasureUnit v="KW1"/></Period><Period><TimeInterval v="2016-12-16T19:00Z/2016-12-16T20:00Z"/><Direction v="Z02"/><Quantity v="14578233"/><MeasureUnit v="KW1"/></Period><Period><TimeInterval v="2016-12-16T20:00Z/2016-12-16T21:00Z"/><Direction v="Z02"/><Quantity v="14277541"/><MeasureUnit v="KW1"/></Period><Period><TimeInterval v="2016-12-16T21:00Z/2016-12-16T22:00Z"/><Direction v="Z02"/><Quantity v="13749044"/><MeasureUnit v="KW1"/></Period><Period><TimeInterval v="2016-12-16T22:00Z/2016-12-16T23:00Z"/><Direction v="Z02"/><Quantity v="13279305"/><MeasureUnit v="KW1"/></Period><Period><TimeInterval v="2016-12-16T23:00Z/2016-12-17T00:00Z"/><Direction v="Z02"/><Quantity v="13195661"/><MeasureUnit v="KW1"/></Period><Period><TimeInterval v="2016-12-17T00:00Z/2016-12-17T01:00Z"/><Direction v="Z02"/><Quantity v="12361375"/><MeasureUnit v="KW1"/></Period><Period><TimeInterval v="2016-12-17T01:00Z/2016-12-17T02:00Z"/><Direction v="Z02"/><Quantity v="12399051"/><MeasureUnit v="KW1"/></Period><Period><TimeInterval v="2016-12-17T02:00Z/2016-12-17T03:00Z"/><Direction v="Z02"/><Quantity v="12367643"/><MeasureUnit v="KW1"/></Period><Period><TimeInterval v="2016-12-17T03:00Z/2016-12-17T04:00Z"/><Direction v="Z02"/><Quantity v="12323902"/><MeasureUnit v="KW1"/></Period><Period><TimeInterval v="2016-12-17T04:00Z/2016-12-17T05:00Z"/><Direction v="Z02"/><Quantity v="13171503"/><MeasureUnit v="KW1"/></Period></Category></ConnectionPoint><ConnectionPoint><Identification v="21Z0000000001232" codingScheme="305"/><Type v="Z25"/><Category><CapacityCode v="Z08"/><Period><TimeInterval v="2016-12-16T05:00Z/2016-12-16T06:00Z"/><Direction v="Z03"/><Quantity v="22236802"/><MeasureUnit v="KW1"/></Period><Period><TimeInterval v="2016-12-16T06:00Z/2016-12-16T07:00Z"/><Direction v="Z03"/><Quantity v="21552584"/><MeasureUnit v="KW1"/></Period><Period><TimeInterval v="2016-12-16T07:00Z/2016-12-16T08:00Z"/><Direction v="Z03"/><Quantity v="21098470"/><MeasureUnit v="KW1"/></Period><Period><TimeInterval v="2016-12-16T08:00Z/2016-12-16T09:00Z"/><Direction v="Z03"/><Quantity v="20885206"/><MeasureUnit v="KW1"/></Period><Period><TimeInterval v="2016-12-16T09:00Z/2016-12-16T10:00Z"/><Direction v="Z03"/><Quantity v="20789063"/><MeasureUnit v="KW1"/></Period><Period><TimeInterval v="2016-12-16T10:00Z/2016-12-16T11:00Z"/><Direction v="Z03"/><Quantity v="20276958"/><MeasureUnit v="KW1"/></Period><Period><TimeInterval v="2016-12-16T11:00Z/2016-12-16T12:00Z"/><Direction v="Z03"/><Quantity v="20629126"/><MeasureUnit v="KW1"/></Period><Period><TimeInterval v="2016-12-16T12:00Z/2016-12-16T13:00Z"/><Direction v="Z03"/><Quantity v="20586117"/><MeasureUnit v="KW1"/></Period><Period><TimeInterval v="2016-12-16T13:00Z/2016-12-16T14:00Z"/><Direction v="Z03"/><Quantity v="21097898"/><MeasureUnit v="KW1"/></Period><Period><TimeInterval v="2016-12-16T14:00Z/2016-12-16T15:00Z"/><Direction v="Z03"/><Quantity v="22061628"/><MeasureUnit v="KW1"/></Period><Period><TimeInterval v="2016-12-16T15:00Z/2016-12-16T16:00Z"/><Direction v="Z03"/><Quantity v="22283591"/><MeasureUnit v="KW1"/></Period><Period><TimeInterval v="2016-12-16T16:00Z/2016-12-16T17:00Z"/><Direction v="Z03"/><Quantity v="22392620"/><MeasureUnit v="KW1"/></Period><Period><TimeInterval v="2016-12-16T17:00Z/2016-12-16T18:00Z"/><Direction v="Z03"/><Quantity v="22466069"/><MeasureUnit v="KW1"/></Period><Period><TimeInterval v="2016-12-16T18:00Z/2016-12-16T19:00Z"/><Direction v="Z03"/><Quantity v="22533036"/><MeasureUnit v="KW1"/></Period><Period><TimeInterval v="2016-12-16T19:00Z/2016-12-16T20:00Z"/><Direction v="Z03"/><Quantity v="22585774"/><MeasureUnit v="KW1"/></Period><Period><TimeInterval v="2016-12-16T20:00Z/2016-12-16T21:00Z"/><Direction v="Z03"/><Quantity v="22580311"/><MeasureUnit v="KW1"/></Period><Period><TimeInterval v="2016-12-16T21:00Z/2016-12-16T22:00Z"/><Direction v="Z03"/><Quantity v="22396439"/><MeasureUnit v="KW1"/></Period><Period><TimeInterval v="2016-12-16T22:00Z/2016-12-16T23:00Z"/><Direction v="Z03"/><Quantity v="21899362"/><MeasureUnit v="KW1"/></Period><Period><TimeInterval v="2016-12-16T23:00Z/2016-12-17T00:00Z"/><Direction v="Z03"/><Quantity v="21413681"/><MeasureUnit v="KW1"/></Period><Period><TimeInterval v="2016-12-17T00:00Z/2016-12-17T01:00Z"/><Direction v="Z03"/><Quantity v="20985390"/><MeasureUnit v="KW1"/></Period><Period><TimeInterval v="2016-12-17T01:00Z/2016-12-17T02:00Z"/><Direction v="Z03"/><Quantity v="20885926"/><MeasureUnit v="KW1"/></Period><Period><TimeInterval v="2016-12-17T02:00Z/2016-12-17T03:00Z"/><Direction v="Z03"/><Quantity v="20749697"/><MeasureUnit v="KW1"/></Period><Period><TimeInterval v="2016-12-17T03:00Z/2016-12-17T04:00Z"/><Direction v="Z03"/><Quantity v="20825832"/><MeasureUnit v="KW1"/></Period><Period><TimeInterval v="2016-12-17T04:00Z/2016-12-17T05:00Z"/><Direction v="Z03"/><Quantity v="20850714"/><MeasureUnit v="KW1"/></Period></Category></ConnectionPoint><ConnectionPoint><Identification v="21Z000000000075O" codingScheme="305"/><Type v="Z25"/><Category><CapacityCode v="Z08"/><Period><TimeInterval v="2016-12-16T05:00Z/2016-12-16T06:00Z"/><Direction v="Z02"/><Quantity v="0"/><MeasureUnit v="KW1"/></Period><Period><TimeInterval v="2016-12-16T06:00Z/2016-12-16T07:00Z"/><Direction v="Z02"/><Quantity v="0"/><MeasureUnit v="KW1"/></Period><Period><TimeInterval v="2016-12-16T07:00Z/2016-12-16T08:00Z"/><Direction v="Z02"/><Quantity v="0"/><MeasureUnit v="KW1"/></Period><Period><TimeInterval v="2016-12-16T08:00Z/2016-12-16T09:00Z"/><Direction v="Z02"/><Quantity v="0"/><MeasureUnit v="KW1"/></Period><Period><TimeInterval v="2016-12-16T09:00Z/2016-12-16T10:00Z"/><Direction v="Z02"/><Quantity v="0"/><MeasureUnit v="KW1"/></Period><Period><TimeInterval v="2016-12-16T10:00Z/2016-12-16T11:00Z"/><Direction v="Z02"/><Quantity v="0"/><MeasureUnit v="KW1"/></Period><Period><TimeInterval v="2016-12-16T11:00Z/2016-12-16T12:00Z"/><Direction v="Z02"/><Quantity v="0"/><MeasureUnit v="KW1"/></Period><Period><TimeInterval v="2016-12-16T12:00Z/2016-12-16T13:00Z"/><Direction v="Z02"/><Quantity v="0"/><MeasureUnit v="KW1"/></Period><Period><TimeInterval v="2016-12-16T13:00Z/2016-12-16T14:00Z"/><Direction v="Z02"/><Quantity v="0"/><MeasureUnit v="KW1"/></Period><Period><TimeInterval v="2016-12-16T14:00Z/2016-12-16T15:00Z"/><Direction v="Z02"/><Quantity v="0"/><MeasureUnit v="KW1"/></Period><Period><TimeInterval v="2016-12-16T15:00Z/2016-12-16T16:00Z"/><Direction v="Z02"/><Quantity v="0"/><MeasureUnit v="KW1"/></Period><Period><TimeInterval v="2016-12-16T16:00Z/2016-12-16T17:00Z"/><Direction v="Z02"/><Quantity v="0"/><MeasureUnit v="KW1"/></Period><Period><TimeInterval v="2016-12-16T17:00Z/2016-12-16T18:00Z"/><Direction v="Z02"/><Quantity v="0"/><MeasureUnit v="KW1"/></Period><Period><TimeInterval v="2016-12-16T18:00Z/2016-12-16T19:00Z"/><Direction v="Z02"/><Quantity v="0"/><MeasureUnit v="KW1"/></Period><Period><TimeInterval v="2016-12-16T19:00Z/2016-12-16T20:00Z"/><Direction v="Z02"/><Quantity v="0"/><MeasureUnit v="KW1"/></Period><Period><TimeInterval v="2016-12-16T20:00Z/2016-12-16T21:00Z"/><Direction v="Z02"/><Quantity v="0"/><MeasureUnit v="KW1"/></Period><Period><TimeInterval v="2016-12-16T21:00Z/2016-12-16T22:00Z"/><Direction v="Z02"/><Quantity v="0"/><MeasureUnit v="KW1"/></Period><Period><TimeInterval v="2016-12-16T22:00Z/2016-12-16T23:00Z"/><Direction v="Z02"/><Quantity v="0"/><MeasureUnit v="KW1"/></Period><Period><TimeInterval v="2016-12-16T23:00Z/2016-12-17T00:00Z"/><Direction v="Z02"/><Quantity v="0"/><MeasureUnit v="KW1"/></Period><Period><TimeInterval v="2016-12-17T00:00Z/2016-12-17T01:00Z"/><Direction v="Z02"/><Quantity v="0"/><MeasureUnit v="KW1"/></Period><Period><TimeInterval v="2016-12-17T01:00Z/2016-12-17T02:00Z"/><Direction v="Z02"/><Quantity v="0"/><MeasureUnit v="KW1"/></Period><Period><TimeInterval v="2016-12-17T02:00Z/2016-12-17T03:00Z"/><Direction v="Z02"/><Quantity v="0"/><MeasureUnit v="KW1"/></Period><Period><TimeInterval v="2016-12-17T03:00Z/2016-12-17T04:00Z"/><Direction v="Z02"/><Quantity v="0"/><MeasureUnit v="KW1"/></Period><Period><TimeInterval v="2016-12-17T04:00Z/2016-12-17T05:00Z"/><Direction v="Z02"/><Quantity v="0"/><MeasureUnit v="KW1"/></Period><Period><TimeInterval v="2016-12-16T05:00Z/2016-12-16T06:00Z"/><Direction v="Z03"/><Quantity v="3882205"/><MeasureUnit v="KW1"/></Period><Period><TimeInterval v="2016-12-16T06:00Z/2016-12-16T07:00Z"/><Direction v="Z03"/><Quantity v="4462265"/><MeasureUnit v="KW1"/></Period><Period><TimeInterval v="2016-12-16T07:00Z/2016-12-16T08:00Z"/><Direction v="Z03"/><Quantity v="4501313"/><MeasureUnit v="KW1"/></Period><Period><TimeInterval v="2016-12-16T08:00Z/2016-12-16T09:00Z"/><Direction v="Z03"/><Quantity v="4488841"/><MeasureUnit v="KW1"/></Period><Period><TimeInterval v="2016-12-16T09:00Z/2016-12-16T10:00Z"/><Direction v="Z03"/><Quantity v="3436832"/><MeasureUnit v="KW1"/></Period><Period><TimeInterval v="2016-12-16T10:00Z/2016-12-16T11:00Z"/><Direction v="Z03"/><Quantity v="3312649"/><MeasureUnit v="KW1"/></Period><Period><TimeInterval v="2016-12-16T11:00Z/2016-12-16T12:00Z"/><Direction v="Z03"/><Quantity v="3360593"/><MeasureUnit v="KW1"/></Period><Period><TimeInterval v="2016-12-16T12:00Z/2016-12-16T13:00Z"/><Direction v="Z03"/><Quantity v="3398699"/><MeasureUnit v="KW1"/></Period><Period><TimeInterval v="2016-12-16T13:00Z/2016-12-16T14:00Z"/><Direction v="Z03"/><Quantity v="3376705"/><MeasureUnit v="KW1"/></Period><Period><TimeInterval v="2016-12-16T14:00Z/2016-12-16T15:00Z"/><Direction v="Z03"/><Quantity v="3394534"/><MeasureUnit v="KW1"/></Period><Period><TimeInterval v="2016-12-16T15:00Z/2016-12-16T16:00Z"/><Direction v="Z03"/><Quantity v="3386393"/><MeasureUnit v="KW1"/></Period><Period><TimeInterval v="2016-12-16T16:00Z/2016-12-16T17:00Z"/><Direction v="Z03"/><Quantity v="3373275"/><MeasureUnit v="KW1"/></Period><Period><TimeInterval v="2016-12-16T17:00Z/2016-12-16T18:00Z"/><Direction v="Z03"/><Quantity v="3382361"/><MeasureUnit v="KW1"/></Period><Period><TimeInterval v="2016-12-16T18:00Z/2016-12-16T19:00Z"/><Direction v="Z03"/><Quantity v="3367521"/><MeasureUnit v="KW1"/></Period><Period><TimeInterval v="2016-12-16T19:00Z/2016-12-16T20:00Z"/><Direction v="Z03"/><Quantity v="3386442"/><MeasureUnit v="KW1"/></Period><Period><TimeInterval v="2016-12-16T20:00Z/2016-12-16T21:00Z"/><Direction v="Z03"/><Quantity v="5443558"/><MeasureUnit v="KW1"/></Period><Period><TimeInterval v="2016-12-16T21:00Z/2016-12-16T22:00Z"/><Direction v="Z03"/><Quantity v="6121078"/><MeasureUnit v="KW1"/></Period><Period><TimeInterval v="2016-12-16T22:00Z/2016-12-16T23:00Z"/><Direction v="Z03"/><Quantity v="5111218"/><MeasureUnit v="KW1"/></Period><Period><TimeInterval v="2016-12-16T23:00Z/2016-12-17T00:00Z"/><Direction v="Z03"/><Quantity v="4955703"/><MeasureUnit v="KW1"/></Period><Period><TimeInterval v="2016-12-17T00:00Z/2016-12-17T01:00Z"/><Direction v="Z03"/><Quantity v="4934704"/><MeasureUnit v="KW1"/></Period><Period><TimeInterval v="2016-12-17T01:00Z/2016-12-17T02:00Z"/><Direction v="Z03"/><Quantity v="4986732"/><MeasureUnit v="KW1"/></Period><Period><TimeInterval v="2016-12-17T02:00Z/2016-12-17T03:00Z"/><Direction v="Z03"/><Quantity v="5008646"/><MeasureUnit v="KW1"/></Period><Period><TimeInterval v="2016-12-17T03:00Z/2016-12-17T04:00Z"/><Direction v="Z03"/><Quantity v="4955091"/><MeasureUnit v="KW1"/></Period><Period><TimeInterval v="2016-12-17T04:00Z/2016-12-17T05:00Z"/><Direction v="Z03"/><Quantity v="4969705"/><MeasureUnit v="KW1"/></Period></Category></ConnectionPoint><ConnectionPoint><Identification v="21Z000000000053Y" codingScheme="305"/><Type v="Z25"/><Category><CapacityCode v="Z08"/><Period><TimeInterval v="2016-12-16T05:00Z/2016-12-16T06:00Z"/><Direction v="Z02"/><Quantity v="29307040"/><MeasureUnit v="KW1"/></Period><Period><TimeInterval v="2016-12-16T06:00Z/2016-12-16T07:00Z"/><Direction v="Z02"/><Quantity v="29827276"/><MeasureUnit v="KW1"/></Period><Period><TimeInterval v="2016-12-16T07:00Z/2016-12-16T08:00Z"/><Direction v="Z02"/><Quantity v="29402104"/><MeasureUnit v="KW1"/></Period><Period><TimeInterval v="2016-12-16T08:00Z/2016-12-16T09:00Z"/><Direction v="Z02"/><Quantity v="29543822"/><MeasureUnit v="KW1"/></Period><Period><TimeInterval v="2016-12-16T09:00Z/2016-12-16T10:00Z"/><Direction v="Z02"/><Quantity v="29793476"/><MeasureUnit v="KW1"/></Period><Period><TimeInterval v="2016-12-16T10:00Z/2016-12-16T11:00Z"/><Direction v="Z02"/><Quantity v="29564135"/><MeasureUnit v="KW1"/></Period><Period><TimeInterval v="2016-12-16T11:00Z/2016-12-16T12:00Z"/><Direction v="Z02"/><Quantity v="29519569"/><MeasureUnit v="KW1"/></Period><Period><TimeInterval v="2016-12-16T12:00Z/2016-12-16T13:00Z"/><Direction v="Z02"/><Quantity v="29469050"/><MeasureUnit v="KW1"/></Period><Period><TimeInterval v="2016-12-16T13:00Z/2016-12-16T14:00Z"/><Direction v="Z02"/><Quantity v="29194229"/><MeasureUnit v="KW1"/></Period><Period><TimeInterval v="2016-12-16T14:00Z/2016-12-16T15:00Z"/><Direction v="Z02"/><Quantity v="29138971"/><MeasureUnit v="KW1"/></Period><Period><TimeInterval v="2016-12-16T15:00Z/2016-12-16T16:00Z"/><Direction v="Z02"/><Quantity v="29648558"/><MeasureUnit v="KW1"/></Period><Period><TimeInterval v="2016-12-16T16:00Z/2016-12-16T17:00Z"/><Direction v="Z02"/><Quantity v="29818486"/><MeasureUnit v="KW1"/></Period><Period><TimeInterval v="2016-12-16T17:00Z/2016-12-16T18:00Z"/><Direction v="Z02"/><Quantity v="29736098"/><MeasureUnit v="KW1"/></Period><Period><TimeInterval v="2016-12-16T18:00Z/2016-12-16T19:00Z"/><Direction v="Z02"/><Quantity v="29695071"/><MeasureUnit v="KW1"/></Period><Period><TimeInterval v="2016-12-16T19:00Z/2016-12-16T20:00Z"/><Direction v="Z02"/><Quantity v="29681120"/><MeasureUnit v="KW1"/></Period><Period><TimeInterval v="2016-12-16T20:00Z/2016-12-16T21:00Z"/><Direction v="Z02"/><Quantity v="29637389"/><MeasureUnit v="KW1"/></Period><Period><TimeInterval v="2016-12-16T21:00Z/2016-12-16T22:00Z"/><Direction v="Z02"/><Quantity v="30258760"/><MeasureUnit v="KW1"/></Period><Period><TimeInterval v="2016-12-16T22:00Z/2016-12-16T23:00Z"/><Direction v="Z02"/><Quantity v="30467815"/><MeasureUnit v="KW1"/></Period><Period><TimeInterval v="2016-12-16T23:00Z/2016-12-17T00:00Z"/><Direction v="Z02"/><Quantity v="30712251"/><MeasureUnit v="KW1"/></Period><Period><TimeInterval v="2016-12-17T00:00Z/2016-12-17T01:00Z"/><Direction v="Z02"/><Quantity v="30705579"/><MeasureUnit v="KW1"/></Period><Period><TimeInterval v="2016-12-17T01:00Z/2016-12-17T02:00Z"/><Direction v="Z02"/><Quantity v="30634764"/><MeasureUnit v="KW1"/></Period><Period><TimeInterval v="2016-12-17T02:00Z/2016-12-17T03:00Z"/><Direction v="Z02"/><Quantity v="30670052"/><MeasureUnit v="KW1"/></Period><Period><TimeInterval v="2016-12-17T03:00Z/2016-12-17T04:00Z"/><Direction v="Z02"/><Quantity v="30819238"/><MeasureUnit v="KW1"/></Period><Period><TimeInterval v="2016-12-17T04:00Z/2016-12-17T05:00Z"/><Direction v="Z02"/><Quantity v="31002632"/><MeasureUnit v="KW1"/></Period></Category></ConnectionPoint><ConnectionPoint><Identification v="21Z0000000000503" codingScheme="305"/><Type v="Z25"/><Category><CapacityCode v="Z08"/><Period><TimeInterval v="2016-12-16T05:00Z/2016-12-16T06:00Z"/><Direction v="Z02"/><Quantity v="0"/><MeasureUnit v="KW1"/></Period><Period><TimeInterval v="2016-12-16T06:00Z/2016-12-16T07:00Z"/><Direction v="Z02"/><Quantity v="0"/><MeasureUnit v="KW1"/></Period><Period><TimeInterval v="2016-12-16T07:00Z/2016-12-16T08:00Z"/><Direction v="Z02"/><Quantity v="0"/><MeasureUnit v="KW1"/></Period><Period><TimeInterval v="2016-12-16T08:00Z/2016-12-16T09:00Z"/><Direction v="Z02"/><Quantity v="0"/><MeasureUnit v="KW1"/></Period><Period><TimeInterval v="2016-12-16T09:00Z/2016-12-16T10:00Z"/><Direction v="Z02"/><Quantity v="0"/><MeasureUnit v="KW1"/></Period><Period><TimeInterval v="2016-12-16T10:00Z/2016-12-16T11:00Z"/><Direction v="Z02"/><Quantity v="0"/><MeasureUnit v="KW1"/></Period><Period><TimeInterval v="2016-12-16T11:00Z/2016-12-16T12:00Z"/><Direction v="Z02"/><Quantity v="0"/><MeasureUnit v="KW1"/></Period><Period><TimeInterval v="2016-12-16T12:00Z/2016-12-16T13:00Z"/><Direction v="Z02"/><Quantity v="0"/><MeasureUnit v="KW1"/></Period><Period><TimeInterval v="2016-12-16T13:00Z/2016-12-16T14:00Z"/><Direction v="Z02"/><Quantity v="0"/><MeasureUnit v="KW1"/></Period><Period><TimeInterval v="2016-12-16T14:00Z/2016-12-16T15:00Z"/><Direction v="Z02"/><Quantity v="0"/><MeasureUnit v="KW1"/></Period><Period><TimeInterval v="2016-12-16T15:00Z/2016-12-16T16:00Z"/><Direction v="Z02"/><Quantity v="0"/><MeasureUnit v="KW1"/></Period><Period><TimeInterval v="2016-12-16T16:00Z/2016-12-16T17:00Z"/><Direction v="Z02"/><Quantity v="0"/><MeasureUnit v="KW1"/></Period><Period><TimeInterval v="2016-12-16T17:00Z/2016-12-16T18:00Z"/><Direction v="Z02"/><Quantity v="0"/><MeasureUnit v="KW1"/></Period><Period><TimeInterval v="2016-12-16T18:00Z/2016-12-16T19:00Z"/><Direction v="Z02"/><Quantity v="0"/><MeasureUnit v="KW1"/></Period><Period><TimeInterval v="2016-12-16T19:00Z/2016-12-16T20:00Z"/><Direction v="Z02"/><Quantity v="0"/><MeasureUnit v="KW1"/></Period><Period><TimeInterval v="2016-12-16T20:00Z/2016-12-16T21:00Z"/><Direction v="Z02"/><Quantity v="0"/><MeasureUnit v="KW1"/></Period><Period><TimeInterval v="2016-12-16T21:00Z/2016-12-16T22:00Z"/><Direction v="Z02"/><Quantity v="0"/><MeasureUnit v="KW1"/></Period><Period><TimeInterval v="2016-12-16T22:00Z/2016-12-16T23:00Z"/><Direction v="Z02"/><Quantity v="0"/><MeasureUnit v="KW1"/></Period><Period><TimeInterval v="2016-12-16T23:00Z/2016-12-17T00:00Z"/><Direction v="Z02"/><Quantity v="0"/><MeasureUnit v="KW1"/></Period><Period><TimeInterval v="2016-12-17T00:00Z/2016-12-17T01:00Z"/><Direction v="Z02"/><Quantity v="0"/><MeasureUnit v="KW1"/></Period><Period><TimeInterval v="2016-12-17T01:00Z/2016-12-17T02:00Z"/><Direction v="Z02"/><Quantity v="0"/><MeasureUnit v="KW1"/></Period><Period><TimeInterval v="2016-12-17T02:00Z/2016-12-17T03:00Z"/><Direction v="Z02"/><Quantity v="0"/><MeasureUnit v="KW1"/></Period><Period><TimeInterval v="2016-12-17T03:00Z/2016-12-17T04:00Z"/><Direction v="Z02"/><Quantity v="0"/><MeasureUnit v="KW1"/></Period><Period><TimeInterval v="2016-12-17T04:00Z/2016-12-17T05:00Z"/><Direction v="Z02"/><Quantity v="0"/><MeasureUnit v="KW1"/></Period></Category></ConnectionPoint><ConnectionPoint><Identification v="37Z000000006389D" codingScheme="305"/><Type v="Z26"/><Category><CapacityCode v="Z08"/><Period><TimeInterval v="2016-12-16T05:00Z/2016-12-16T06:00Z"/><Direction v="Z03"/><Quantity v="2300193"/><MeasureUnit v="KW1"/></Period><Period><TimeInterval v="2016-12-16T06:00Z/2016-12-16T07:00Z"/><Direction v="Z03"/><Quantity v="2346038"/><MeasureUnit v="KW1"/></Period><Period><TimeInterval v="2016-12-16T07:00Z/2016-12-16T08:00Z"/><Direction v="Z03"/><Quantity v="2283647"/><MeasureUnit v="KW1"/></Period><Period><TimeInterval v="2016-12-16T08:00Z/2016-12-16T09:00Z"/><Direction v="Z03"/><Quantity v="2285837"/><MeasureUnit v="KW1"/></Period><Period><TimeInterval v="2016-12-16T09:00Z/2016-12-16T10:00Z"/><Direction v="Z03"/><Quantity v="2281054"/><MeasureUnit v="KW1"/></Period><Period><TimeInterval v="2016-12-16T10:00Z/2016-12-16T11:00Z"/><Direction v="Z03"/><Quantity v="2354034"/><MeasureUnit v="KW1"/></Period><Period><TimeInterval v="2016-12-16T11:00Z/2016-12-16T12:00Z"/><Direction v="Z03"/><Quantity v="2453812"/><MeasureUnit v="KW1"/></Period><Period><TimeInterval v="2016-12-16T12:00Z/2016-12-16T13:00Z"/><Direction v="Z03"/><Quantity v="2457332"/><MeasureUnit v="KW1"/></Period><Period><TimeInterval v="2016-12-16T13:00Z/2016-12-16T14:00Z"/><Direction v="Z03"/><Quantity v="2447891"/><MeasureUnit v="KW1"/></Period><Period><TimeInterval v="2016-12-16T14:00Z/2016-12-16T15:00Z"/><Direction v="Z03"/><Quantity v="2453788"/><MeasureUnit v="KW1"/></Period><Period><TimeInterval v="2016-12-16T15:00Z/2016-12-16T16:00Z"/><Direction v="Z03"/><Quantity v="2606962"/><MeasureUnit v="KW1"/></Period><Period><TimeInterval v="2016-12-16T16:00Z/2016-12-16T17:00Z"/><Direction v="Z03"/><Quantity v="2987131"/><MeasureUnit v="KW1"/></Period><Period><TimeInterval v="2016-12-16T17:00Z/2016-12-16T18:00Z"/><Direction v="Z03"/><Quantity v="2991879"/><MeasureUnit v="KW1"/></Period><Period><TimeInterval v="2016-12-16T18:00Z/2016-12-16T19:00Z"/><Direction v="Z03"/><Quantity v="3003038"/><MeasureUnit v="KW1"/></Period><Period><TimeInterval v="2016-12-16T19:00Z/2016-12-16T20:00Z"/><Direction v="Z03"/><Quantity v="3004659"/><MeasureUnit v="KW1"/></Period><Period><TimeInterval v="2016-12-16T20:00Z/2016-12-16T21:00Z"/><Direction v="Z03"/><Quantity v="3018794"/><MeasureUnit v="KW1"/></Period><Period><TimeInterval v="2016-12-16T21:00Z/2016-12-16T22:00Z"/><Direction v="Z03"/><Quantity v="2956747"/><MeasureUnit v="KW1"/></Period><Period><TimeInterval v="2016-12-16T22:00Z/2016-12-16T23:00Z"/><Direction v="Z03"/><Quantity v="2960095"/><MeasureUnit v="KW1"/></Period><Period><TimeInterval v="2016-12-16T23:00Z/2016-12-17T00:00Z"/><Direction v="Z03"/><Quantity v="2955049"/><MeasureUnit v="KW1"/></Period><Period><TimeInterval v="2016-12-17T00:00Z/2016-12-17T01:00Z"/><Direction v="Z03"/><Quantity v="2957471"/><MeasureUnit v="KW1"/></Period><Period><TimeInterval v="2016-12-17T01:00Z/2016-12-17T02:00Z"/><Direction v="Z03"/><Quantity v="2629401"/><MeasureUnit v="KW1"/></Period><Period><TimeInterval v="2016-12-17T02:00Z/2016-12-17T03:00Z"/><Direction v="Z03"/><Quantity v="2500222"/><MeasureUnit v="KW1"/></Period><Period><TimeInterval v="2016-12-17T03:00Z/2016-12-17T04:00Z"/><Direction v="Z03"/><Quantity v="2498897"/><MeasureUnit v="KW1"/></Period><Period><TimeInterval v="2016-12-17T04:00Z/2016-12-17T05:00Z"/><Direction v="Z03"/><Quantity v="1890250"/><MeasureUnit v="KW1"/></Period></Category></ConnectionPoint><ConnectionPoint><Identification v="21Z000000000001G" codingScheme="305"/><Type v="Z25"/><Category><CapacityCode v="Z08"/><Period><TimeInterval v="2016-12-16T05:00Z/2016-12-16T06:00Z"/><Direction v="Z03"/><Quantity v="3896303"/><MeasureUnit v="KW1"/></Period><Period><TimeInterval v="2016-12-16T06:00Z/2016-12-16T07:00Z"/><Direction v="Z03"/><Quantity v="4214386"/><MeasureUnit v="KW1"/></Period><Period><TimeInterval v="2016-12-16T07:00Z/2016-12-16T08:00Z"/><Direction v="Z03"/><Quantity v="6530847"/><MeasureUnit v="KW1"/></Period><Period><TimeInterval v="2016-12-16T08:00Z/2016-12-16T09:00Z"/><Direction v="Z03"/><Quantity v="4454554"/><MeasureUnit v="KW1"/></Period><Period><TimeInterval v="2016-12-16T09:00Z/2016-12-16T10:00Z"/><Direction v="Z03"/><Quantity v="4506789"/><MeasureUnit v="KW1"/></Period><Period><TimeInterval v="2016-12-16T10:00Z/2016-12-16T11:00Z"/><Direction v="Z03"/><Quantity v="4956167"/><MeasureUnit v="KW1"/></Period><Period><TimeInterval v="2016-12-16T11:00Z/2016-12-16T12:00Z"/><Direction v="Z03"/><Quantity v="4959090"/><MeasureUnit v="KW1"/></Period><Period><TimeInterval v="2016-12-16T12:00Z/2016-12-16T13:00Z"/><Direction v="Z03"/><Quantity v="4936563"/><MeasureUnit v="KW1"/></Period><Period><TimeInterval v="2016-12-16T13:00Z/2016-12-16T14:00Z"/><Direction v="Z03"/><Quantity v="4926752"/><MeasureUnit v="KW1"/></Period><Period><TimeInterval v="2016-12-16T14:00Z/2016-12-16T15:00Z"/><Direction v="Z03"/><Quantity v="4913765"/><MeasureUnit v="KW1"/></Period><Period><TimeInterval v="2016-12-16T15:00Z/2016-12-16T16:00Z"/><Direction v="Z03"/><Quantity v="4927956"/><MeasureUnit v="KW1"/></Period><Period><TimeInterval v="2016-12-16T16:00Z/2016-12-16T17:00Z"/><Direction v="Z03"/><Quantity v="4903179"/><MeasureUnit v="KW1"/></Period><Period><TimeInterval v="2016-12-16T17:00Z/2016-12-16T18:00Z"/><Direction v="Z03"/><Quantity v="4883208"/><MeasureUnit v="KW1"/></Period><Period><TimeInterval v="2016-12-16T18:00Z/2016-12-16T19:00Z"/><Direction v="Z03"/><Quantity v="4865780"/><MeasureUnit v="KW1"/></Period><Period><TimeInterval v="2016-12-16T19:00Z/2016-12-16T20:00Z"/><Direction v="Z03"/><Quantity v="4927094"/><MeasureUnit v="KW1"/></Period><Period><TimeInterval v="2016-12-16T20:00Z/2016-12-16T21:00Z"/><Direction v="Z03"/><Quantity v="5026252"/><MeasureUnit v="KW1"/></Period><Period><TimeInterval v="2016-12-16T21:00Z/2016-12-16T22:00Z"/><Direction v="Z03"/><Quantity v="5027277"/><MeasureUnit v="KW1"/></Period><Period><TimeInterval v="2016-12-16T22:00Z/2016-12-16T23:00Z"/><Direction v="Z03"/><Quantity v="5066265"/><MeasureUnit v="KW1"/></Period><Period><TimeInterval v="2016-12-16T23:00Z/2016-12-17T00:00Z"/><Direction v="Z03"/><Quantity v="5017546"/><MeasureUnit v="KW1"/></Period><Period><TimeInterval v="2016-12-17T00:00Z/2016-12-17T01:00Z"/><Direction v="Z03"/><Quantity v="4670234"/><MeasureUnit v="KW1"/></Period><Period><TimeInterval v="2016-12-17T01:00Z/2016-12-17T02:00Z"/><Direction v="Z03"/><Quantity v="3692775"/><MeasureUnit v="KW1"/></Period><Period><TimeInterval v="2016-12-17T02:00Z/2016-12-17T03:00Z"/><Direction v="Z03"/><Quantity v="3757789"/><MeasureUnit v="KW1"/></Period><Period><TimeInterval v="2016-12-17T03:00Z/2016-12-17T04:00Z"/><Direction v="Z03"/><Quantity v="3803371"/><MeasureUnit v="KW1"/></Period><Period><TimeInterval v="2016-12-17T04:00Z/2016-12-17T05:00Z"/><Direction v="Z03"/><Quantity v="3210782"/><MeasureUnit v="KW1"/></Period></Category></ConnectionPoint><ConnectionPoint><Identification v="21Z000000000039S" codingScheme="305"/><Type v="Z25"/><Category><CapacityCode v="Z08"/><Period><TimeInterval v="2016-12-16T05:00Z/2016-12-16T06:00Z"/><Direction v="Z03"/><Quantity v="14721296"/><MeasureUnit v="KW1"/></Period><Period><TimeInterval v="2016-12-16T06:00Z/2016-12-16T07:00Z"/><Direction v="Z03"/><Quantity v="14481219"/><MeasureUnit v="KW1"/></Period><Period><TimeInterval v="2016-12-16T07:00Z/2016-12-16T08:00Z"/><Direction v="Z03"/><Quantity v="14625307"/><MeasureUnit v="KW1"/></Period><Period><TimeInterval v="2016-12-16T08:00Z/2016-12-16T09:00Z"/><Direction v="Z03"/><Quantity v="14857517"/><MeasureUnit v="KW1"/></Period><Period><TimeInterval v="2016-12-16T09:00Z/2016-12-16T10:00Z"/><Direction v="Z03"/><Quantity v="14886506"/><MeasureUnit v="KW1"/></Period><Period><TimeInterval v="2016-12-16T10:00Z/2016-12-16T11:00Z"/><Direction v="Z03"/><Quantity v="14990182"/><MeasureUnit v="KW1"/></Period><Period><TimeInterval v="2016-12-16T11:00Z/2016-12-16T12:00Z"/><Direction v="Z03"/><Quantity v="14816770"/><MeasureUnit v="KW1"/></Period><Period><TimeInterval v="2016-12-16T12:00Z/2016-12-16T13:00Z"/><Direction v="Z03"/><Quantity v="14813124"/><MeasureUnit v="KW1"/></Period><Period><TimeInterval v="2016-12-16T13:00Z/2016-12-16T14:00Z"/><Direction v="Z03"/><Quantity v="14775712"/><MeasureUnit v="KW1"/></Period><Period><TimeInterval v="2016-12-16T14:00Z/2016-12-16T15:00Z"/><Direction v="Z03"/><Quantity v="14987973"/><MeasureUnit v="KW1"/></Period><Period><TimeInterval v="2016-12-16T15:00Z/2016-12-16T16:00Z"/><Direction v="Z03"/><Quantity v="15805546"/><MeasureUnit v="KW1"/></Period><Period><TimeInterval v="2016-12-16T16:00Z/2016-12-16T17:00Z"/><Direction v="Z03"/><Quantity v="15843190"/><MeasureUnit v="KW1"/></Period><Period><TimeInterval v="2016-12-16T17:00Z/2016-12-16T18:00Z"/><Direction v="Z03"/><Quantity v="15861984"/><MeasureUnit v="KW1"/></Period><Period><TimeInterval v="2016-12-16T18:00Z/2016-12-16T19:00Z"/><Direction v="Z03"/><Quantity v="15976197"/><MeasureUnit v="KW1"/></Period><Period><TimeInterval v="2016-12-16T19:00Z/2016-12-16T20:00Z"/><Direction v="Z03"/><Quantity v="16372467"/><MeasureUnit v="KW1"/></Period><Period><TimeInterval v="2016-12-16T20:00Z/2016-12-16T21:00Z"/><Direction v="Z03"/><Quantity v="16398714"/><MeasureUnit v="KW1"/></Period><Period><TimeInterval v="2016-12-16T21:00Z/2016-12-16T22:00Z"/><Direction v="Z03"/><Quantity v="16432913"/><MeasureUnit v="KW1"/></Period><Period><TimeInterval v="2016-12-16T22:00Z/2016-12-16T23:00Z"/><Direction v="Z03"/><Quantity v="16486468"/><MeasureUnit v="KW1"/></Period><Period><TimeInterval v="2016-12-16T23:00Z/2016-12-17T00:00Z"/><Direction v="Z03"/><Quantity v="16514742"/><MeasureUnit v="KW1"/></Period><Period><TimeInterval v="2016-12-17T00:00Z/2016-12-17T01:00Z"/><Direction v="Z03"/><Quantity v="16568426"/><MeasureUnit v="KW1"/></Period><Period><TimeInterval v="2016-12-17T01:00Z/2016-12-17T02:00Z"/><Direction v="Z03"/><Quantity v="16645316"/><MeasureUnit v="KW1"/></Period><Period><TimeInterval v="2016-12-17T02:00Z/2016-12-17T03:00Z"/><Direction v="Z03"/><Quantity v="16714957"/><MeasureUnit v="KW1"/></Period><Period><TimeInterval v="2016-12-17T03:00Z/2016-12-17T04:00Z"/><Direction v="Z03"/><Quantity v="16813719"/><MeasureUnit v="KW1"/></Period><Period><TimeInterval v="2016-12-17T04:00Z/2016-12-17T05:00Z"/><Direction v="Z03"/><Quantity v="17357467"/><MeasureUnit v="KW1"/></Period></Category></ConnectionPoint><ConnectionPoint><Identification v="21Z000000000072U" codingScheme="305"/><Type v="Z25"/><Category><CapacityCode v="Z08"/><Period><TimeInterval v="2016-12-16T05:00Z/2016-12-16T06:00Z"/><Direction v="Z02"/><Quantity v="14958648"/><MeasureUnit v="KW1"/></Period><Period><TimeInterval v="2016-12-16T06:00Z/2016-12-16T07:00Z"/><Direction v="Z02"/><Quantity v="15149469"/><MeasureUnit v="KW1"/></Period><Period><TimeInterval v="2016-12-16T07:00Z/2016-12-16T08:00Z"/><Direction v="Z02"/><Quantity v="15154931"/><MeasureUnit v="KW1"/></Period><Period><TimeInterval v="2016-12-16T08:00Z/2016-12-16T09:00Z"/><Direction v="Z02"/><Quantity v="15409633"/><MeasureUnit v="KW1"/></Period><Period><TimeInterval v="2016-12-16T09:00Z/2016-12-16T10:00Z"/><Direction v="Z02"/><Quantity v="14878737"/><MeasureUnit v="KW1"/></Period><Period><TimeInterval v="2016-12-16T10:00Z/2016-12-16T11:00Z"/><Direction v="Z02"/><Quantity v="14250091"/><MeasureUnit v="KW1"/></Period><Period><TimeInterval v="2016-12-16T11:00Z/2016-12-16T12:00Z"/><Direction v="Z02"/><Quantity v="13575581"/><MeasureUnit v="KW1"/></Period><Period><TimeInterval v="2016-12-16T12:00Z/2016-12-16T13:00Z"/><Direction v="Z02"/><Quantity v="13498148"/><MeasureUnit v="KW1"/></Period><Period><TimeInterval v="2016-12-16T13:00Z/2016-12-16T14:00Z"/><Direction v="Z02"/><Quantity v="13897953"/><MeasureUnit v="KW1"/></Period><Period><TimeInterval v="2016-12-16T14:00Z/2016-12-16T15:00Z"/><Direction v="Z02"/><Quantity v="14467608"/><MeasureUnit v="KW1"/></Period><Period><TimeInterval v="2016-12-16T15:00Z/2016-12-16T16:00Z"/><Direction v="Z02"/><Quantity v="14561315"/><MeasureUnit v="KW1"/></Period><Period><TimeInterval v="2016-12-16T16:00Z/2016-12-16T17:00Z"/><Direction v="Z02"/><Quantity v="14570053"/><MeasureUnit v="KW1"/></Period><Period><TimeInterval v="2016-12-16T17:00Z/2016-12-16T18:00Z"/><Direction v="Z02"/><Quantity v="14304513"/><MeasureUnit v="KW1"/></Period><Period><TimeInterval v="2016-12-16T18:00Z/2016-12-16T19:00Z"/><Direction v="Z02"/><Quantity v="14978232"/><MeasureUnit v="KW1"/></Period><Period><TimeInterval v="2016-12-16T19:00Z/2016-12-16T20:00Z"/><Direction v="Z02"/><Quantity v="14453149"/><MeasureUnit v="KW1"/></Period><Period><TimeInterval v="2016-12-16T20:00Z/2016-12-16T21:00Z"/><Direction v="Z02"/><Quantity v="13391989"/><MeasureUnit v="KW1"/></Period><Period><TimeInterval v="2016-12-16T21:00Z/2016-12-16T22:00Z"/><Direction v="Z02"/><Quantity v="11860504"/><MeasureUnit v="KW1"/></Period><Period><TimeInterval v="2016-12-16T22:00Z/2016-12-16T23:00Z"/><Direction v="Z02"/><Quantity v="10823434"/><MeasureUnit v="KW1"/></Period><Period><TimeInterval v="2016-12-16T23:00Z/2016-12-17T00:00Z"/><Direction v="Z02"/><Quantity v="11491043"/><MeasureUnit v="KW1"/></Period><Period><TimeInterval v="2016-12-17T00:00Z/2016-12-17T01:00Z"/><Direction v="Z02"/><Quantity v="13166931"/><MeasureUnit v="KW1"/></Period><Period><TimeInterval v="2016-12-17T01:00Z/2016-12-17T02:00Z"/><Direction v="Z02"/><Quantity v="13203902"/><MeasureUnit v="KW1"/></Period><Period><TimeInterval v="2016-12-17T02:00Z/2016-12-17T03:00Z"/><Direction v="Z02"/><Quantity v="13202897"/><MeasureUnit v="KW1"/></Period><Period><TimeInterval v="2016-12-17T03:00Z/2016-12-17T04:00Z"/><Direction v="Z02"/><Quantity v="13201237"/><MeasureUnit v="KW1"/></Period><Period><TimeInterval v="2016-12-17T04:00Z/2016-12-17T05:00Z"/><Direction v="Z02"/><Quantity v="15607331"/><MeasureUnit v="KW1"/></Period></Category></ConnectionPoint><ConnectionPoint><Identification v="37Z000000001078I" codingScheme="305"/><Type v="Z26"/><Category><CapacityCode v="Z08"/><Period><TimeInterval v="2016-12-16T05:00Z/2016-12-16T06:00Z"/><Direction v="Z02"/><Quantity v="0"/><MeasureUnit v="KW1"/></Period><Period><TimeInterval v="2016-12-16T06:00Z/2016-12-16T07:00Z"/><Direction v="Z02"/><Quantity v="0"/><MeasureUnit v="KW1"/></Period><Period><TimeInterval v="2016-12-16T07:00Z/2016-12-16T08:00Z"/><Direction v="Z02"/><Quantity v="0"/><MeasureUnit v="KW1"/></Period><Period><TimeInterval v="2016-12-16T08:00Z/2016-12-16T09:00Z"/><Direction v="Z02"/><Quantity v="0"/><MeasureUnit v="KW1"/></Period><Period><TimeInterval v="2016-12-16T09:00Z/2016-12-16T10:00Z"/><Direction v="Z02"/><Quantity v="0"/><MeasureUnit v="KW1"/></Period><Period><TimeInterval v="2016-12-16T10:00Z/2016-12-16T11:00Z"/><Direction v="Z02"/><Quantity v="0"/><MeasureUnit v="KW1"/></Period><Period><TimeInterval v="2016-12-16T11:00Z/2016-12-16T12:00Z"/><Direction v="Z02"/><Quantity v="0"/><MeasureUnit v="KW1"/></Period><Period><TimeInterval v="2016-12-16T12:00Z/2016-12-16T13:00Z"/><Direction v="Z02"/><Quantity v="0"/><MeasureUnit v="KW1"/></Period><Period><TimeInterval v="2016-12-16T13:00Z/2016-12-16T14:00Z"/><Direction v="Z02"/><Quantity v="0"/><MeasureUnit v="KW1"/></Period><Period><TimeInterval v="2016-12-16T14:00Z/2016-12-16T15:00Z"/><Direction v="Z02"/><Quantity v="0"/><MeasureUnit v="KW1"/></Period><Period><TimeInterval v="2016-12-16T15:00Z/2016-12-16T16:00Z"/><Direction v="Z02"/><Quantity v="0"/><MeasureUnit v="KW1"/></Period><Period><TimeInterval v="2016-12-16T16:00Z/2016-12-16T17:00Z"/><Direction v="Z02"/><Quantity v="0"/><MeasureUnit v="KW1"/></Period><Period><TimeInterval v="2016-12-16T17:00Z/2016-12-16T18:00Z"/><Direction v="Z02"/><Quantity v="0"/><MeasureUnit v="KW1"/></Period><Period><TimeInterval v="2016-12-16T18:00Z/2016-12-16T19:00Z"/><Direction v="Z02"/><Quantity v="0"/><MeasureUnit v="KW1"/></Period><Period><TimeInterval v="2016-12-16T19:00Z/2016-12-16T20:00Z"/><Direction v="Z02"/><Quantity v="0"/><MeasureUnit v="KW1"/></Period><Period><TimeInterval v="2016-12-16T20:00Z/2016-12-16T21:00Z"/><Direction v="Z02"/><Quantity v="0"/><MeasureUnit v="KW1"/></Period><Period><TimeInterval v="2016-12-16T21:00Z/2016-12-16T22:00Z"/><Direction v="Z02"/><Quantity v="0"/><MeasureUnit v="KW1"/></Period><Period><TimeInterval v="2016-12-16T22:00Z/2016-12-16T23:00Z"/><Direction v="Z02"/><Quantity v="0"/><MeasureUnit v="KW1"/></Period><Period><TimeInterval v="2016-12-16T23:00Z/2016-12-17T00:00Z"/><Direction v="Z02"/><Quantity v="0"/><MeasureUnit v="KW1"/></Period><Period><TimeInterval v="2016-12-17T00:00Z/2016-12-17T01:00Z"/><Direction v="Z02"/><Quantity v="0"/><MeasureUnit v="KW1"/></Period><Period><TimeInterval v="2016-12-17T01:00Z/2016-12-17T02:00Z"/><Direction v="Z02"/><Quantity v="0"/><MeasureUnit v="KW1"/></Period><Period><TimeInterval v="2016-12-17T02:00Z/2016-12-17T03:00Z"/><Direction v="Z02"/><Quantity v="0"/><MeasureUnit v="KW1"/></Period><Period><TimeInterval v="2016-12-17T03:00Z/2016-12-17T04:00Z"/><Direction v="Z02"/><Quantity v="0"/><MeasureUnit v="KW1"/></Period><Period><TimeInterval v="2016-12-17T04:00Z/2016-12-17T05:00Z"/><Direction v="Z02"/><Quantity v="0"/><MeasureUnit v="KW1"/></Period></Category></ConnectionPoint><ConnectionPoint><Identification v="37Z000000006390S" codingScheme="305"/><Type v="Z26"/><Category><CapacityCode v="Z08"/><Period><TimeInterval v="2016-12-16T05:00Z/2016-12-16T06:00Z"/><Direction v="Z02"/><Quantity v="0"/><MeasureUnit v="KW1"/></Period><Period><TimeInterval v="2016-12-16T06:00Z/2016-12-16T07:00Z"/><Direction v="Z02"/><Quantity v="0"/><MeasureUnit v="KW1"/></Period><Period><TimeInterval v="2016-12-16T07:00Z/2016-12-16T08:00Z"/><Direction v="Z02"/><Quantity v="0"/><MeasureUnit v="KW1"/></Period><Period><TimeInterval v="2016-12-16T08:00Z/2016-12-16T09:00Z"/><Direction v="Z02"/><Quantity v="0"/><MeasureUnit v="KW1"/></Period><Period><TimeInterval v="2016-12-16T09:00Z/2016-12-16T10:00Z"/><Direction v="Z02"/><Quantity v="0"/><MeasureUnit v="KW1"/></Period><Period><TimeInterval v="2016-12-16T10:00Z/2016-12-16T11:00Z"/><Direction v="Z02"/><Quantity v="0"/><MeasureUnit v="KW1"/></Period><Period><TimeInterval v="2016-12-16T11:00Z/2016-12-16T12:00Z"/><Direction v="Z02"/><Quantity v="0"/><MeasureUnit v="KW1"/></Period><Period><TimeInterval v="2016-12-16T12:00Z/2016-12-16T13:00Z"/><Direction v="Z02"/><Quantity v="0"/><MeasureUnit v="KW1"/></Period><Period><TimeInterval v="2016-12-16T13:00Z/2016-12-16T14:00Z"/><Direction v="Z02"/><Quantity v="0"/><MeasureUnit v="KW1"/></Period><Period><TimeInterval v="2016-12-16T14:00Z/2016-12-16T15:00Z"/><Direction v="Z02"/><Quantity v="0"/><MeasureUnit v="KW1"/></Period><Period><TimeInterval v="2016-12-16T15:00Z/2016-12-16T16:00Z"/><Direction v="Z02"/><Quantity v="0"/><MeasureUnit v="KW1"/></Period><Period><TimeInterval v="2016-12-16T16:00Z/2016-12-16T17:00Z"/><Direction v="Z02"/><Quantity v="0"/><MeasureUnit v="KW1"/></Period><Period><TimeInterval v="2016-12-16T17:00Z/2016-12-16T18:00Z"/><Direction v="Z02"/><Quantity v="0"/><MeasureUnit v="KW1"/></Period><Period><TimeInterval v="2016-12-16T18:00Z/2016-12-16T19:00Z"/><Direction v="Z02"/><Quantity v="0"/><MeasureUnit v="KW1"/></Period><Period><TimeInterval v="2016-12-16T19:00Z/2016-12-16T20:00Z"/><Direction v="Z02"/><Quantity v="0"/><MeasureUnit v="KW1"/></Period><Period><TimeInterval v="2016-12-16T20:00Z/2016-12-16T21:00Z"/><Direction v="Z02"/><Quantity v="0"/><MeasureUnit v="KW1"/></Period><Period><TimeInterval v="2016-12-16T21:00Z/2016-12-16T22:00Z"/><Direction v="Z02"/><Quantity v="0"/><MeasureUnit v="KW1"/></Period><Period><TimeInterval v="2016-12-16T22:00Z/2016-12-16T23:00Z"/><Direction v="Z02"/><Quantity v="0"/><MeasureUnit v="KW1"/></Period><Period><TimeInterval v="2016-12-16T23:00Z/2016-12-17T00:00Z"/><Direction v="Z02"/><Quantity v="0"/><MeasureUnit v="KW1"/></Period><Period><TimeInterval v="2016-12-17T00:00Z/2016-12-17T01:00Z"/><Direction v="Z02"/><Quantity v="0"/><MeasureUnit v="KW1"/></Period><Period><TimeInterval v="2016-12-17T01:00Z/2016-12-17T02:00Z"/><Direction v="Z02"/><Quantity v="0"/><MeasureUnit v="KW1"/></Period><Period><TimeInterval v="2016-12-17T02:00Z/2016-12-17T03:00Z"/><Direction v="Z02"/><Quantity v="0"/><MeasureUnit v="KW1"/></Period><Period><TimeInterval v="2016-12-17T03:00Z/2016-12-17T04:00Z"/><Direction v="Z02"/><Quantity v="0"/><MeasureUnit v="KW1"/></Period><Period><TimeInterval v="2016-12-17T04:00Z/2016-12-17T05:00Z"/><Direction v="Z02"/><Quantity v="0"/><MeasureUnit v="KW1"/></Period></Category></ConnectionPoint><ConnectionPoint><Identification v="37Y000000000288Q" codingScheme="305"/><Type v="Z26"/><Category><CapacityCode v="Z08"/><Period><TimeInterval v="2016-12-16T05:00Z/2016-12-16T06:00Z"/><Direction v="Z02"/><Quantity v="1699890"/><MeasureUnit v="KW1"/></Period><Period><TimeInterval v="2016-12-16T06:00Z/2016-12-16T07:00Z"/><Direction v="Z02"/><Quantity v="1738498"/><MeasureUnit v="KW1"/></Period><Period><TimeInterval v="2016-12-16T07:00Z/2016-12-16T08:00Z"/><Direction v="Z02"/><Quantity v="1757726"/><MeasureUnit v="KW1"/></Period><Period><TimeInterval v="2016-12-16T08:00Z/2016-12-16T09:00Z"/><Direction v="Z02"/><Quantity v="1686788"/><MeasureUnit v="KW1"/></Period><Period><TimeInterval v="2016-12-16T09:00Z/2016-12-16T10:00Z"/><Direction v="Z02"/><Quantity v="1590327"/><MeasureUnit v="KW1"/></Period><Period><TimeInterval v="2016-12-16T10:00Z/2016-12-16T11:00Z"/><Direction v="Z02"/><Quantity v="1511824"/><MeasureUnit v="KW1"/></Period><Period><TimeInterval v="2016-12-16T11:00Z/2016-12-16T12:00Z"/><Direction v="Z02"/><Quantity v="1492988"/><MeasureUnit v="KW1"/></Period><Period><TimeInterval v="2016-12-16T12:00Z/2016-12-16T13:00Z"/><Direction v="Z02"/><Quantity v="1434730"/><MeasureUnit v="KW1"/></Period><Period><TimeInterval v="2016-12-16T13:00Z/2016-12-16T14:00Z"/><Direction v="Z02"/><Quantity v="1385792"/><MeasureUnit v="KW1"/></Period><Period><TimeInterval v="2016-12-16T14:00Z/2016-12-16T15:00Z"/><Direction v="Z02"/><Quantity v="1359237"/><MeasureUnit v="KW1"/></Period><Period><TimeInterval v="2016-12-16T15:00Z/2016-12-16T16:00Z"/><Direction v="Z02"/><Quantity v="1393577"/><MeasureUnit v="KW1"/></Period><Period><TimeInterval v="2016-12-16T16:00Z/2016-12-16T17:00Z"/><Direction v="Z02"/><Quantity v="1453118"/><MeasureUnit v="KW1"/></Period><Period><TimeInterval v="2016-12-16T17:00Z/2016-12-16T18:00Z"/><Direction v="Z02"/><Quantity v="1425143"/><MeasureUnit v="KW1"/></Period><Period><TimeInterval v="2016-12-16T18:00Z/2016-12-16T19:00Z"/><Direction v="Z02"/><Quantity v="1508578"/><MeasureUnit v="KW1"/></Period><Period><TimeInterval v="2016-12-16T19:00Z/2016-12-16T20:00Z"/><Direction v="Z02"/><Quantity v="1683538"/><MeasureUnit v="KW1"/></Period><Period><TimeInterval v="2016-12-16T20:00Z/2016-12-16T21:00Z"/><Direction v="Z02"/><Quantity v="1584216"/><MeasureUnit v="KW1"/></Period><Period><TimeInterval v="2016-12-16T21:00Z/2016-12-16T22:00Z"/><Direction v="Z02"/><Quantity v="1259576"/><MeasureUnit v="KW1"/></Period><Period><TimeInterval v="2016-12-16T22:00Z/2016-12-16T23:00Z"/><Direction v="Z02"/><Quantity v="1197051"/><MeasureUnit v="KW1"/></Period><Period><TimeInterval v="2016-12-16T23:00Z/2016-12-17T00:00Z"/><Direction v="Z02"/><Quantity v="1155877"/><MeasureUnit v="KW1"/></Period><Period><TimeInterval v="2016-12-17T00:00Z/2016-12-17T01:00Z"/><Direction v="Z02"/><Quantity v="1165096"/><MeasureUnit v="KW1"/></Period><Period><TimeInterval v="2016-12-17T01:00Z/2016-12-17T02:00Z"/><Direction v="Z02"/><Quantity v="1198321"/><MeasureUnit v="KW1"/></Period><Period><TimeInterval v="2016-12-17T02:00Z/2016-12-17T03:00Z"/><Direction v="Z02"/><Quantity v="1216809"/><MeasureUnit v="KW1"/></Period><Period><TimeInterval v="2016-12-17T03:00Z/2016-12-17T04:00Z"/><Direction v="Z02"/><Quantity v="1249333"/><MeasureUnit v="KW1"/></Period><Period><TimeInterval v="2016-12-17T04:00Z/2016-12-17T05:00Z"/><Direction v="Z02"/><Quantity v="1438817"/><MeasureUnit v="KW1"/></Period></Category></ConnectionPoint><ConnectionPoint><Identification v="37Y000000000385S" codingScheme="305"/><Type v="Z26"/><Category><CapacityCode v="Z08"/><Period><TimeInterval v="2016-12-16T05:00Z/2016-12-16T06:00Z"/><Direction v="Z02"/><Quantity v="2666903"/><MeasureUnit v="KW1"/></Period><Period><TimeInterval v="2016-12-16T06:00Z/2016-12-16T07:00Z"/><Direction v="Z02"/><Quantity v="2686476"/><MeasureUnit v="KW1"/></Period><Period><TimeInterval v="2016-12-16T07:00Z/2016-12-16T08:00Z"/><Direction v="Z02"/><Quantity v="2688368"/><MeasureUnit v="KW1"/></Period><Period><TimeInterval v="2016-12-16T08:00Z/2016-12-16T09:00Z"/><Direction v="Z02"/><Quantity v="2686263"/><MeasureUnit v="KW1"/></Period><Period><TimeInterval v="2016-12-16T09:00Z/2016-12-16T10:00Z"/><Direction v="Z02"/><Quantity v="2690424"/><MeasureUnit v="KW1"/></Period><Period><TimeInterval v="2016-12-16T10:00Z/2016-12-16T11:00Z"/><Direction v="Z02"/><Quantity v="2689579"/><MeasureUnit v="KW1"/></Period><Period><TimeInterval v="2016-12-16T11:00Z/2016-12-16T12:00Z"/><Direction v="Z02"/><Quantity v="2690184"/><MeasureUnit v="KW1"/></Period><Period><TimeInterval v="2016-12-16T12:00Z/2016-12-16T13:00Z"/><Direction v="Z02"/><Quantity v="2686200"/><MeasureUnit v="KW1"/></Period><Period><TimeInterval v="2016-12-16T13:00Z/2016-12-16T14:00Z"/><Direction v="Z02"/><Quantity v="2687931"/><MeasureUnit v="KW1"/></Period><Period><TimeInterval v="2016-12-16T14:00Z/2016-12-16T15:00Z"/><Direction v="Z02"/><Quantity v="2688319"/><MeasureUnit v="KW1"/></Period><Period><TimeInterval v="2016-12-16T15:00Z/2016-12-16T16:00Z"/><Direction v="Z02"/><Quantity v="2686653"/><MeasureUnit v="KW1"/></Period><Period><TimeInterval v="2016-12-16T16:00Z/2016-12-16T17:00Z"/><Direction v="Z02"/><Quantity v="2687781"/><MeasureUnit v="KW1"/></Period><Period><TimeInterval v="2016-12-16T17:00Z/2016-12-16T18:00Z"/><Direction v="Z02"/><Quantity v="2690148"/><MeasureUnit v="KW1"/></Period><Period><TimeInterval v="2016-12-16T18:00Z/2016-12-16T19:00Z"/><Direction v="Z02"/><Quantity v="2689492"/><MeasureUnit v="KW1"/></Period><Period><TimeInterval v="2016-12-16T19:00Z/2016-12-16T20:00Z"/><Direction v="Z02"/><Quantity v="2686566"/><MeasureUnit v="KW1"/></Period><Period><TimeInterval v="2016-12-16T20:00Z/2016-12-16T21:00Z"/><Direction v="Z02"/><Quantity v="2682790"/><MeasureUnit v="KW1"/></Period><Period><TimeInterval v="2016-12-16T21:00Z/2016-12-16T22:00Z"/><Direction v="Z02"/><Quantity v="2682049"/><MeasureUnit v="KW1"/></Period><Period><TimeInterval v="2016-12-16T22:00Z/2016-12-16T23:00Z"/><Direction v="Z02"/><Quantity v="2676472"/><MeasureUnit v="KW1"/></Period><Period><TimeInterval v="2016-12-16T23:00Z/2016-12-17T00:00Z"/><Direction v="Z02"/><Quantity v="2675223"/><MeasureUnit v="KW1"/></Period><Period><TimeInterval v="2016-12-17T00:00Z/2016-12-17T01:00Z"/><Direction v="Z02"/><Quantity v="2668341"/><MeasureUnit v="KW1"/></Period><Period><TimeInterval v="2016-12-17T01:00Z/2016-12-17T02:00Z"/><Direction v="Z02"/><Quantity v="2669564"/><MeasureUnit v="KW1"/></Period><Period><TimeInterval v="2016-12-17T02:00Z/2016-12-17T03:00Z"/><Direction v="Z02"/><Quantity v="2669359"/><MeasureUnit v="KW1"/></Period><Period><TimeInterval v="2016-12-17T03:00Z/2016-12-17T04:00Z"/><Direction v="Z02"/><Quantity v="2668462"/><MeasureUnit v="KW1"/></Period><Period><TimeInterval v="2016-12-17T04:00Z/2016-12-17T05:00Z"/><Direction v="Z02"/><Quantity v="2668470"/><MeasureUnit v="KW1"/></Period></Category></ConnectionPoint><ConnectionPoint><Identification v="21Z000000000343P" codingScheme="305"/><Type v="Z31"/><Category><CapacityCode v="Z08"/><Period><TimeInterval v="2016-12-16T05:00Z/2016-12-16T06:00Z"/><Direction v="Z03"/><Quantity v="31853233"/><MeasureUnit v="KW1"/></Period><Period><TimeInterval v="2016-12-16T06:00Z/2016-12-16T07:00Z"/><Direction v="Z03"/><Quantity v="34174077"/><MeasureUnit v="KW1"/></Period><Period><TimeInterval v="2016-12-16T07:00Z/2016-12-16T08:00Z"/><Direction v="Z03"/><Quantity v="34916051"/><MeasureUnit v="KW1"/></Period><Period><TimeInterval v="2016-12-16T08:00Z/2016-12-16T09:00Z"/><Direction v="Z03"/><Quantity v="34794453"/><MeasureUnit v="KW1"/></Period><Period><TimeInterval v="2016-12-16T09:00Z/2016-12-16T10:00Z"/><Direction v="Z03"/><Quantity v="37516985"/><MeasureUnit v="KW1"/></Period><Period><TimeInterval v="2016-12-16T10:00Z/2016-12-16T11:00Z"/><Direction v="Z03"/><Quantity v="37622447"/><MeasureUnit v="KW1"/></Period><Period><TimeInterval v="2016-12-16T11:00Z/2016-12-16T12:00Z"/><Direction v="Z03"/><Quantity v="38319839"/><MeasureUnit v="KW1"/></Period><Period><TimeInterval v="2016-12-16T12:00Z/2016-12-16T13:00Z"/><Direction v="Z03"/><Quantity v="38336939"/><MeasureUnit v="KW1"/></Period><Period><TimeInterval v="2016-12-16T13:00Z/2016-12-16T14:00Z"/><Direction v="Z03"/><Quantity v="39801694"/><MeasureUnit v="KW1"/></Period><Period><TimeInterval v="2016-12-16T14:00Z/2016-12-16T15:00Z"/><Direction v="Z03"/><Quantity v="35508049"/><MeasureUnit v="KW1"/></Period><Period><TimeInterval v="2016-12-16T15:00Z/2016-12-16T16:00Z"/><Direction v="Z03"/><Quantity v="36586916"/><MeasureUnit v="KW1"/></Period><Period><TimeInterval v="2016-12-16T16:00Z/2016-12-16T17:00Z"/><Direction v="Z03"/><Quantity v="35410365"/><MeasureUnit v="KW1"/></Period><Period><TimeInterval v="2016-12-16T17:00Z/2016-12-16T18:00Z"/><Direction v="Z03"/><Quantity v="36605993"/><MeasureUnit v="KW1"/></Period><Period><TimeInterval v="2016-12-16T18:00Z/2016-12-16T19:00Z"/><Direction v="Z03"/><Quantity v="40205533"/><MeasureUnit v="KW1"/></Period><Period><TimeInterval v="2016-12-16T19:00Z/2016-12-16T20:00Z"/><Direction v="Z03"/><Quantity v="37384870"/><MeasureUnit v="KW1"/></Period><Period><TimeInterval v="2016-12-16T20:00Z/2016-12-16T21:00Z"/><Direction v="Z03"/><Quantity v="36350971"/><MeasureUnit v="KW1"/></Period><Period><TimeInterval v="2016-12-16T21:00Z/2016-12-16T22:00Z"/><Direction v="Z03"/><Quantity v="39238453"/><MeasureUnit v="KW1"/></Period><Period><TimeInterval v="2016-12-16T22:00Z/2016-12-16T23:00Z"/><Direction v="Z03"/><Quantity v="39206862"/><MeasureUnit v="KW1"/></Period><Period><TimeInterval v="2016-12-16T23:00Z/2016-12-17T00:00Z"/><Direction v="Z03"/><Quantity v="38063097"/><MeasureUnit v="KW1"/></Period><Period><TimeInterval v="2016-12-17T00:00Z/2016-12-17T01:00Z"/><Direction v="Z03"/><Quantity v="37984224"/><MeasureUnit v="KW1"/></Period><Period><TimeInterval v="2016-12-17T01:00Z/2016-12-17T02:00Z"/><Direction v="Z03"/><Quantity v="37945807"/><MeasureUnit v="KW1"/></Period><Period><TimeInterval v="2016-12-17T02:00Z/2016-12-17T03:00Z"/><Direction v="Z03"/><Quantity v="38075591"/><MeasureUnit v="KW1"/></Period><Period><TimeInterval v="2016-12-17T03:00Z/2016-12-17T04:00Z"/><Direction v="Z03"/><Quantity v="40403241"/><MeasureUnit v="KW1"/></Period><Period><TimeInterval v="2016-12-17T04:00Z/2016-12-17T05:00Z"/><Direction v="Z03"/><Quantity v="39154538"/><MeasureUnit v="KW1"/></Period></Category></ConnectionPoint></TransparencyPublication>