<?xml version="1.0" encoding="UTF-8"?><TransparencyPublication Version="EGAS50" Release="A"><Identification v="TRANPB20170102A103931"/><Version v="1"/><Type v="AL5"/><CreationDateTime v="2017-01-02T07:11:52.289Z"/><ValidityPeriod v="2016-12-14T05:00Z/2016-12-15T05:00Z"/><IssuerIdentification v="21X-DE-C-A0A0A-T" codingScheme="305"/><IssuerRole v="ZSO"/><RecipientIdentification v="10X1001A1001A353" codingScheme="305"/><RecipientRole v="ZUA"/><ConnectionPoint><Identification v="37Z000000006231B" codingScheme="305"/><Type v="Z26"/><Category><CapacityCode v="Z06"/><Period><TimeInterval v="2016-12-14T05:00Z/2016-12-14T06:00Z"/><Direction v="Z02"/><Quantity v="0"/><MeasureUnit v="KW1"/></Period><Period><TimeInterval v="2016-12-14T06:00Z/2016-12-14T07:00Z"/><Direction v="Z02"/><Quantity v="0"/><MeasureUnit v="KW1"/></Period><Period><TimeInterval v="2016-12-14T07:00Z/2016-12-14T08:00Z"/><Direction v="Z02"/><Quantity v="0"/><MeasureUnit v="KW1"/></Period><Period><TimeInterval v="2016-12-14T08:00Z/2016-12-14T09:00Z"/><Direction v="Z02"/><Quantity v="0"/><MeasureUnit v="KW1"/></Period><Period><TimeInterval v="2016-12-14T09:00Z/2016-12-14T10:00Z"/><Direction v="Z02"/><Quantity v="0"/><MeasureUnit v="KW1"/></Period><Period><TimeInterval v="2016-12-14T10:00Z/2016-12-14T11:00Z"/><Direction v="Z02"/><Quantity v="0"/><MeasureUnit v="KW1"/></Period><Period><TimeInterval v="2016-12-14T11:00Z/2016-12-14T12:00Z"/><Direction v="Z02"/><Quantity v="0"/><MeasureUnit v="KW1"/></Period><Period><TimeInterval v="2016-12-14T12:00Z/2016-12-14T13:00Z"/><Direction v="Z02"/><Quantity v="0"/><MeasureUnit v="KW1"/></Period><Period><TimeInterval v="2016-12-14T13:00Z/2016-12-14T14:00Z"/><Direction v="Z02"/><Quantity v="0"/><MeasureUnit v="KW1"/></Period><Period><TimeInterval v="2016-12-14T14:00Z/2016-12-14T15:00Z"/><Direction v="Z02"/><Quantity v="0"/><MeasureUnit v="KW1"/></Period><Period><TimeInterval v="2016-12-14T15:00Z/2016-12-14T16:00Z"/><Direction v="Z02"/><Quantity v="0"/><MeasureUnit v="KW1"/></Period><Period><TimeInterval v="2016-12-14T16:00Z/2016-12-14T17:00Z"/><Direction v="Z02"/><Quantity v="0"/><MeasureUnit v="KW1"/></Period><Period><TimeInterval v="2016-12-14T17:00Z/2016-12-14T18:00Z"/><Direction v="Z02"/><Quantity v="0"/><MeasureUnit v="KW1"/></Period><Period><TimeInterval v="2016-12-14T18:00Z/2016-12-14T19:00Z"/><Direction v="Z02"/><Quantity v="0"/><MeasureUnit v="KW1"/></Period><Period><TimeInterval v="2016-12-14T19:00Z/2016-12-14T20:00Z"/><Direction v="Z02"/><Quantity v="0"/><MeasureUnit v="KW1"/></Period><Period><TimeInterval v="2016-12-14T20:00Z/2016-12-14T21:00Z"/><Direction v="Z02"/><Quantity v="0"/><MeasureUnit v="KW1"/></Period><Period><TimeInterval v="2016-12-14T21:00Z/2016-12-14T22:00Z"/><Direction v="Z02"/><Quantity v="0"/><MeasureUnit v="KW1"/></Period><Period><TimeInterval v="2016-12-14T22:00Z/2016-12-14T23:00Z"/><Direction v="Z02"/><Quantity v="0"/><MeasureUnit v="KW1"/></Period><Period><TimeInterval v="2016-12-14T23:00Z/2016-12-15T00:00Z"/><Direction v="Z02"/><Quantity v="0"/><MeasureUnit v="KW1"/></Period><Period><TimeInterval v="2016-12-15T00:00Z/2016-12-15T01:00Z"/><Direction v="Z02"/><Quantity v="0"/><MeasureUnit v="KW1"/></Period><Period><TimeInterval v="2016-12-15T01:00Z/2016-12-15T02:00Z"/><Direction v="Z02"/><Quantity v="0"/><MeasureUnit v="KW1"/></Period><Period><TimeInterval v="2016-12-15T02:00Z/2016-12-15T03:00Z"/><Direction v="Z02"/><Quantity v="0"/><MeasureUnit v="KW1"/></Period><Period><TimeInterval v="2016-12-15T03:00Z/2016-12-15T04:00Z"/><Direction v="Z02"/><Quantity v="0"/><MeasureUnit v="KW1"/></Period><Period><TimeInterval v="2016-12-15T04:00Z/2016-12-15T05:00Z"/><Direction v="Z02"/><Quantity v="0"/><MeasureUnit v="KW1"/></Period></Category><Category><CapacityCode v="Z07"/><Period><TimeInterval v="2016-12-14T05:00Z/2016-12-14T06:00Z"/><Direction v="Z02"/><Quantity v="0"/><MeasureUnit v="KW1"/></Period><Period><TimeInterval v="2016-12-14T06:00Z/2016-12-14T07:00Z"/><Direction v="Z02"/><Quantity v="0"/><MeasureUnit v="KW1"/></Period><Period><TimeInterval v="2016-12-14T07:00Z/2016-12-14T08:00Z"/><Direction v="Z02"/><Quantity v="0"/><MeasureUnit v="KW1"/></Period><Period><TimeInterval v="2016-12-14T08:00Z/2016-12-14T09:00Z"/><Direction v="Z02"/><Quantity v="0"/><MeasureUnit v="KW1"/></Period><Period><TimeInterval v="2016-12-14T09:00Z/2016-12-14T10:00Z"/><Direction v="Z02"/><Quantity v="0"/><MeasureUnit v="KW1"/></Period><Period><TimeInterval v="2016-12-14T10:00Z/2016-12-14T11:00Z"/><Direction v="Z02"/><Quantity v="0"/><MeasureUnit v="KW1"/></Period><Period><TimeInterval v="2016-12-14T11:00Z/2016-12-14T12:00Z"/><Direction v="Z02"/><Quantity v="0"/><MeasureUnit v="KW1"/></Period><Period><TimeInterval v="2016-12-14T12:00Z/2016-12-14T13:00Z"/><Direction v="Z02"/><Quantity v="0"/><MeasureUnit v="KW1"/></Period><Period><TimeInterval v="2016-12-14T13:00Z/2016-12-14T14:00Z"/><Direction v="Z02"/><Quantity v="0"/><MeasureUnit v="KW1"/></Period><Period><TimeInterval v="2016-12-14T14:00Z/2016-12-14T15:00Z"/><Direction v="Z02"/><Quantity v="0"/><MeasureUnit v="KW1"/></Period><Period><TimeInterval v="2016-12-14T15:00Z/2016-12-14T16:00Z"/><Direction v="Z02"/><Quantity v="0"/><MeasureUnit v="KW1"/></Period><Period><TimeInterval v="2016-12-14T16:00Z/2016-12-14T17:00Z"/><Direction v="Z02"/><Quantity v="0"/><MeasureUnit v="KW1"/></Period><Period><TimeInterval v="2016-12-14T17:00Z/2016-12-14T18:00Z"/><Direction v="Z02"/><Quantity v="0"/><MeasureUnit v="KW1"/></Period><Period><TimeInterval v="2016-12-14T18:00Z/2016-12-14T19:00Z"/><Direction v="Z02"/><Quantity v="0"/><MeasureUnit v="KW1"/></Period><Period><TimeInterval v="2016-12-14T19:00Z/2016-12-14T20:00Z"/><Direction v="Z02"/><Quantity v="0"/><MeasureUnit v="KW1"/></Period><Period><TimeInterval v="2016-12-14T20:00Z/2016-12-14T21:00Z"/><Direction v="Z02"/><Quantity v="0"/><MeasureUnit v="KW1"/></Period><Period><TimeInterval v="2016-12-14T21:00Z/2016-12-14T22:00Z"/><Direction v="Z02"/><Quantity v="0"/><MeasureUnit v="KW1"/></Period><Period><TimeInterval v="2016-12-14T22:00Z/2016-12-14T23:00Z"/><Direction v="Z02"/><Quantity v="0"/><MeasureUnit v="KW1"/></Period><Period><TimeInterval v="2016-12-14T23:00Z/2016-12-15T00:00Z"/><Direction v="Z02"/><Quantity v="0"/><MeasureUnit v="KW1"/></Period><Period><TimeInterval v="2016-12-15T00:00Z/2016-12-15T01:00Z"/><Direction v="Z02"/><Quantity v="0"/><MeasureUnit v="KW1"/></Period><Period><TimeInterval v="2016-12-15T01:00Z/2016-12-15T02:00Z"/><Direction v="Z02"/><Quantity v="0"/><MeasureUnit v="KW1"/></Period><Period><TimeInterval v="2016-12-15T02:00Z/2016-12-15T03:00Z"/><Direction v="Z02"/><Quantity v="0"/><MeasureUnit v="KW1"/></Period><Period><TimeInterval v="2016-12-15T03:00Z/2016-12-15T04:00Z"/><Direction v="Z02"/><Quantity v="0"/><MeasureUnit v="KW1"/></Period><Period><TimeInterval v="2016-12-15T04:00Z/2016-12-15T05:00Z"/><Direction v="Z02"/><Quantity v="0"/><MeasureUnit v="KW1"/></Period></Category><Category><CapacityCode v="Z09"/><Period><TimeInterval v="2016-12-14T05:00Z/2016-12-14T06:00Z"/><Direction v="Z02"/><Quantity v="49400"/><MeasureUnit v="KW1"/></Period><Period><TimeInterval v="2016-12-14T06:00Z/2016-12-14T07:00Z"/><Direction v="Z02"/><Quantity v="49400"/><MeasureUnit v="KW1"/></Period><Period><TimeInterval v="2016-12-14T07:00Z/2016-12-14T08:00Z"/><Direction v="Z02"/><Quantity v="49400"/><MeasureUnit v="KW1"/></Period><Period><TimeInterval v="2016-12-14T08:00Z/2016-12-14T09:00Z"/><Direction v="Z02"/><Quantity v="49400"/><MeasureUnit v="KW1"/></Period><Period><TimeInterval v="2016-12-14T09:00Z/2016-12-14T10:00Z"/><Direction v="Z02"/><Quantity v="49400"/><MeasureUnit v="KW1"/></Period><Period><TimeInterval v="2016-12-14T10:00Z/2016-12-14T11:00Z"/><Direction v="Z02"/><Quantity v="49400"/><MeasureUnit v="KW1"/></Period><Period><TimeInterval v="2016-12-14T11:00Z/2016-12-14T12:00Z"/><Direction v="Z02"/><Quantity v="49400"/><MeasureUnit v="KW1"/></Period><Period><TimeInterval v="2016-12-14T12:00Z/2016-12-14T13:00Z"/><Direction v="Z02"/><Quantity v="49400"/><MeasureUnit v="KW1"/></Period><Period><TimeInterval v="2016-12-14T13:00Z/2016-12-14T14:00Z"/><Direction v="Z02"/><Quantity v="49400"/><MeasureUnit v="KW1"/></Period><Period><TimeInterval v="2016-12-14T14:00Z/2016-12-14T15:00Z"/><Direction v="Z02"/><Quantity v="49400"/><MeasureUnit v="KW1"/></Period><Period><TimeInterval v="2016-12-14T15:00Z/2016-12-14T16:00Z"/><Direction v="Z02"/><Quantity v="49400"/><MeasureUnit v="KW1"/></Period><Period><TimeInterval v="2016-12-14T16:00Z/2016-12-14T17:00Z"/><Direction v="Z02"/><Quantity v="49400"/><MeasureUnit v="KW1"/></Period><Period><TimeInterval v="2016-12-14T17:00Z/2016-12-14T18:00Z"/><Direction v="Z02"/><Quantity v="49400"/><MeasureUnit v="KW1"/></Period><Period><TimeInterval v="2016-12-14T18:00Z/2016-12-14T19:00Z"/><Direction v="Z02"/><Quantity v="49400"/><MeasureUnit v="KW1"/></Period><Period><TimeInterval v="2016-12-14T19:00Z/2016-12-14T20:00Z"/><Direction v="Z02"/><Quantity v="49400"/><MeasureUnit v="KW1"/></Period><Period><TimeInterval v="2016-12-14T20:00Z/2016-12-14T21:00Z"/><Direction v="Z02"/><Quantity v="49400"/><MeasureUnit v="KW1"/></Period><Period><TimeInterval v="2016-12-14T21:00Z/2016-12-14T22:00Z"/><Direction v="Z02"/><Quantity v="49400"/><MeasureUnit v="KW1"/></Period><Period><TimeInterval v="2016-12-14T22:00Z/2016-12-14T23:00Z"/><Direction v="Z02"/><Quantity v="49400"/><MeasureUnit v="KW1"/></Period><Period><TimeInterval v="2016-12-14T23:00Z/2016-12-15T00:00Z"/><Direction v="Z02"/><Quantity v="49400"/><MeasureUnit v="KW1"/></Period><Period><TimeInterval v="2016-12-15T00:00Z/2016-12-15T01:00Z"/><Direction v="Z02"/><Quantity v="49400"/><MeasureUnit v="KW1"/></Period><Period><TimeInterval v="2016-12-15T01:00Z/2016-12-15T02:00Z"/><Direction v="Z02"/><Quantity v="49400"/><MeasureUnit v="KW1"/></Period><Period><TimeInterval v="2016-12-15T02:00Z/2016-12-15T03:00Z"/><Direction v="Z02"/><Quantity v="49400"/><MeasureUnit v="KW1"/></Period><Period><TimeInterval v="2016-12-15T03:00Z/2016-12-15T04:00Z"/><Direction v="Z02"/><Quantity v="49400"/><MeasureUnit v="KW1"/></Period><Period><TimeInterval v="2016-12-15T04:00Z/2016-12-15T05:00Z"/><Direction v="Z02"/><Quantity v="49400"/><MeasureUnit v="KW1"/></Period></Category><Category><CapacityCode v="Z10"/><Period><TimeInterval v="2016-12-14T05:00Z/2016-12-14T06:00Z"/><Direction v="Z02"/><Quantity v="49402"/><MeasureUnit v="KW1"/></Period><Period><TimeInterval v="2016-12-14T06:00Z/2016-12-14T07:00Z"/><Direction v="Z02"/><Quantity v="49402"/><MeasureUnit v="KW1"/></Period><Period><TimeInterval v="2016-12-14T07:00Z/2016-12-14T08:00Z"/><Direction v="Z02"/><Quantity v="49402"/><MeasureUnit v="KW1"/></Period><Period><TimeInterval v="2016-12-14T08:00Z/2016-12-14T09:00Z"/><Direction v="Z02"/><Quantity v="49402"/><MeasureUnit v="KW1"/></Period><Period><TimeInterval v="2016-12-14T09:00Z/2016-12-14T10:00Z"/><Direction v="Z02"/><Quantity v="49402"/><MeasureUnit v="KW1"/></Period><Period><TimeInterval v="2016-12-14T10:00Z/2016-12-14T11:00Z"/><Direction v="Z02"/><Quantity v="49402"/><MeasureUnit v="KW1"/></Period><Period><TimeInterval v="2016-12-14T11:00Z/2016-12-14T12:00Z"/><Direction v="Z02"/><Quantity v="49402"/><MeasureUnit v="KW1"/></Period><Period><TimeInterval v="2016-12-14T12:00Z/2016-12-14T13:00Z"/><Direction v="Z02"/><Quantity v="49402"/><MeasureUnit v="KW1"/></Period><Period><TimeInterval v="2016-12-14T13:00Z/2016-12-14T14:00Z"/><Direction v="Z02"/><Quantity v="49402"/><MeasureUnit v="KW1"/></Period><Period><TimeInterval v="2016-12-14T14:00Z/2016-12-14T15:00Z"/><Direction v="Z02"/><Quantity v="49402"/><MeasureUnit v="KW1"/></Period><Period><TimeInterval v="2016-12-14T15:00Z/2016-12-14T16:00Z"/><Direction v="Z02"/><Quantity v="49402"/><MeasureUnit v="KW1"/></Period><Period><TimeInterval v="2016-12-14T16:00Z/2016-12-14T17:00Z"/><Direction v="Z02"/><Quantity v="49402"/><MeasureUnit v="KW1"/></Period><Period><TimeInterval v="2016-12-14T17:00Z/2016-12-14T18:00Z"/><Direction v="Z02"/><Quantity v="49402"/><MeasureUnit v="KW1"/></Period><Period><TimeInterval v="2016-12-14T18:00Z/2016-12-14T19:00Z"/><Direction v="Z02"/><Quantity v="49402"/><MeasureUnit v="KW1"/></Period><Period><TimeInterval v="2016-12-14T19:00Z/2016-12-14T20:00Z"/><Direction v="Z02"/><Quantity v="49402"/><MeasureUnit v="KW1"/></Period><Period><TimeInterval v="2016-12-14T20:00Z/2016-12-14T21:00Z"/><Direction v="Z02"/><Quantity v="49402"/><MeasureUnit v="KW1"/></Period><Period><TimeInterval v="2016-12-14T21:00Z/2016-12-14T22:00Z"/><Direction v="Z02"/><Quantity v="49402"/><MeasureUnit v="KW1"/></Period><Period><TimeInterval v="2016-12-14T22:00Z/2016-12-14T23:00Z"/><Direction v="Z02"/><Quantity v="49402"/><MeasureUnit v="KW1"/></Period><Period><TimeInterval v="2016-12-14T23:00Z/2016-12-15T00:00Z"/><Direction v="Z02"/><Quantity v="49402"/><MeasureUnit v="KW1"/></Period><Period><TimeInterval v="2016-12-15T00:00Z/2016-12-15T01:00Z"/><Direction v="Z02"/><Quantity v="49402"/><MeasureUnit v="KW1"/></Period><Period><TimeInterval v="2016-12-15T01:00Z/2016-12-15T02:00Z"/><Direction v="Z02"/><Quantity v="49402"/><MeasureUnit v="KW1"/></Period><Period><TimeInterval v="2016-12-15T02:00Z/2016-12-15T03:00Z"/><Direction v="Z02"/><Quantity v="49402"/><MeasureUnit v="KW1"/></Period><Period><TimeInterval v="2016-12-15T03:00Z/2016-12-15T04:00Z"/><Direction v="Z02"/><Quantity v="49402"/><MeasureUnit v="KW1"/></Period><Period><TimeInterval v="2016-12-15T04:00Z/2016-12-15T05:00Z"/><Direction v="Z02"/><Quantity v="49402"/><MeasureUnit v="KW1"/></Period></Category><Category><CapacityCode v="Z11"/><Period><TimeInterval v="2016-12-14T05:00Z/2016-12-14T06:00Z"/><Direction v="Z02"/><Quantity v="0"/><MeasureUnit v="KW1"/></Period><Period><TimeInterval v="2016-12-14T06:00Z/2016-12-14T07:00Z"/><Direction v="Z02"/><Quantity v="0"/><MeasureUnit v="KW1"/></Period><Period><TimeInterval v="2016-12-14T07:00Z/2016-12-14T08:00Z"/><Direction v="Z02"/><Quantity v="0"/><MeasureUnit v="KW1"/></Period><Period><TimeInterval v="2016-12-14T08:00Z/2016-12-14T09:00Z"/><Direction v="Z02"/><Quantity v="0"/><MeasureUnit v="KW1"/></Period><Period><TimeInterval v="2016-12-14T09:00Z/2016-12-14T10:00Z"/><Direction v="Z02"/><Quantity v="0"/><MeasureUnit v="KW1"/></Period><Period><TimeInterval v="2016-12-14T10:00Z/2016-12-14T11:00Z"/><Direction v="Z02"/><Quantity v="0"/><MeasureUnit v="KW1"/></Period><Period><TimeInterval v="2016-12-14T11:00Z/2016-12-14T12:00Z"/><Direction v="Z02"/><Quantity v="0"/><MeasureUnit v="KW1"/></Period><Period><TimeInterval v="2016-12-14T12:00Z/2016-12-14T13:00Z"/><Direction v="Z02"/><Quantity v="0"/><MeasureUnit v="KW1"/></Period><Period><TimeInterval v="2016-12-14T13:00Z/2016-12-14T14:00Z"/><Direction v="Z02"/><Quantity v="0"/><MeasureUnit v="KW1"/></Period><Period><TimeInterval v="2016-12-14T14:00Z/2016-12-14T15:00Z"/><Direction v="Z02"/><Quantity v="0"/><MeasureUnit v="KW1"/></Period><Period><TimeInterval v="2016-12-14T15:00Z/2016-12-14T16:00Z"/><Direction v="Z02"/><Quantity v="0"/><MeasureUnit v="KW1"/></Period><Period><TimeInterval v="2016-12-14T16:00Z/2016-12-14T17:00Z"/><Direction v="Z02"/><Quantity v="0"/><MeasureUnit v="KW1"/></Period><Period><TimeInterval v="2016-12-14T17:00Z/2016-12-14T18:00Z"/><Direction v="Z02"/><Quantity v="0"/><MeasureUnit v="KW1"/></Period><Period><TimeInterval v="2016-12-14T18:00Z/2016-12-14T19:00Z"/><Direction v="Z02"/><Quantity v="0"/><MeasureUnit v="KW1"/></Period><Period><TimeInterval v="2016-12-14T19:00Z/2016-12-14T20:00Z"/><Direction v="Z02"/><Quantity v="0"/><MeasureUnit v="KW1"/></Period><Period><TimeInterval v="2016-12-14T20:00Z/2016-12-14T21:00Z"/><Direction v="Z02"/><Quantity v="0"/><MeasureUnit v="KW1"/></Period><Period><TimeInterval v="2016-12-14T21:00Z/2016-12-14T22:00Z"/><Direction v="Z02"/><Quantity v="0"/><MeasureUnit v="KW1"/></Period><Period><TimeInterval v="2016-12-14T22:00Z/2016-12-14T23:00Z"/><Direction v="Z02"/><Quantity v="0"/><MeasureUnit v="KW1"/></Period><Period><TimeInterval v="2016-12-14T23:00Z/2016-12-15T00:00Z"/><Direction v="Z02"/><Quantity v="0"/><MeasureUnit v="KW1"/></Period><Period><TimeInterval v="2016-12-15T00:00Z/2016-12-15T01:00Z"/><Direction v="Z02"/><Quantity v="0"/><MeasureUnit v="KW1"/></Period><Period><TimeInterval v="2016-12-15T01:00Z/2016-12-15T02:00Z"/><Direction v="Z02"/><Quantity v="0"/><MeasureUnit v="KW1"/></Period><Period><TimeInterval v="2016-12-15T02:00Z/2016-12-15T03:00Z"/><Direction v="Z02"/><Quantity v="0"/><MeasureUnit v="KW1"/></Period><Period><TimeInterval v="2016-12-15T03:00Z/2016-12-15T04:00Z"/><Direction v="Z02"/><Quantity v="0"/><MeasureUnit v="KW1"/></Period><Period><TimeInterval v="2016-12-15T04:00Z/2016-12-15T05:00Z"/><Direction v="Z02"/><Quantity v="0"/><MeasureUnit v="KW1"/></Period></Category></ConnectionPoint><ConnectionPoint><Identification v="21Z000000000071W" codingScheme="305"/><Type v="Z25"/><Category><CapacityCode v="Z06"/><Period><TimeInterval v="2016-12-14T05:00Z/2016-12-14T06:00Z"/><Direction v="Z02"/><Quantity v="3503319"/><MeasureUnit v="KW1"/></Period><Period><TimeInterval v="2016-12-14T06:00Z/2016-12-14T07:00Z"/><Direction v="Z02"/><Quantity v="3503319"/><MeasureUnit v="KW1"/></Period><Period><TimeInterval v="2016-12-14T07:00Z/2016-12-14T08:00Z"/><Direction v="Z02"/><Quantity v="3503319"/><MeasureUnit v="KW1"/></Period><Period><TimeInterval v="2016-12-14T08:00Z/2016-12-14T09:00Z"/><Direction v="Z02"/><Quantity v="3503319"/><MeasureUnit v="KW1"/></Period><Period><TimeInterval v="2016-12-14T09:00Z/2016-12-14T10:00Z"/><Direction v="Z02"/><Quantity v="3503319"/><MeasureUnit v="KW1"/></Period><Period><TimeInterval v="2016-12-14T10:00Z/2016-12-14T11:00Z"/><Direction v="Z02"/><Quantity v="3503319"/><MeasureUnit v="KW1"/></Period><Period><TimeInterval v="2016-12-14T11:00Z/2016-12-14T12:00Z"/><Direction v="Z02"/><Quantity v="3503319"/><MeasureUnit v="KW1"/></Period><Period><TimeInterval v="2016-12-14T12:00Z/2016-12-14T13:00Z"/><Direction v="Z02"/><Quantity v="3503319"/><MeasureUnit v="KW1"/></Period><Period><TimeInterval v="2016-12-14T13:00Z/2016-12-14T14:00Z"/><Direction v="Z02"/><Quantity v="3503319"/><MeasureUnit v="KW1"/></Period><Period><TimeInterval v="2016-12-14T14:00Z/2016-12-14T15:00Z"/><Direction v="Z02"/><Quantity v="3503319"/><MeasureUnit v="KW1"/></Period><Period><TimeInterval v="2016-12-14T15:00Z/2016-12-14T16:00Z"/><Direction v="Z02"/><Quantity v="3503319"/><MeasureUnit v="KW1"/></Period><Period><TimeInterval v="2016-12-14T16:00Z/2016-12-14T17:00Z"/><Direction v="Z02"/><Quantity v="3503319"/><MeasureUnit v="KW1"/></Period><Period><TimeInterval v="2016-12-14T17:00Z/2016-12-14T18:00Z"/><Direction v="Z02"/><Quantity v="3503319"/><MeasureUnit v="KW1"/></Period><Period><TimeInterval v="2016-12-14T18:00Z/2016-12-14T19:00Z"/><Direction v="Z02"/><Quantity v="3503319"/><MeasureUnit v="KW1"/></Period><Period><TimeInterval v="2016-12-14T19:00Z/2016-12-14T20:00Z"/><Direction v="Z02"/><Quantity v="3503319"/><MeasureUnit v="KW1"/></Period><Period><TimeInterval v="2016-12-14T20:00Z/2016-12-14T21:00Z"/><Direction v="Z02"/><Quantity v="3503319"/><MeasureUnit v="KW1"/></Period><Period><TimeInterval v="2016-12-14T21:00Z/2016-12-14T22:00Z"/><Direction v="Z02"/><Quantity v="3503319"/><MeasureUnit v="KW1"/></Period><Period><TimeInterval v="2016-12-14T22:00Z/2016-12-14T23:00Z"/><Direction v="Z02"/><Quantity v="3503319"/><MeasureUnit v="KW1"/></Period><Period><TimeInterval v="2016-12-14T23:00Z/2016-12-15T00:00Z"/><Direction v="Z02"/><Quantity v="3503319"/><MeasureUnit v="KW1"/></Period><Period><TimeInterval v="2016-12-15T00:00Z/2016-12-15T01:00Z"/><Direction v="Z02"/><Quantity v="3503319"/><MeasureUnit v="KW1"/></Period><Period><TimeInterval v="2016-12-15T01:00Z/2016-12-15T02:00Z"/><Direction v="Z02"/><Quantity v="3503319"/><MeasureUnit v="KW1"/></Period><Period><TimeInterval v="2016-12-15T02:00Z/2016-12-15T03:00Z"/><Direction v="Z02"/><Quantity v="3503319"/><MeasureUnit v="KW1"/></Period><Period><TimeInterval v="2016-12-15T03:00Z/2016-12-15T04:00Z"/><Direction v="Z02"/><Quantity v="3503319"/><MeasureUnit v="KW1"/></Period><Period><TimeInterval v="2016-12-15T04:00Z/2016-12-15T05:00Z"/><Direction v="Z02"/><Quantity v="3503319"/><MeasureUnit v="KW1"/></Period></Category><Category><CapacityCode v="Z07"/><Period><TimeInterval v="2016-12-14T05:00Z/2016-12-14T06:00Z"/><Direction v="Z02"/><Quantity v="4918859"/><MeasureUnit v="KW1"/></Period><Period><TimeInterval v="2016-12-14T06:00Z/2016-12-14T07:00Z"/><Direction v="Z02"/><Quantity v="4918859"/><MeasureUnit v="KW1"/></Period><Period><TimeInterval v="2016-12-14T07:00Z/2016-12-14T08:00Z"/><Direction v="Z02"/><Quantity v="4918859"/><MeasureUnit v="KW1"/></Period><Period><TimeInterval v="2016-12-14T08:00Z/2016-12-14T09:00Z"/><Direction v="Z02"/><Quantity v="4918859"/><MeasureUnit v="KW1"/></Period><Period><TimeInterval v="2016-12-14T09:00Z/2016-12-14T10:00Z"/><Direction v="Z02"/><Quantity v="4918859"/><MeasureUnit v="KW1"/></Period><Period><TimeInterval v="2016-12-14T10:00Z/2016-12-14T11:00Z"/><Direction v="Z02"/><Quantity v="4918859"/><MeasureUnit v="KW1"/></Period><Period><TimeInterval v="2016-12-14T11:00Z/2016-12-14T12:00Z"/><Direction v="Z02"/><Quantity v="4918859"/><MeasureUnit v="KW1"/></Period><Period><TimeInterval v="2016-12-14T12:00Z/2016-12-14T13:00Z"/><Direction v="Z02"/><Quantity v="4918859"/><MeasureUnit v="KW1"/></Period><Period><TimeInterval v="2016-12-14T13:00Z/2016-12-14T14:00Z"/><Direction v="Z02"/><Quantity v="4918859"/><MeasureUnit v="KW1"/></Period><Period><TimeInterval v="2016-12-14T14:00Z/2016-12-14T15:00Z"/><Direction v="Z02"/><Quantity v="4918859"/><MeasureUnit v="KW1"/></Period><Period><TimeInterval v="2016-12-14T15:00Z/2016-12-14T16:00Z"/><Direction v="Z02"/><Quantity v="4918859"/><MeasureUnit v="KW1"/></Period><Period><TimeInterval v="2016-12-14T16:00Z/2016-12-14T17:00Z"/><Direction v="Z02"/><Quantity v="4918859"/><MeasureUnit v="KW1"/></Period><Period><TimeInterval v="2016-12-14T17:00Z/2016-12-14T18:00Z"/><Direction v="Z02"/><Quantity v="4918859"/><MeasureUnit v="KW1"/></Period><Period><TimeInterval v="2016-12-14T18:00Z/2016-12-14T19:00Z"/><Direction v="Z02"/><Quantity v="4918859"/><MeasureUnit v="KW1"/></Period><Period><TimeInterval v="2016-12-14T19:00Z/2016-12-14T20:00Z"/><Direction v="Z02"/><Quantity v="4918859"/><MeasureUnit v="KW1"/></Period><Period><TimeInterval v="2016-12-14T20:00Z/2016-12-14T21:00Z"/><Direction v="Z02"/><Quantity v="4918859"/><MeasureUnit v="KW1"/></Period><Period><TimeInterval v="2016-12-14T21:00Z/2016-12-14T22:00Z"/><Direction v="Z02"/><Quantity v="4918859"/><MeasureUnit v="KW1"/></Period><Period><TimeInterval v="2016-12-14T22:00Z/2016-12-14T23:00Z"/><Direction v="Z02"/><Quantity v="4918859"/><MeasureUnit v="KW1"/></Period><Period><TimeInterval v="2016-12-14T23:00Z/2016-12-15T00:00Z"/><Direction v="Z02"/><Quantity v="4918859"/><MeasureUnit v="KW1"/></Period><Period><TimeInterval v="2016-12-15T00:00Z/2016-12-15T01:00Z"/><Direction v="Z02"/><Quantity v="4918859"/><MeasureUnit v="KW1"/></Period><Period><TimeInterval v="2016-12-15T01:00Z/2016-12-15T02:00Z"/><Direction v="Z02"/><Quantity v="4918859"/><MeasureUnit v="KW1"/></Period><Period><TimeInterval v="2016-12-15T02:00Z/2016-12-15T03:00Z"/><Direction v="Z02"/><Quantity v="4918859"/><MeasureUnit v="KW1"/></Period><Period><TimeInterval v="2016-12-15T03:00Z/2016-12-15T04:00Z"/><Direction v="Z02"/><Quantity v="4918859"/><MeasureUnit v="KW1"/></Period><Period><TimeInterval v="2016-12-15T04:00Z/2016-12-15T05:00Z"/><Direction v="Z02"/><Quantity v="4918859"/><MeasureUnit v="KW1"/></Period></Category><Category><CapacityCode v="Z09"/><Period><TimeInterval v="2016-12-14T05:00Z/2016-12-14T06:00Z"/><Direction v="Z02"/><Quantity v="193"/><MeasureUnit v="KW1"/></Period><Period><TimeInterval v="2016-12-14T06:00Z/2016-12-14T07:00Z"/><Direction v="Z02"/><Quantity v="193"/><MeasureUnit v="KW1"/></Period><Period><TimeInterval v="2016-12-14T07:00Z/2016-12-14T08:00Z"/><Direction v="Z02"/><Quantity v="193"/><MeasureUnit v="KW1"/></Period><Period><TimeInterval v="2016-12-14T08:00Z/2016-12-14T09:00Z"/><Direction v="Z02"/><Quantity v="193"/><MeasureUnit v="KW1"/></Period><Period><TimeInterval v="2016-12-14T09:00Z/2016-12-14T10:00Z"/><Direction v="Z02"/><Quantity v="193"/><MeasureUnit v="KW1"/></Period><Period><TimeInterval v="2016-12-14T10:00Z/2016-12-14T11:00Z"/><Direction v="Z02"/><Quantity v="193"/><MeasureUnit v="KW1"/></Period><Period><TimeInterval v="2016-12-14T11:00Z/2016-12-14T12:00Z"/><Direction v="Z02"/><Quantity v="193"/><MeasureUnit v="KW1"/></Period><Period><TimeInterval v="2016-12-14T12:00Z/2016-12-14T13:00Z"/><Direction v="Z02"/><Quantity v="193"/><MeasureUnit v="KW1"/></Period><Period><TimeInterval v="2016-12-14T13:00Z/2016-12-14T14:00Z"/><Direction v="Z02"/><Quantity v="193"/><MeasureUnit v="KW1"/></Period><Period><TimeInterval v="2016-12-14T14:00Z/2016-12-14T15:00Z"/><Direction v="Z02"/><Quantity v="193"/><MeasureUnit v="KW1"/></Period><Period><TimeInterval v="2016-12-14T15:00Z/2016-12-14T16:00Z"/><Direction v="Z02"/><Quantity v="193"/><MeasureUnit v="KW1"/></Period><Period><TimeInterval v="2016-12-14T16:00Z/2016-12-14T17:00Z"/><Direction v="Z02"/><Quantity v="193"/><MeasureUnit v="KW1"/></Period><Period><TimeInterval v="2016-12-14T17:00Z/2016-12-14T18:00Z"/><Direction v="Z02"/><Quantity v="193"/><MeasureUnit v="KW1"/></Period><Period><TimeInterval v="2016-12-14T18:00Z/2016-12-14T19:00Z"/><Direction v="Z02"/><Quantity v="193"/><MeasureUnit v="KW1"/></Period><Period><TimeInterval v="2016-12-14T19:00Z/2016-12-14T20:00Z"/><Direction v="Z02"/><Quantity v="193"/><MeasureUnit v="KW1"/></Period><Period><TimeInterval v="2016-12-14T20:00Z/2016-12-14T21:00Z"/><Direction v="Z02"/><Quantity v="193"/><MeasureUnit v="KW1"/></Period><Period><TimeInterval v="2016-12-14T21:00Z/2016-12-14T22:00Z"/><Direction v="Z02"/><Quantity v="193"/><MeasureUnit v="KW1"/></Period><Period><TimeInterval v="2016-12-14T22:00Z/2016-12-14T23:00Z"/><Direction v="Z02"/><Quantity v="193"/><MeasureUnit v="KW1"/></Period><Period><TimeInterval v="2016-12-14T23:00Z/2016-12-15T00:00Z"/><Direction v="Z02"/><Quantity v="193"/><MeasureUnit v="KW1"/></Period><Period><TimeInterval v="2016-12-15T00:00Z/2016-12-15T01:00Z"/><Direction v="Z02"/><Quantity v="193"/><MeasureUnit v="KW1"/></Period><Period><TimeInterval v="2016-12-15T01:00Z/2016-12-15T02:00Z"/><Direction v="Z02"/><Quantity v="193"/><MeasureUnit v="KW1"/></Period><Period><TimeInterval v="2016-12-15T02:00Z/2016-12-15T03:00Z"/><Direction v="Z02"/><Quantity v="193"/><MeasureUnit v="KW1"/></Period><Period><TimeInterval v="2016-12-15T03:00Z/2016-12-15T04:00Z"/><Direction v="Z02"/><Quantity v="193"/><MeasureUnit v="KW1"/></Period><Period><TimeInterval v="2016-12-15T04:00Z/2016-12-15T05:00Z"/><Direction v="Z02"/><Quantity v="193"/><MeasureUnit v="KW1"/></Period></Category><Category><CapacityCode v="Z10"/><Period><TimeInterval v="2016-12-14T05:00Z/2016-12-14T06:00Z"/><Direction v="Z02"/><Quantity v="434737"/><MeasureUnit v="KW1"/></Period><Period><TimeInterval v="2016-12-14T06:00Z/2016-12-14T07:00Z"/><Direction v="Z02"/><Quantity v="434737"/><MeasureUnit v="KW1"/></Period><Period><TimeInterval v="2016-12-14T07:00Z/2016-12-14T08:00Z"/><Direction v="Z02"/><Quantity v="434737"/><MeasureUnit v="KW1"/></Period><Period><TimeInterval v="2016-12-14T08:00Z/2016-12-14T09:00Z"/><Direction v="Z02"/><Quantity v="434737"/><MeasureUnit v="KW1"/></Period><Period><TimeInterval v="2016-12-14T09:00Z/2016-12-14T10:00Z"/><Direction v="Z02"/><Quantity v="434737"/><MeasureUnit v="KW1"/></Period><Period><TimeInterval v="2016-12-14T10:00Z/2016-12-14T11:00Z"/><Direction v="Z02"/><Quantity v="434737"/><MeasureUnit v="KW1"/></Period><Period><TimeInterval v="2016-12-14T11:00Z/2016-12-14T12:00Z"/><Direction v="Z02"/><Quantity v="434737"/><MeasureUnit v="KW1"/></Period><Period><TimeInterval v="2016-12-14T12:00Z/2016-12-14T13:00Z"/><Direction v="Z02"/><Quantity v="434737"/><MeasureUnit v="KW1"/></Period><Period><TimeInterval v="2016-12-14T13:00Z/2016-12-14T14:00Z"/><Direction v="Z02"/><Quantity v="434737"/><MeasureUnit v="KW1"/></Period><Period><TimeInterval v="2016-12-14T14:00Z/2016-12-14T15:00Z"/><Direction v="Z02"/><Quantity v="434737"/><MeasureUnit v="KW1"/></Period><Period><TimeInterval v="2016-12-14T15:00Z/2016-12-14T16:00Z"/><Direction v="Z02"/><Quantity v="434737"/><MeasureUnit v="KW1"/></Period><Period><TimeInterval v="2016-12-14T16:00Z/2016-12-14T17:00Z"/><Direction v="Z02"/><Quantity v="434737"/><MeasureUnit v="KW1"/></Period><Period><TimeInterval v="2016-12-14T17:00Z/2016-12-14T18:00Z"/><Direction v="Z02"/><Quantity v="434737"/><MeasureUnit v="KW1"/></Period><Period><TimeInterval v="2016-12-14T18:00Z/2016-12-14T19:00Z"/><Direction v="Z02"/><Quantity v="434737"/><MeasureUnit v="KW1"/></Period><Period><TimeInterval v="2016-12-14T19:00Z/2016-12-14T20:00Z"/><Direction v="Z02"/><Quantity v="434737"/><MeasureUnit v="KW1"/></Period><Period><TimeInterval v="2016-12-14T20:00Z/2016-12-14T21:00Z"/><Direction v="Z02"/><Quantity v="434737"/><MeasureUnit v="KW1"/></Period><Period><TimeInterval v="2016-12-14T21:00Z/2016-12-14T22:00Z"/><Direction v="Z02"/><Quantity v="434737"/><MeasureUnit v="KW1"/></Period><Period><TimeInterval v="2016-12-14T22:00Z/2016-12-14T23:00Z"/><Direction v="Z02"/><Quantity v="434737"/><MeasureUnit v="KW1"/></Period><Period><TimeInterval v="2016-12-14T23:00Z/2016-12-15T00:00Z"/><Direction v="Z02"/><Quantity v="434737"/><MeasureUnit v="KW1"/></Period><Period><TimeInterval v="2016-12-15T00:00Z/2016-12-15T01:00Z"/><Direction v="Z02"/><Quantity v="434737"/><MeasureUnit v="KW1"/></Period><Period><TimeInterval v="2016-12-15T01:00Z/2016-12-15T02:00Z"/><Direction v="Z02"/><Quantity v="434737"/><MeasureUnit v="KW1"/></Period><Period><TimeInterval v="2016-12-15T02:00Z/2016-12-15T03:00Z"/><Direction v="Z02"/><Quantity v="434737"/><MeasureUnit v="KW1"/></Period><Period><TimeInterval v="2016-12-15T03:00Z/2016-12-15T04:00Z"/><Direction v="Z02"/><Quantity v="434737"/><MeasureUnit v="KW1"/></Period><Period><TimeInterval v="2016-12-15T04:00Z/2016-12-15T05:00Z"/><Direction v="Z02"/><Quantity v="434737"/><MeasureUnit v="KW1"/></Period></Category><Category><CapacityCode v="Z11"/><Period><TimeInterval v="2016-12-14T05:00Z/2016-12-14T06:00Z"/><Direction v="Z02"/><Quantity v="1572821"/><MeasureUnit v="KW1"/></Period><Period><TimeInterval v="2016-12-14T06:00Z/2016-12-14T07:00Z"/><Direction v="Z02"/><Quantity v="1572821"/><MeasureUnit v="KW1"/></Period><Period><TimeInterval v="2016-12-14T07:00Z/2016-12-14T08:00Z"/><Direction v="Z02"/><Quantity v="1572821"/><MeasureUnit v="KW1"/></Period><Period><TimeInterval v="2016-12-14T08:00Z/2016-12-14T09:00Z"/><Direction v="Z02"/><Quantity v="1572821"/><MeasureUnit v="KW1"/></Period><Period><TimeInterval v="2016-12-14T09:00Z/2016-12-14T10:00Z"/><Direction v="Z02"/><Quantity v="1572821"/><MeasureUnit v="KW1"/></Period><Period><TimeInterval v="2016-12-14T10:00Z/2016-12-14T11:00Z"/><Direction v="Z02"/><Quantity v="1572821"/><MeasureUnit v="KW1"/></Period><Period><TimeInterval v="2016-12-14T11:00Z/2016-12-14T12:00Z"/><Direction v="Z02"/><Quantity v="1572821"/><MeasureUnit v="KW1"/></Period><Period><TimeInterval v="2016-12-14T12:00Z/2016-12-14T13:00Z"/><Direction v="Z02"/><Quantity v="1572821"/><MeasureUnit v="KW1"/></Period><Period><TimeInterval v="2016-12-14T13:00Z/2016-12-14T14:00Z"/><Direction v="Z02"/><Quantity v="1572821"/><MeasureUnit v="KW1"/></Period><Period><TimeInterval v="2016-12-14T14:00Z/2016-12-14T15:00Z"/><Direction v="Z02"/><Quantity v="1572821"/><MeasureUnit v="KW1"/></Period><Period><TimeInterval v="2016-12-14T15:00Z/2016-12-14T16:00Z"/><Direction v="Z02"/><Quantity v="1572821"/><MeasureUnit v="KW1"/></Period><Period><TimeInterval v="2016-12-14T16:00Z/2016-12-14T17:00Z"/><Direction v="Z02"/><Quantity v="1572821"/><MeasureUnit v="KW1"/></Period><Period><TimeInterval v="2016-12-14T17:00Z/2016-12-14T18:00Z"/><Direction v="Z02"/><Quantity v="1572821"/><MeasureUnit v="KW1"/></Period><Period><TimeInterval v="2016-12-14T18:00Z/2016-12-14T19:00Z"/><Direction v="Z02"/><Quantity v="1572821"/><MeasureUnit v="KW1"/></Period><Period><TimeInterval v="2016-12-14T19:00Z/2016-12-14T20:00Z"/><Direction v="Z02"/><Quantity v="1572821"/><MeasureUnit v="KW1"/></Period><Period><TimeInterval v="2016-12-14T20:00Z/2016-12-14T21:00Z"/><Direction v="Z02"/><Quantity v="1572821"/><MeasureUnit v="KW1"/></Period><Period><TimeInterval v="2016-12-14T21:00Z/2016-12-14T22:00Z"/><Direction v="Z02"/><Quantity v="1572821"/><MeasureUnit v="KW1"/></Period><Period><TimeInterval v="2016-12-14T22:00Z/2016-12-14T23:00Z"/><Direction v="Z02"/><Quantity v="1572821"/><MeasureUnit v="KW1"/></Period><Period><TimeInterval v="2016-12-14T23:00Z/2016-12-15T00:00Z"/><Direction v="Z02"/><Quantity v="1572821"/><MeasureUnit v="KW1"/></Period><Period><TimeInterval v="2016-12-15T00:00Z/2016-12-15T01:00Z"/><Direction v="Z02"/><Quantity v="1572821"/><MeasureUnit v="KW1"/></Period><Period><TimeInterval v="2016-12-15T01:00Z/2016-12-15T02:00Z"/><Direction v="Z02"/><Quantity v="1572821"/><MeasureUnit v="KW1"/></Period><Period><TimeInterval v="2016-12-15T02:00Z/2016-12-15T03:00Z"/><Direction v="Z02"/><Quantity v="1572821"/><MeasureUnit v="KW1"/></Period><Period><TimeInterval v="2016-12-15T03:00Z/2016-12-15T04:00Z"/><Direction v="Z02"/><Quantity v="1572821"/><MeasureUnit v="KW1"/></Period><Period><TimeInterval v="2016-12-15T04:00Z/2016-12-15T05:00Z"/><Direction v="Z02"/><Quantity v="1572821"/><MeasureUnit v="KW1"/></Period></Category></ConnectionPoint><ConnectionPoint><Identification v="21Z0000000000163" codingScheme="305"/><Type v="Z25"/><Category><CapacityCode v="Z06"/><Period><TimeInterval v="2016-12-14T05:00Z/2016-12-14T06:00Z"/><Direction v="Z03"/><Quantity v="702979"/><MeasureUnit v="KW1"/></Period><Period><TimeInterval v="2016-12-14T06:00Z/2016-12-14T07:00Z"/><Direction v="Z03"/><Quantity v="702979"/><MeasureUnit v="KW1"/></Period><Period><TimeInterval v="2016-12-14T07:00Z/2016-12-14T08:00Z"/><Direction v="Z03"/><Quantity v="702979"/><MeasureUnit v="KW1"/></Period><Period><TimeInterval v="2016-12-14T08:00Z/2016-12-14T09:00Z"/><Direction v="Z03"/><Quantity v="702979"/><MeasureUnit v="KW1"/></Period><Period><TimeInterval v="2016-12-14T09:00Z/2016-12-14T10:00Z"/><Direction v="Z03"/><Quantity v="702979"/><MeasureUnit v="KW1"/></Period><Period><TimeInterval v="2016-12-14T10:00Z/2016-12-14T11:00Z"/><Direction v="Z03"/><Quantity v="702979"/><MeasureUnit v="KW1"/></Period><Period><TimeInterval v="2016-12-14T11:00Z/2016-12-14T12:00Z"/><Direction v="Z03"/><Quantity v="702979"/><MeasureUnit v="KW1"/></Period><Period><TimeInterval v="2016-12-14T12:00Z/2016-12-14T13:00Z"/><Direction v="Z03"/><Quantity v="702979"/><MeasureUnit v="KW1"/></Period><Period><TimeInterval v="2016-12-14T13:00Z/2016-12-14T14:00Z"/><Direction v="Z03"/><Quantity v="702979"/><MeasureUnit v="KW1"/></Period><Period><TimeInterval v="2016-12-14T14:00Z/2016-12-14T15:00Z"/><Direction v="Z03"/><Quantity v="702979"/><MeasureUnit v="KW1"/></Period><Period><TimeInterval v="2016-12-14T15:00Z/2016-12-14T16:00Z"/><Direction v="Z03"/><Quantity v="702979"/><MeasureUnit v="KW1"/></Period><Period><TimeInterval v="2016-12-14T16:00Z/2016-12-14T17:00Z"/><Direction v="Z03"/><Quantity v="702979"/><MeasureUnit v="KW1"/></Period><Period><TimeInterval v="2016-12-14T17:00Z/2016-12-14T18:00Z"/><Direction v="Z03"/><Quantity v="702979"/><MeasureUnit v="KW1"/></Period><Period><TimeInterval v="2016-12-14T18:00Z/2016-12-14T19:00Z"/><Direction v="Z03"/><Quantity v="702979"/><MeasureUnit v="KW1"/></Period><Period><TimeInterval v="2016-12-14T19:00Z/2016-12-14T20:00Z"/><Direction v="Z03"/><Quantity v="702979"/><MeasureUnit v="KW1"/></Period><Period><TimeInterval v="2016-12-14T20:00Z/2016-12-14T21:00Z"/><Direction v="Z03"/><Quantity v="702979"/><MeasureUnit v="KW1"/></Period><Period><TimeInterval v="2016-12-14T21:00Z/2016-12-14T22:00Z"/><Direction v="Z03"/><Quantity v="702979"/><MeasureUnit v="KW1"/></Period><Period><TimeInterval v="2016-12-14T22:00Z/2016-12-14T23:00Z"/><Direction v="Z03"/><Quantity v="702979"/><MeasureUnit v="KW1"/></Period><Period><TimeInterval v="2016-12-14T23:00Z/2016-12-15T00:00Z"/><Direction v="Z03"/><Quantity v="702979"/><MeasureUnit v="KW1"/></Period><Period><TimeInterval v="2016-12-15T00:00Z/2016-12-15T01:00Z"/><Direction v="Z03"/><Quantity v="702979"/><MeasureUnit v="KW1"/></Period><Period><TimeInterval v="2016-12-15T01:00Z/2016-12-15T02:00Z"/><Direction v="Z03"/><Quantity v="702979"/><MeasureUnit v="KW1"/></Period><Period><TimeInterval v="2016-12-15T02:00Z/2016-12-15T03:00Z"/><Direction v="Z03"/><Quantity v="702979"/><MeasureUnit v="KW1"/></Period><Period><TimeInterval v="2016-12-15T03:00Z/2016-12-15T04:00Z"/><Direction v="Z03"/><Quantity v="702979"/><MeasureUnit v="KW1"/></Period><Period><TimeInterval v="2016-12-15T04:00Z/2016-12-15T05:00Z"/><Direction v="Z03"/><Quantity v="702979"/><MeasureUnit v="KW1"/></Period></Category><Category><CapacityCode v="Z07"/><Period><TimeInterval v="2016-12-14T05:00Z/2016-12-14T06:00Z"/><Direction v="Z03"/><Quantity v="4032980"/><MeasureUnit v="KW1"/></Period><Period><TimeInterval v="2016-12-14T06:00Z/2016-12-14T07:00Z"/><Direction v="Z03"/><Quantity v="4032980"/><MeasureUnit v="KW1"/></Period><Period><TimeInterval v="2016-12-14T07:00Z/2016-12-14T08:00Z"/><Direction v="Z03"/><Quantity v="4032980"/><MeasureUnit v="KW1"/></Period><Period><TimeInterval v="2016-12-14T08:00Z/2016-12-14T09:00Z"/><Direction v="Z03"/><Quantity v="4032980"/><MeasureUnit v="KW1"/></Period><Period><TimeInterval v="2016-12-14T09:00Z/2016-12-14T10:00Z"/><Direction v="Z03"/><Quantity v="4032980"/><MeasureUnit v="KW1"/></Period><Period><TimeInterval v="2016-12-14T10:00Z/2016-12-14T11:00Z"/><Direction v="Z03"/><Quantity v="4032980"/><MeasureUnit v="KW1"/></Period><Period><TimeInterval v="2016-12-14T11:00Z/2016-12-14T12:00Z"/><Direction v="Z03"/><Quantity v="4032980"/><MeasureUnit v="KW1"/></Period><Period><TimeInterval v="2016-12-14T12:00Z/2016-12-14T13:00Z"/><Direction v="Z03"/><Quantity v="4032980"/><MeasureUnit v="KW1"/></Period><Period><TimeInterval v="2016-12-14T13:00Z/2016-12-14T14:00Z"/><Direction v="Z03"/><Quantity v="4032980"/><MeasureUnit v="KW1"/></Period><Period><TimeInterval v="2016-12-14T14:00Z/2016-12-14T15:00Z"/><Direction v="Z03"/><Quantity v="4032980"/><MeasureUnit v="KW1"/></Period><Period><TimeInterval v="2016-12-14T15:00Z/2016-12-14T16:00Z"/><Direction v="Z03"/><Quantity v="4032980"/><MeasureUnit v="KW1"/></Period><Period><TimeInterval v="2016-12-14T16:00Z/2016-12-14T17:00Z"/><Direction v="Z03"/><Quantity v="4032980"/><MeasureUnit v="KW1"/></Period><Period><TimeInterval v="2016-12-14T17:00Z/2016-12-14T18:00Z"/><Direction v="Z03"/><Quantity v="4032980"/><MeasureUnit v="KW1"/></Period><Period><TimeInterval v="2016-12-14T18:00Z/2016-12-14T19:00Z"/><Direction v="Z03"/><Quantity v="4032980"/><MeasureUnit v="KW1"/></Period><Period><TimeInterval v="2016-12-14T19:00Z/2016-12-14T20:00Z"/><Direction v="Z03"/><Quantity v="4032980"/><MeasureUnit v="KW1"/></Period><Period><TimeInterval v="2016-12-14T20:00Z/2016-12-14T21:00Z"/><Direction v="Z03"/><Quantity v="4032980"/><MeasureUnit v="KW1"/></Period><Period><TimeInterval v="2016-12-14T21:00Z/2016-12-14T22:00Z"/><Direction v="Z03"/><Quantity v="4032980"/><MeasureUnit v="KW1"/></Period><Period><TimeInterval v="2016-12-14T22:00Z/2016-12-14T23:00Z"/><Direction v="Z03"/><Quantity v="4032980"/><MeasureUnit v="KW1"/></Period><Period><TimeInterval v="2016-12-14T23:00Z/2016-12-15T00:00Z"/><Direction v="Z03"/><Quantity v="4032980"/><MeasureUnit v="KW1"/></Period><Period><TimeInterval v="2016-12-15T00:00Z/2016-12-15T01:00Z"/><Direction v="Z03"/><Quantity v="4032980"/><MeasureUnit v="KW1"/></Period><Period><TimeInterval v="2016-12-15T01:00Z/2016-12-15T02:00Z"/><Direction v="Z03"/><Quantity v="4032980"/><MeasureUnit v="KW1"/></Period><Period><TimeInterval v="2016-12-15T02:00Z/2016-12-15T03:00Z"/><Direction v="Z03"/><Quantity v="4032980"/><MeasureUnit v="KW1"/></Period><Period><TimeInterval v="2016-12-15T03:00Z/2016-12-15T04:00Z"/><Direction v="Z03"/><Quantity v="4032980"/><MeasureUnit v="KW1"/></Period><Period><TimeInterval v="2016-12-15T04:00Z/2016-12-15T05:00Z"/><Direction v="Z03"/><Quantity v="4032980"/><MeasureUnit v="KW1"/></Period></Category><Category><CapacityCode v="Z09"/><Period><TimeInterval v="2016-12-14T05:00Z/2016-12-14T06:00Z"/><Direction v="Z03"/><Quantity v="3330000"/><MeasureUnit v="KW1"/></Period><Period><TimeInterval v="2016-12-14T06:00Z/2016-12-14T07:00Z"/><Direction v="Z03"/><Quantity v="3330000"/><MeasureUnit v="KW1"/></Period><Period><TimeInterval v="2016-12-14T07:00Z/2016-12-14T08:00Z"/><Direction v="Z03"/><Quantity v="3330000"/><MeasureUnit v="KW1"/></Period><Period><TimeInterval v="2016-12-14T08:00Z/2016-12-14T09:00Z"/><Direction v="Z03"/><Quantity v="3330000"/><MeasureUnit v="KW1"/></Period><Period><TimeInterval v="2016-12-14T09:00Z/2016-12-14T10:00Z"/><Direction v="Z03"/><Quantity v="3330000"/><MeasureUnit v="KW1"/></Period><Period><TimeInterval v="2016-12-14T10:00Z/2016-12-14T11:00Z"/><Direction v="Z03"/><Quantity v="3330000"/><MeasureUnit v="KW1"/></Period><Period><TimeInterval v="2016-12-14T11:00Z/2016-12-14T12:00Z"/><Direction v="Z03"/><Quantity v="3330000"/><MeasureUnit v="KW1"/></Period><Period><TimeInterval v="2016-12-14T12:00Z/2016-12-14T13:00Z"/><Direction v="Z03"/><Quantity v="3330000"/><MeasureUnit v="KW1"/></Period><Period><TimeInterval v="2016-12-14T13:00Z/2016-12-14T14:00Z"/><Direction v="Z03"/><Quantity v="3330000"/><MeasureUnit v="KW1"/></Period><Period><TimeInterval v="2016-12-14T14:00Z/2016-12-14T15:00Z"/><Direction v="Z03"/><Quantity v="3330000"/><MeasureUnit v="KW1"/></Period><Period><TimeInterval v="2016-12-14T15:00Z/2016-12-14T16:00Z"/><Direction v="Z03"/><Quantity v="3330000"/><MeasureUnit v="KW1"/></Period><Period><TimeInterval v="2016-12-14T16:00Z/2016-12-14T17:00Z"/><Direction v="Z03"/><Quantity v="3330000"/><MeasureUnit v="KW1"/></Period><Period><TimeInterval v="2016-12-14T17:00Z/2016-12-14T18:00Z"/><Direction v="Z03"/><Quantity v="3330000"/><MeasureUnit v="KW1"/></Period><Period><TimeInterval v="2016-12-14T18:00Z/2016-12-14T19:00Z"/><Direction v="Z03"/><Quantity v="3330000"/><MeasureUnit v="KW1"/></Period><Period><TimeInterval v="2016-12-14T19:00Z/2016-12-14T20:00Z"/><Direction v="Z03"/><Quantity v="3330000"/><MeasureUnit v="KW1"/></Period><Period><TimeInterval v="2016-12-14T20:00Z/2016-12-14T21:00Z"/><Direction v="Z03"/><Quantity v="3330000"/><MeasureUnit v="KW1"/></Period><Period><TimeInterval v="2016-12-14T21:00Z/2016-12-14T22:00Z"/><Direction v="Z03"/><Quantity v="3330000"/><MeasureUnit v="KW1"/></Period><Period><TimeInterval v="2016-12-14T22:00Z/2016-12-14T23:00Z"/><Direction v="Z03"/><Quantity v="3330000"/><MeasureUnit v="KW1"/></Period><Period><TimeInterval v="2016-12-14T23:00Z/2016-12-15T00:00Z"/><Direction v="Z03"/><Quantity v="3330000"/><MeasureUnit v="KW1"/></Period><Period><TimeInterval v="2016-12-15T00:00Z/2016-12-15T01:00Z"/><Direction v="Z03"/><Quantity v="3330000"/><MeasureUnit v="KW1"/></Period><Period><TimeInterval v="2016-12-15T01:00Z/2016-12-15T02:00Z"/><Direction v="Z03"/><Quantity v="3330000"/><MeasureUnit v="KW1"/></Period><Period><TimeInterval v="2016-12-15T02:00Z/2016-12-15T03:00Z"/><Direction v="Z03"/><Quantity v="3330000"/><MeasureUnit v="KW1"/></Period><Period><TimeInterval v="2016-12-15T03:00Z/2016-12-15T04:00Z"/><Direction v="Z03"/><Quantity v="3330000"/><MeasureUnit v="KW1"/></Period><Period><TimeInterval v="2016-12-15T04:00Z/2016-12-15T05:00Z"/><Direction v="Z03"/><Quantity v="3330000"/><MeasureUnit v="KW1"/></Period></Category><Category><CapacityCode v="Z10"/><Period><TimeInterval v="2016-12-14T05:00Z/2016-12-14T06:00Z"/><Direction v="Z03"/><Quantity v="3"/><MeasureUnit v="KW1"/></Period><Period><TimeInterval v="2016-12-14T06:00Z/2016-12-14T07:00Z"/><Direction v="Z03"/><Quantity v="3"/><MeasureUnit v="KW1"/></Period><Period><TimeInterval v="2016-12-14T07:00Z/2016-12-14T08:00Z"/><Direction v="Z03"/><Quantity v="3"/><MeasureUnit v="KW1"/></Period><Period><TimeInterval v="2016-12-14T08:00Z/2016-12-14T09:00Z"/><Direction v="Z03"/><Quantity v="3"/><MeasureUnit v="KW1"/></Period><Period><TimeInterval v="2016-12-14T09:00Z/2016-12-14T10:00Z"/><Direction v="Z03"/><Quantity v="3"/><MeasureUnit v="KW1"/></Period><Period><TimeInterval v="2016-12-14T10:00Z/2016-12-14T11:00Z"/><Direction v="Z03"/><Quantity v="3"/><MeasureUnit v="KW1"/></Period><Period><TimeInterval v="2016-12-14T11:00Z/2016-12-14T12:00Z"/><Direction v="Z03"/><Quantity v="3"/><MeasureUnit v="KW1"/></Period><Period><TimeInterval v="2016-12-14T12:00Z/2016-12-14T13:00Z"/><Direction v="Z03"/><Quantity v="3"/><MeasureUnit v="KW1"/></Period><Period><TimeInterval v="2016-12-14T13:00Z/2016-12-14T14:00Z"/><Direction v="Z03"/><Quantity v="3"/><MeasureUnit v="KW1"/></Period><Period><TimeInterval v="2016-12-14T14:00Z/2016-12-14T15:00Z"/><Direction v="Z03"/><Quantity v="3"/><MeasureUnit v="KW1"/></Period><Period><TimeInterval v="2016-12-14T15:00Z/2016-12-14T16:00Z"/><Direction v="Z03"/><Quantity v="3"/><MeasureUnit v="KW1"/></Period><Period><TimeInterval v="2016-12-14T16:00Z/2016-12-14T17:00Z"/><Direction v="Z03"/><Quantity v="3"/><MeasureUnit v="KW1"/></Period><Period><TimeInterval v="2016-12-14T17:00Z/2016-12-14T18:00Z"/><Direction v="Z03"/><Quantity v="3"/><MeasureUnit v="KW1"/></Period><Period><TimeInterval v="2016-12-14T18:00Z/2016-12-14T19:00Z"/><Direction v="Z03"/><Quantity v="3"/><MeasureUnit v="KW1"/></Period><Period><TimeInterval v="2016-12-14T19:00Z/2016-12-14T20:00Z"/><Direction v="Z03"/><Quantity v="3"/><MeasureUnit v="KW1"/></Period><Period><TimeInterval v="2016-12-14T20:00Z/2016-12-14T21:00Z"/><Direction v="Z03"/><Quantity v="3"/><MeasureUnit v="KW1"/></Period><Period><TimeInterval v="2016-12-14T21:00Z/2016-12-14T22:00Z"/><Direction v="Z03"/><Quantity v="3"/><MeasureUnit v="KW1"/></Period><Period><TimeInterval v="2016-12-14T22:00Z/2016-12-14T23:00Z"/><Direction v="Z03"/><Quantity v="3"/><MeasureUnit v="KW1"/></Period><Period><TimeInterval v="2016-12-14T23:00Z/2016-12-15T00:00Z"/><Direction v="Z03"/><Quantity v="3"/><MeasureUnit v="KW1"/></Period><Period><TimeInterval v="2016-12-15T00:00Z/2016-12-15T01:00Z"/><Direction v="Z03"/><Quantity v="3"/><MeasureUnit v="KW1"/></Period><Period><TimeInterval v="2016-12-15T01:00Z/2016-12-15T02:00Z"/><Direction v="Z03"/><Quantity v="3"/><MeasureUnit v="KW1"/></Period><Period><TimeInterval v="2016-12-15T02:00Z/2016-12-15T03:00Z"/><Direction v="Z03"/><Quantity v="3"/><MeasureUnit v="KW1"/></Period><Period><TimeInterval v="2016-12-15T03:00Z/2016-12-15T04:00Z"/><Direction v="Z03"/><Quantity v="3"/><MeasureUnit v="KW1"/></Period><Period><TimeInterval v="2016-12-15T04:00Z/2016-12-15T05:00Z"/><Direction v="Z03"/><Quantity v="3"/><MeasureUnit v="KW1"/></Period></Category><Category><CapacityCode v="Z11"/><Period><TimeInterval v="2016-12-14T05:00Z/2016-12-14T06:00Z"/><Direction v="Z03"/><Quantity v="3330001"/><MeasureUnit v="KW1"/></Period><Period><TimeInterval v="2016-12-14T06:00Z/2016-12-14T07:00Z"/><Direction v="Z03"/><Quantity v="3330001"/><MeasureUnit v="KW1"/></Period><Period><TimeInterval v="2016-12-14T07:00Z/2016-12-14T08:00Z"/><Direction v="Z03"/><Quantity v="3330001"/><MeasureUnit v="KW1"/></Period><Period><TimeInterval v="2016-12-14T08:00Z/2016-12-14T09:00Z"/><Direction v="Z03"/><Quantity v="3330001"/><MeasureUnit v="KW1"/></Period><Period><TimeInterval v="2016-12-14T09:00Z/2016-12-14T10:00Z"/><Direction v="Z03"/><Quantity v="3330001"/><MeasureUnit v="KW1"/></Period><Period><TimeInterval v="2016-12-14T10:00Z/2016-12-14T11:00Z"/><Direction v="Z03"/><Quantity v="3330001"/><MeasureUnit v="KW1"/></Period><Period><TimeInterval v="2016-12-14T11:00Z/2016-12-14T12:00Z"/><Direction v="Z03"/><Quantity v="3330001"/><MeasureUnit v="KW1"/></Period><Period><TimeInterval v="2016-12-14T12:00Z/2016-12-14T13:00Z"/><Direction v="Z03"/><Quantity v="3330001"/><MeasureUnit v="KW1"/></Period><Period><TimeInterval v="2016-12-14T13:00Z/2016-12-14T14:00Z"/><Direction v="Z03"/><Quantity v="3330001"/><MeasureUnit v="KW1"/></Period><Period><TimeInterval v="2016-12-14T14:00Z/2016-12-14T15:00Z"/><Direction v="Z03"/><Quantity v="3330001"/><MeasureUnit v="KW1"/></Period><Period><TimeInterval v="2016-12-14T15:00Z/2016-12-14T16:00Z"/><Direction v="Z03"/><Quantity v="3330001"/><MeasureUnit v="KW1"/></Period><Period><TimeInterval v="2016-12-14T16:00Z/2016-12-14T17:00Z"/><Direction v="Z03"/><Quantity v="3330001"/><MeasureUnit v="KW1"/></Period><Period><TimeInterval v="2016-12-14T17:00Z/2016-12-14T18:00Z"/><Direction v="Z03"/><Quantity v="3330001"/><MeasureUnit v="KW1"/></Period><Period><TimeInterval v="2016-12-14T18:00Z/2016-12-14T19:00Z"/><Direction v="Z03"/><Quantity v="3330001"/><MeasureUnit v="KW1"/></Period><Period><TimeInterval v="2016-12-14T19:00Z/2016-12-14T20:00Z"/><Direction v="Z03"/><Quantity v="3330001"/><MeasureUnit v="KW1"/></Period><Period><TimeInterval v="2016-12-14T20:00Z/2016-12-14T21:00Z"/><Direction v="Z03"/><Quantity v="3330001"/><MeasureUnit v="KW1"/></Period><Period><TimeInterval v="2016-12-14T21:00Z/2016-12-14T22:00Z"/><Direction v="Z03"/><Quantity v="3330001"/><MeasureUnit v="KW1"/></Period><Period><TimeInterval v="2016-12-14T22:00Z/2016-12-14T23:00Z"/><Direction v="Z03"/><Quantity v="3330001"/><MeasureUnit v="KW1"/></Period><Period><TimeInterval v="2016-12-14T23:00Z/2016-12-15T00:00Z"/><Direction v="Z03"/><Quantity v="3330001"/><MeasureUnit v="KW1"/></Period><Period><TimeInterval v="2016-12-15T00:00Z/2016-12-15T01:00Z"/><Direction v="Z03"/><Quantity v="3330001"/><MeasureUnit v="KW1"/></Period><Period><TimeInterval v="2016-12-15T01:00Z/2016-12-15T02:00Z"/><Direction v="Z03"/><Quantity v="3330001"/><MeasureUnit v="KW1"/></Period><Period><TimeInterval v="2016-12-15T02:00Z/2016-12-15T03:00Z"/><Direction v="Z03"/><Quantity v="3330001"/><MeasureUnit v="KW1"/></Period><Period><TimeInterval v="2016-12-15T03:00Z/2016-12-15T04:00Z"/><Direction v="Z03"/><Quantity v="3330001"/><MeasureUnit v="KW1"/></Period><Period><TimeInterval v="2016-12-15T04:00Z/2016-12-15T05:00Z"/><Direction v="Z03"/><Quantity v="3330001"/><MeasureUnit v="KW1"/></Period></Category></ConnectionPoint><ConnectionPoint><Identification v="21Z000000000343P" codingScheme="305"/><Type v="Z31"/><Category><CapacityCode v="Z06"/><Period><TimeInterval v="2016-12-14T05:00Z/2016-12-14T06:00Z"/><Direction v="Z03"/><Quantity v="4563861"/><MeasureUnit v="KW1"/></Period><Period><TimeInterval v="2016-12-14T06:00Z/2016-12-14T07:00Z"/><Direction v="Z03"/><Quantity v="4563861"/><MeasureUnit v="KW1"/></Period><Period><TimeInterval v="2016-12-14T07:00Z/2016-12-14T08:00Z"/><Direction v="Z03"/><Quantity v="4563861"/><MeasureUnit v="KW1"/></Period><Period><TimeInterval v="2016-12-14T08:00Z/2016-12-14T09:00Z"/><Direction v="Z03"/><Quantity v="4563861"/><MeasureUnit v="KW1"/></Period><Period><TimeInterval v="2016-12-14T09:00Z/2016-12-14T10:00Z"/><Direction v="Z03"/><Quantity v="4563861"/><MeasureUnit v="KW1"/></Period><Period><TimeInterval v="2016-12-14T10:00Z/2016-12-14T11:00Z"/><Direction v="Z03"/><Quantity v="4563861"/><MeasureUnit v="KW1"/></Period><Period><TimeInterval v="2016-12-14T11:00Z/2016-12-14T12:00Z"/><Direction v="Z03"/><Quantity v="4563861"/><MeasureUnit v="KW1"/></Period><Period><TimeInterval v="2016-12-14T12:00Z/2016-12-14T13:00Z"/><Direction v="Z03"/><Quantity v="4563861"/><MeasureUnit v="KW1"/></Period><Period><TimeInterval v="2016-12-14T13:00Z/2016-12-14T14:00Z"/><Direction v="Z03"/><Quantity v="4563861"/><MeasureUnit v="KW1"/></Period><Period><TimeInterval v="2016-12-14T14:00Z/2016-12-14T15:00Z"/><Direction v="Z03"/><Quantity v="4563861"/><MeasureUnit v="KW1"/></Period><Period><TimeInterval v="2016-12-14T15:00Z/2016-12-14T16:00Z"/><Direction v="Z03"/><Quantity v="4563861"/><MeasureUnit v="KW1"/></Period><Period><TimeInterval v="2016-12-14T16:00Z/2016-12-14T17:00Z"/><Direction v="Z03"/><Quantity v="4563861"/><MeasureUnit v="KW1"/></Period><Period><TimeInterval v="2016-12-14T17:00Z/2016-12-14T18:00Z"/><Direction v="Z03"/><Quantity v="4563861"/><MeasureUnit v="KW1"/></Period><Period><TimeInterval v="2016-12-14T18:00Z/2016-12-14T19:00Z"/><Direction v="Z03"/><Quantity v="4563861"/><MeasureUnit v="KW1"/></Period><Period><TimeInterval v="2016-12-14T19:00Z/2016-12-14T20:00Z"/><Direction v="Z03"/><Quantity v="4563861"/><MeasureUnit v="KW1"/></Period><Period><TimeInterval v="2016-12-14T20:00Z/2016-12-14T21:00Z"/><Direction v="Z03"/><Quantity v="4563861"/><MeasureUnit v="KW1"/></Period><Period><TimeInterval v="2016-12-14T21:00Z/2016-12-14T22:00Z"/><Direction v="Z03"/><Quantity v="4563861"/><MeasureUnit v="KW1"/></Period><Period><TimeInterval v="2016-12-14T22:00Z/2016-12-14T23:00Z"/><Direction v="Z03"/><Quantity v="4563861"/><MeasureUnit v="KW1"/></Period><Period><TimeInterval v="2016-12-14T23:00Z/2016-12-15T00:00Z"/><Direction v="Z03"/><Quantity v="4563861"/><MeasureUnit v="KW1"/></Period><Period><TimeInterval v="2016-12-15T00:00Z/2016-12-15T01:00Z"/><Direction v="Z03"/><Quantity v="4563861"/><MeasureUnit v="KW1"/></Period><Period><TimeInterval v="2016-12-15T01:00Z/2016-12-15T02:00Z"/><Direction v="Z03"/><Quantity v="4563861"/><MeasureUnit v="KW1"/></Period><Period><TimeInterval v="2016-12-15T02:00Z/2016-12-15T03:00Z"/><Direction v="Z03"/><Quantity v="4563861"/><MeasureUnit v="KW1"/></Period><Period><TimeInterval v="2016-12-15T03:00Z/2016-12-15T04:00Z"/><Direction v="Z03"/><Quantity v="4563861"/><MeasureUnit v="KW1"/></Period><Period><TimeInterval v="2016-12-15T04:00Z/2016-12-15T05:00Z"/><Direction v="Z03"/><Quantity v="4563861"/><MeasureUnit v="KW1"/></Period></Category><Category><CapacityCode v="Z07"/><Period><TimeInterval v="2016-12-14T05:00Z/2016-12-14T06:00Z"/><Direction v="Z03"/><Quantity v="19148500"/><MeasureUnit v="KW1"/></Period><Period><TimeInterval v="2016-12-14T06:00Z/2016-12-14T07:00Z"/><Direction v="Z03"/><Quantity v="19148500"/><MeasureUnit v="KW1"/></Period><Period><TimeInterval v="2016-12-14T07:00Z/2016-12-14T08:00Z"/><Direction v="Z03"/><Quantity v="19148500"/><MeasureUnit v="KW1"/></Period><Period><TimeInterval v="2016-12-14T08:00Z/2016-12-14T09:00Z"/><Direction v="Z03"/><Quantity v="19148500"/><MeasureUnit v="KW1"/></Period><Period><TimeInterval v="2016-12-14T09:00Z/2016-12-14T10:00Z"/><Direction v="Z03"/><Quantity v="19148500"/><MeasureUnit v="KW1"/></Period><Period><TimeInterval v="2016-12-14T10:00Z/2016-12-14T11:00Z"/><Direction v="Z03"/><Quantity v="19148500"/><MeasureUnit v="KW1"/></Period><Period><TimeInterval v="2016-12-14T11:00Z/2016-12-14T12:00Z"/><Direction v="Z03"/><Quantity v="19148500"/><MeasureUnit v="KW1"/></Period><Period><TimeInterval v="2016-12-14T12:00Z/2016-12-14T13:00Z"/><Direction v="Z03"/><Quantity v="19148500"/><MeasureUnit v="KW1"/></Period><Period><TimeInterval v="2016-12-14T13:00Z/2016-12-14T14:00Z"/><Direction v="Z03"/><Quantity v="19148500"/><MeasureUnit v="KW1"/></Period><Period><TimeInterval v="2016-12-14T14:00Z/2016-12-14T15:00Z"/><Direction v="Z03"/><Quantity v="19148500"/><MeasureUnit v="KW1"/></Period><Period><TimeInterval v="2016-12-14T15:00Z/2016-12-14T16:00Z"/><Direction v="Z03"/><Quantity v="19148500"/><MeasureUnit v="KW1"/></Period><Period><TimeInterval v="2016-12-14T16:00Z/2016-12-14T17:00Z"/><Direction v="Z03"/><Quantity v="19148500"/><MeasureUnit v="KW1"/></Period><Period><TimeInterval v="2016-12-14T17:00Z/2016-12-14T18:00Z"/><Direction v="Z03"/><Quantity v="19148500"/><MeasureUnit v="KW1"/></Period><Period><TimeInterval v="2016-12-14T18:00Z/2016-12-14T19:00Z"/><Direction v="Z03"/><Quantity v="19148500"/><MeasureUnit v="KW1"/></Period><Period><TimeInterval v="2016-12-14T19:00Z/2016-12-14T20:00Z"/><Direction v="Z03"/><Quantity v="19148500"/><MeasureUnit v="KW1"/></Period><Period><TimeInterval v="2016-12-14T20:00Z/2016-12-14T21:00Z"/><Direction v="Z03"/><Quantity v="19148500"/><MeasureUnit v="KW1"/></Period><Period><TimeInterval v="2016-12-14T21:00Z/2016-12-14T22:00Z"/><Direction v="Z03"/><Quantity v="19148500"/><MeasureUnit v="KW1"/></Period><Period><TimeInterval v="2016-12-14T22:00Z/2016-12-14T23:00Z"/><Direction v="Z03"/><Quantity v="19148500"/><MeasureUnit v="KW1"/></Period><Period><TimeInterval v="2016-12-14T23:00Z/2016-12-15T00:00Z"/><Direction v="Z03"/><Quantity v="19148500"/><MeasureUnit v="KW1"/></Period><Period><TimeInterval v="2016-12-15T00:00Z/2016-12-15T01:00Z"/><Direction v="Z03"/><Quantity v="19148500"/><MeasureUnit v="KW1"/></Period><Period><TimeInterval v="2016-12-15T01:00Z/2016-12-15T02:00Z"/><Direction v="Z03"/><Quantity v="19148500"/><MeasureUnit v="KW1"/></Period><Period><TimeInterval v="2016-12-15T02:00Z/2016-12-15T03:00Z"/><Direction v="Z03"/><Quantity v="19148500"/><MeasureUnit v="KW1"/></Period><Period><TimeInterval v="2016-12-15T03:00Z/2016-12-15T04:00Z"/><Direction v="Z03"/><Quantity v="19148500"/><MeasureUnit v="KW1"/></Period><Period><TimeInterval v="2016-12-15T04:00Z/2016-12-15T05:00Z"/><Direction v="Z03"/><Quantity v="19148500"/><MeasureUnit v="KW1"/></Period></Category><Category><CapacityCode v="Z10"/><Period><TimeInterval v="2016-12-14T05:00Z/2016-12-14T06:00Z"/><Direction v="Z03"/><Quantity v="7423946"/><MeasureUnit v="KW1"/></Period><Period><TimeInterval v="2016-12-14T06:00Z/2016-12-14T07:00Z"/><Direction v="Z03"/><Quantity v="7423946"/><MeasureUnit v="KW1"/></Period><Period><TimeInterval v="2016-12-14T07:00Z/2016-12-14T08:00Z"/><Direction v="Z03"/><Quantity v="7423946"/><MeasureUnit v="KW1"/></Period><Period><TimeInterval v="2016-12-14T08:00Z/2016-12-14T09:00Z"/><Direction v="Z03"/><Quantity v="7423946"/><MeasureUnit v="KW1"/></Period><Period><TimeInterval v="2016-12-14T09:00Z/2016-12-14T10:00Z"/><Direction v="Z03"/><Quantity v="7423946"/><MeasureUnit v="KW1"/></Period><Period><TimeInterval v="2016-12-14T10:00Z/2016-12-14T11:00Z"/><Direction v="Z03"/><Quantity v="7423946"/><MeasureUnit v="KW1"/></Period><Period><TimeInterval v="2016-12-14T11:00Z/2016-12-14T12:00Z"/><Direction v="Z03"/><Quantity v="7423946"/><MeasureUnit v="KW1"/></Period><Period><TimeInterval v="2016-12-14T12:00Z/2016-12-14T13:00Z"/><Direction v="Z03"/><Quantity v="7423946"/><MeasureUnit v="KW1"/></Period><Period><TimeInterval v="2016-12-14T13:00Z/2016-12-14T14:00Z"/><Direction v="Z03"/><Quantity v="7423946"/><MeasureUnit v="KW1"/></Period><Period><TimeInterval v="2016-12-14T14:00Z/2016-12-14T15:00Z"/><Direction v="Z03"/><Quantity v="7423946"/><MeasureUnit v="KW1"/></Period><Period><TimeInterval v="2016-12-14T15:00Z/2016-12-14T16:00Z"/><Direction v="Z03"/><Quantity v="7423946"/><MeasureUnit v="KW1"/></Period><Period><TimeInterval v="2016-12-14T16:00Z/2016-12-14T17:00Z"/><Direction v="Z03"/><Quantity v="7423946"/><MeasureUnit v="KW1"/></Period><Period><TimeInterval v="2016-12-14T17:00Z/2016-12-14T18:00Z"/><Direction v="Z03"/><Quantity v="7423946"/><MeasureUnit v="KW1"/></Period><Period><TimeInterval v="2016-12-14T18:00Z/2016-12-14T19:00Z"/><Direction v="Z03"/><Quantity v="7423946"/><MeasureUnit v="KW1"/></Period><Period><TimeInterval v="2016-12-14T19:00Z/2016-12-14T20:00Z"/><Direction v="Z03"/><Quantity v="7423946"/><MeasureUnit v="KW1"/></Period><Period><TimeInterval v="2016-12-14T20:00Z/2016-12-14T21:00Z"/><Direction v="Z03"/><Quantity v="7423946"/><MeasureUnit v="KW1"/></Period><Period><TimeInterval v="2016-12-14T21:00Z/2016-12-14T22:00Z"/><Direction v="Z03"/><Quantity v="7423946"/><MeasureUnit v="KW1"/></Period><Period><TimeInterval v="2016-12-14T22:00Z/2016-12-14T23:00Z"/><Direction v="Z03"/><Quantity v="7423946"/><MeasureUnit v="KW1"/></Period><Period><TimeInterval v="2016-12-14T23:00Z/2016-12-15T00:00Z"/><Direction v="Z03"/><Quantity v="7423946"/><MeasureUnit v="KW1"/></Period><Period><TimeInterval v="2016-12-15T00:00Z/2016-12-15T01:00Z"/><Direction v="Z03"/><Quantity v="7423946"/><MeasureUnit v="KW1"/></Period><Period><TimeInterval v="2016-12-15T01:00Z/2016-12-15T02:00Z"/><Direction v="Z03"/><Quantity v="7423946"/><MeasureUnit v="KW1"/></Period><Period><TimeInterval v="2016-12-15T02:00Z/2016-12-15T03:00Z"/><Direction v="Z03"/><Quantity v="7423946"/><MeasureUnit v="KW1"/></Period><Period><TimeInterval v="2016-12-15T03:00Z/2016-12-15T04:00Z"/><Direction v="Z03"/><Quantity v="7423946"/><MeasureUnit v="KW1"/></Period><Period><TimeInterval v="2016-12-15T04:00Z/2016-12-15T05:00Z"/><Direction v="Z03"/><Quantity v="7423946"/><MeasureUnit v="KW1"/></Period></Category><Category><CapacityCode v="Z11"/><Period><TimeInterval v="2016-12-14T05:00Z/2016-12-14T06:00Z"/><Direction v="Z03"/><Quantity v="14584639"/><MeasureUnit v="KW1"/></Period><Period><TimeInterval v="2016-12-14T06:00Z/2016-12-14T07:00Z"/><Direction v="Z03"/><Quantity v="14584639"/><MeasureUnit v="KW1"/></Period><Period><TimeInterval v="2016-12-14T07:00Z/2016-12-14T08:00Z"/><Direction v="Z03"/><Quantity v="14584639"/><MeasureUnit v="KW1"/></Period><Period><TimeInterval v="2016-12-14T08:00Z/2016-12-14T09:00Z"/><Direction v="Z03"/><Quantity v="14584639"/><MeasureUnit v="KW1"/></Period><Period><TimeInterval v="2016-12-14T09:00Z/2016-12-14T10:00Z"/><Direction v="Z03"/><Quantity v="14584639"/><MeasureUnit v="KW1"/></Period><Period><TimeInterval v="2016-12-14T10:00Z/2016-12-14T11:00Z"/><Direction v="Z03"/><Quantity v="14584639"/><MeasureUnit v="KW1"/></Period><Period><TimeInterval v="2016-12-14T11:00Z/2016-12-14T12:00Z"/><Direction v="Z03"/><Quantity v="14584639"/><MeasureUnit v="KW1"/></Period><Period><TimeInterval v="2016-12-14T12:00Z/2016-12-14T13:00Z"/><Direction v="Z03"/><Quantity v="14584639"/><MeasureUnit v="KW1"/></Period><Period><TimeInterval v="2016-12-14T13:00Z/2016-12-14T14:00Z"/><Direction v="Z03"/><Quantity v="14584639"/><MeasureUnit v="KW1"/></Period><Period><TimeInterval v="2016-12-14T14:00Z/2016-12-14T15:00Z"/><Direction v="Z03"/><Quantity v="14584639"/><MeasureUnit v="KW1"/></Period><Period><TimeInterval v="2016-12-14T15:00Z/2016-12-14T16:00Z"/><Direction v="Z03"/><Quantity v="14584639"/><MeasureUnit v="KW1"/></Period><Period><TimeInterval v="2016-12-14T16:00Z/2016-12-14T17:00Z"/><Direction v="Z03"/><Quantity v="14584639"/><MeasureUnit v="KW1"/></Period><Period><TimeInterval v="2016-12-14T17:00Z/2016-12-14T18:00Z"/><Direction v="Z03"/><Quantity v="14584639"/><MeasureUnit v="KW1"/></Period><Period><TimeInterval v="2016-12-14T18:00Z/2016-12-14T19:00Z"/><Direction v="Z03"/><Quantity v="14584639"/><MeasureUnit v="KW1"/></Period><Period><TimeInterval v="2016-12-14T19:00Z/2016-12-14T20:00Z"/><Direction v="Z03"/><Quantity v="14584639"/><MeasureUnit v="KW1"/></Period><Period><TimeInterval v="2016-12-14T20:00Z/2016-12-14T21:00Z"/><Direction v="Z03"/><Quantity v="14584639"/><MeasureUnit v="KW1"/></Period><Period><TimeInterval v="2016-12-14T21:00Z/2016-12-14T22:00Z"/><Direction v="Z03"/><Quantity v="14584639"/><MeasureUnit v="KW1"/></Period><Period><TimeInterval v="2016-12-14T22:00Z/2016-12-14T23:00Z"/><Direction v="Z03"/><Quantity v="14584639"/><MeasureUnit v="KW1"/></Period><Period><TimeInterval v="2016-12-14T23:00Z/2016-12-15T00:00Z"/><Direction v="Z03"/><Quantity v="14584639"/><MeasureUnit v="KW1"/></Period><Period><TimeInterval v="2016-12-15T00:00Z/2016-12-15T01:00Z"/><Direction v="Z03"/><Quantity v="14584639"/><MeasureUnit v="KW1"/></Period><Period><TimeInterval v="2016-12-15T01:00Z/2016-12-15T02:00Z"/><Direction v="Z03"/><Quantity v="14584639"/><MeasureUnit v="KW1"/></Period><Period><TimeInterval v="2016-12-15T02:00Z/2016-12-15T03:00Z"/><Direction v="Z03"/><Quantity v="14584639"/><MeasureUnit v="KW1"/></Period><Period><TimeInterval v="2016-12-15T03:00Z/2016-12-15T04:00Z"/><Direction v="Z03"/><Quantity v="14584639"/><MeasureUnit v="KW1"/></Period><Period><TimeInterval v="2016-12-15T04:00Z/2016-12-15T05:00Z"/><Direction v="Z03"/><Quantity v="14584639"/><MeasureUnit v="KW1"/></Period></Category></ConnectionPoint></TransparencyPublication>