<?xml version="1.0" encoding="UTF-8"?><TransparencyPublication Version="EGAS50" Release="A"><Identification v="TRANPB20170102A104047"/><Version v="1"/><Type v="AL6"/><CreationDateTime v="2017-01-02T08:03:45.168Z"/><ValidityPeriod v="2016-12-07T05:00Z/2016-12-08T05:00Z"/><IssuerIdentification v="21X-DE-C-A0A0A-T" codingScheme="305"/><IssuerRole v="ZSO"/><RecipientIdentification v="10X1001A1001A353" codingScheme="305"/><RecipientRole v="ZUA"/><ConnectionPoint><Identification v="21Z0000000000236" codingScheme="305"/><Type v="Z25"/><Category><CapacityCode v="Z08"/><Period><TimeInterval v="2016-12-07T05:00Z/2016-12-07T06:00Z"/><Direction v="Z02"/><Quantity v="34742399"/><MeasureUnit v="KW1"/></Period><Period><TimeInterval v="2016-12-07T06:00Z/2016-12-07T07:00Z"/><Direction v="Z02"/><Quantity v="13528433"/><MeasureUnit v="KW1"/></Period><Period><TimeInterval v="2016-12-07T07:00Z/2016-12-07T08:00Z"/><Direction v="Z02"/><Quantity v="36658886"/><MeasureUnit v="KW1"/></Period><Period><TimeInterval v="2016-12-07T08:00Z/2016-12-07T09:00Z"/><Direction v="Z02"/><Quantity v="38298188"/><MeasureUnit v="KW1"/></Period><Period><TimeInterval v="2016-12-07T09:00Z/2016-12-07T10:00Z"/><Direction v="Z02"/><Quantity v="38321787"/><MeasureUnit v="KW1"/></Period><Period><TimeInterval v="2016-12-07T10:00Z/2016-12-07T11:00Z"/><Direction v="Z02"/><Quantity v="38265566"/><MeasureUnit v="KW1"/></Period><Period><TimeInterval v="2016-12-07T11:00Z/2016-12-07T12:00Z"/><Direction v="Z02"/><Quantity v="38308194"/><MeasureUnit v="KW1"/></Period><Period><TimeInterval v="2016-12-07T12:00Z/2016-12-07T13:00Z"/><Direction v="Z02"/><Quantity v="38201018"/><MeasureUnit v="KW1"/></Period><Period><TimeInterval v="2016-12-07T13:00Z/2016-12-07T14:00Z"/><Direction v="Z02"/><Quantity v="38157226"/><MeasureUnit v="KW1"/></Period><Period><TimeInterval v="2016-12-07T14:00Z/2016-12-07T15:00Z"/><Direction v="Z02"/><Quantity v="38823990"/><MeasureUnit v="KW1"/></Period><Period><TimeInterval v="2016-12-07T15:00Z/2016-12-07T16:00Z"/><Direction v="Z02"/><Quantity v="37650197"/><MeasureUnit v="KW1"/></Period><Period><TimeInterval v="2016-12-07T16:00Z/2016-12-07T17:00Z"/><Direction v="Z02"/><Quantity v="36929992"/><MeasureUnit v="KW1"/></Period><Period><TimeInterval v="2016-12-07T17:00Z/2016-12-07T18:00Z"/><Direction v="Z02"/><Quantity v="35996895"/><MeasureUnit v="KW1"/></Period><Period><TimeInterval v="2016-12-07T18:00Z/2016-12-07T19:00Z"/><Direction v="Z02"/><Quantity v="35843381"/><MeasureUnit v="KW1"/></Period><Period><TimeInterval v="2016-12-07T19:00Z/2016-12-07T20:00Z"/><Direction v="Z02"/><Quantity v="35794874"/><MeasureUnit v="KW1"/></Period><Period><TimeInterval v="2016-12-07T20:00Z/2016-12-07T21:00Z"/><Direction v="Z02"/><Quantity v="35759427"/><MeasureUnit v="KW1"/></Period><Period><TimeInterval v="2016-12-07T21:00Z/2016-12-07T22:00Z"/><Direction v="Z02"/><Quantity v="35783865"/><MeasureUnit v="KW1"/></Period><Period><TimeInterval v="2016-12-07T22:00Z/2016-12-07T23:00Z"/><Direction v="Z02"/><Quantity v="35829188"/><MeasureUnit v="KW1"/></Period><Period><TimeInterval v="2016-12-07T23:00Z/2016-12-08T00:00Z"/><Direction v="Z02"/><Quantity v="35811396"/><MeasureUnit v="KW1"/></Period><Period><TimeInterval v="2016-12-08T00:00Z/2016-12-08T01:00Z"/><Direction v="Z02"/><Quantity v="35887071"/><MeasureUnit v="KW1"/></Period><Period><TimeInterval v="2016-12-08T01:00Z/2016-12-08T02:00Z"/><Direction v="Z02"/><Quantity v="35859708"/><MeasureUnit v="KW1"/></Period><Period><TimeInterval v="2016-12-08T02:00Z/2016-12-08T03:00Z"/><Direction v="Z02"/><Quantity v="35781917"/><MeasureUnit v="KW1"/></Period><Period><TimeInterval v="2016-12-08T03:00Z/2016-12-08T04:00Z"/><Direction v="Z02"/><Quantity v="35792534"/><MeasureUnit v="KW1"/></Period><Period><TimeInterval v="2016-12-08T04:00Z/2016-12-08T05:00Z"/><Direction v="Z02"/><Quantity v="35802797"/><MeasureUnit v="KW1"/></Period></Category></ConnectionPoint><ConnectionPoint><Identification v="21Z0000000000406" codingScheme="305"/><Type v="Z25"/><Category><CapacityCode v="Z08"/><Period><TimeInterval v="2016-12-07T05:00Z/2016-12-07T06:00Z"/><Direction v="Z03"/><Quantity v="626987"/><MeasureUnit v="KW1"/></Period><Period><TimeInterval v="2016-12-07T06:00Z/2016-12-07T07:00Z"/><Direction v="Z03"/><Quantity v="625115"/><MeasureUnit v="KW1"/></Period><Period><TimeInterval v="2016-12-07T07:00Z/2016-12-07T08:00Z"/><Direction v="Z03"/><Quantity v="581513"/><MeasureUnit v="KW1"/></Period><Period><TimeInterval v="2016-12-07T08:00Z/2016-12-07T09:00Z"/><Direction v="Z03"/><Quantity v="573940"/><MeasureUnit v="KW1"/></Period><Period><TimeInterval v="2016-12-07T09:00Z/2016-12-07T10:00Z"/><Direction v="Z03"/><Quantity v="573084"/><MeasureUnit v="KW1"/></Period><Period><TimeInterval v="2016-12-07T10:00Z/2016-12-07T11:00Z"/><Direction v="Z03"/><Quantity v="571944"/><MeasureUnit v="KW1"/></Period><Period><TimeInterval v="2016-12-07T11:00Z/2016-12-07T12:00Z"/><Direction v="Z03"/><Quantity v="572020"/><MeasureUnit v="KW1"/></Period><Period><TimeInterval v="2016-12-07T12:00Z/2016-12-07T13:00Z"/><Direction v="Z03"/><Quantity v="568623"/><MeasureUnit v="KW1"/></Period><Period><TimeInterval v="2016-12-07T13:00Z/2016-12-07T14:00Z"/><Direction v="Z03"/><Quantity v="532265"/><MeasureUnit v="KW1"/></Period><Period><TimeInterval v="2016-12-07T14:00Z/2016-12-07T15:00Z"/><Direction v="Z03"/><Quantity v="610523"/><MeasureUnit v="KW1"/></Period><Period><TimeInterval v="2016-12-07T15:00Z/2016-12-07T16:00Z"/><Direction v="Z03"/><Quantity v="617478"/><MeasureUnit v="KW1"/></Period><Period><TimeInterval v="2016-12-07T16:00Z/2016-12-07T17:00Z"/><Direction v="Z03"/><Quantity v="690667"/><MeasureUnit v="KW1"/></Period><Period><TimeInterval v="2016-12-07T17:00Z/2016-12-07T18:00Z"/><Direction v="Z03"/><Quantity v="729874"/><MeasureUnit v="KW1"/></Period><Period><TimeInterval v="2016-12-07T18:00Z/2016-12-07T19:00Z"/><Direction v="Z03"/><Quantity v="731324"/><MeasureUnit v="KW1"/></Period><Period><TimeInterval v="2016-12-07T19:00Z/2016-12-07T20:00Z"/><Direction v="Z03"/><Quantity v="730009"/><MeasureUnit v="KW1"/></Period><Period><TimeInterval v="2016-12-07T20:00Z/2016-12-07T21:00Z"/><Direction v="Z03"/><Quantity v="730382"/><MeasureUnit v="KW1"/></Period><Period><TimeInterval v="2016-12-07T21:00Z/2016-12-07T22:00Z"/><Direction v="Z03"/><Quantity v="456621"/><MeasureUnit v="KW1"/></Period><Period><TimeInterval v="2016-12-07T22:00Z/2016-12-07T23:00Z"/><Direction v="Z03"/><Quantity v="458323"/><MeasureUnit v="KW1"/></Period><Period><TimeInterval v="2016-12-07T23:00Z/2016-12-08T00:00Z"/><Direction v="Z03"/><Quantity v="457710"/><MeasureUnit v="KW1"/></Period><Period><TimeInterval v="2016-12-08T00:00Z/2016-12-08T01:00Z"/><Direction v="Z03"/><Quantity v="458152"/><MeasureUnit v="KW1"/></Period><Period><TimeInterval v="2016-12-08T01:00Z/2016-12-08T02:00Z"/><Direction v="Z03"/><Quantity v="457594"/><MeasureUnit v="KW1"/></Period><Period><TimeInterval v="2016-12-08T02:00Z/2016-12-08T03:00Z"/><Direction v="Z03"/><Quantity v="457954"/><MeasureUnit v="KW1"/></Period><Period><TimeInterval v="2016-12-08T03:00Z/2016-12-08T04:00Z"/><Direction v="Z03"/><Quantity v="457720"/><MeasureUnit v="KW1"/></Period><Period><TimeInterval v="2016-12-08T04:00Z/2016-12-08T05:00Z"/><Direction v="Z03"/><Quantity v="458862"/><MeasureUnit v="KW1"/></Period></Category></ConnectionPoint><ConnectionPoint><Identification v="21Z000000000073S" codingScheme="305"/><Type v="Z25"/><Category><CapacityCode v="Z08"/><Period><TimeInterval v="2016-12-07T05:00Z/2016-12-07T06:00Z"/><Direction v="Z02"/><Quantity v="14062333"/><MeasureUnit v="KW1"/></Period><Period><TimeInterval v="2016-12-07T06:00Z/2016-12-07T07:00Z"/><Direction v="Z02"/><Quantity v="13627014"/><MeasureUnit v="KW1"/></Period><Period><TimeInterval v="2016-12-07T07:00Z/2016-12-07T08:00Z"/><Direction v="Z02"/><Quantity v="14140458"/><MeasureUnit v="KW1"/></Period><Period><TimeInterval v="2016-12-07T08:00Z/2016-12-07T09:00Z"/><Direction v="Z02"/><Quantity v="13995060"/><MeasureUnit v="KW1"/></Period><Period><TimeInterval v="2016-12-07T09:00Z/2016-12-07T10:00Z"/><Direction v="Z02"/><Quantity v="13784906"/><MeasureUnit v="KW1"/></Period><Period><TimeInterval v="2016-12-07T10:00Z/2016-12-07T11:00Z"/><Direction v="Z02"/><Quantity v="16125009"/><MeasureUnit v="KW1"/></Period><Period><TimeInterval v="2016-12-07T11:00Z/2016-12-07T12:00Z"/><Direction v="Z02"/><Quantity v="15834639"/><MeasureUnit v="KW1"/></Period><Period><TimeInterval v="2016-12-07T12:00Z/2016-12-07T13:00Z"/><Direction v="Z02"/><Quantity v="15597392"/><MeasureUnit v="KW1"/></Period><Period><TimeInterval v="2016-12-07T13:00Z/2016-12-07T14:00Z"/><Direction v="Z02"/><Quantity v="15688526"/><MeasureUnit v="KW1"/></Period><Period><TimeInterval v="2016-12-07T14:00Z/2016-12-07T15:00Z"/><Direction v="Z02"/><Quantity v="8572959"/><MeasureUnit v="KW1"/></Period><Period><TimeInterval v="2016-12-07T15:00Z/2016-12-07T16:00Z"/><Direction v="Z02"/><Quantity v="13512174"/><MeasureUnit v="KW1"/></Period><Period><TimeInterval v="2016-12-07T16:00Z/2016-12-07T17:00Z"/><Direction v="Z02"/><Quantity v="13879728"/><MeasureUnit v="KW1"/></Period><Period><TimeInterval v="2016-12-07T17:00Z/2016-12-07T18:00Z"/><Direction v="Z02"/><Quantity v="14424207"/><MeasureUnit v="KW1"/></Period><Period><TimeInterval v="2016-12-07T18:00Z/2016-12-07T19:00Z"/><Direction v="Z02"/><Quantity v="14214119"/><MeasureUnit v="KW1"/></Period><Period><TimeInterval v="2016-12-07T19:00Z/2016-12-07T20:00Z"/><Direction v="Z02"/><Quantity v="14411469"/><MeasureUnit v="KW1"/></Period><Period><TimeInterval v="2016-12-07T20:00Z/2016-12-07T21:00Z"/><Direction v="Z02"/><Quantity v="13983632"/><MeasureUnit v="KW1"/></Period><Period><TimeInterval v="2016-12-07T21:00Z/2016-12-07T22:00Z"/><Direction v="Z02"/><Quantity v="14123825"/><MeasureUnit v="KW1"/></Period><Period><TimeInterval v="2016-12-07T22:00Z/2016-12-07T23:00Z"/><Direction v="Z02"/><Quantity v="13005676"/><MeasureUnit v="KW1"/></Period><Period><TimeInterval v="2016-12-07T23:00Z/2016-12-08T00:00Z"/><Direction v="Z02"/><Quantity v="12721898"/><MeasureUnit v="KW1"/></Period><Period><TimeInterval v="2016-12-08T00:00Z/2016-12-08T01:00Z"/><Direction v="Z02"/><Quantity v="9607832"/><MeasureUnit v="KW1"/></Period><Period><TimeInterval v="2016-12-08T01:00Z/2016-12-08T02:00Z"/><Direction v="Z02"/><Quantity v="9569369"/><MeasureUnit v="KW1"/></Period><Period><TimeInterval v="2016-12-08T02:00Z/2016-12-08T03:00Z"/><Direction v="Z02"/><Quantity v="12962518"/><MeasureUnit v="KW1"/></Period><Period><TimeInterval v="2016-12-08T03:00Z/2016-12-08T04:00Z"/><Direction v="Z02"/><Quantity v="12930269"/><MeasureUnit v="KW1"/></Period><Period><TimeInterval v="2016-12-08T04:00Z/2016-12-08T05:00Z"/><Direction v="Z02"/><Quantity v="12757911"/><MeasureUnit v="KW1"/></Period></Category></ConnectionPoint><ConnectionPoint><Identification v="21Z0000000001232" codingScheme="305"/><Type v="Z25"/><Category><CapacityCode v="Z08"/><Period><TimeInterval v="2016-12-07T05:00Z/2016-12-07T06:00Z"/><Direction v="Z03"/><Quantity v="16897096"/><MeasureUnit v="KW1"/></Period><Period><TimeInterval v="2016-12-07T06:00Z/2016-12-07T07:00Z"/><Direction v="Z03"/><Quantity v="16771176"/><MeasureUnit v="KW1"/></Period><Period><TimeInterval v="2016-12-07T07:00Z/2016-12-07T08:00Z"/><Direction v="Z03"/><Quantity v="16964772"/><MeasureUnit v="KW1"/></Period><Period><TimeInterval v="2016-12-07T08:00Z/2016-12-07T09:00Z"/><Direction v="Z03"/><Quantity v="19118756"/><MeasureUnit v="KW1"/></Period><Period><TimeInterval v="2016-12-07T09:00Z/2016-12-07T10:00Z"/><Direction v="Z03"/><Quantity v="20030484"/><MeasureUnit v="KW1"/></Period><Period><TimeInterval v="2016-12-07T10:00Z/2016-12-07T11:00Z"/><Direction v="Z03"/><Quantity v="19972280"/><MeasureUnit v="KW1"/></Period><Period><TimeInterval v="2016-12-07T11:00Z/2016-12-07T12:00Z"/><Direction v="Z03"/><Quantity v="19927079"/><MeasureUnit v="KW1"/></Period><Period><TimeInterval v="2016-12-07T12:00Z/2016-12-07T13:00Z"/><Direction v="Z03"/><Quantity v="19897081"/><MeasureUnit v="KW1"/></Period><Period><TimeInterval v="2016-12-07T13:00Z/2016-12-07T14:00Z"/><Direction v="Z03"/><Quantity v="19926654"/><MeasureUnit v="KW1"/></Period><Period><TimeInterval v="2016-12-07T14:00Z/2016-12-07T15:00Z"/><Direction v="Z03"/><Quantity v="19705134"/><MeasureUnit v="KW1"/></Period><Period><TimeInterval v="2016-12-07T15:00Z/2016-12-07T16:00Z"/><Direction v="Z03"/><Quantity v="18879036"/><MeasureUnit v="KW1"/></Period><Period><TimeInterval v="2016-12-07T16:00Z/2016-12-07T17:00Z"/><Direction v="Z03"/><Quantity v="19089961"/><MeasureUnit v="KW1"/></Period><Period><TimeInterval v="2016-12-07T17:00Z/2016-12-07T18:00Z"/><Direction v="Z03"/><Quantity v="19493614"/><MeasureUnit v="KW1"/></Period><Period><TimeInterval v="2016-12-07T18:00Z/2016-12-07T19:00Z"/><Direction v="Z03"/><Quantity v="19724935"/><MeasureUnit v="KW1"/></Period><Period><TimeInterval v="2016-12-07T19:00Z/2016-12-07T20:00Z"/><Direction v="Z03"/><Quantity v="19823980"/><MeasureUnit v="KW1"/></Period><Period><TimeInterval v="2016-12-07T20:00Z/2016-12-07T21:00Z"/><Direction v="Z03"/><Quantity v="19845747"/><MeasureUnit v="KW1"/></Period><Period><TimeInterval v="2016-12-07T21:00Z/2016-12-07T22:00Z"/><Direction v="Z03"/><Quantity v="19909699"/><MeasureUnit v="KW1"/></Period><Period><TimeInterval v="2016-12-07T22:00Z/2016-12-07T23:00Z"/><Direction v="Z03"/><Quantity v="19981054"/><MeasureUnit v="KW1"/></Period><Period><TimeInterval v="2016-12-07T23:00Z/2016-12-08T00:00Z"/><Direction v="Z03"/><Quantity v="19998570"/><MeasureUnit v="KW1"/></Period><Period><TimeInterval v="2016-12-08T00:00Z/2016-12-08T01:00Z"/><Direction v="Z03"/><Quantity v="19975244"/><MeasureUnit v="KW1"/></Period><Period><TimeInterval v="2016-12-08T01:00Z/2016-12-08T02:00Z"/><Direction v="Z03"/><Quantity v="19935650"/><MeasureUnit v="KW1"/></Period><Period><TimeInterval v="2016-12-08T02:00Z/2016-12-08T03:00Z"/><Direction v="Z03"/><Quantity v="19890738"/><MeasureUnit v="KW1"/></Period><Period><TimeInterval v="2016-12-08T03:00Z/2016-12-08T04:00Z"/><Direction v="Z03"/><Quantity v="19830165"/><MeasureUnit v="KW1"/></Period><Period><TimeInterval v="2016-12-08T04:00Z/2016-12-08T05:00Z"/><Direction v="Z03"/><Quantity v="19541519"/><MeasureUnit v="KW1"/></Period></Category></ConnectionPoint><ConnectionPoint><Identification v="21Z000000000075O" codingScheme="305"/><Type v="Z25"/><Category><CapacityCode v="Z08"/><Period><TimeInterval v="2016-12-07T05:00Z/2016-12-07T06:00Z"/><Direction v="Z02"/><Quantity v="0"/><MeasureUnit v="KW1"/></Period><Period><TimeInterval v="2016-12-07T06:00Z/2016-12-07T07:00Z"/><Direction v="Z02"/><Quantity v="0"/><MeasureUnit v="KW1"/></Period><Period><TimeInterval v="2016-12-07T07:00Z/2016-12-07T08:00Z"/><Direction v="Z02"/><Quantity v="0"/><MeasureUnit v="KW1"/></Period><Period><TimeInterval v="2016-12-07T08:00Z/2016-12-07T09:00Z"/><Direction v="Z02"/><Quantity v="0"/><MeasureUnit v="KW1"/></Period><Period><TimeInterval v="2016-12-07T09:00Z/2016-12-07T10:00Z"/><Direction v="Z02"/><Quantity v="0"/><MeasureUnit v="KW1"/></Period><Period><TimeInterval v="2016-12-07T10:00Z/2016-12-07T11:00Z"/><Direction v="Z02"/><Quantity v="0"/><MeasureUnit v="KW1"/></Period><Period><TimeInterval v="2016-12-07T11:00Z/2016-12-07T12:00Z"/><Direction v="Z02"/><Quantity v="0"/><MeasureUnit v="KW1"/></Period><Period><TimeInterval v="2016-12-07T12:00Z/2016-12-07T13:00Z"/><Direction v="Z02"/><Quantity v="0"/><MeasureUnit v="KW1"/></Period><Period><TimeInterval v="2016-12-07T13:00Z/2016-12-07T14:00Z"/><Direction v="Z02"/><Quantity v="0"/><MeasureUnit v="KW1"/></Period><Period><TimeInterval v="2016-12-07T14:00Z/2016-12-07T15:00Z"/><Direction v="Z02"/><Quantity v="0"/><MeasureUnit v="KW1"/></Period><Period><TimeInterval v="2016-12-07T15:00Z/2016-12-07T16:00Z"/><Direction v="Z02"/><Quantity v="0"/><MeasureUnit v="KW1"/></Period><Period><TimeInterval v="2016-12-07T16:00Z/2016-12-07T17:00Z"/><Direction v="Z02"/><Quantity v="0"/><MeasureUnit v="KW1"/></Period><Period><TimeInterval v="2016-12-07T17:00Z/2016-12-07T18:00Z"/><Direction v="Z02"/><Quantity v="0"/><MeasureUnit v="KW1"/></Period><Period><TimeInterval v="2016-12-07T18:00Z/2016-12-07T19:00Z"/><Direction v="Z02"/><Quantity v="0"/><MeasureUnit v="KW1"/></Period><Period><TimeInterval v="2016-12-07T19:00Z/2016-12-07T20:00Z"/><Direction v="Z02"/><Quantity v="0"/><MeasureUnit v="KW1"/></Period><Period><TimeInterval v="2016-12-07T20:00Z/2016-12-07T21:00Z"/><Direction v="Z02"/><Quantity v="0"/><MeasureUnit v="KW1"/></Period><Period><TimeInterval v="2016-12-07T21:00Z/2016-12-07T22:00Z"/><Direction v="Z02"/><Quantity v="0"/><MeasureUnit v="KW1"/></Period><Period><TimeInterval v="2016-12-07T22:00Z/2016-12-07T23:00Z"/><Direction v="Z02"/><Quantity v="0"/><MeasureUnit v="KW1"/></Period><Period><TimeInterval v="2016-12-07T23:00Z/2016-12-08T00:00Z"/><Direction v="Z02"/><Quantity v="0"/><MeasureUnit v="KW1"/></Period><Period><TimeInterval v="2016-12-08T00:00Z/2016-12-08T01:00Z"/><Direction v="Z02"/><Quantity v="0"/><MeasureUnit v="KW1"/></Period><Period><TimeInterval v="2016-12-08T01:00Z/2016-12-08T02:00Z"/><Direction v="Z02"/><Quantity v="0"/><MeasureUnit v="KW1"/></Period><Period><TimeInterval v="2016-12-08T02:00Z/2016-12-08T03:00Z"/><Direction v="Z02"/><Quantity v="0"/><MeasureUnit v="KW1"/></Period><Period><TimeInterval v="2016-12-08T03:00Z/2016-12-08T04:00Z"/><Direction v="Z02"/><Quantity v="0"/><MeasureUnit v="KW1"/></Period><Period><TimeInterval v="2016-12-08T04:00Z/2016-12-08T05:00Z"/><Direction v="Z02"/><Quantity v="0"/><MeasureUnit v="KW1"/></Period><Period><TimeInterval v="2016-12-07T05:00Z/2016-12-07T06:00Z"/><Direction v="Z03"/><Quantity v="5015086"/><MeasureUnit v="KW1"/></Period><Period><TimeInterval v="2016-12-07T06:00Z/2016-12-07T07:00Z"/><Direction v="Z03"/><Quantity v="5007022"/><MeasureUnit v="KW1"/></Period><Period><TimeInterval v="2016-12-07T07:00Z/2016-12-07T08:00Z"/><Direction v="Z03"/><Quantity v="5007062"/><MeasureUnit v="KW1"/></Period><Period><TimeInterval v="2016-12-07T08:00Z/2016-12-07T09:00Z"/><Direction v="Z03"/><Quantity v="7080451"/><MeasureUnit v="KW1"/></Period><Period><TimeInterval v="2016-12-07T09:00Z/2016-12-07T10:00Z"/><Direction v="Z03"/><Quantity v="7272612"/><MeasureUnit v="KW1"/></Period><Period><TimeInterval v="2016-12-07T10:00Z/2016-12-07T11:00Z"/><Direction v="Z03"/><Quantity v="7248998"/><MeasureUnit v="KW1"/></Period><Period><TimeInterval v="2016-12-07T11:00Z/2016-12-07T12:00Z"/><Direction v="Z03"/><Quantity v="7191447"/><MeasureUnit v="KW1"/></Period><Period><TimeInterval v="2016-12-07T12:00Z/2016-12-07T13:00Z"/><Direction v="Z03"/><Quantity v="7207805"/><MeasureUnit v="KW1"/></Period><Period><TimeInterval v="2016-12-07T13:00Z/2016-12-07T14:00Z"/><Direction v="Z03"/><Quantity v="7222798"/><MeasureUnit v="KW1"/></Period><Period><TimeInterval v="2016-12-07T14:00Z/2016-12-07T15:00Z"/><Direction v="Z03"/><Quantity v="7239878"/><MeasureUnit v="KW1"/></Period><Period><TimeInterval v="2016-12-07T15:00Z/2016-12-07T16:00Z"/><Direction v="Z03"/><Quantity v="7263526"/><MeasureUnit v="KW1"/></Period><Period><TimeInterval v="2016-12-07T16:00Z/2016-12-07T17:00Z"/><Direction v="Z03"/><Quantity v="7193857"/><MeasureUnit v="KW1"/></Period><Period><TimeInterval v="2016-12-07T17:00Z/2016-12-07T18:00Z"/><Direction v="Z03"/><Quantity v="7236170"/><MeasureUnit v="KW1"/></Period><Period><TimeInterval v="2016-12-07T18:00Z/2016-12-07T19:00Z"/><Direction v="Z03"/><Quantity v="7241367"/><MeasureUnit v="KW1"/></Period><Period><TimeInterval v="2016-12-07T19:00Z/2016-12-07T20:00Z"/><Direction v="Z03"/><Quantity v="7253832"/><MeasureUnit v="KW1"/></Period><Period><TimeInterval v="2016-12-07T20:00Z/2016-12-07T21:00Z"/><Direction v="Z03"/><Quantity v="7237812"/><MeasureUnit v="KW1"/></Period><Period><TimeInterval v="2016-12-07T21:00Z/2016-12-07T22:00Z"/><Direction v="Z03"/><Quantity v="7223140"/><MeasureUnit v="KW1"/></Period><Period><TimeInterval v="2016-12-07T22:00Z/2016-12-07T23:00Z"/><Direction v="Z03"/><Quantity v="7227831"/><MeasureUnit v="KW1"/></Period><Period><TimeInterval v="2016-12-07T23:00Z/2016-12-08T00:00Z"/><Direction v="Z03"/><Quantity v="7266620"/><MeasureUnit v="KW1"/></Period><Period><TimeInterval v="2016-12-08T00:00Z/2016-12-08T01:00Z"/><Direction v="Z03"/><Quantity v="4369608"/><MeasureUnit v="KW1"/></Period><Period><TimeInterval v="2016-12-08T01:00Z/2016-12-08T02:00Z"/><Direction v="Z03"/><Quantity v="4120950"/><MeasureUnit v="KW1"/></Period><Period><TimeInterval v="2016-12-08T02:00Z/2016-12-08T03:00Z"/><Direction v="Z03"/><Quantity v="6955004"/><MeasureUnit v="KW1"/></Period><Period><TimeInterval v="2016-12-08T03:00Z/2016-12-08T04:00Z"/><Direction v="Z03"/><Quantity v="7348808"/><MeasureUnit v="KW1"/></Period><Period><TimeInterval v="2016-12-08T04:00Z/2016-12-08T05:00Z"/><Direction v="Z03"/><Quantity v="7306848"/><MeasureUnit v="KW1"/></Period></Category></ConnectionPoint><ConnectionPoint><Identification v="21Z000000000053Y" codingScheme="305"/><Type v="Z25"/><Category><CapacityCode v="Z08"/><Period><TimeInterval v="2016-12-07T05:00Z/2016-12-07T06:00Z"/><Direction v="Z02"/><Quantity v="18512117"/><MeasureUnit v="KW1"/></Period><Period><TimeInterval v="2016-12-07T06:00Z/2016-12-07T07:00Z"/><Direction v="Z02"/><Quantity v="16082769"/><MeasureUnit v="KW1"/></Period><Period><TimeInterval v="2016-12-07T07:00Z/2016-12-07T08:00Z"/><Direction v="Z02"/><Quantity v="15961760"/><MeasureUnit v="KW1"/></Period><Period><TimeInterval v="2016-12-07T08:00Z/2016-12-07T09:00Z"/><Direction v="Z02"/><Quantity v="16042771"/><MeasureUnit v="KW1"/></Period><Period><TimeInterval v="2016-12-07T09:00Z/2016-12-07T10:00Z"/><Direction v="Z02"/><Quantity v="16064979"/><MeasureUnit v="KW1"/></Period><Period><TimeInterval v="2016-12-07T10:00Z/2016-12-07T11:00Z"/><Direction v="Z02"/><Quantity v="16070471"/><MeasureUnit v="KW1"/></Period><Period><TimeInterval v="2016-12-07T11:00Z/2016-12-07T12:00Z"/><Direction v="Z02"/><Quantity v="16063877"/><MeasureUnit v="KW1"/></Period><Period><TimeInterval v="2016-12-07T12:00Z/2016-12-07T13:00Z"/><Direction v="Z02"/><Quantity v="16089854"/><MeasureUnit v="KW1"/></Period><Period><TimeInterval v="2016-12-07T13:00Z/2016-12-07T14:00Z"/><Direction v="Z02"/><Quantity v="16017537"/><MeasureUnit v="KW1"/></Period><Period><TimeInterval v="2016-12-07T14:00Z/2016-12-07T15:00Z"/><Direction v="Z02"/><Quantity v="16505219"/><MeasureUnit v="KW1"/></Period><Period><TimeInterval v="2016-12-07T15:00Z/2016-12-07T16:00Z"/><Direction v="Z02"/><Quantity v="16319610"/><MeasureUnit v="KW1"/></Period><Period><TimeInterval v="2016-12-07T16:00Z/2016-12-07T17:00Z"/><Direction v="Z02"/><Quantity v="16344707"/><MeasureUnit v="KW1"/></Period><Period><TimeInterval v="2016-12-07T17:00Z/2016-12-07T18:00Z"/><Direction v="Z02"/><Quantity v="15814180"/><MeasureUnit v="KW1"/></Period><Period><TimeInterval v="2016-12-07T18:00Z/2016-12-07T19:00Z"/><Direction v="Z02"/><Quantity v="15615899"/><MeasureUnit v="KW1"/></Period><Period><TimeInterval v="2016-12-07T19:00Z/2016-12-07T20:00Z"/><Direction v="Z02"/><Quantity v="15546848"/><MeasureUnit v="KW1"/></Period><Period><TimeInterval v="2016-12-07T20:00Z/2016-12-07T21:00Z"/><Direction v="Z02"/><Quantity v="15534785"/><MeasureUnit v="KW1"/></Period><Period><TimeInterval v="2016-12-07T21:00Z/2016-12-07T22:00Z"/><Direction v="Z02"/><Quantity v="15520439"/><MeasureUnit v="KW1"/></Period><Period><TimeInterval v="2016-12-07T22:00Z/2016-12-07T23:00Z"/><Direction v="Z02"/><Quantity v="15520344"/><MeasureUnit v="KW1"/></Period><Period><TimeInterval v="2016-12-07T23:00Z/2016-12-08T00:00Z"/><Direction v="Z02"/><Quantity v="15539923"/><MeasureUnit v="KW1"/></Period><Period><TimeInterval v="2016-12-08T00:00Z/2016-12-08T01:00Z"/><Direction v="Z02"/><Quantity v="15532013"/><MeasureUnit v="KW1"/></Period><Period><TimeInterval v="2016-12-08T01:00Z/2016-12-08T02:00Z"/><Direction v="Z02"/><Quantity v="15552281"/><MeasureUnit v="KW1"/></Period><Period><TimeInterval v="2016-12-08T02:00Z/2016-12-08T03:00Z"/><Direction v="Z02"/><Quantity v="15554108"/><MeasureUnit v="KW1"/></Period><Period><TimeInterval v="2016-12-08T03:00Z/2016-12-08T04:00Z"/><Direction v="Z02"/><Quantity v="15520562"/><MeasureUnit v="KW1"/></Period><Period><TimeInterval v="2016-12-08T04:00Z/2016-12-08T05:00Z"/><Direction v="Z02"/><Quantity v="15565571"/><MeasureUnit v="KW1"/></Period></Category></ConnectionPoint><ConnectionPoint><Identification v="21Z0000000000503" codingScheme="305"/><Type v="Z25"/><Category><CapacityCode v="Z08"/><Period><TimeInterval v="2016-12-07T05:00Z/2016-12-07T06:00Z"/><Direction v="Z02"/><Quantity v="4167761"/><MeasureUnit v="KW1"/></Period><Period><TimeInterval v="2016-12-07T06:00Z/2016-12-07T07:00Z"/><Direction v="Z02"/><Quantity v="6242911"/><MeasureUnit v="KW1"/></Period><Period><TimeInterval v="2016-12-07T07:00Z/2016-12-07T08:00Z"/><Direction v="Z02"/><Quantity v="6718627"/><MeasureUnit v="KW1"/></Period><Period><TimeInterval v="2016-12-07T08:00Z/2016-12-07T09:00Z"/><Direction v="Z02"/><Quantity v="6371221"/><MeasureUnit v="KW1"/></Period><Period><TimeInterval v="2016-12-07T09:00Z/2016-12-07T10:00Z"/><Direction v="Z02"/><Quantity v="6369976"/><MeasureUnit v="KW1"/></Period><Period><TimeInterval v="2016-12-07T10:00Z/2016-12-07T11:00Z"/><Direction v="Z02"/><Quantity v="6373854"/><MeasureUnit v="KW1"/></Period><Period><TimeInterval v="2016-12-07T11:00Z/2016-12-07T12:00Z"/><Direction v="Z02"/><Quantity v="6368571"/><MeasureUnit v="KW1"/></Period><Period><TimeInterval v="2016-12-07T12:00Z/2016-12-07T13:00Z"/><Direction v="Z02"/><Quantity v="6367253"/><MeasureUnit v="KW1"/></Period><Period><TimeInterval v="2016-12-07T13:00Z/2016-12-07T14:00Z"/><Direction v="Z02"/><Quantity v="6365037"/><MeasureUnit v="KW1"/></Period><Period><TimeInterval v="2016-12-07T14:00Z/2016-12-07T15:00Z"/><Direction v="Z02"/><Quantity v="6367303"/><MeasureUnit v="KW1"/></Period><Period><TimeInterval v="2016-12-07T15:00Z/2016-12-07T16:00Z"/><Direction v="Z02"/><Quantity v="6359511"/><MeasureUnit v="KW1"/></Period><Period><TimeInterval v="2016-12-07T16:00Z/2016-12-07T17:00Z"/><Direction v="Z02"/><Quantity v="6360428"/><MeasureUnit v="KW1"/></Period><Period><TimeInterval v="2016-12-07T17:00Z/2016-12-07T18:00Z"/><Direction v="Z02"/><Quantity v="6383689"/><MeasureUnit v="KW1"/></Period><Period><TimeInterval v="2016-12-07T18:00Z/2016-12-07T19:00Z"/><Direction v="Z02"/><Quantity v="6369326"/><MeasureUnit v="KW1"/></Period><Period><TimeInterval v="2016-12-07T19:00Z/2016-12-07T20:00Z"/><Direction v="Z02"/><Quantity v="6362698"/><MeasureUnit v="KW1"/></Period><Period><TimeInterval v="2016-12-07T20:00Z/2016-12-07T21:00Z"/><Direction v="Z02"/><Quantity v="6372333"/><MeasureUnit v="KW1"/></Period><Period><TimeInterval v="2016-12-07T21:00Z/2016-12-07T22:00Z"/><Direction v="Z02"/><Quantity v="6366221"/><MeasureUnit v="KW1"/></Period><Period><TimeInterval v="2016-12-07T22:00Z/2016-12-07T23:00Z"/><Direction v="Z02"/><Quantity v="6347810"/><MeasureUnit v="KW1"/></Period><Period><TimeInterval v="2016-12-07T23:00Z/2016-12-08T00:00Z"/><Direction v="Z02"/><Quantity v="6356783"/><MeasureUnit v="KW1"/></Period><Period><TimeInterval v="2016-12-08T00:00Z/2016-12-08T01:00Z"/><Direction v="Z02"/><Quantity v="6356349"/><MeasureUnit v="KW1"/></Period><Period><TimeInterval v="2016-12-08T01:00Z/2016-12-08T02:00Z"/><Direction v="Z02"/><Quantity v="6360676"/><MeasureUnit v="KW1"/></Period><Period><TimeInterval v="2016-12-08T02:00Z/2016-12-08T03:00Z"/><Direction v="Z02"/><Quantity v="6364319"/><MeasureUnit v="KW1"/></Period><Period><TimeInterval v="2016-12-08T03:00Z/2016-12-08T04:00Z"/><Direction v="Z02"/><Quantity v="6751453"/><MeasureUnit v="KW1"/></Period><Period><TimeInterval v="2016-12-08T04:00Z/2016-12-08T05:00Z"/><Direction v="Z02"/><Quantity v="6739174"/><MeasureUnit v="KW1"/></Period></Category></ConnectionPoint><ConnectionPoint><Identification v="37Z000000006389D" codingScheme="305"/><Type v="Z26"/><Category><CapacityCode v="Z08"/><Period><TimeInterval v="2016-12-07T05:00Z/2016-12-07T06:00Z"/><Direction v="Z03"/><Quantity v="0"/><MeasureUnit v="KW1"/></Period><Period><TimeInterval v="2016-12-07T06:00Z/2016-12-07T07:00Z"/><Direction v="Z03"/><Quantity v="0"/><MeasureUnit v="KW1"/></Period><Period><TimeInterval v="2016-12-07T07:00Z/2016-12-07T08:00Z"/><Direction v="Z03"/><Quantity v="0"/><MeasureUnit v="KW1"/></Period><Period><TimeInterval v="2016-12-07T08:00Z/2016-12-07T09:00Z"/><Direction v="Z03"/><Quantity v="0"/><MeasureUnit v="KW1"/></Period><Period><TimeInterval v="2016-12-07T09:00Z/2016-12-07T10:00Z"/><Direction v="Z03"/><Quantity v="0"/><MeasureUnit v="KW1"/></Period><Period><TimeInterval v="2016-12-07T10:00Z/2016-12-07T11:00Z"/><Direction v="Z03"/><Quantity v="0"/><MeasureUnit v="KW1"/></Period><Period><TimeInterval v="2016-12-07T11:00Z/2016-12-07T12:00Z"/><Direction v="Z03"/><Quantity v="0"/><MeasureUnit v="KW1"/></Period><Period><TimeInterval v="2016-12-07T12:00Z/2016-12-07T13:00Z"/><Direction v="Z03"/><Quantity v="0"/><MeasureUnit v="KW1"/></Period><Period><TimeInterval v="2016-12-07T13:00Z/2016-12-07T14:00Z"/><Direction v="Z03"/><Quantity v="0"/><MeasureUnit v="KW1"/></Period><Period><TimeInterval v="2016-12-07T14:00Z/2016-12-07T15:00Z"/><Direction v="Z03"/><Quantity v="0"/><MeasureUnit v="KW1"/></Period><Period><TimeInterval v="2016-12-07T15:00Z/2016-12-07T16:00Z"/><Direction v="Z03"/><Quantity v="0"/><MeasureUnit v="KW1"/></Period><Period><TimeInterval v="2016-12-07T16:00Z/2016-12-07T17:00Z"/><Direction v="Z03"/><Quantity v="0"/><MeasureUnit v="KW1"/></Period><Period><TimeInterval v="2016-12-07T17:00Z/2016-12-07T18:00Z"/><Direction v="Z03"/><Quantity v="0"/><MeasureUnit v="KW1"/></Period><Period><TimeInterval v="2016-12-07T18:00Z/2016-12-07T19:00Z"/><Direction v="Z03"/><Quantity v="0"/><MeasureUnit v="KW1"/></Period><Period><TimeInterval v="2016-12-07T19:00Z/2016-12-07T20:00Z"/><Direction v="Z03"/><Quantity v="0"/><MeasureUnit v="KW1"/></Period><Period><TimeInterval v="2016-12-07T20:00Z/2016-12-07T21:00Z"/><Direction v="Z03"/><Quantity v="0"/><MeasureUnit v="KW1"/></Period><Period><TimeInterval v="2016-12-07T21:00Z/2016-12-07T22:00Z"/><Direction v="Z03"/><Quantity v="0"/><MeasureUnit v="KW1"/></Period><Period><TimeInterval v="2016-12-07T22:00Z/2016-12-07T23:00Z"/><Direction v="Z03"/><Quantity v="0"/><MeasureUnit v="KW1"/></Period><Period><TimeInterval v="2016-12-07T23:00Z/2016-12-08T00:00Z"/><Direction v="Z03"/><Quantity v="0"/><MeasureUnit v="KW1"/></Period><Period><TimeInterval v="2016-12-08T00:00Z/2016-12-08T01:00Z"/><Direction v="Z03"/><Quantity v="0"/><MeasureUnit v="KW1"/></Period><Period><TimeInterval v="2016-12-08T01:00Z/2016-12-08T02:00Z"/><Direction v="Z03"/><Quantity v="0"/><MeasureUnit v="KW1"/></Period><Period><TimeInterval v="2016-12-08T02:00Z/2016-12-08T03:00Z"/><Direction v="Z03"/><Quantity v="0"/><MeasureUnit v="KW1"/></Period><Period><TimeInterval v="2016-12-08T03:00Z/2016-12-08T04:00Z"/><Direction v="Z03"/><Quantity v="0"/><MeasureUnit v="KW1"/></Period><Period><TimeInterval v="2016-12-08T04:00Z/2016-12-08T05:00Z"/><Direction v="Z03"/><Quantity v="0"/><MeasureUnit v="KW1"/></Period></Category></ConnectionPoint><ConnectionPoint><Identification v="21Z000000000001G" codingScheme="305"/><Type v="Z25"/><Category><CapacityCode v="Z08"/><Period><TimeInterval v="2016-12-07T05:00Z/2016-12-07T06:00Z"/><Direction v="Z03"/><Quantity v="2710706"/><MeasureUnit v="KW1"/></Period><Period><TimeInterval v="2016-12-07T06:00Z/2016-12-07T07:00Z"/><Direction v="Z03"/><Quantity v="2773522"/><MeasureUnit v="KW1"/></Period><Period><TimeInterval v="2016-12-07T07:00Z/2016-12-07T08:00Z"/><Direction v="Z03"/><Quantity v="2891246"/><MeasureUnit v="KW1"/></Period><Period><TimeInterval v="2016-12-07T08:00Z/2016-12-07T09:00Z"/><Direction v="Z03"/><Quantity v="2861979"/><MeasureUnit v="KW1"/></Period><Period><TimeInterval v="2016-12-07T09:00Z/2016-12-07T10:00Z"/><Direction v="Z03"/><Quantity v="2937212"/><MeasureUnit v="KW1"/></Period><Period><TimeInterval v="2016-12-07T10:00Z/2016-12-07T11:00Z"/><Direction v="Z03"/><Quantity v="3154604"/><MeasureUnit v="KW1"/></Period><Period><TimeInterval v="2016-12-07T11:00Z/2016-12-07T12:00Z"/><Direction v="Z03"/><Quantity v="2902623"/><MeasureUnit v="KW1"/></Period><Period><TimeInterval v="2016-12-07T12:00Z/2016-12-07T13:00Z"/><Direction v="Z03"/><Quantity v="3418920"/><MeasureUnit v="KW1"/></Period><Period><TimeInterval v="2016-12-07T13:00Z/2016-12-07T14:00Z"/><Direction v="Z03"/><Quantity v="3421822"/><MeasureUnit v="KW1"/></Period><Period><TimeInterval v="2016-12-07T14:00Z/2016-12-07T15:00Z"/><Direction v="Z03"/><Quantity v="3348268"/><MeasureUnit v="KW1"/></Period><Period><TimeInterval v="2016-12-07T15:00Z/2016-12-07T16:00Z"/><Direction v="Z03"/><Quantity v="3711614"/><MeasureUnit v="KW1"/></Period><Period><TimeInterval v="2016-12-07T16:00Z/2016-12-07T17:00Z"/><Direction v="Z03"/><Quantity v="3738665"/><MeasureUnit v="KW1"/></Period><Period><TimeInterval v="2016-12-07T17:00Z/2016-12-07T18:00Z"/><Direction v="Z03"/><Quantity v="3684836"/><MeasureUnit v="KW1"/></Period><Period><TimeInterval v="2016-12-07T18:00Z/2016-12-07T19:00Z"/><Direction v="Z03"/><Quantity v="3613513"/><MeasureUnit v="KW1"/></Period><Period><TimeInterval v="2016-12-07T19:00Z/2016-12-07T20:00Z"/><Direction v="Z03"/><Quantity v="3623265"/><MeasureUnit v="KW1"/></Period><Period><TimeInterval v="2016-12-07T20:00Z/2016-12-07T21:00Z"/><Direction v="Z03"/><Quantity v="3715735"/><MeasureUnit v="KW1"/></Period><Period><TimeInterval v="2016-12-07T21:00Z/2016-12-07T22:00Z"/><Direction v="Z03"/><Quantity v="3805540"/><MeasureUnit v="KW1"/></Period><Period><TimeInterval v="2016-12-07T22:00Z/2016-12-07T23:00Z"/><Direction v="Z03"/><Quantity v="3763571"/><MeasureUnit v="KW1"/></Period><Period><TimeInterval v="2016-12-07T23:00Z/2016-12-08T00:00Z"/><Direction v="Z03"/><Quantity v="3755649"/><MeasureUnit v="KW1"/></Period><Period><TimeInterval v="2016-12-08T00:00Z/2016-12-08T01:00Z"/><Direction v="Z03"/><Quantity v="3756961"/><MeasureUnit v="KW1"/></Period><Period><TimeInterval v="2016-12-08T01:00Z/2016-12-08T02:00Z"/><Direction v="Z03"/><Quantity v="3352179"/><MeasureUnit v="KW1"/></Period><Period><TimeInterval v="2016-12-08T02:00Z/2016-12-08T03:00Z"/><Direction v="Z03"/><Quantity v="3049805"/><MeasureUnit v="KW1"/></Period><Period><TimeInterval v="2016-12-08T03:00Z/2016-12-08T04:00Z"/><Direction v="Z03"/><Quantity v="2971325"/><MeasureUnit v="KW1"/></Period><Period><TimeInterval v="2016-12-08T04:00Z/2016-12-08T05:00Z"/><Direction v="Z03"/><Quantity v="2974478"/><MeasureUnit v="KW1"/></Period></Category></ConnectionPoint><ConnectionPoint><Identification v="21Z000000000039S" codingScheme="305"/><Type v="Z25"/><Category><CapacityCode v="Z08"/><Period><TimeInterval v="2016-12-07T05:00Z/2016-12-07T06:00Z"/><Direction v="Z03"/><Quantity v="12838244"/><MeasureUnit v="KW1"/></Period><Period><TimeInterval v="2016-12-07T06:00Z/2016-12-07T07:00Z"/><Direction v="Z03"/><Quantity v="13087418"/><MeasureUnit v="KW1"/></Period><Period><TimeInterval v="2016-12-07T07:00Z/2016-12-07T08:00Z"/><Direction v="Z03"/><Quantity v="13148740"/><MeasureUnit v="KW1"/></Period><Period><TimeInterval v="2016-12-07T08:00Z/2016-12-07T09:00Z"/><Direction v="Z03"/><Quantity v="13221311"/><MeasureUnit v="KW1"/></Period><Period><TimeInterval v="2016-12-07T09:00Z/2016-12-07T10:00Z"/><Direction v="Z03"/><Quantity v="13185820"/><MeasureUnit v="KW1"/></Period><Period><TimeInterval v="2016-12-07T10:00Z/2016-12-07T11:00Z"/><Direction v="Z03"/><Quantity v="13173203"/><MeasureUnit v="KW1"/></Period><Period><TimeInterval v="2016-12-07T11:00Z/2016-12-07T12:00Z"/><Direction v="Z03"/><Quantity v="13185310"/><MeasureUnit v="KW1"/></Period><Period><TimeInterval v="2016-12-07T12:00Z/2016-12-07T13:00Z"/><Direction v="Z03"/><Quantity v="13190667"/><MeasureUnit v="KW1"/></Period><Period><TimeInterval v="2016-12-07T13:00Z/2016-12-07T14:00Z"/><Direction v="Z03"/><Quantity v="13214197"/><MeasureUnit v="KW1"/></Period><Period><TimeInterval v="2016-12-07T14:00Z/2016-12-07T15:00Z"/><Direction v="Z03"/><Quantity v="13267321"/><MeasureUnit v="KW1"/></Period><Period><TimeInterval v="2016-12-07T15:00Z/2016-12-07T16:00Z"/><Direction v="Z03"/><Quantity v="13289150"/><MeasureUnit v="KW1"/></Period><Period><TimeInterval v="2016-12-07T16:00Z/2016-12-07T17:00Z"/><Direction v="Z03"/><Quantity v="13228672"/><MeasureUnit v="KW1"/></Period><Period><TimeInterval v="2016-12-07T17:00Z/2016-12-07T18:00Z"/><Direction v="Z03"/><Quantity v="13092095"/><MeasureUnit v="KW1"/></Period><Period><TimeInterval v="2016-12-07T18:00Z/2016-12-07T19:00Z"/><Direction v="Z03"/><Quantity v="13089895"/><MeasureUnit v="KW1"/></Period><Period><TimeInterval v="2016-12-07T19:00Z/2016-12-07T20:00Z"/><Direction v="Z03"/><Quantity v="13240992"/><MeasureUnit v="KW1"/></Period><Period><TimeInterval v="2016-12-07T20:00Z/2016-12-07T21:00Z"/><Direction v="Z03"/><Quantity v="13814719"/><MeasureUnit v="KW1"/></Period><Period><TimeInterval v="2016-12-07T21:00Z/2016-12-07T22:00Z"/><Direction v="Z03"/><Quantity v="13887862"/><MeasureUnit v="KW1"/></Period><Period><TimeInterval v="2016-12-07T22:00Z/2016-12-07T23:00Z"/><Direction v="Z03"/><Quantity v="13914222"/><MeasureUnit v="KW1"/></Period><Period><TimeInterval v="2016-12-07T23:00Z/2016-12-08T00:00Z"/><Direction v="Z03"/><Quantity v="13950700"/><MeasureUnit v="KW1"/></Period><Period><TimeInterval v="2016-12-08T00:00Z/2016-12-08T01:00Z"/><Direction v="Z03"/><Quantity v="13985858"/><MeasureUnit v="KW1"/></Period><Period><TimeInterval v="2016-12-08T01:00Z/2016-12-08T02:00Z"/><Direction v="Z03"/><Quantity v="14054866"/><MeasureUnit v="KW1"/></Period><Period><TimeInterval v="2016-12-08T02:00Z/2016-12-08T03:00Z"/><Direction v="Z03"/><Quantity v="14150869"/><MeasureUnit v="KW1"/></Period><Period><TimeInterval v="2016-12-08T03:00Z/2016-12-08T04:00Z"/><Direction v="Z03"/><Quantity v="14242992"/><MeasureUnit v="KW1"/></Period><Period><TimeInterval v="2016-12-08T04:00Z/2016-12-08T05:00Z"/><Direction v="Z03"/><Quantity v="14295480"/><MeasureUnit v="KW1"/></Period></Category></ConnectionPoint><ConnectionPoint><Identification v="21Z000000000072U" codingScheme="305"/><Type v="Z25"/><Category><CapacityCode v="Z08"/><Period><TimeInterval v="2016-12-07T05:00Z/2016-12-07T06:00Z"/><Direction v="Z02"/><Quantity v="17944102"/><MeasureUnit v="KW1"/></Period><Period><TimeInterval v="2016-12-07T06:00Z/2016-12-07T07:00Z"/><Direction v="Z02"/><Quantity v="18389931"/><MeasureUnit v="KW1"/></Period><Period><TimeInterval v="2016-12-07T07:00Z/2016-12-07T08:00Z"/><Direction v="Z02"/><Quantity v="18479360"/><MeasureUnit v="KW1"/></Period><Period><TimeInterval v="2016-12-07T08:00Z/2016-12-07T09:00Z"/><Direction v="Z02"/><Quantity v="18492598"/><MeasureUnit v="KW1"/></Period><Period><TimeInterval v="2016-12-07T09:00Z/2016-12-07T10:00Z"/><Direction v="Z02"/><Quantity v="18517126"/><MeasureUnit v="KW1"/></Period><Period><TimeInterval v="2016-12-07T10:00Z/2016-12-07T11:00Z"/><Direction v="Z02"/><Quantity v="16596852"/><MeasureUnit v="KW1"/></Period><Period><TimeInterval v="2016-12-07T11:00Z/2016-12-07T12:00Z"/><Direction v="Z02"/><Quantity v="14849980"/><MeasureUnit v="KW1"/></Period><Period><TimeInterval v="2016-12-07T12:00Z/2016-12-07T13:00Z"/><Direction v="Z02"/><Quantity v="15600927"/><MeasureUnit v="KW1"/></Period><Period><TimeInterval v="2016-12-07T13:00Z/2016-12-07T14:00Z"/><Direction v="Z02"/><Quantity v="14900340"/><MeasureUnit v="KW1"/></Period><Period><TimeInterval v="2016-12-07T14:00Z/2016-12-07T15:00Z"/><Direction v="Z02"/><Quantity v="16437644"/><MeasureUnit v="KW1"/></Period><Period><TimeInterval v="2016-12-07T15:00Z/2016-12-07T16:00Z"/><Direction v="Z02"/><Quantity v="16639323"/><MeasureUnit v="KW1"/></Period><Period><TimeInterval v="2016-12-07T16:00Z/2016-12-07T17:00Z"/><Direction v="Z02"/><Quantity v="17800065"/><MeasureUnit v="KW1"/></Period><Period><TimeInterval v="2016-12-07T17:00Z/2016-12-07T18:00Z"/><Direction v="Z02"/><Quantity v="17566497"/><MeasureUnit v="KW1"/></Period><Period><TimeInterval v="2016-12-07T18:00Z/2016-12-07T19:00Z"/><Direction v="Z02"/><Quantity v="16601991"/><MeasureUnit v="KW1"/></Period><Period><TimeInterval v="2016-12-07T19:00Z/2016-12-07T20:00Z"/><Direction v="Z02"/><Quantity v="16541527"/><MeasureUnit v="KW1"/></Period><Period><TimeInterval v="2016-12-07T20:00Z/2016-12-07T21:00Z"/><Direction v="Z02"/><Quantity v="15096722"/><MeasureUnit v="KW1"/></Period><Period><TimeInterval v="2016-12-07T21:00Z/2016-12-07T22:00Z"/><Direction v="Z02"/><Quantity v="15656101"/><MeasureUnit v="KW1"/></Period><Period><TimeInterval v="2016-12-07T22:00Z/2016-12-07T23:00Z"/><Direction v="Z02"/><Quantity v="13643790"/><MeasureUnit v="KW1"/></Period><Period><TimeInterval v="2016-12-07T23:00Z/2016-12-08T00:00Z"/><Direction v="Z02"/><Quantity v="13068865"/><MeasureUnit v="KW1"/></Period><Period><TimeInterval v="2016-12-08T00:00Z/2016-12-08T01:00Z"/><Direction v="Z02"/><Quantity v="12730801"/><MeasureUnit v="KW1"/></Period><Period><TimeInterval v="2016-12-08T01:00Z/2016-12-08T02:00Z"/><Direction v="Z02"/><Quantity v="11975931"/><MeasureUnit v="KW1"/></Period><Period><TimeInterval v="2016-12-08T02:00Z/2016-12-08T03:00Z"/><Direction v="Z02"/><Quantity v="11454411"/><MeasureUnit v="KW1"/></Period><Period><TimeInterval v="2016-12-08T03:00Z/2016-12-08T04:00Z"/><Direction v="Z02"/><Quantity v="11487670"/><MeasureUnit v="KW1"/></Period><Period><TimeInterval v="2016-12-08T04:00Z/2016-12-08T05:00Z"/><Direction v="Z02"/><Quantity v="13069568"/><MeasureUnit v="KW1"/></Period></Category></ConnectionPoint><ConnectionPoint><Identification v="37Z000000001078I" codingScheme="305"/><Type v="Z26"/><Category><CapacityCode v="Z08"/><Period><TimeInterval v="2016-12-07T05:00Z/2016-12-07T06:00Z"/><Direction v="Z02"/><Quantity v="2775000"/><MeasureUnit v="KW1"/></Period><Period><TimeInterval v="2016-12-07T06:00Z/2016-12-07T07:00Z"/><Direction v="Z02"/><Quantity v="2775000"/><MeasureUnit v="KW1"/></Period><Period><TimeInterval v="2016-12-07T07:00Z/2016-12-07T08:00Z"/><Direction v="Z02"/><Quantity v="2775000"/><MeasureUnit v="KW1"/></Period><Period><TimeInterval v="2016-12-07T08:00Z/2016-12-07T09:00Z"/><Direction v="Z02"/><Quantity v="2775000"/><MeasureUnit v="KW1"/></Period><Period><TimeInterval v="2016-12-07T09:00Z/2016-12-07T10:00Z"/><Direction v="Z02"/><Quantity v="2775000"/><MeasureUnit v="KW1"/></Period><Period><TimeInterval v="2016-12-07T10:00Z/2016-12-07T11:00Z"/><Direction v="Z02"/><Quantity v="2775000"/><MeasureUnit v="KW1"/></Period><Period><TimeInterval v="2016-12-07T11:00Z/2016-12-07T12:00Z"/><Direction v="Z02"/><Quantity v="2775000"/><MeasureUnit v="KW1"/></Period><Period><TimeInterval v="2016-12-07T12:00Z/2016-12-07T13:00Z"/><Direction v="Z02"/><Quantity v="2775000"/><MeasureUnit v="KW1"/></Period><Period><TimeInterval v="2016-12-07T13:00Z/2016-12-07T14:00Z"/><Direction v="Z02"/><Quantity v="2775000"/><MeasureUnit v="KW1"/></Period><Period><TimeInterval v="2016-12-07T14:00Z/2016-12-07T15:00Z"/><Direction v="Z02"/><Quantity v="2775000"/><MeasureUnit v="KW1"/></Period><Period><TimeInterval v="2016-12-07T15:00Z/2016-12-07T16:00Z"/><Direction v="Z02"/><Quantity v="2775000"/><MeasureUnit v="KW1"/></Period><Period><TimeInterval v="2016-12-07T16:00Z/2016-12-07T17:00Z"/><Direction v="Z02"/><Quantity v="2775000"/><MeasureUnit v="KW1"/></Period><Period><TimeInterval v="2016-12-07T17:00Z/2016-12-07T18:00Z"/><Direction v="Z02"/><Quantity v="2775000"/><MeasureUnit v="KW1"/></Period><Period><TimeInterval v="2016-12-07T18:00Z/2016-12-07T19:00Z"/><Direction v="Z02"/><Quantity v="2775000"/><MeasureUnit v="KW1"/></Period><Period><TimeInterval v="2016-12-07T19:00Z/2016-12-07T20:00Z"/><Direction v="Z02"/><Quantity v="2775000"/><MeasureUnit v="KW1"/></Period><Period><TimeInterval v="2016-12-07T20:00Z/2016-12-07T21:00Z"/><Direction v="Z02"/><Quantity v="2775000"/><MeasureUnit v="KW1"/></Period><Period><TimeInterval v="2016-12-07T21:00Z/2016-12-07T22:00Z"/><Direction v="Z02"/><Quantity v="2775000"/><MeasureUnit v="KW1"/></Period><Period><TimeInterval v="2016-12-07T22:00Z/2016-12-07T23:00Z"/><Direction v="Z02"/><Quantity v="2775000"/><MeasureUnit v="KW1"/></Period><Period><TimeInterval v="2016-12-07T23:00Z/2016-12-08T00:00Z"/><Direction v="Z02"/><Quantity v="2775000"/><MeasureUnit v="KW1"/></Period><Period><TimeInterval v="2016-12-08T00:00Z/2016-12-08T01:00Z"/><Direction v="Z02"/><Quantity v="2775000"/><MeasureUnit v="KW1"/></Period><Period><TimeInterval v="2016-12-08T01:00Z/2016-12-08T02:00Z"/><Direction v="Z02"/><Quantity v="2775000"/><MeasureUnit v="KW1"/></Period><Period><TimeInterval v="2016-12-08T02:00Z/2016-12-08T03:00Z"/><Direction v="Z02"/><Quantity v="2775000"/><MeasureUnit v="KW1"/></Period><Period><TimeInterval v="2016-12-08T03:00Z/2016-12-08T04:00Z"/><Direction v="Z02"/><Quantity v="2775000"/><MeasureUnit v="KW1"/></Period><Period><TimeInterval v="2016-12-08T04:00Z/2016-12-08T05:00Z"/><Direction v="Z02"/><Quantity v="2775000"/><MeasureUnit v="KW1"/></Period></Category></ConnectionPoint><ConnectionPoint><Identification v="37Z000000006390S" codingScheme="305"/><Type v="Z26"/><Category><CapacityCode v="Z08"/><Period><TimeInterval v="2016-12-07T05:00Z/2016-12-07T06:00Z"/><Direction v="Z02"/><Quantity v="0"/><MeasureUnit v="KW1"/></Period><Period><TimeInterval v="2016-12-07T06:00Z/2016-12-07T07:00Z"/><Direction v="Z02"/><Quantity v="0"/><MeasureUnit v="KW1"/></Period><Period><TimeInterval v="2016-12-07T07:00Z/2016-12-07T08:00Z"/><Direction v="Z02"/><Quantity v="0"/><MeasureUnit v="KW1"/></Period><Period><TimeInterval v="2016-12-07T08:00Z/2016-12-07T09:00Z"/><Direction v="Z02"/><Quantity v="0"/><MeasureUnit v="KW1"/></Period><Period><TimeInterval v="2016-12-07T09:00Z/2016-12-07T10:00Z"/><Direction v="Z02"/><Quantity v="0"/><MeasureUnit v="KW1"/></Period><Period><TimeInterval v="2016-12-07T10:00Z/2016-12-07T11:00Z"/><Direction v="Z02"/><Quantity v="0"/><MeasureUnit v="KW1"/></Period><Period><TimeInterval v="2016-12-07T11:00Z/2016-12-07T12:00Z"/><Direction v="Z02"/><Quantity v="0"/><MeasureUnit v="KW1"/></Period><Period><TimeInterval v="2016-12-07T12:00Z/2016-12-07T13:00Z"/><Direction v="Z02"/><Quantity v="0"/><MeasureUnit v="KW1"/></Period><Period><TimeInterval v="2016-12-07T13:00Z/2016-12-07T14:00Z"/><Direction v="Z02"/><Quantity v="0"/><MeasureUnit v="KW1"/></Period><Period><TimeInterval v="2016-12-07T14:00Z/2016-12-07T15:00Z"/><Direction v="Z02"/><Quantity v="0"/><MeasureUnit v="KW1"/></Period><Period><TimeInterval v="2016-12-07T15:00Z/2016-12-07T16:00Z"/><Direction v="Z02"/><Quantity v="0"/><MeasureUnit v="KW1"/></Period><Period><TimeInterval v="2016-12-07T16:00Z/2016-12-07T17:00Z"/><Direction v="Z02"/><Quantity v="0"/><MeasureUnit v="KW1"/></Period><Period><TimeInterval v="2016-12-07T17:00Z/2016-12-07T18:00Z"/><Direction v="Z02"/><Quantity v="0"/><MeasureUnit v="KW1"/></Period><Period><TimeInterval v="2016-12-07T18:00Z/2016-12-07T19:00Z"/><Direction v="Z02"/><Quantity v="0"/><MeasureUnit v="KW1"/></Period><Period><TimeInterval v="2016-12-07T19:00Z/2016-12-07T20:00Z"/><Direction v="Z02"/><Quantity v="0"/><MeasureUnit v="KW1"/></Period><Period><TimeInterval v="2016-12-07T20:00Z/2016-12-07T21:00Z"/><Direction v="Z02"/><Quantity v="0"/><MeasureUnit v="KW1"/></Period><Period><TimeInterval v="2016-12-07T21:00Z/2016-12-07T22:00Z"/><Direction v="Z02"/><Quantity v="0"/><MeasureUnit v="KW1"/></Period><Period><TimeInterval v="2016-12-07T22:00Z/2016-12-07T23:00Z"/><Direction v="Z02"/><Quantity v="0"/><MeasureUnit v="KW1"/></Period><Period><TimeInterval v="2016-12-07T23:00Z/2016-12-08T00:00Z"/><Direction v="Z02"/><Quantity v="0"/><MeasureUnit v="KW1"/></Period><Period><TimeInterval v="2016-12-08T00:00Z/2016-12-08T01:00Z"/><Direction v="Z02"/><Quantity v="0"/><MeasureUnit v="KW1"/></Period><Period><TimeInterval v="2016-12-08T01:00Z/2016-12-08T02:00Z"/><Direction v="Z02"/><Quantity v="0"/><MeasureUnit v="KW1"/></Period><Period><TimeInterval v="2016-12-08T02:00Z/2016-12-08T03:00Z"/><Direction v="Z02"/><Quantity v="0"/><MeasureUnit v="KW1"/></Period><Period><TimeInterval v="2016-12-08T03:00Z/2016-12-08T04:00Z"/><Direction v="Z02"/><Quantity v="0"/><MeasureUnit v="KW1"/></Period><Period><TimeInterval v="2016-12-08T04:00Z/2016-12-08T05:00Z"/><Direction v="Z02"/><Quantity v="0"/><MeasureUnit v="KW1"/></Period></Category></ConnectionPoint><ConnectionPoint><Identification v="37Y000000000288Q" codingScheme="305"/><Type v="Z26"/><Category><CapacityCode v="Z08"/><Period><TimeInterval v="2016-12-07T05:00Z/2016-12-07T06:00Z"/><Direction v="Z02"/><Quantity v="2256835"/><MeasureUnit v="KW1"/></Period><Period><TimeInterval v="2016-12-07T06:00Z/2016-12-07T07:00Z"/><Direction v="Z02"/><Quantity v="2444334"/><MeasureUnit v="KW1"/></Period><Period><TimeInterval v="2016-12-07T07:00Z/2016-12-07T08:00Z"/><Direction v="Z02"/><Quantity v="2356081"/><MeasureUnit v="KW1"/></Period><Period><TimeInterval v="2016-12-07T08:00Z/2016-12-07T09:00Z"/><Direction v="Z02"/><Quantity v="2220257"/><MeasureUnit v="KW1"/></Period><Period><TimeInterval v="2016-12-07T09:00Z/2016-12-07T10:00Z"/><Direction v="Z02"/><Quantity v="2088891"/><MeasureUnit v="KW1"/></Period><Period><TimeInterval v="2016-12-07T10:00Z/2016-12-07T11:00Z"/><Direction v="Z02"/><Quantity v="1953239"/><MeasureUnit v="KW1"/></Period><Period><TimeInterval v="2016-12-07T11:00Z/2016-12-07T12:00Z"/><Direction v="Z02"/><Quantity v="1893797"/><MeasureUnit v="KW1"/></Period><Period><TimeInterval v="2016-12-07T12:00Z/2016-12-07T13:00Z"/><Direction v="Z02"/><Quantity v="1802715"/><MeasureUnit v="KW1"/></Period><Period><TimeInterval v="2016-12-07T13:00Z/2016-12-07T14:00Z"/><Direction v="Z02"/><Quantity v="1696868"/><MeasureUnit v="KW1"/></Period><Period><TimeInterval v="2016-12-07T14:00Z/2016-12-07T15:00Z"/><Direction v="Z02"/><Quantity v="1712557"/><MeasureUnit v="KW1"/></Period><Period><TimeInterval v="2016-12-07T15:00Z/2016-12-07T16:00Z"/><Direction v="Z02"/><Quantity v="1655429"/><MeasureUnit v="KW1"/></Period><Period><TimeInterval v="2016-12-07T16:00Z/2016-12-07T17:00Z"/><Direction v="Z02"/><Quantity v="1651123"/><MeasureUnit v="KW1"/></Period><Period><TimeInterval v="2016-12-07T17:00Z/2016-12-07T18:00Z"/><Direction v="Z02"/><Quantity v="1623997"/><MeasureUnit v="KW1"/></Period><Period><TimeInterval v="2016-12-07T18:00Z/2016-12-07T19:00Z"/><Direction v="Z02"/><Quantity v="1595944"/><MeasureUnit v="KW1"/></Period><Period><TimeInterval v="2016-12-07T19:00Z/2016-12-07T20:00Z"/><Direction v="Z02"/><Quantity v="1527546"/><MeasureUnit v="KW1"/></Period><Period><TimeInterval v="2016-12-07T20:00Z/2016-12-07T21:00Z"/><Direction v="Z02"/><Quantity v="1242834"/><MeasureUnit v="KW1"/></Period><Period><TimeInterval v="2016-12-07T21:00Z/2016-12-07T22:00Z"/><Direction v="Z02"/><Quantity v="1161417"/><MeasureUnit v="KW1"/></Period><Period><TimeInterval v="2016-12-07T22:00Z/2016-12-07T23:00Z"/><Direction v="Z02"/><Quantity v="1018639"/><MeasureUnit v="KW1"/></Period><Period><TimeInterval v="2016-12-07T23:00Z/2016-12-08T00:00Z"/><Direction v="Z02"/><Quantity v="953430"/><MeasureUnit v="KW1"/></Period><Period><TimeInterval v="2016-12-08T00:00Z/2016-12-08T01:00Z"/><Direction v="Z02"/><Quantity v="968066"/><MeasureUnit v="KW1"/></Period><Period><TimeInterval v="2016-12-08T01:00Z/2016-12-08T02:00Z"/><Direction v="Z02"/><Quantity v="1004037"/><MeasureUnit v="KW1"/></Period><Period><TimeInterval v="2016-12-08T02:00Z/2016-12-08T03:00Z"/><Direction v="Z02"/><Quantity v="1043515"/><MeasureUnit v="KW1"/></Period><Period><TimeInterval v="2016-12-08T03:00Z/2016-12-08T04:00Z"/><Direction v="Z02"/><Quantity v="1131990"/><MeasureUnit v="KW1"/></Period><Period><TimeInterval v="2016-12-08T04:00Z/2016-12-08T05:00Z"/><Direction v="Z02"/><Quantity v="1473184"/><MeasureUnit v="KW1"/></Period></Category></ConnectionPoint><ConnectionPoint><Identification v="37Y000000000385S" codingScheme="305"/><Type v="Z26"/><Category><CapacityCode v="Z08"/><Period><TimeInterval v="2016-12-07T05:00Z/2016-12-07T06:00Z"/><Direction v="Z02"/><Quantity v="491614"/><MeasureUnit v="KW1"/></Period><Period><TimeInterval v="2016-12-07T06:00Z/2016-12-07T07:00Z"/><Direction v="Z02"/><Quantity v="493443"/><MeasureUnit v="KW1"/></Period><Period><TimeInterval v="2016-12-07T07:00Z/2016-12-07T08:00Z"/><Direction v="Z02"/><Quantity v="493255"/><MeasureUnit v="KW1"/></Period><Period><TimeInterval v="2016-12-07T08:00Z/2016-12-07T09:00Z"/><Direction v="Z02"/><Quantity v="493454"/><MeasureUnit v="KW1"/></Period><Period><TimeInterval v="2016-12-07T09:00Z/2016-12-07T10:00Z"/><Direction v="Z02"/><Quantity v="493286"/><MeasureUnit v="KW1"/></Period><Period><TimeInterval v="2016-12-07T10:00Z/2016-12-07T11:00Z"/><Direction v="Z02"/><Quantity v="493305"/><MeasureUnit v="KW1"/></Period><Period><TimeInterval v="2016-12-07T11:00Z/2016-12-07T12:00Z"/><Direction v="Z02"/><Quantity v="493556"/><MeasureUnit v="KW1"/></Period><Period><TimeInterval v="2016-12-07T12:00Z/2016-12-07T13:00Z"/><Direction v="Z02"/><Quantity v="493583"/><MeasureUnit v="KW1"/></Period><Period><TimeInterval v="2016-12-07T13:00Z/2016-12-07T14:00Z"/><Direction v="Z02"/><Quantity v="493531"/><MeasureUnit v="KW1"/></Period><Period><TimeInterval v="2016-12-07T14:00Z/2016-12-07T15:00Z"/><Direction v="Z02"/><Quantity v="493590"/><MeasureUnit v="KW1"/></Period><Period><TimeInterval v="2016-12-07T15:00Z/2016-12-07T16:00Z"/><Direction v="Z02"/><Quantity v="493485"/><MeasureUnit v="KW1"/></Period><Period><TimeInterval v="2016-12-07T16:00Z/2016-12-07T17:00Z"/><Direction v="Z02"/><Quantity v="493575"/><MeasureUnit v="KW1"/></Period><Period><TimeInterval v="2016-12-07T17:00Z/2016-12-07T18:00Z"/><Direction v="Z02"/><Quantity v="493514"/><MeasureUnit v="KW1"/></Period><Period><TimeInterval v="2016-12-07T18:00Z/2016-12-07T19:00Z"/><Direction v="Z02"/><Quantity v="492908"/><MeasureUnit v="KW1"/></Period><Period><TimeInterval v="2016-12-07T19:00Z/2016-12-07T20:00Z"/><Direction v="Z02"/><Quantity v="492978"/><MeasureUnit v="KW1"/></Period><Period><TimeInterval v="2016-12-07T20:00Z/2016-12-07T21:00Z"/><Direction v="Z02"/><Quantity v="493249"/><MeasureUnit v="KW1"/></Period><Period><TimeInterval v="2016-12-07T21:00Z/2016-12-07T22:00Z"/><Direction v="Z02"/><Quantity v="492881"/><MeasureUnit v="KW1"/></Period><Period><TimeInterval v="2016-12-07T22:00Z/2016-12-07T23:00Z"/><Direction v="Z02"/><Quantity v="492959"/><MeasureUnit v="KW1"/></Period><Period><TimeInterval v="2016-12-07T23:00Z/2016-12-08T00:00Z"/><Direction v="Z02"/><Quantity v="493167"/><MeasureUnit v="KW1"/></Period><Period><TimeInterval v="2016-12-08T00:00Z/2016-12-08T01:00Z"/><Direction v="Z02"/><Quantity v="493048"/><MeasureUnit v="KW1"/></Period><Period><TimeInterval v="2016-12-08T01:00Z/2016-12-08T02:00Z"/><Direction v="Z02"/><Quantity v="492944"/><MeasureUnit v="KW1"/></Period><Period><TimeInterval v="2016-12-08T02:00Z/2016-12-08T03:00Z"/><Direction v="Z02"/><Quantity v="492855"/><MeasureUnit v="KW1"/></Period><Period><TimeInterval v="2016-12-08T03:00Z/2016-12-08T04:00Z"/><Direction v="Z02"/><Quantity v="493082"/><MeasureUnit v="KW1"/></Period><Period><TimeInterval v="2016-12-08T04:00Z/2016-12-08T05:00Z"/><Direction v="Z02"/><Quantity v="493083"/><MeasureUnit v="KW1"/></Period></Category></ConnectionPoint><ConnectionPoint><Identification v="21Z000000000343P" codingScheme="305"/><Type v="Z31"/><Category><CapacityCode v="Z08"/><Period><TimeInterval v="2016-12-07T05:00Z/2016-12-07T06:00Z"/><Direction v="Z03"/><Quantity v="37210318"/><MeasureUnit v="KW1"/></Period><Period><TimeInterval v="2016-12-07T06:00Z/2016-12-07T07:00Z"/><Direction v="Z03"/><Quantity v="39202030"/><MeasureUnit v="KW1"/></Period><Period><TimeInterval v="2016-12-07T07:00Z/2016-12-07T08:00Z"/><Direction v="Z03"/><Quantity v="38251943"/><MeasureUnit v="KW1"/></Period><Period><TimeInterval v="2016-12-07T08:00Z/2016-12-07T09:00Z"/><Direction v="Z03"/><Quantity v="37767886"/><MeasureUnit v="KW1"/></Period><Period><TimeInterval v="2016-12-07T09:00Z/2016-12-07T10:00Z"/><Direction v="Z03"/><Quantity v="38408566"/><MeasureUnit v="KW1"/></Period><Period><TimeInterval v="2016-12-07T10:00Z/2016-12-07T11:00Z"/><Direction v="Z03"/><Quantity v="36751409"/><MeasureUnit v="KW1"/></Period><Period><TimeInterval v="2016-12-07T11:00Z/2016-12-07T12:00Z"/><Direction v="Z03"/><Quantity v="38364105"/><MeasureUnit v="KW1"/></Period><Period><TimeInterval v="2016-12-07T12:00Z/2016-12-07T13:00Z"/><Direction v="Z03"/><Quantity v="40455954"/><MeasureUnit v="KW1"/></Period><Period><TimeInterval v="2016-12-07T13:00Z/2016-12-07T14:00Z"/><Direction v="Z03"/><Quantity v="41027717"/><MeasureUnit v="KW1"/></Period><Period><TimeInterval v="2016-12-07T14:00Z/2016-12-07T15:00Z"/><Direction v="Z03"/><Quantity v="41178137"/><MeasureUnit v="KW1"/></Period><Period><TimeInterval v="2016-12-07T15:00Z/2016-12-07T16:00Z"/><Direction v="Z03"/><Quantity v="42384082"/><MeasureUnit v="KW1"/></Period><Period><TimeInterval v="2016-12-07T16:00Z/2016-12-07T17:00Z"/><Direction v="Z03"/><Quantity v="41884150"/><MeasureUnit v="KW1"/></Period><Period><TimeInterval v="2016-12-07T17:00Z/2016-12-07T18:00Z"/><Direction v="Z03"/><Quantity v="41789197"/><MeasureUnit v="KW1"/></Period><Period><TimeInterval v="2016-12-07T18:00Z/2016-12-07T19:00Z"/><Direction v="Z03"/><Quantity v="40500764"/><MeasureUnit v="KW1"/></Period><Period><TimeInterval v="2016-12-07T19:00Z/2016-12-07T20:00Z"/><Direction v="Z03"/><Quantity v="40313644"/><MeasureUnit v="KW1"/></Period><Period><TimeInterval v="2016-12-07T20:00Z/2016-12-07T21:00Z"/><Direction v="Z03"/><Quantity v="39643551"/><MeasureUnit v="KW1"/></Period><Period><TimeInterval v="2016-12-07T21:00Z/2016-12-07T22:00Z"/><Direction v="Z03"/><Quantity v="38502800"/><MeasureUnit v="KW1"/></Period><Period><TimeInterval v="2016-12-07T22:00Z/2016-12-07T23:00Z"/><Direction v="Z03"/><Quantity v="38196344"/><MeasureUnit v="KW1"/></Period><Period><TimeInterval v="2016-12-07T23:00Z/2016-12-08T00:00Z"/><Direction v="Z03"/><Quantity v="40171285"/><MeasureUnit v="KW1"/></Period><Period><TimeInterval v="2016-12-08T00:00Z/2016-12-08T01:00Z"/><Direction v="Z03"/><Quantity v="39045577"/><MeasureUnit v="KW1"/></Period><Period><TimeInterval v="2016-12-08T01:00Z/2016-12-08T02:00Z"/><Direction v="Z03"/><Quantity v="40008264"/><MeasureUnit v="KW1"/></Period><Period><TimeInterval v="2016-12-08T02:00Z/2016-12-08T03:00Z"/><Direction v="Z03"/><Quantity v="40134121"/><MeasureUnit v="KW1"/></Period><Period><TimeInterval v="2016-12-08T03:00Z/2016-12-08T04:00Z"/><Direction v="Z03"/><Quantity v="39727956"/><MeasureUnit v="KW1"/></Period><Period><TimeInterval v="2016-12-08T04:00Z/2016-12-08T05:00Z"/><Direction v="Z03"/><Quantity v="33841055"/><MeasureUnit v="KW1"/></Period></Category></ConnectionPoint></TransparencyPublication>