<?xml version="1.0" encoding="UTF-8"?><TransparencyPublication Version="EGAS50" Release="A"><Identification v="TRANPB20170102A104043"/><Version v="1"/><Type v="AL6"/><CreationDateTime v="2017-01-02T08:03:33.07Z"/><ValidityPeriod v="2016-12-04T05:00Z/2016-12-05T05:00Z"/><IssuerIdentification v="21X-DE-C-A0A0A-T" codingScheme="305"/><IssuerRole v="ZSO"/><RecipientIdentification v="10X1001A1001A353" codingScheme="305"/><RecipientRole v="ZUA"/><ConnectionPoint><Identification v="21Z0000000000236" codingScheme="305"/><Type v="Z25"/><Category><CapacityCode v="Z08"/><Period><TimeInterval v="2016-12-04T05:00Z/2016-12-04T06:00Z"/><Direction v="Z02"/><Quantity v="35741856"/><MeasureUnit v="KW1"/></Period><Period><TimeInterval v="2016-12-04T06:00Z/2016-12-04T07:00Z"/><Direction v="Z02"/><Quantity v="35709190"/><MeasureUnit v="KW1"/></Period><Period><TimeInterval v="2016-12-04T07:00Z/2016-12-04T08:00Z"/><Direction v="Z02"/><Quantity v="35713699"/><MeasureUnit v="KW1"/></Period><Period><TimeInterval v="2016-12-04T08:00Z/2016-12-04T09:00Z"/><Direction v="Z02"/><Quantity v="35664919"/><MeasureUnit v="KW1"/></Period><Period><TimeInterval v="2016-12-04T09:00Z/2016-12-04T10:00Z"/><Direction v="Z02"/><Quantity v="35750961"/><MeasureUnit v="KW1"/></Period><Period><TimeInterval v="2016-12-04T10:00Z/2016-12-04T11:00Z"/><Direction v="Z02"/><Quantity v="35818451"/><MeasureUnit v="KW1"/></Period><Period><TimeInterval v="2016-12-04T11:00Z/2016-12-04T12:00Z"/><Direction v="Z02"/><Quantity v="35995800"/><MeasureUnit v="KW1"/></Period><Period><TimeInterval v="2016-12-04T12:00Z/2016-12-04T13:00Z"/><Direction v="Z02"/><Quantity v="35911028"/><MeasureUnit v="KW1"/></Period><Period><TimeInterval v="2016-12-04T13:00Z/2016-12-04T14:00Z"/><Direction v="Z02"/><Quantity v="35385801"/><MeasureUnit v="KW1"/></Period><Period><TimeInterval v="2016-12-04T14:00Z/2016-12-04T15:00Z"/><Direction v="Z02"/><Quantity v="35402539"/><MeasureUnit v="KW1"/></Period><Period><TimeInterval v="2016-12-04T15:00Z/2016-12-04T16:00Z"/><Direction v="Z02"/><Quantity v="35445177"/><MeasureUnit v="KW1"/></Period><Period><TimeInterval v="2016-12-04T16:00Z/2016-12-04T17:00Z"/><Direction v="Z02"/><Quantity v="35447019"/><MeasureUnit v="KW1"/></Period><Period><TimeInterval v="2016-12-04T17:00Z/2016-12-04T18:00Z"/><Direction v="Z02"/><Quantity v="35436927"/><MeasureUnit v="KW1"/></Period><Period><TimeInterval v="2016-12-04T18:00Z/2016-12-04T19:00Z"/><Direction v="Z02"/><Quantity v="35515608"/><MeasureUnit v="KW1"/></Period><Period><TimeInterval v="2016-12-04T19:00Z/2016-12-04T20:00Z"/><Direction v="Z02"/><Quantity v="35497206"/><MeasureUnit v="KW1"/></Period><Period><TimeInterval v="2016-12-04T20:00Z/2016-12-04T21:00Z"/><Direction v="Z02"/><Quantity v="35505652"/><MeasureUnit v="KW1"/></Period><Period><TimeInterval v="2016-12-04T21:00Z/2016-12-04T22:00Z"/><Direction v="Z02"/><Quantity v="35367240"/><MeasureUnit v="KW1"/></Period><Period><TimeInterval v="2016-12-04T22:00Z/2016-12-04T23:00Z"/><Direction v="Z02"/><Quantity v="34552635"/><MeasureUnit v="KW1"/></Period><Period><TimeInterval v="2016-12-04T23:00Z/2016-12-05T00:00Z"/><Direction v="Z02"/><Quantity v="34559629"/><MeasureUnit v="KW1"/></Period><Period><TimeInterval v="2016-12-05T00:00Z/2016-12-05T01:00Z"/><Direction v="Z02"/><Quantity v="34574984"/><MeasureUnit v="KW1"/></Period><Period><TimeInterval v="2016-12-05T01:00Z/2016-12-05T02:00Z"/><Direction v="Z02"/><Quantity v="34615823"/><MeasureUnit v="KW1"/></Period><Period><TimeInterval v="2016-12-05T02:00Z/2016-12-05T03:00Z"/><Direction v="Z02"/><Quantity v="35131465"/><MeasureUnit v="KW1"/></Period><Period><TimeInterval v="2016-12-05T03:00Z/2016-12-05T04:00Z"/><Direction v="Z02"/><Quantity v="35163700"/><MeasureUnit v="KW1"/></Period><Period><TimeInterval v="2016-12-05T04:00Z/2016-12-05T05:00Z"/><Direction v="Z02"/><Quantity v="35262628"/><MeasureUnit v="KW1"/></Period></Category></ConnectionPoint><ConnectionPoint><Identification v="21Z0000000000406" codingScheme="305"/><Type v="Z25"/><Category><CapacityCode v="Z08"/><Period><TimeInterval v="2016-12-04T05:00Z/2016-12-04T06:00Z"/><Direction v="Z03"/><Quantity v="882962"/><MeasureUnit v="KW1"/></Period><Period><TimeInterval v="2016-12-04T06:00Z/2016-12-04T07:00Z"/><Direction v="Z03"/><Quantity v="890398"/><MeasureUnit v="KW1"/></Period><Period><TimeInterval v="2016-12-04T07:00Z/2016-12-04T08:00Z"/><Direction v="Z03"/><Quantity v="894071"/><MeasureUnit v="KW1"/></Period><Period><TimeInterval v="2016-12-04T08:00Z/2016-12-04T09:00Z"/><Direction v="Z03"/><Quantity v="897654"/><MeasureUnit v="KW1"/></Period><Period><TimeInterval v="2016-12-04T09:00Z/2016-12-04T10:00Z"/><Direction v="Z03"/><Quantity v="898890"/><MeasureUnit v="KW1"/></Period><Period><TimeInterval v="2016-12-04T10:00Z/2016-12-04T11:00Z"/><Direction v="Z03"/><Quantity v="897508"/><MeasureUnit v="KW1"/></Period><Period><TimeInterval v="2016-12-04T11:00Z/2016-12-04T12:00Z"/><Direction v="Z03"/><Quantity v="894186"/><MeasureUnit v="KW1"/></Period><Period><TimeInterval v="2016-12-04T12:00Z/2016-12-04T13:00Z"/><Direction v="Z03"/><Quantity v="888624"/><MeasureUnit v="KW1"/></Period><Period><TimeInterval v="2016-12-04T13:00Z/2016-12-04T14:00Z"/><Direction v="Z03"/><Quantity v="886574"/><MeasureUnit v="KW1"/></Period><Period><TimeInterval v="2016-12-04T14:00Z/2016-12-04T15:00Z"/><Direction v="Z03"/><Quantity v="886454"/><MeasureUnit v="KW1"/></Period><Period><TimeInterval v="2016-12-04T15:00Z/2016-12-04T16:00Z"/><Direction v="Z03"/><Quantity v="886242"/><MeasureUnit v="KW1"/></Period><Period><TimeInterval v="2016-12-04T16:00Z/2016-12-04T17:00Z"/><Direction v="Z03"/><Quantity v="887245"/><MeasureUnit v="KW1"/></Period><Period><TimeInterval v="2016-12-04T17:00Z/2016-12-04T18:00Z"/><Direction v="Z03"/><Quantity v="886798"/><MeasureUnit v="KW1"/></Period><Period><TimeInterval v="2016-12-04T18:00Z/2016-12-04T19:00Z"/><Direction v="Z03"/><Quantity v="887124"/><MeasureUnit v="KW1"/></Period><Period><TimeInterval v="2016-12-04T19:00Z/2016-12-04T20:00Z"/><Direction v="Z03"/><Quantity v="888090"/><MeasureUnit v="KW1"/></Period><Period><TimeInterval v="2016-12-04T20:00Z/2016-12-04T21:00Z"/><Direction v="Z03"/><Quantity v="889072"/><MeasureUnit v="KW1"/></Period><Period><TimeInterval v="2016-12-04T21:00Z/2016-12-04T22:00Z"/><Direction v="Z03"/><Quantity v="606588"/><MeasureUnit v="KW1"/></Period><Period><TimeInterval v="2016-12-04T22:00Z/2016-12-04T23:00Z"/><Direction v="Z03"/><Quantity v="594592"/><MeasureUnit v="KW1"/></Period><Period><TimeInterval v="2016-12-04T23:00Z/2016-12-05T00:00Z"/><Direction v="Z03"/><Quantity v="585126"/><MeasureUnit v="KW1"/></Period><Period><TimeInterval v="2016-12-05T00:00Z/2016-12-05T01:00Z"/><Direction v="Z03"/><Quantity v="572727"/><MeasureUnit v="KW1"/></Period><Period><TimeInterval v="2016-12-05T01:00Z/2016-12-05T02:00Z"/><Direction v="Z03"/><Quantity v="571932"/><MeasureUnit v="KW1"/></Period><Period><TimeInterval v="2016-12-05T02:00Z/2016-12-05T03:00Z"/><Direction v="Z03"/><Quantity v="571677"/><MeasureUnit v="KW1"/></Period><Period><TimeInterval v="2016-12-05T03:00Z/2016-12-05T04:00Z"/><Direction v="Z03"/><Quantity v="572527"/><MeasureUnit v="KW1"/></Period><Period><TimeInterval v="2016-12-05T04:00Z/2016-12-05T05:00Z"/><Direction v="Z03"/><Quantity v="670083"/><MeasureUnit v="KW1"/></Period></Category></ConnectionPoint><ConnectionPoint><Identification v="21Z000000000073S" codingScheme="305"/><Type v="Z25"/><Category><CapacityCode v="Z08"/><Period><TimeInterval v="2016-12-04T05:00Z/2016-12-04T06:00Z"/><Direction v="Z02"/><Quantity v="14132917"/><MeasureUnit v="KW1"/></Period><Period><TimeInterval v="2016-12-04T06:00Z/2016-12-04T07:00Z"/><Direction v="Z02"/><Quantity v="13949062"/><MeasureUnit v="KW1"/></Period><Period><TimeInterval v="2016-12-04T07:00Z/2016-12-04T08:00Z"/><Direction v="Z02"/><Quantity v="14103352"/><MeasureUnit v="KW1"/></Period><Period><TimeInterval v="2016-12-04T08:00Z/2016-12-04T09:00Z"/><Direction v="Z02"/><Quantity v="14170372"/><MeasureUnit v="KW1"/></Period><Period><TimeInterval v="2016-12-04T09:00Z/2016-12-04T10:00Z"/><Direction v="Z02"/><Quantity v="14239078"/><MeasureUnit v="KW1"/></Period><Period><TimeInterval v="2016-12-04T10:00Z/2016-12-04T11:00Z"/><Direction v="Z02"/><Quantity v="13943481"/><MeasureUnit v="KW1"/></Period><Period><TimeInterval v="2016-12-04T11:00Z/2016-12-04T12:00Z"/><Direction v="Z02"/><Quantity v="13920808"/><MeasureUnit v="KW1"/></Period><Period><TimeInterval v="2016-12-04T12:00Z/2016-12-04T13:00Z"/><Direction v="Z02"/><Quantity v="14922890"/><MeasureUnit v="KW1"/></Period><Period><TimeInterval v="2016-12-04T13:00Z/2016-12-04T14:00Z"/><Direction v="Z02"/><Quantity v="14515486"/><MeasureUnit v="KW1"/></Period><Period><TimeInterval v="2016-12-04T14:00Z/2016-12-04T15:00Z"/><Direction v="Z02"/><Quantity v="14606136"/><MeasureUnit v="KW1"/></Period><Period><TimeInterval v="2016-12-04T15:00Z/2016-12-04T16:00Z"/><Direction v="Z02"/><Quantity v="14531914"/><MeasureUnit v="KW1"/></Period><Period><TimeInterval v="2016-12-04T16:00Z/2016-12-04T17:00Z"/><Direction v="Z02"/><Quantity v="14914324"/><MeasureUnit v="KW1"/></Period><Period><TimeInterval v="2016-12-04T17:00Z/2016-12-04T18:00Z"/><Direction v="Z02"/><Quantity v="14953550"/><MeasureUnit v="KW1"/></Period><Period><TimeInterval v="2016-12-04T18:00Z/2016-12-04T19:00Z"/><Direction v="Z02"/><Quantity v="14905377"/><MeasureUnit v="KW1"/></Period><Period><TimeInterval v="2016-12-04T19:00Z/2016-12-04T20:00Z"/><Direction v="Z02"/><Quantity v="14637026"/><MeasureUnit v="KW1"/></Period><Period><TimeInterval v="2016-12-04T20:00Z/2016-12-04T21:00Z"/><Direction v="Z02"/><Quantity v="13959884"/><MeasureUnit v="KW1"/></Period><Period><TimeInterval v="2016-12-04T21:00Z/2016-12-04T22:00Z"/><Direction v="Z02"/><Quantity v="14071127"/><MeasureUnit v="KW1"/></Period><Period><TimeInterval v="2016-12-04T22:00Z/2016-12-04T23:00Z"/><Direction v="Z02"/><Quantity v="13763236"/><MeasureUnit v="KW1"/></Period><Period><TimeInterval v="2016-12-04T23:00Z/2016-12-05T00:00Z"/><Direction v="Z02"/><Quantity v="13627573"/><MeasureUnit v="KW1"/></Period><Period><TimeInterval v="2016-12-05T00:00Z/2016-12-05T01:00Z"/><Direction v="Z02"/><Quantity v="13111839"/><MeasureUnit v="KW1"/></Period><Period><TimeInterval v="2016-12-05T01:00Z/2016-12-05T02:00Z"/><Direction v="Z02"/><Quantity v="13675962"/><MeasureUnit v="KW1"/></Period><Period><TimeInterval v="2016-12-05T02:00Z/2016-12-05T03:00Z"/><Direction v="Z02"/><Quantity v="13835582"/><MeasureUnit v="KW1"/></Period><Period><TimeInterval v="2016-12-05T03:00Z/2016-12-05T04:00Z"/><Direction v="Z02"/><Quantity v="14291855"/><MeasureUnit v="KW1"/></Period><Period><TimeInterval v="2016-12-05T04:00Z/2016-12-05T05:00Z"/><Direction v="Z02"/><Quantity v="14658636"/><MeasureUnit v="KW1"/></Period></Category></ConnectionPoint><ConnectionPoint><Identification v="21Z0000000001232" codingScheme="305"/><Type v="Z25"/><Category><CapacityCode v="Z08"/><Period><TimeInterval v="2016-12-04T05:00Z/2016-12-04T06:00Z"/><Direction v="Z03"/><Quantity v="10089487"/><MeasureUnit v="KW1"/></Period><Period><TimeInterval v="2016-12-04T06:00Z/2016-12-04T07:00Z"/><Direction v="Z03"/><Quantity v="10131848"/><MeasureUnit v="KW1"/></Period><Period><TimeInterval v="2016-12-04T07:00Z/2016-12-04T08:00Z"/><Direction v="Z03"/><Quantity v="10140105"/><MeasureUnit v="KW1"/></Period><Period><TimeInterval v="2016-12-04T08:00Z/2016-12-04T09:00Z"/><Direction v="Z03"/><Quantity v="10183140"/><MeasureUnit v="KW1"/></Period><Period><TimeInterval v="2016-12-04T09:00Z/2016-12-04T10:00Z"/><Direction v="Z03"/><Quantity v="10196333"/><MeasureUnit v="KW1"/></Period><Period><TimeInterval v="2016-12-04T10:00Z/2016-12-04T11:00Z"/><Direction v="Z03"/><Quantity v="10202147"/><MeasureUnit v="KW1"/></Period><Period><TimeInterval v="2016-12-04T11:00Z/2016-12-04T12:00Z"/><Direction v="Z03"/><Quantity v="10228912"/><MeasureUnit v="KW1"/></Period><Period><TimeInterval v="2016-12-04T12:00Z/2016-12-04T13:00Z"/><Direction v="Z03"/><Quantity v="10105440"/><MeasureUnit v="KW1"/></Period><Period><TimeInterval v="2016-12-04T13:00Z/2016-12-04T14:00Z"/><Direction v="Z03"/><Quantity v="9891199"/><MeasureUnit v="KW1"/></Period><Period><TimeInterval v="2016-12-04T14:00Z/2016-12-04T15:00Z"/><Direction v="Z03"/><Quantity v="9978975"/><MeasureUnit v="KW1"/></Period><Period><TimeInterval v="2016-12-04T15:00Z/2016-12-04T16:00Z"/><Direction v="Z03"/><Quantity v="9951473"/><MeasureUnit v="KW1"/></Period><Period><TimeInterval v="2016-12-04T16:00Z/2016-12-04T17:00Z"/><Direction v="Z03"/><Quantity v="9929751"/><MeasureUnit v="KW1"/></Period><Period><TimeInterval v="2016-12-04T17:00Z/2016-12-04T18:00Z"/><Direction v="Z03"/><Quantity v="9921211"/><MeasureUnit v="KW1"/></Period><Period><TimeInterval v="2016-12-04T18:00Z/2016-12-04T19:00Z"/><Direction v="Z03"/><Quantity v="9958778"/><MeasureUnit v="KW1"/></Period><Period><TimeInterval v="2016-12-04T19:00Z/2016-12-04T20:00Z"/><Direction v="Z03"/><Quantity v="9972747"/><MeasureUnit v="KW1"/></Period><Period><TimeInterval v="2016-12-04T20:00Z/2016-12-04T21:00Z"/><Direction v="Z03"/><Quantity v="10015266"/><MeasureUnit v="KW1"/></Period><Period><TimeInterval v="2016-12-04T21:00Z/2016-12-04T22:00Z"/><Direction v="Z03"/><Quantity v="10098345"/><MeasureUnit v="KW1"/></Period><Period><TimeInterval v="2016-12-04T22:00Z/2016-12-04T23:00Z"/><Direction v="Z03"/><Quantity v="10135560"/><MeasureUnit v="KW1"/></Period><Period><TimeInterval v="2016-12-04T23:00Z/2016-12-05T00:00Z"/><Direction v="Z03"/><Quantity v="9931973"/><MeasureUnit v="KW1"/></Period><Period><TimeInterval v="2016-12-05T00:00Z/2016-12-05T01:00Z"/><Direction v="Z03"/><Quantity v="10033673"/><MeasureUnit v="KW1"/></Period><Period><TimeInterval v="2016-12-05T01:00Z/2016-12-05T02:00Z"/><Direction v="Z03"/><Quantity v="10140320"/><MeasureUnit v="KW1"/></Period><Period><TimeInterval v="2016-12-05T02:00Z/2016-12-05T03:00Z"/><Direction v="Z03"/><Quantity v="10218598"/><MeasureUnit v="KW1"/></Period><Period><TimeInterval v="2016-12-05T03:00Z/2016-12-05T04:00Z"/><Direction v="Z03"/><Quantity v="10235157"/><MeasureUnit v="KW1"/></Period><Period><TimeInterval v="2016-12-05T04:00Z/2016-12-05T05:00Z"/><Direction v="Z03"/><Quantity v="10203938"/><MeasureUnit v="KW1"/></Period></Category></ConnectionPoint><ConnectionPoint><Identification v="21Z000000000075O" codingScheme="305"/><Type v="Z25"/><Category><CapacityCode v="Z08"/><Period><TimeInterval v="2016-12-04T05:00Z/2016-12-04T06:00Z"/><Direction v="Z02"/><Quantity v="0"/><MeasureUnit v="KW1"/></Period><Period><TimeInterval v="2016-12-04T06:00Z/2016-12-04T07:00Z"/><Direction v="Z02"/><Quantity v="0"/><MeasureUnit v="KW1"/></Period><Period><TimeInterval v="2016-12-04T07:00Z/2016-12-04T08:00Z"/><Direction v="Z02"/><Quantity v="0"/><MeasureUnit v="KW1"/></Period><Period><TimeInterval v="2016-12-04T08:00Z/2016-12-04T09:00Z"/><Direction v="Z02"/><Quantity v="0"/><MeasureUnit v="KW1"/></Period><Period><TimeInterval v="2016-12-04T09:00Z/2016-12-04T10:00Z"/><Direction v="Z02"/><Quantity v="0"/><MeasureUnit v="KW1"/></Period><Period><TimeInterval v="2016-12-04T10:00Z/2016-12-04T11:00Z"/><Direction v="Z02"/><Quantity v="0"/><MeasureUnit v="KW1"/></Period><Period><TimeInterval v="2016-12-04T11:00Z/2016-12-04T12:00Z"/><Direction v="Z02"/><Quantity v="0"/><MeasureUnit v="KW1"/></Period><Period><TimeInterval v="2016-12-04T12:00Z/2016-12-04T13:00Z"/><Direction v="Z02"/><Quantity v="0"/><MeasureUnit v="KW1"/></Period><Period><TimeInterval v="2016-12-04T13:00Z/2016-12-04T14:00Z"/><Direction v="Z02"/><Quantity v="0"/><MeasureUnit v="KW1"/></Period><Period><TimeInterval v="2016-12-04T14:00Z/2016-12-04T15:00Z"/><Direction v="Z02"/><Quantity v="0"/><MeasureUnit v="KW1"/></Period><Period><TimeInterval v="2016-12-04T15:00Z/2016-12-04T16:00Z"/><Direction v="Z02"/><Quantity v="0"/><MeasureUnit v="KW1"/></Period><Period><TimeInterval v="2016-12-04T16:00Z/2016-12-04T17:00Z"/><Direction v="Z02"/><Quantity v="0"/><MeasureUnit v="KW1"/></Period><Period><TimeInterval v="2016-12-04T17:00Z/2016-12-04T18:00Z"/><Direction v="Z02"/><Quantity v="0"/><MeasureUnit v="KW1"/></Period><Period><TimeInterval v="2016-12-04T18:00Z/2016-12-04T19:00Z"/><Direction v="Z02"/><Quantity v="0"/><MeasureUnit v="KW1"/></Period><Period><TimeInterval v="2016-12-04T19:00Z/2016-12-04T20:00Z"/><Direction v="Z02"/><Quantity v="0"/><MeasureUnit v="KW1"/></Period><Period><TimeInterval v="2016-12-04T20:00Z/2016-12-04T21:00Z"/><Direction v="Z02"/><Quantity v="0"/><MeasureUnit v="KW1"/></Period><Period><TimeInterval v="2016-12-04T21:00Z/2016-12-04T22:00Z"/><Direction v="Z02"/><Quantity v="0"/><MeasureUnit v="KW1"/></Period><Period><TimeInterval v="2016-12-04T22:00Z/2016-12-04T23:00Z"/><Direction v="Z02"/><Quantity v="0"/><MeasureUnit v="KW1"/></Period><Period><TimeInterval v="2016-12-04T23:00Z/2016-12-05T00:00Z"/><Direction v="Z02"/><Quantity v="0"/><MeasureUnit v="KW1"/></Period><Period><TimeInterval v="2016-12-05T00:00Z/2016-12-05T01:00Z"/><Direction v="Z02"/><Quantity v="0"/><MeasureUnit v="KW1"/></Period><Period><TimeInterval v="2016-12-05T01:00Z/2016-12-05T02:00Z"/><Direction v="Z02"/><Quantity v="0"/><MeasureUnit v="KW1"/></Period><Period><TimeInterval v="2016-12-05T02:00Z/2016-12-05T03:00Z"/><Direction v="Z02"/><Quantity v="0"/><MeasureUnit v="KW1"/></Period><Period><TimeInterval v="2016-12-05T03:00Z/2016-12-05T04:00Z"/><Direction v="Z02"/><Quantity v="0"/><MeasureUnit v="KW1"/></Period><Period><TimeInterval v="2016-12-05T04:00Z/2016-12-05T05:00Z"/><Direction v="Z02"/><Quantity v="0"/><MeasureUnit v="KW1"/></Period><Period><TimeInterval v="2016-12-04T05:00Z/2016-12-04T06:00Z"/><Direction v="Z03"/><Quantity v="8946747"/><MeasureUnit v="KW1"/></Period><Period><TimeInterval v="2016-12-04T06:00Z/2016-12-04T07:00Z"/><Direction v="Z03"/><Quantity v="8856714"/><MeasureUnit v="KW1"/></Period><Period><TimeInterval v="2016-12-04T07:00Z/2016-12-04T08:00Z"/><Direction v="Z03"/><Quantity v="8875238"/><MeasureUnit v="KW1"/></Period><Period><TimeInterval v="2016-12-04T08:00Z/2016-12-04T09:00Z"/><Direction v="Z03"/><Quantity v="8896211"/><MeasureUnit v="KW1"/></Period><Period><TimeInterval v="2016-12-04T09:00Z/2016-12-04T10:00Z"/><Direction v="Z03"/><Quantity v="10977679"/><MeasureUnit v="KW1"/></Period><Period><TimeInterval v="2016-12-04T10:00Z/2016-12-04T11:00Z"/><Direction v="Z03"/><Quantity v="11158896"/><MeasureUnit v="KW1"/></Period><Period><TimeInterval v="2016-12-04T11:00Z/2016-12-04T12:00Z"/><Direction v="Z03"/><Quantity v="11134691"/><MeasureUnit v="KW1"/></Period><Period><TimeInterval v="2016-12-04T12:00Z/2016-12-04T13:00Z"/><Direction v="Z03"/><Quantity v="11176396"/><MeasureUnit v="KW1"/></Period><Period><TimeInterval v="2016-12-04T13:00Z/2016-12-04T14:00Z"/><Direction v="Z03"/><Quantity v="11169306"/><MeasureUnit v="KW1"/></Period><Period><TimeInterval v="2016-12-04T14:00Z/2016-12-04T15:00Z"/><Direction v="Z03"/><Quantity v="11163097"/><MeasureUnit v="KW1"/></Period><Period><TimeInterval v="2016-12-04T15:00Z/2016-12-04T16:00Z"/><Direction v="Z03"/><Quantity v="11179220"/><MeasureUnit v="KW1"/></Period><Period><TimeInterval v="2016-12-04T16:00Z/2016-12-04T17:00Z"/><Direction v="Z03"/><Quantity v="11168326"/><MeasureUnit v="KW1"/></Period><Period><TimeInterval v="2016-12-04T17:00Z/2016-12-04T18:00Z"/><Direction v="Z03"/><Quantity v="11159322"/><MeasureUnit v="KW1"/></Period><Period><TimeInterval v="2016-12-04T18:00Z/2016-12-04T19:00Z"/><Direction v="Z03"/><Quantity v="10665328"/><MeasureUnit v="KW1"/></Period><Period><TimeInterval v="2016-12-04T19:00Z/2016-12-04T20:00Z"/><Direction v="Z03"/><Quantity v="9915014"/><MeasureUnit v="KW1"/></Period><Period><TimeInterval v="2016-12-04T20:00Z/2016-12-04T21:00Z"/><Direction v="Z03"/><Quantity v="8954374"/><MeasureUnit v="KW1"/></Period><Period><TimeInterval v="2016-12-04T21:00Z/2016-12-04T22:00Z"/><Direction v="Z03"/><Quantity v="7140840"/><MeasureUnit v="KW1"/></Period><Period><TimeInterval v="2016-12-04T22:00Z/2016-12-04T23:00Z"/><Direction v="Z03"/><Quantity v="5443470"/><MeasureUnit v="KW1"/></Period><Period><TimeInterval v="2016-12-04T23:00Z/2016-12-05T00:00Z"/><Direction v="Z03"/><Quantity v="5729347"/><MeasureUnit v="KW1"/></Period><Period><TimeInterval v="2016-12-05T00:00Z/2016-12-05T01:00Z"/><Direction v="Z03"/><Quantity v="5800849"/><MeasureUnit v="KW1"/></Period><Period><TimeInterval v="2016-12-05T01:00Z/2016-12-05T02:00Z"/><Direction v="Z03"/><Quantity v="5778660"/><MeasureUnit v="KW1"/></Period><Period><TimeInterval v="2016-12-05T02:00Z/2016-12-05T03:00Z"/><Direction v="Z03"/><Quantity v="5751806"/><MeasureUnit v="KW1"/></Period><Period><TimeInterval v="2016-12-05T03:00Z/2016-12-05T04:00Z"/><Direction v="Z03"/><Quantity v="5795398"/><MeasureUnit v="KW1"/></Period><Period><TimeInterval v="2016-12-05T04:00Z/2016-12-05T05:00Z"/><Direction v="Z03"/><Quantity v="5768384"/><MeasureUnit v="KW1"/></Period></Category></ConnectionPoint><ConnectionPoint><Identification v="21Z000000000053Y" codingScheme="305"/><Type v="Z25"/><Category><CapacityCode v="Z08"/><Period><TimeInterval v="2016-12-04T05:00Z/2016-12-04T06:00Z"/><Direction v="Z02"/><Quantity v="29057117"/><MeasureUnit v="KW1"/></Period><Period><TimeInterval v="2016-12-04T06:00Z/2016-12-04T07:00Z"/><Direction v="Z02"/><Quantity v="28958820"/><MeasureUnit v="KW1"/></Period><Period><TimeInterval v="2016-12-04T07:00Z/2016-12-04T08:00Z"/><Direction v="Z02"/><Quantity v="28850156"/><MeasureUnit v="KW1"/></Period><Period><TimeInterval v="2016-12-04T08:00Z/2016-12-04T09:00Z"/><Direction v="Z02"/><Quantity v="25407957"/><MeasureUnit v="KW1"/></Period><Period><TimeInterval v="2016-12-04T09:00Z/2016-12-04T10:00Z"/><Direction v="Z02"/><Quantity v="24983044"/><MeasureUnit v="KW1"/></Period><Period><TimeInterval v="2016-12-04T10:00Z/2016-12-04T11:00Z"/><Direction v="Z02"/><Quantity v="24892404"/><MeasureUnit v="KW1"/></Period><Period><TimeInterval v="2016-12-04T11:00Z/2016-12-04T12:00Z"/><Direction v="Z02"/><Quantity v="28913016"/><MeasureUnit v="KW1"/></Period><Period><TimeInterval v="2016-12-04T12:00Z/2016-12-04T13:00Z"/><Direction v="Z02"/><Quantity v="28959953"/><MeasureUnit v="KW1"/></Period><Period><TimeInterval v="2016-12-04T13:00Z/2016-12-04T14:00Z"/><Direction v="Z02"/><Quantity v="28923844"/><MeasureUnit v="KW1"/></Period><Period><TimeInterval v="2016-12-04T14:00Z/2016-12-04T15:00Z"/><Direction v="Z02"/><Quantity v="28928038"/><MeasureUnit v="KW1"/></Period><Period><TimeInterval v="2016-12-04T15:00Z/2016-12-04T16:00Z"/><Direction v="Z02"/><Quantity v="28880900"/><MeasureUnit v="KW1"/></Period><Period><TimeInterval v="2016-12-04T16:00Z/2016-12-04T17:00Z"/><Direction v="Z02"/><Quantity v="29001540"/><MeasureUnit v="KW1"/></Period><Period><TimeInterval v="2016-12-04T17:00Z/2016-12-04T18:00Z"/><Direction v="Z02"/><Quantity v="29148986"/><MeasureUnit v="KW1"/></Period><Period><TimeInterval v="2016-12-04T18:00Z/2016-12-04T19:00Z"/><Direction v="Z02"/><Quantity v="28981277"/><MeasureUnit v="KW1"/></Period><Period><TimeInterval v="2016-12-04T19:00Z/2016-12-04T20:00Z"/><Direction v="Z02"/><Quantity v="28920697"/><MeasureUnit v="KW1"/></Period><Period><TimeInterval v="2016-12-04T20:00Z/2016-12-04T21:00Z"/><Direction v="Z02"/><Quantity v="28764948"/><MeasureUnit v="KW1"/></Period><Period><TimeInterval v="2016-12-04T21:00Z/2016-12-04T22:00Z"/><Direction v="Z02"/><Quantity v="25286197"/><MeasureUnit v="KW1"/></Period><Period><TimeInterval v="2016-12-04T22:00Z/2016-12-04T23:00Z"/><Direction v="Z02"/><Quantity v="24927447"/><MeasureUnit v="KW1"/></Period><Period><TimeInterval v="2016-12-04T23:00Z/2016-12-05T00:00Z"/><Direction v="Z02"/><Quantity v="24871147"/><MeasureUnit v="KW1"/></Period><Period><TimeInterval v="2016-12-05T00:00Z/2016-12-05T01:00Z"/><Direction v="Z02"/><Quantity v="24929029"/><MeasureUnit v="KW1"/></Period><Period><TimeInterval v="2016-12-05T01:00Z/2016-12-05T02:00Z"/><Direction v="Z02"/><Quantity v="25586888"/><MeasureUnit v="KW1"/></Period><Period><TimeInterval v="2016-12-05T02:00Z/2016-12-05T03:00Z"/><Direction v="Z02"/><Quantity v="24101628"/><MeasureUnit v="KW1"/></Period><Period><TimeInterval v="2016-12-05T03:00Z/2016-12-05T04:00Z"/><Direction v="Z02"/><Quantity v="23828143"/><MeasureUnit v="KW1"/></Period><Period><TimeInterval v="2016-12-05T04:00Z/2016-12-05T05:00Z"/><Direction v="Z02"/><Quantity v="23809355"/><MeasureUnit v="KW1"/></Period></Category></ConnectionPoint><ConnectionPoint><Identification v="21Z0000000000503" codingScheme="305"/><Type v="Z25"/><Category><CapacityCode v="Z08"/><Period><TimeInterval v="2016-12-04T05:00Z/2016-12-04T06:00Z"/><Direction v="Z02"/><Quantity v="0"/><MeasureUnit v="KW1"/></Period><Period><TimeInterval v="2016-12-04T06:00Z/2016-12-04T07:00Z"/><Direction v="Z02"/><Quantity v="0"/><MeasureUnit v="KW1"/></Period><Period><TimeInterval v="2016-12-04T07:00Z/2016-12-04T08:00Z"/><Direction v="Z02"/><Quantity v="0"/><MeasureUnit v="KW1"/></Period><Period><TimeInterval v="2016-12-04T08:00Z/2016-12-04T09:00Z"/><Direction v="Z02"/><Quantity v="0"/><MeasureUnit v="KW1"/></Period><Period><TimeInterval v="2016-12-04T09:00Z/2016-12-04T10:00Z"/><Direction v="Z02"/><Quantity v="0"/><MeasureUnit v="KW1"/></Period><Period><TimeInterval v="2016-12-04T10:00Z/2016-12-04T11:00Z"/><Direction v="Z02"/><Quantity v="0"/><MeasureUnit v="KW1"/></Period><Period><TimeInterval v="2016-12-04T11:00Z/2016-12-04T12:00Z"/><Direction v="Z02"/><Quantity v="0"/><MeasureUnit v="KW1"/></Period><Period><TimeInterval v="2016-12-04T12:00Z/2016-12-04T13:00Z"/><Direction v="Z02"/><Quantity v="0"/><MeasureUnit v="KW1"/></Period><Period><TimeInterval v="2016-12-04T13:00Z/2016-12-04T14:00Z"/><Direction v="Z02"/><Quantity v="0"/><MeasureUnit v="KW1"/></Period><Period><TimeInterval v="2016-12-04T14:00Z/2016-12-04T15:00Z"/><Direction v="Z02"/><Quantity v="0"/><MeasureUnit v="KW1"/></Period><Period><TimeInterval v="2016-12-04T15:00Z/2016-12-04T16:00Z"/><Direction v="Z02"/><Quantity v="0"/><MeasureUnit v="KW1"/></Period><Period><TimeInterval v="2016-12-04T16:00Z/2016-12-04T17:00Z"/><Direction v="Z02"/><Quantity v="0"/><MeasureUnit v="KW1"/></Period><Period><TimeInterval v="2016-12-04T17:00Z/2016-12-04T18:00Z"/><Direction v="Z02"/><Quantity v="0"/><MeasureUnit v="KW1"/></Period><Period><TimeInterval v="2016-12-04T18:00Z/2016-12-04T19:00Z"/><Direction v="Z02"/><Quantity v="0"/><MeasureUnit v="KW1"/></Period><Period><TimeInterval v="2016-12-04T19:00Z/2016-12-04T20:00Z"/><Direction v="Z02"/><Quantity v="0"/><MeasureUnit v="KW1"/></Period><Period><TimeInterval v="2016-12-04T20:00Z/2016-12-04T21:00Z"/><Direction v="Z02"/><Quantity v="0"/><MeasureUnit v="KW1"/></Period><Period><TimeInterval v="2016-12-04T21:00Z/2016-12-04T22:00Z"/><Direction v="Z02"/><Quantity v="0"/><MeasureUnit v="KW1"/></Period><Period><TimeInterval v="2016-12-04T22:00Z/2016-12-04T23:00Z"/><Direction v="Z02"/><Quantity v="0"/><MeasureUnit v="KW1"/></Period><Period><TimeInterval v="2016-12-04T23:00Z/2016-12-05T00:00Z"/><Direction v="Z02"/><Quantity v="0"/><MeasureUnit v="KW1"/></Period><Period><TimeInterval v="2016-12-05T00:00Z/2016-12-05T01:00Z"/><Direction v="Z02"/><Quantity v="0"/><MeasureUnit v="KW1"/></Period><Period><TimeInterval v="2016-12-05T01:00Z/2016-12-05T02:00Z"/><Direction v="Z02"/><Quantity v="0"/><MeasureUnit v="KW1"/></Period><Period><TimeInterval v="2016-12-05T02:00Z/2016-12-05T03:00Z"/><Direction v="Z02"/><Quantity v="0"/><MeasureUnit v="KW1"/></Period><Period><TimeInterval v="2016-12-05T03:00Z/2016-12-05T04:00Z"/><Direction v="Z02"/><Quantity v="0"/><MeasureUnit v="KW1"/></Period><Period><TimeInterval v="2016-12-05T04:00Z/2016-12-05T05:00Z"/><Direction v="Z02"/><Quantity v="0"/><MeasureUnit v="KW1"/></Period></Category></ConnectionPoint><ConnectionPoint><Identification v="37Z000000006389D" codingScheme="305"/><Type v="Z26"/><Category><CapacityCode v="Z08"/><Period><TimeInterval v="2016-12-04T05:00Z/2016-12-04T06:00Z"/><Direction v="Z03"/><Quantity v="0"/><MeasureUnit v="KW1"/></Period><Period><TimeInterval v="2016-12-04T06:00Z/2016-12-04T07:00Z"/><Direction v="Z03"/><Quantity v="0"/><MeasureUnit v="KW1"/></Period><Period><TimeInterval v="2016-12-04T07:00Z/2016-12-04T08:00Z"/><Direction v="Z03"/><Quantity v="0"/><MeasureUnit v="KW1"/></Period><Period><TimeInterval v="2016-12-04T08:00Z/2016-12-04T09:00Z"/><Direction v="Z03"/><Quantity v="0"/><MeasureUnit v="KW1"/></Period><Period><TimeInterval v="2016-12-04T09:00Z/2016-12-04T10:00Z"/><Direction v="Z03"/><Quantity v="0"/><MeasureUnit v="KW1"/></Period><Period><TimeInterval v="2016-12-04T10:00Z/2016-12-04T11:00Z"/><Direction v="Z03"/><Quantity v="0"/><MeasureUnit v="KW1"/></Period><Period><TimeInterval v="2016-12-04T11:00Z/2016-12-04T12:00Z"/><Direction v="Z03"/><Quantity v="0"/><MeasureUnit v="KW1"/></Period><Period><TimeInterval v="2016-12-04T12:00Z/2016-12-04T13:00Z"/><Direction v="Z03"/><Quantity v="0"/><MeasureUnit v="KW1"/></Period><Period><TimeInterval v="2016-12-04T13:00Z/2016-12-04T14:00Z"/><Direction v="Z03"/><Quantity v="0"/><MeasureUnit v="KW1"/></Period><Period><TimeInterval v="2016-12-04T14:00Z/2016-12-04T15:00Z"/><Direction v="Z03"/><Quantity v="0"/><MeasureUnit v="KW1"/></Period><Period><TimeInterval v="2016-12-04T15:00Z/2016-12-04T16:00Z"/><Direction v="Z03"/><Quantity v="0"/><MeasureUnit v="KW1"/></Period><Period><TimeInterval v="2016-12-04T16:00Z/2016-12-04T17:00Z"/><Direction v="Z03"/><Quantity v="0"/><MeasureUnit v="KW1"/></Period><Period><TimeInterval v="2016-12-04T17:00Z/2016-12-04T18:00Z"/><Direction v="Z03"/><Quantity v="0"/><MeasureUnit v="KW1"/></Period><Period><TimeInterval v="2016-12-04T18:00Z/2016-12-04T19:00Z"/><Direction v="Z03"/><Quantity v="0"/><MeasureUnit v="KW1"/></Period><Period><TimeInterval v="2016-12-04T19:00Z/2016-12-04T20:00Z"/><Direction v="Z03"/><Quantity v="0"/><MeasureUnit v="KW1"/></Period><Period><TimeInterval v="2016-12-04T20:00Z/2016-12-04T21:00Z"/><Direction v="Z03"/><Quantity v="0"/><MeasureUnit v="KW1"/></Period><Period><TimeInterval v="2016-12-04T21:00Z/2016-12-04T22:00Z"/><Direction v="Z03"/><Quantity v="0"/><MeasureUnit v="KW1"/></Period><Period><TimeInterval v="2016-12-04T22:00Z/2016-12-04T23:00Z"/><Direction v="Z03"/><Quantity v="0"/><MeasureUnit v="KW1"/></Period><Period><TimeInterval v="2016-12-04T23:00Z/2016-12-05T00:00Z"/><Direction v="Z03"/><Quantity v="0"/><MeasureUnit v="KW1"/></Period><Period><TimeInterval v="2016-12-05T00:00Z/2016-12-05T01:00Z"/><Direction v="Z03"/><Quantity v="0"/><MeasureUnit v="KW1"/></Period><Period><TimeInterval v="2016-12-05T01:00Z/2016-12-05T02:00Z"/><Direction v="Z03"/><Quantity v="0"/><MeasureUnit v="KW1"/></Period><Period><TimeInterval v="2016-12-05T02:00Z/2016-12-05T03:00Z"/><Direction v="Z03"/><Quantity v="0"/><MeasureUnit v="KW1"/></Period><Period><TimeInterval v="2016-12-05T03:00Z/2016-12-05T04:00Z"/><Direction v="Z03"/><Quantity v="0"/><MeasureUnit v="KW1"/></Period><Period><TimeInterval v="2016-12-05T04:00Z/2016-12-05T05:00Z"/><Direction v="Z03"/><Quantity v="0"/><MeasureUnit v="KW1"/></Period></Category></ConnectionPoint><ConnectionPoint><Identification v="21Z000000000001G" codingScheme="305"/><Type v="Z25"/><Category><CapacityCode v="Z08"/><Period><TimeInterval v="2016-12-04T05:00Z/2016-12-04T06:00Z"/><Direction v="Z03"/><Quantity v="2566210"/><MeasureUnit v="KW1"/></Period><Period><TimeInterval v="2016-12-04T06:00Z/2016-12-04T07:00Z"/><Direction v="Z03"/><Quantity v="2702466"/><MeasureUnit v="KW1"/></Period><Period><TimeInterval v="2016-12-04T07:00Z/2016-12-04T08:00Z"/><Direction v="Z03"/><Quantity v="3154938"/><MeasureUnit v="KW1"/></Period><Period><TimeInterval v="2016-12-04T08:00Z/2016-12-04T09:00Z"/><Direction v="Z03"/><Quantity v="3595169"/><MeasureUnit v="KW1"/></Period><Period><TimeInterval v="2016-12-04T09:00Z/2016-12-04T10:00Z"/><Direction v="Z03"/><Quantity v="3324777"/><MeasureUnit v="KW1"/></Period><Period><TimeInterval v="2016-12-04T10:00Z/2016-12-04T11:00Z"/><Direction v="Z03"/><Quantity v="3535097"/><MeasureUnit v="KW1"/></Period><Period><TimeInterval v="2016-12-04T11:00Z/2016-12-04T12:00Z"/><Direction v="Z03"/><Quantity v="3357812"/><MeasureUnit v="KW1"/></Period><Period><TimeInterval v="2016-12-04T12:00Z/2016-12-04T13:00Z"/><Direction v="Z03"/><Quantity v="3161559"/><MeasureUnit v="KW1"/></Period><Period><TimeInterval v="2016-12-04T13:00Z/2016-12-04T14:00Z"/><Direction v="Z03"/><Quantity v="3057378"/><MeasureUnit v="KW1"/></Period><Period><TimeInterval v="2016-12-04T14:00Z/2016-12-04T15:00Z"/><Direction v="Z03"/><Quantity v="3016026"/><MeasureUnit v="KW1"/></Period><Period><TimeInterval v="2016-12-04T15:00Z/2016-12-04T16:00Z"/><Direction v="Z03"/><Quantity v="2989596"/><MeasureUnit v="KW1"/></Period><Period><TimeInterval v="2016-12-04T16:00Z/2016-12-04T17:00Z"/><Direction v="Z03"/><Quantity v="2809274"/><MeasureUnit v="KW1"/></Period><Period><TimeInterval v="2016-12-04T17:00Z/2016-12-04T18:00Z"/><Direction v="Z03"/><Quantity v="2274396"/><MeasureUnit v="KW1"/></Period><Period><TimeInterval v="2016-12-04T18:00Z/2016-12-04T19:00Z"/><Direction v="Z03"/><Quantity v="2021496"/><MeasureUnit v="KW1"/></Period><Period><TimeInterval v="2016-12-04T19:00Z/2016-12-04T20:00Z"/><Direction v="Z03"/><Quantity v="1953628"/><MeasureUnit v="KW1"/></Period><Period><TimeInterval v="2016-12-04T20:00Z/2016-12-04T21:00Z"/><Direction v="Z03"/><Quantity v="1879583"/><MeasureUnit v="KW1"/></Period><Period><TimeInterval v="2016-12-04T21:00Z/2016-12-04T22:00Z"/><Direction v="Z03"/><Quantity v="1900335"/><MeasureUnit v="KW1"/></Period><Period><TimeInterval v="2016-12-04T22:00Z/2016-12-04T23:00Z"/><Direction v="Z03"/><Quantity v="1969213"/><MeasureUnit v="KW1"/></Period><Period><TimeInterval v="2016-12-04T23:00Z/2016-12-05T00:00Z"/><Direction v="Z03"/><Quantity v="1990678"/><MeasureUnit v="KW1"/></Period><Period><TimeInterval v="2016-12-05T00:00Z/2016-12-05T01:00Z"/><Direction v="Z03"/><Quantity v="1563139"/><MeasureUnit v="KW1"/></Period><Period><TimeInterval v="2016-12-05T01:00Z/2016-12-05T02:00Z"/><Direction v="Z03"/><Quantity v="1648374"/><MeasureUnit v="KW1"/></Period><Period><TimeInterval v="2016-12-05T02:00Z/2016-12-05T03:00Z"/><Direction v="Z03"/><Quantity v="1644385"/><MeasureUnit v="KW1"/></Period><Period><TimeInterval v="2016-12-05T03:00Z/2016-12-05T04:00Z"/><Direction v="Z03"/><Quantity v="1412627"/><MeasureUnit v="KW1"/></Period><Period><TimeInterval v="2016-12-05T04:00Z/2016-12-05T05:00Z"/><Direction v="Z03"/><Quantity v="1226270"/><MeasureUnit v="KW1"/></Period></Category></ConnectionPoint><ConnectionPoint><Identification v="21Z000000000039S" codingScheme="305"/><Type v="Z25"/><Category><CapacityCode v="Z08"/><Period><TimeInterval v="2016-12-04T05:00Z/2016-12-04T06:00Z"/><Direction v="Z03"/><Quantity v="17508555"/><MeasureUnit v="KW1"/></Period><Period><TimeInterval v="2016-12-04T06:00Z/2016-12-04T07:00Z"/><Direction v="Z03"/><Quantity v="17522884"/><MeasureUnit v="KW1"/></Period><Period><TimeInterval v="2016-12-04T07:00Z/2016-12-04T08:00Z"/><Direction v="Z03"/><Quantity v="17523196"/><MeasureUnit v="KW1"/></Period><Period><TimeInterval v="2016-12-04T08:00Z/2016-12-04T09:00Z"/><Direction v="Z03"/><Quantity v="17525203"/><MeasureUnit v="KW1"/></Period><Period><TimeInterval v="2016-12-04T09:00Z/2016-12-04T10:00Z"/><Direction v="Z03"/><Quantity v="17526837"/><MeasureUnit v="KW1"/></Period><Period><TimeInterval v="2016-12-04T10:00Z/2016-12-04T11:00Z"/><Direction v="Z03"/><Quantity v="17525859"/><MeasureUnit v="KW1"/></Period><Period><TimeInterval v="2016-12-04T11:00Z/2016-12-04T12:00Z"/><Direction v="Z03"/><Quantity v="17529561"/><MeasureUnit v="KW1"/></Period><Period><TimeInterval v="2016-12-04T12:00Z/2016-12-04T13:00Z"/><Direction v="Z03"/><Quantity v="17636205"/><MeasureUnit v="KW1"/></Period><Period><TimeInterval v="2016-12-04T13:00Z/2016-12-04T14:00Z"/><Direction v="Z03"/><Quantity v="17824279"/><MeasureUnit v="KW1"/></Period><Period><TimeInterval v="2016-12-04T14:00Z/2016-12-04T15:00Z"/><Direction v="Z03"/><Quantity v="17728317"/><MeasureUnit v="KW1"/></Period><Period><TimeInterval v="2016-12-04T15:00Z/2016-12-04T16:00Z"/><Direction v="Z03"/><Quantity v="17658274"/><MeasureUnit v="KW1"/></Period><Period><TimeInterval v="2016-12-04T16:00Z/2016-12-04T17:00Z"/><Direction v="Z03"/><Quantity v="17694032"/><MeasureUnit v="KW1"/></Period><Period><TimeInterval v="2016-12-04T17:00Z/2016-12-04T18:00Z"/><Direction v="Z03"/><Quantity v="17693180"/><MeasureUnit v="KW1"/></Period><Period><TimeInterval v="2016-12-04T18:00Z/2016-12-04T19:00Z"/><Direction v="Z03"/><Quantity v="17751109"/><MeasureUnit v="KW1"/></Period><Period><TimeInterval v="2016-12-04T19:00Z/2016-12-04T20:00Z"/><Direction v="Z03"/><Quantity v="17744719"/><MeasureUnit v="KW1"/></Period><Period><TimeInterval v="2016-12-04T20:00Z/2016-12-04T21:00Z"/><Direction v="Z03"/><Quantity v="17751712"/><MeasureUnit v="KW1"/></Period><Period><TimeInterval v="2016-12-04T21:00Z/2016-12-04T22:00Z"/><Direction v="Z03"/><Quantity v="17790154"/><MeasureUnit v="KW1"/></Period><Period><TimeInterval v="2016-12-04T22:00Z/2016-12-04T23:00Z"/><Direction v="Z03"/><Quantity v="17835542"/><MeasureUnit v="KW1"/></Period><Period><TimeInterval v="2016-12-04T23:00Z/2016-12-05T00:00Z"/><Direction v="Z03"/><Quantity v="17760031"/><MeasureUnit v="KW1"/></Period><Period><TimeInterval v="2016-12-05T00:00Z/2016-12-05T01:00Z"/><Direction v="Z03"/><Quantity v="17535464"/><MeasureUnit v="KW1"/></Period><Period><TimeInterval v="2016-12-05T01:00Z/2016-12-05T02:00Z"/><Direction v="Z03"/><Quantity v="17597765"/><MeasureUnit v="KW1"/></Period><Period><TimeInterval v="2016-12-05T02:00Z/2016-12-05T03:00Z"/><Direction v="Z03"/><Quantity v="17645666"/><MeasureUnit v="KW1"/></Period><Period><TimeInterval v="2016-12-05T03:00Z/2016-12-05T04:00Z"/><Direction v="Z03"/><Quantity v="17908927"/><MeasureUnit v="KW1"/></Period><Period><TimeInterval v="2016-12-05T04:00Z/2016-12-05T05:00Z"/><Direction v="Z03"/><Quantity v="18415807"/><MeasureUnit v="KW1"/></Period></Category></ConnectionPoint><ConnectionPoint><Identification v="21Z000000000072U" codingScheme="305"/><Type v="Z25"/><Category><CapacityCode v="Z08"/><Period><TimeInterval v="2016-12-04T05:00Z/2016-12-04T06:00Z"/><Direction v="Z02"/><Quantity v="13828804"/><MeasureUnit v="KW1"/></Period><Period><TimeInterval v="2016-12-04T06:00Z/2016-12-04T07:00Z"/><Direction v="Z02"/><Quantity v="15466439"/><MeasureUnit v="KW1"/></Period><Period><TimeInterval v="2016-12-04T07:00Z/2016-12-04T08:00Z"/><Direction v="Z02"/><Quantity v="9855131"/><MeasureUnit v="KW1"/></Period><Period><TimeInterval v="2016-12-04T08:00Z/2016-12-04T09:00Z"/><Direction v="Z02"/><Quantity v="14302487"/><MeasureUnit v="KW1"/></Period><Period><TimeInterval v="2016-12-04T09:00Z/2016-12-04T10:00Z"/><Direction v="Z02"/><Quantity v="15609719"/><MeasureUnit v="KW1"/></Period><Period><TimeInterval v="2016-12-04T10:00Z/2016-12-04T11:00Z"/><Direction v="Z02"/><Quantity v="15332168"/><MeasureUnit v="KW1"/></Period><Period><TimeInterval v="2016-12-04T11:00Z/2016-12-04T12:00Z"/><Direction v="Z02"/><Quantity v="14404366"/><MeasureUnit v="KW1"/></Period><Period><TimeInterval v="2016-12-04T12:00Z/2016-12-04T13:00Z"/><Direction v="Z02"/><Quantity v="14918873"/><MeasureUnit v="KW1"/></Period><Period><TimeInterval v="2016-12-04T13:00Z/2016-12-04T14:00Z"/><Direction v="Z02"/><Quantity v="14266086"/><MeasureUnit v="KW1"/></Period><Period><TimeInterval v="2016-12-04T14:00Z/2016-12-04T15:00Z"/><Direction v="Z02"/><Quantity v="15666146"/><MeasureUnit v="KW1"/></Period><Period><TimeInterval v="2016-12-04T15:00Z/2016-12-04T16:00Z"/><Direction v="Z02"/><Quantity v="15781014"/><MeasureUnit v="KW1"/></Period><Period><TimeInterval v="2016-12-04T16:00Z/2016-12-04T17:00Z"/><Direction v="Z02"/><Quantity v="15784683"/><MeasureUnit v="KW1"/></Period><Period><TimeInterval v="2016-12-04T17:00Z/2016-12-04T18:00Z"/><Direction v="Z02"/><Quantity v="15792124"/><MeasureUnit v="KW1"/></Period><Period><TimeInterval v="2016-12-04T18:00Z/2016-12-04T19:00Z"/><Direction v="Z02"/><Quantity v="15753062"/><MeasureUnit v="KW1"/></Period><Period><TimeInterval v="2016-12-04T19:00Z/2016-12-04T20:00Z"/><Direction v="Z02"/><Quantity v="15709912"/><MeasureUnit v="KW1"/></Period><Period><TimeInterval v="2016-12-04T20:00Z/2016-12-04T21:00Z"/><Direction v="Z02"/><Quantity v="15683291"/><MeasureUnit v="KW1"/></Period><Period><TimeInterval v="2016-12-04T21:00Z/2016-12-04T22:00Z"/><Direction v="Z02"/><Quantity v="13975314"/><MeasureUnit v="KW1"/></Period><Period><TimeInterval v="2016-12-04T22:00Z/2016-12-04T23:00Z"/><Direction v="Z02"/><Quantity v="12695767"/><MeasureUnit v="KW1"/></Period><Period><TimeInterval v="2016-12-04T23:00Z/2016-12-05T00:00Z"/><Direction v="Z02"/><Quantity v="14280704"/><MeasureUnit v="KW1"/></Period><Period><TimeInterval v="2016-12-05T00:00Z/2016-12-05T01:00Z"/><Direction v="Z02"/><Quantity v="14647339"/><MeasureUnit v="KW1"/></Period><Period><TimeInterval v="2016-12-05T01:00Z/2016-12-05T02:00Z"/><Direction v="Z02"/><Quantity v="14406783"/><MeasureUnit v="KW1"/></Period><Period><TimeInterval v="2016-12-05T02:00Z/2016-12-05T03:00Z"/><Direction v="Z02"/><Quantity v="14745649"/><MeasureUnit v="KW1"/></Period><Period><TimeInterval v="2016-12-05T03:00Z/2016-12-05T04:00Z"/><Direction v="Z02"/><Quantity v="15784711"/><MeasureUnit v="KW1"/></Period><Period><TimeInterval v="2016-12-05T04:00Z/2016-12-05T05:00Z"/><Direction v="Z02"/><Quantity v="17672703"/><MeasureUnit v="KW1"/></Period></Category></ConnectionPoint><ConnectionPoint><Identification v="37Z000000001078I" codingScheme="305"/><Type v="Z26"/><Category><CapacityCode v="Z08"/><Period><TimeInterval v="2016-12-04T05:00Z/2016-12-04T06:00Z"/><Direction v="Z02"/><Quantity v="2775000"/><MeasureUnit v="KW1"/></Period><Period><TimeInterval v="2016-12-04T06:00Z/2016-12-04T07:00Z"/><Direction v="Z02"/><Quantity v="2775000"/><MeasureUnit v="KW1"/></Period><Period><TimeInterval v="2016-12-04T07:00Z/2016-12-04T08:00Z"/><Direction v="Z02"/><Quantity v="2775000"/><MeasureUnit v="KW1"/></Period><Period><TimeInterval v="2016-12-04T08:00Z/2016-12-04T09:00Z"/><Direction v="Z02"/><Quantity v="2775000"/><MeasureUnit v="KW1"/></Period><Period><TimeInterval v="2016-12-04T09:00Z/2016-12-04T10:00Z"/><Direction v="Z02"/><Quantity v="2775000"/><MeasureUnit v="KW1"/></Period><Period><TimeInterval v="2016-12-04T10:00Z/2016-12-04T11:00Z"/><Direction v="Z02"/><Quantity v="2775000"/><MeasureUnit v="KW1"/></Period><Period><TimeInterval v="2016-12-04T11:00Z/2016-12-04T12:00Z"/><Direction v="Z02"/><Quantity v="2775000"/><MeasureUnit v="KW1"/></Period><Period><TimeInterval v="2016-12-04T12:00Z/2016-12-04T13:00Z"/><Direction v="Z02"/><Quantity v="2775000"/><MeasureUnit v="KW1"/></Period><Period><TimeInterval v="2016-12-04T13:00Z/2016-12-04T14:00Z"/><Direction v="Z02"/><Quantity v="2775000"/><MeasureUnit v="KW1"/></Period><Period><TimeInterval v="2016-12-04T14:00Z/2016-12-04T15:00Z"/><Direction v="Z02"/><Quantity v="2775000"/><MeasureUnit v="KW1"/></Period><Period><TimeInterval v="2016-12-04T15:00Z/2016-12-04T16:00Z"/><Direction v="Z02"/><Quantity v="2775000"/><MeasureUnit v="KW1"/></Period><Period><TimeInterval v="2016-12-04T16:00Z/2016-12-04T17:00Z"/><Direction v="Z02"/><Quantity v="2775000"/><MeasureUnit v="KW1"/></Period><Period><TimeInterval v="2016-12-04T17:00Z/2016-12-04T18:00Z"/><Direction v="Z02"/><Quantity v="2775000"/><MeasureUnit v="KW1"/></Period><Period><TimeInterval v="2016-12-04T18:00Z/2016-12-04T19:00Z"/><Direction v="Z02"/><Quantity v="2775000"/><MeasureUnit v="KW1"/></Period><Period><TimeInterval v="2016-12-04T19:00Z/2016-12-04T20:00Z"/><Direction v="Z02"/><Quantity v="2775000"/><MeasureUnit v="KW1"/></Period><Period><TimeInterval v="2016-12-04T20:00Z/2016-12-04T21:00Z"/><Direction v="Z02"/><Quantity v="2775000"/><MeasureUnit v="KW1"/></Period><Period><TimeInterval v="2016-12-04T21:00Z/2016-12-04T22:00Z"/><Direction v="Z02"/><Quantity v="2775000"/><MeasureUnit v="KW1"/></Period><Period><TimeInterval v="2016-12-04T22:00Z/2016-12-04T23:00Z"/><Direction v="Z02"/><Quantity v="2775000"/><MeasureUnit v="KW1"/></Period><Period><TimeInterval v="2016-12-04T23:00Z/2016-12-05T00:00Z"/><Direction v="Z02"/><Quantity v="2775000"/><MeasureUnit v="KW1"/></Period><Period><TimeInterval v="2016-12-05T00:00Z/2016-12-05T01:00Z"/><Direction v="Z02"/><Quantity v="2775000"/><MeasureUnit v="KW1"/></Period><Period><TimeInterval v="2016-12-05T01:00Z/2016-12-05T02:00Z"/><Direction v="Z02"/><Quantity v="2775000"/><MeasureUnit v="KW1"/></Period><Period><TimeInterval v="2016-12-05T02:00Z/2016-12-05T03:00Z"/><Direction v="Z02"/><Quantity v="2775000"/><MeasureUnit v="KW1"/></Period><Period><TimeInterval v="2016-12-05T03:00Z/2016-12-05T04:00Z"/><Direction v="Z02"/><Quantity v="2775000"/><MeasureUnit v="KW1"/></Period><Period><TimeInterval v="2016-12-05T04:00Z/2016-12-05T05:00Z"/><Direction v="Z02"/><Quantity v="2775000"/><MeasureUnit v="KW1"/></Period></Category></ConnectionPoint><ConnectionPoint><Identification v="37Z000000006390S" codingScheme="305"/><Type v="Z26"/><Category><CapacityCode v="Z08"/><Period><TimeInterval v="2016-12-04T05:00Z/2016-12-04T06:00Z"/><Direction v="Z02"/><Quantity v="0"/><MeasureUnit v="KW1"/></Period><Period><TimeInterval v="2016-12-04T06:00Z/2016-12-04T07:00Z"/><Direction v="Z02"/><Quantity v="0"/><MeasureUnit v="KW1"/></Period><Period><TimeInterval v="2016-12-04T07:00Z/2016-12-04T08:00Z"/><Direction v="Z02"/><Quantity v="0"/><MeasureUnit v="KW1"/></Period><Period><TimeInterval v="2016-12-04T08:00Z/2016-12-04T09:00Z"/><Direction v="Z02"/><Quantity v="0"/><MeasureUnit v="KW1"/></Period><Period><TimeInterval v="2016-12-04T09:00Z/2016-12-04T10:00Z"/><Direction v="Z02"/><Quantity v="0"/><MeasureUnit v="KW1"/></Period><Period><TimeInterval v="2016-12-04T10:00Z/2016-12-04T11:00Z"/><Direction v="Z02"/><Quantity v="0"/><MeasureUnit v="KW1"/></Period><Period><TimeInterval v="2016-12-04T11:00Z/2016-12-04T12:00Z"/><Direction v="Z02"/><Quantity v="0"/><MeasureUnit v="KW1"/></Period><Period><TimeInterval v="2016-12-04T12:00Z/2016-12-04T13:00Z"/><Direction v="Z02"/><Quantity v="0"/><MeasureUnit v="KW1"/></Period><Period><TimeInterval v="2016-12-04T13:00Z/2016-12-04T14:00Z"/><Direction v="Z02"/><Quantity v="0"/><MeasureUnit v="KW1"/></Period><Period><TimeInterval v="2016-12-04T14:00Z/2016-12-04T15:00Z"/><Direction v="Z02"/><Quantity v="0"/><MeasureUnit v="KW1"/></Period><Period><TimeInterval v="2016-12-04T15:00Z/2016-12-04T16:00Z"/><Direction v="Z02"/><Quantity v="0"/><MeasureUnit v="KW1"/></Period><Period><TimeInterval v="2016-12-04T16:00Z/2016-12-04T17:00Z"/><Direction v="Z02"/><Quantity v="0"/><MeasureUnit v="KW1"/></Period><Period><TimeInterval v="2016-12-04T17:00Z/2016-12-04T18:00Z"/><Direction v="Z02"/><Quantity v="0"/><MeasureUnit v="KW1"/></Period><Period><TimeInterval v="2016-12-04T18:00Z/2016-12-04T19:00Z"/><Direction v="Z02"/><Quantity v="0"/><MeasureUnit v="KW1"/></Period><Period><TimeInterval v="2016-12-04T19:00Z/2016-12-04T20:00Z"/><Direction v="Z02"/><Quantity v="0"/><MeasureUnit v="KW1"/></Period><Period><TimeInterval v="2016-12-04T20:00Z/2016-12-04T21:00Z"/><Direction v="Z02"/><Quantity v="0"/><MeasureUnit v="KW1"/></Period><Period><TimeInterval v="2016-12-04T21:00Z/2016-12-04T22:00Z"/><Direction v="Z02"/><Quantity v="0"/><MeasureUnit v="KW1"/></Period><Period><TimeInterval v="2016-12-04T22:00Z/2016-12-04T23:00Z"/><Direction v="Z02"/><Quantity v="0"/><MeasureUnit v="KW1"/></Period><Period><TimeInterval v="2016-12-04T23:00Z/2016-12-05T00:00Z"/><Direction v="Z02"/><Quantity v="0"/><MeasureUnit v="KW1"/></Period><Period><TimeInterval v="2016-12-05T00:00Z/2016-12-05T01:00Z"/><Direction v="Z02"/><Quantity v="0"/><MeasureUnit v="KW1"/></Period><Period><TimeInterval v="2016-12-05T01:00Z/2016-12-05T02:00Z"/><Direction v="Z02"/><Quantity v="0"/><MeasureUnit v="KW1"/></Period><Period><TimeInterval v="2016-12-05T02:00Z/2016-12-05T03:00Z"/><Direction v="Z02"/><Quantity v="0"/><MeasureUnit v="KW1"/></Period><Period><TimeInterval v="2016-12-05T03:00Z/2016-12-05T04:00Z"/><Direction v="Z02"/><Quantity v="0"/><MeasureUnit v="KW1"/></Period><Period><TimeInterval v="2016-12-05T04:00Z/2016-12-05T05:00Z"/><Direction v="Z02"/><Quantity v="0"/><MeasureUnit v="KW1"/></Period></Category></ConnectionPoint><ConnectionPoint><Identification v="37Y000000000288Q" codingScheme="305"/><Type v="Z26"/><Category><CapacityCode v="Z08"/><Period><TimeInterval v="2016-12-04T05:00Z/2016-12-04T06:00Z"/><Direction v="Z02"/><Quantity v="1784415"/><MeasureUnit v="KW1"/></Period><Period><TimeInterval v="2016-12-04T06:00Z/2016-12-04T07:00Z"/><Direction v="Z02"/><Quantity v="1797498"/><MeasureUnit v="KW1"/></Period><Period><TimeInterval v="2016-12-04T07:00Z/2016-12-04T08:00Z"/><Direction v="Z02"/><Quantity v="1783157"/><MeasureUnit v="KW1"/></Period><Period><TimeInterval v="2016-12-04T08:00Z/2016-12-04T09:00Z"/><Direction v="Z02"/><Quantity v="1831416"/><MeasureUnit v="KW1"/></Period><Period><TimeInterval v="2016-12-04T09:00Z/2016-12-04T10:00Z"/><Direction v="Z02"/><Quantity v="1765121"/><MeasureUnit v="KW1"/></Period><Period><TimeInterval v="2016-12-04T10:00Z/2016-12-04T11:00Z"/><Direction v="Z02"/><Quantity v="1758501"/><MeasureUnit v="KW1"/></Period><Period><TimeInterval v="2016-12-04T11:00Z/2016-12-04T12:00Z"/><Direction v="Z02"/><Quantity v="1720761"/><MeasureUnit v="KW1"/></Period><Period><TimeInterval v="2016-12-04T12:00Z/2016-12-04T13:00Z"/><Direction v="Z02"/><Quantity v="1614440"/><MeasureUnit v="KW1"/></Period><Period><TimeInterval v="2016-12-04T13:00Z/2016-12-04T14:00Z"/><Direction v="Z02"/><Quantity v="1574555"/><MeasureUnit v="KW1"/></Period><Period><TimeInterval v="2016-12-04T14:00Z/2016-12-04T15:00Z"/><Direction v="Z02"/><Quantity v="1605540"/><MeasureUnit v="KW1"/></Period><Period><TimeInterval v="2016-12-04T15:00Z/2016-12-04T16:00Z"/><Direction v="Z02"/><Quantity v="1676075"/><MeasureUnit v="KW1"/></Period><Period><TimeInterval v="2016-12-04T16:00Z/2016-12-04T17:00Z"/><Direction v="Z02"/><Quantity v="1702811"/><MeasureUnit v="KW1"/></Period><Period><TimeInterval v="2016-12-04T17:00Z/2016-12-04T18:00Z"/><Direction v="Z02"/><Quantity v="2230530"/><MeasureUnit v="KW1"/></Period><Period><TimeInterval v="2016-12-04T18:00Z/2016-12-04T19:00Z"/><Direction v="Z02"/><Quantity v="2232303"/><MeasureUnit v="KW1"/></Period><Period><TimeInterval v="2016-12-04T19:00Z/2016-12-04T20:00Z"/><Direction v="Z02"/><Quantity v="2262786"/><MeasureUnit v="KW1"/></Period><Period><TimeInterval v="2016-12-04T20:00Z/2016-12-04T21:00Z"/><Direction v="Z02"/><Quantity v="2167575"/><MeasureUnit v="KW1"/></Period><Period><TimeInterval v="2016-12-04T21:00Z/2016-12-04T22:00Z"/><Direction v="Z02"/><Quantity v="2015776"/><MeasureUnit v="KW1"/></Period><Period><TimeInterval v="2016-12-04T22:00Z/2016-12-04T23:00Z"/><Direction v="Z02"/><Quantity v="1862589"/><MeasureUnit v="KW1"/></Period><Period><TimeInterval v="2016-12-04T23:00Z/2016-12-05T00:00Z"/><Direction v="Z02"/><Quantity v="1405509"/><MeasureUnit v="KW1"/></Period><Period><TimeInterval v="2016-12-05T00:00Z/2016-12-05T01:00Z"/><Direction v="Z02"/><Quantity v="1356436"/><MeasureUnit v="KW1"/></Period><Period><TimeInterval v="2016-12-05T01:00Z/2016-12-05T02:00Z"/><Direction v="Z02"/><Quantity v="1408086"/><MeasureUnit v="KW1"/></Period><Period><TimeInterval v="2016-12-05T02:00Z/2016-12-05T03:00Z"/><Direction v="Z02"/><Quantity v="1466361"/><MeasureUnit v="KW1"/></Period><Period><TimeInterval v="2016-12-05T03:00Z/2016-12-05T04:00Z"/><Direction v="Z02"/><Quantity v="1477480"/><MeasureUnit v="KW1"/></Period><Period><TimeInterval v="2016-12-05T04:00Z/2016-12-05T05:00Z"/><Direction v="Z02"/><Quantity v="1969476"/><MeasureUnit v="KW1"/></Period></Category></ConnectionPoint><ConnectionPoint><Identification v="37Y000000000385S" codingScheme="305"/><Type v="Z26"/><Category><CapacityCode v="Z08"/><Period><TimeInterval v="2016-12-04T05:00Z/2016-12-04T06:00Z"/><Direction v="Z02"/><Quantity v="490761"/><MeasureUnit v="KW1"/></Period><Period><TimeInterval v="2016-12-04T06:00Z/2016-12-04T07:00Z"/><Direction v="Z02"/><Quantity v="493258"/><MeasureUnit v="KW1"/></Period><Period><TimeInterval v="2016-12-04T07:00Z/2016-12-04T08:00Z"/><Direction v="Z02"/><Quantity v="493105"/><MeasureUnit v="KW1"/></Period><Period><TimeInterval v="2016-12-04T08:00Z/2016-12-04T09:00Z"/><Direction v="Z02"/><Quantity v="493334"/><MeasureUnit v="KW1"/></Period><Period><TimeInterval v="2016-12-04T09:00Z/2016-12-04T10:00Z"/><Direction v="Z02"/><Quantity v="493193"/><MeasureUnit v="KW1"/></Period><Period><TimeInterval v="2016-12-04T10:00Z/2016-12-04T11:00Z"/><Direction v="Z02"/><Quantity v="493276"/><MeasureUnit v="KW1"/></Period><Period><TimeInterval v="2016-12-04T11:00Z/2016-12-04T12:00Z"/><Direction v="Z02"/><Quantity v="493205"/><MeasureUnit v="KW1"/></Period><Period><TimeInterval v="2016-12-04T12:00Z/2016-12-04T13:00Z"/><Direction v="Z02"/><Quantity v="493450"/><MeasureUnit v="KW1"/></Period><Period><TimeInterval v="2016-12-04T13:00Z/2016-12-04T14:00Z"/><Direction v="Z02"/><Quantity v="493194"/><MeasureUnit v="KW1"/></Period><Period><TimeInterval v="2016-12-04T14:00Z/2016-12-04T15:00Z"/><Direction v="Z02"/><Quantity v="493182"/><MeasureUnit v="KW1"/></Period><Period><TimeInterval v="2016-12-04T15:00Z/2016-12-04T16:00Z"/><Direction v="Z02"/><Quantity v="493121"/><MeasureUnit v="KW1"/></Period><Period><TimeInterval v="2016-12-04T16:00Z/2016-12-04T17:00Z"/><Direction v="Z02"/><Quantity v="493245"/><MeasureUnit v="KW1"/></Period><Period><TimeInterval v="2016-12-04T17:00Z/2016-12-04T18:00Z"/><Direction v="Z02"/><Quantity v="493641"/><MeasureUnit v="KW1"/></Period><Period><TimeInterval v="2016-12-04T18:00Z/2016-12-04T19:00Z"/><Direction v="Z02"/><Quantity v="493209"/><MeasureUnit v="KW1"/></Period><Period><TimeInterval v="2016-12-04T19:00Z/2016-12-04T20:00Z"/><Direction v="Z02"/><Quantity v="493367"/><MeasureUnit v="KW1"/></Period><Period><TimeInterval v="2016-12-04T20:00Z/2016-12-04T21:00Z"/><Direction v="Z02"/><Quantity v="493389"/><MeasureUnit v="KW1"/></Period><Period><TimeInterval v="2016-12-04T21:00Z/2016-12-04T22:00Z"/><Direction v="Z02"/><Quantity v="493432"/><MeasureUnit v="KW1"/></Period><Period><TimeInterval v="2016-12-04T22:00Z/2016-12-04T23:00Z"/><Direction v="Z02"/><Quantity v="493314"/><MeasureUnit v="KW1"/></Period><Period><TimeInterval v="2016-12-04T23:00Z/2016-12-05T00:00Z"/><Direction v="Z02"/><Quantity v="493492"/><MeasureUnit v="KW1"/></Period><Period><TimeInterval v="2016-12-05T00:00Z/2016-12-05T01:00Z"/><Direction v="Z02"/><Quantity v="493690"/><MeasureUnit v="KW1"/></Period><Period><TimeInterval v="2016-12-05T01:00Z/2016-12-05T02:00Z"/><Direction v="Z02"/><Quantity v="457517"/><MeasureUnit v="KW1"/></Period><Period><TimeInterval v="2016-12-05T02:00Z/2016-12-05T03:00Z"/><Direction v="Z02"/><Quantity v="381054"/><MeasureUnit v="KW1"/></Period><Period><TimeInterval v="2016-12-05T03:00Z/2016-12-05T04:00Z"/><Direction v="Z02"/><Quantity v="373624"/><MeasureUnit v="KW1"/></Period><Period><TimeInterval v="2016-12-05T04:00Z/2016-12-05T05:00Z"/><Direction v="Z02"/><Quantity v="493893"/><MeasureUnit v="KW1"/></Period></Category></ConnectionPoint><ConnectionPoint><Identification v="21Z000000000343P" codingScheme="305"/><Type v="Z31"/><Category><CapacityCode v="Z08"/><Period><TimeInterval v="2016-12-04T05:00Z/2016-12-04T06:00Z"/><Direction v="Z03"/><Quantity v="29173031"/><MeasureUnit v="KW1"/></Period><Period><TimeInterval v="2016-12-04T06:00Z/2016-12-04T07:00Z"/><Direction v="Z03"/><Quantity v="29150066"/><MeasureUnit v="KW1"/></Period><Period><TimeInterval v="2016-12-04T07:00Z/2016-12-04T08:00Z"/><Direction v="Z03"/><Quantity v="31273266"/><MeasureUnit v="KW1"/></Period><Period><TimeInterval v="2016-12-04T08:00Z/2016-12-04T09:00Z"/><Direction v="Z03"/><Quantity v="31040671"/><MeasureUnit v="KW1"/></Period><Period><TimeInterval v="2016-12-04T09:00Z/2016-12-04T10:00Z"/><Direction v="Z03"/><Quantity v="33321931"/><MeasureUnit v="KW1"/></Period><Period><TimeInterval v="2016-12-04T10:00Z/2016-12-04T11:00Z"/><Direction v="Z03"/><Quantity v="33083881"/><MeasureUnit v="KW1"/></Period><Period><TimeInterval v="2016-12-04T11:00Z/2016-12-04T12:00Z"/><Direction v="Z03"/><Quantity v="32244352"/><MeasureUnit v="KW1"/></Period><Period><TimeInterval v="2016-12-04T12:00Z/2016-12-04T13:00Z"/><Direction v="Z03"/><Quantity v="32983729"/><MeasureUnit v="KW1"/></Period><Period><TimeInterval v="2016-12-04T13:00Z/2016-12-04T14:00Z"/><Direction v="Z03"/><Quantity v="33058073"/><MeasureUnit v="KW1"/></Period><Period><TimeInterval v="2016-12-04T14:00Z/2016-12-04T15:00Z"/><Direction v="Z03"/><Quantity v="31259684"/><MeasureUnit v="KW1"/></Period><Period><TimeInterval v="2016-12-04T15:00Z/2016-12-04T16:00Z"/><Direction v="Z03"/><Quantity v="31588944"/><MeasureUnit v="KW1"/></Period><Period><TimeInterval v="2016-12-04T16:00Z/2016-12-04T17:00Z"/><Direction v="Z03"/><Quantity v="31508212"/><MeasureUnit v="KW1"/></Period><Period><TimeInterval v="2016-12-04T17:00Z/2016-12-04T18:00Z"/><Direction v="Z03"/><Quantity v="33711662"/><MeasureUnit v="KW1"/></Period><Period><TimeInterval v="2016-12-04T18:00Z/2016-12-04T19:00Z"/><Direction v="Z03"/><Quantity v="34798262"/><MeasureUnit v="KW1"/></Period><Period><TimeInterval v="2016-12-04T19:00Z/2016-12-04T20:00Z"/><Direction v="Z03"/><Quantity v="34792544"/><MeasureUnit v="KW1"/></Period><Period><TimeInterval v="2016-12-04T20:00Z/2016-12-04T21:00Z"/><Direction v="Z03"/><Quantity v="34070315"/><MeasureUnit v="KW1"/></Period><Period><TimeInterval v="2016-12-04T21:00Z/2016-12-04T22:00Z"/><Direction v="Z03"/><Quantity v="34179295"/><MeasureUnit v="KW1"/></Period><Period><TimeInterval v="2016-12-04T22:00Z/2016-12-04T23:00Z"/><Direction v="Z03"/><Quantity v="33988910"/><MeasureUnit v="KW1"/></Period><Period><TimeInterval v="2016-12-04T23:00Z/2016-12-05T00:00Z"/><Direction v="Z03"/><Quantity v="33731039"/><MeasureUnit v="KW1"/></Period><Period><TimeInterval v="2016-12-05T00:00Z/2016-12-05T01:00Z"/><Direction v="Z03"/><Quantity v="34132724"/><MeasureUnit v="KW1"/></Period><Period><TimeInterval v="2016-12-05T01:00Z/2016-12-05T02:00Z"/><Direction v="Z03"/><Quantity v="37608101"/><MeasureUnit v="KW1"/></Period><Period><TimeInterval v="2016-12-05T02:00Z/2016-12-05T03:00Z"/><Direction v="Z03"/><Quantity v="37221884"/><MeasureUnit v="KW1"/></Period><Period><TimeInterval v="2016-12-05T03:00Z/2016-12-05T04:00Z"/><Direction v="Z03"/><Quantity v="41553532"/><MeasureUnit v="KW1"/></Period><Period><TimeInterval v="2016-12-05T04:00Z/2016-12-05T05:00Z"/><Direction v="Z03"/><Quantity v="35465370"/><MeasureUnit v="KW1"/></Period></Category></ConnectionPoint></TransparencyPublication>