<?xml version="1.0" encoding="UTF-8"?><TransparencyPublication Version="EGAS50" Release="A"><Identification v="TRANPB20170102A104070"/><Version v="1"/><Type v="AL6"/><CreationDateTime v="2017-01-02T08:04:52.617Z"/><ValidityPeriod v="2016-12-25T05:00Z/2016-12-26T05:00Z"/><IssuerIdentification v="21X-DE-C-A0A0A-T" codingScheme="305"/><IssuerRole v="ZSO"/><RecipientIdentification v="10X1001A1001A353" codingScheme="305"/><RecipientRole v="ZUA"/><ConnectionPoint><Identification v="21Z0000000000236" codingScheme="305"/><Type v="Z25"/><Category><CapacityCode v="Z08"/><Period><TimeInterval v="2016-12-25T05:00Z/2016-12-25T06:00Z"/><Direction v="Z02"/><Quantity v="37530384"/><MeasureUnit v="KW1"/></Period><Period><TimeInterval v="2016-12-25T06:00Z/2016-12-25T07:00Z"/><Direction v="Z02"/><Quantity v="37513617"/><MeasureUnit v="KW1"/></Period><Period><TimeInterval v="2016-12-25T07:00Z/2016-12-25T08:00Z"/><Direction v="Z02"/><Quantity v="37475824"/><MeasureUnit v="KW1"/></Period><Period><TimeInterval v="2016-12-25T08:00Z/2016-12-25T09:00Z"/><Direction v="Z02"/><Quantity v="37472951"/><MeasureUnit v="KW1"/></Period><Period><TimeInterval v="2016-12-25T09:00Z/2016-12-25T10:00Z"/><Direction v="Z02"/><Quantity v="37440545"/><MeasureUnit v="KW1"/></Period><Period><TimeInterval v="2016-12-25T10:00Z/2016-12-25T11:00Z"/><Direction v="Z02"/><Quantity v="37482762"/><MeasureUnit v="KW1"/></Period><Period><TimeInterval v="2016-12-25T11:00Z/2016-12-25T12:00Z"/><Direction v="Z02"/><Quantity v="37485468"/><MeasureUnit v="KW1"/></Period><Period><TimeInterval v="2016-12-25T12:00Z/2016-12-25T13:00Z"/><Direction v="Z02"/><Quantity v="37462959"/><MeasureUnit v="KW1"/></Period><Period><TimeInterval v="2016-12-25T13:00Z/2016-12-25T14:00Z"/><Direction v="Z02"/><Quantity v="37496366"/><MeasureUnit v="KW1"/></Period><Period><TimeInterval v="2016-12-25T14:00Z/2016-12-25T15:00Z"/><Direction v="Z02"/><Quantity v="37456286"/><MeasureUnit v="KW1"/></Period><Period><TimeInterval v="2016-12-25T15:00Z/2016-12-25T16:00Z"/><Direction v="Z02"/><Quantity v="37450767"/><MeasureUnit v="KW1"/></Period><Period><TimeInterval v="2016-12-25T16:00Z/2016-12-25T17:00Z"/><Direction v="Z02"/><Quantity v="37480097"/><MeasureUnit v="KW1"/></Period><Period><TimeInterval v="2016-12-25T17:00Z/2016-12-25T18:00Z"/><Direction v="Z02"/><Quantity v="37486540"/><MeasureUnit v="KW1"/></Period><Period><TimeInterval v="2016-12-25T18:00Z/2016-12-25T19:00Z"/><Direction v="Z02"/><Quantity v="37353825"/><MeasureUnit v="KW1"/></Period><Period><TimeInterval v="2016-12-25T19:00Z/2016-12-25T20:00Z"/><Direction v="Z02"/><Quantity v="37294958"/><MeasureUnit v="KW1"/></Period><Period><TimeInterval v="2016-12-25T20:00Z/2016-12-25T21:00Z"/><Direction v="Z02"/><Quantity v="37330589"/><MeasureUnit v="KW1"/></Period><Period><TimeInterval v="2016-12-25T21:00Z/2016-12-25T22:00Z"/><Direction v="Z02"/><Quantity v="37403659"/><MeasureUnit v="KW1"/></Period><Period><TimeInterval v="2016-12-25T22:00Z/2016-12-25T23:00Z"/><Direction v="Z02"/><Quantity v="37429304"/><MeasureUnit v="KW1"/></Period><Period><TimeInterval v="2016-12-25T23:00Z/2016-12-26T00:00Z"/><Direction v="Z02"/><Quantity v="37452794"/><MeasureUnit v="KW1"/></Period><Period><TimeInterval v="2016-12-26T00:00Z/2016-12-26T01:00Z"/><Direction v="Z02"/><Quantity v="37446485"/><MeasureUnit v="KW1"/></Period><Period><TimeInterval v="2016-12-26T01:00Z/2016-12-26T02:00Z"/><Direction v="Z02"/><Quantity v="37471506"/><MeasureUnit v="KW1"/></Period><Period><TimeInterval v="2016-12-26T02:00Z/2016-12-26T03:00Z"/><Direction v="Z02"/><Quantity v="37459110"/><MeasureUnit v="KW1"/></Period><Period><TimeInterval v="2016-12-26T03:00Z/2016-12-26T04:00Z"/><Direction v="Z02"/><Quantity v="37411171"/><MeasureUnit v="KW1"/></Period><Period><TimeInterval v="2016-12-26T04:00Z/2016-12-26T05:00Z"/><Direction v="Z02"/><Quantity v="37445653"/><MeasureUnit v="KW1"/></Period><Period><TimeInterval v="2016-12-25T05:00Z/2016-12-25T06:00Z"/><Direction v="Z03"/><Quantity v="0"/><MeasureUnit v="KW1"/></Period><Period><TimeInterval v="2016-12-25T06:00Z/2016-12-25T07:00Z"/><Direction v="Z03"/><Quantity v="0"/><MeasureUnit v="KW1"/></Period><Period><TimeInterval v="2016-12-25T07:00Z/2016-12-25T08:00Z"/><Direction v="Z03"/><Quantity v="0"/><MeasureUnit v="KW1"/></Period><Period><TimeInterval v="2016-12-25T08:00Z/2016-12-25T09:00Z"/><Direction v="Z03"/><Quantity v="0"/><MeasureUnit v="KW1"/></Period><Period><TimeInterval v="2016-12-25T09:00Z/2016-12-25T10:00Z"/><Direction v="Z03"/><Quantity v="0"/><MeasureUnit v="KW1"/></Period><Period><TimeInterval v="2016-12-25T10:00Z/2016-12-25T11:00Z"/><Direction v="Z03"/><Quantity v="0"/><MeasureUnit v="KW1"/></Period><Period><TimeInterval v="2016-12-25T11:00Z/2016-12-25T12:00Z"/><Direction v="Z03"/><Quantity v="0"/><MeasureUnit v="KW1"/></Period><Period><TimeInterval v="2016-12-25T12:00Z/2016-12-25T13:00Z"/><Direction v="Z03"/><Quantity v="0"/><MeasureUnit v="KW1"/></Period><Period><TimeInterval v="2016-12-25T13:00Z/2016-12-25T14:00Z"/><Direction v="Z03"/><Quantity v="0"/><MeasureUnit v="KW1"/></Period><Period><TimeInterval v="2016-12-25T14:00Z/2016-12-25T15:00Z"/><Direction v="Z03"/><Quantity v="0"/><MeasureUnit v="KW1"/></Period><Period><TimeInterval v="2016-12-25T15:00Z/2016-12-25T16:00Z"/><Direction v="Z03"/><Quantity v="0"/><MeasureUnit v="KW1"/></Period><Period><TimeInterval v="2016-12-25T16:00Z/2016-12-25T17:00Z"/><Direction v="Z03"/><Quantity v="0"/><MeasureUnit v="KW1"/></Period><Period><TimeInterval v="2016-12-25T17:00Z/2016-12-25T18:00Z"/><Direction v="Z03"/><Quantity v="0"/><MeasureUnit v="KW1"/></Period><Period><TimeInterval v="2016-12-25T18:00Z/2016-12-25T19:00Z"/><Direction v="Z03"/><Quantity v="0"/><MeasureUnit v="KW1"/></Period><Period><TimeInterval v="2016-12-25T19:00Z/2016-12-25T20:00Z"/><Direction v="Z03"/><Quantity v="0"/><MeasureUnit v="KW1"/></Period><Period><TimeInterval v="2016-12-25T20:00Z/2016-12-25T21:00Z"/><Direction v="Z03"/><Quantity v="0"/><MeasureUnit v="KW1"/></Period><Period><TimeInterval v="2016-12-25T21:00Z/2016-12-25T22:00Z"/><Direction v="Z03"/><Quantity v="0"/><MeasureUnit v="KW1"/></Period><Period><TimeInterval v="2016-12-25T22:00Z/2016-12-25T23:00Z"/><Direction v="Z03"/><Quantity v="0"/><MeasureUnit v="KW1"/></Period><Period><TimeInterval v="2016-12-25T23:00Z/2016-12-26T00:00Z"/><Direction v="Z03"/><Quantity v="0"/><MeasureUnit v="KW1"/></Period><Period><TimeInterval v="2016-12-26T00:00Z/2016-12-26T01:00Z"/><Direction v="Z03"/><Quantity v="0"/><MeasureUnit v="KW1"/></Period><Period><TimeInterval v="2016-12-26T01:00Z/2016-12-26T02:00Z"/><Direction v="Z03"/><Quantity v="0"/><MeasureUnit v="KW1"/></Period><Period><TimeInterval v="2016-12-26T02:00Z/2016-12-26T03:00Z"/><Direction v="Z03"/><Quantity v="0"/><MeasureUnit v="KW1"/></Period><Period><TimeInterval v="2016-12-26T03:00Z/2016-12-26T04:00Z"/><Direction v="Z03"/><Quantity v="0"/><MeasureUnit v="KW1"/></Period><Period><TimeInterval v="2016-12-26T04:00Z/2016-12-26T05:00Z"/><Direction v="Z03"/><Quantity v="0"/><MeasureUnit v="KW1"/></Period></Category></ConnectionPoint><ConnectionPoint><Identification v="21Z0000000000406" codingScheme="305"/><Type v="Z25"/><Category><CapacityCode v="Z08"/><Period><TimeInterval v="2016-12-25T05:00Z/2016-12-25T06:00Z"/><Direction v="Z03"/><Quantity v="667491"/><MeasureUnit v="KW1"/></Period><Period><TimeInterval v="2016-12-25T06:00Z/2016-12-25T07:00Z"/><Direction v="Z03"/><Quantity v="645348"/><MeasureUnit v="KW1"/></Period><Period><TimeInterval v="2016-12-25T07:00Z/2016-12-25T08:00Z"/><Direction v="Z03"/><Quantity v="644122"/><MeasureUnit v="KW1"/></Period><Period><TimeInterval v="2016-12-25T08:00Z/2016-12-25T09:00Z"/><Direction v="Z03"/><Quantity v="644805"/><MeasureUnit v="KW1"/></Period><Period><TimeInterval v="2016-12-25T09:00Z/2016-12-25T10:00Z"/><Direction v="Z03"/><Quantity v="642834"/><MeasureUnit v="KW1"/></Period><Period><TimeInterval v="2016-12-25T10:00Z/2016-12-25T11:00Z"/><Direction v="Z03"/><Quantity v="642800"/><MeasureUnit v="KW1"/></Period><Period><TimeInterval v="2016-12-25T11:00Z/2016-12-25T12:00Z"/><Direction v="Z03"/><Quantity v="644831"/><MeasureUnit v="KW1"/></Period><Period><TimeInterval v="2016-12-25T12:00Z/2016-12-25T13:00Z"/><Direction v="Z03"/><Quantity v="641745"/><MeasureUnit v="KW1"/></Period><Period><TimeInterval v="2016-12-25T13:00Z/2016-12-25T14:00Z"/><Direction v="Z03"/><Quantity v="640643"/><MeasureUnit v="KW1"/></Period><Period><TimeInterval v="2016-12-25T14:00Z/2016-12-25T15:00Z"/><Direction v="Z03"/><Quantity v="639939"/><MeasureUnit v="KW1"/></Period><Period><TimeInterval v="2016-12-25T15:00Z/2016-12-25T16:00Z"/><Direction v="Z03"/><Quantity v="640114"/><MeasureUnit v="KW1"/></Period><Period><TimeInterval v="2016-12-25T16:00Z/2016-12-25T17:00Z"/><Direction v="Z03"/><Quantity v="752090"/><MeasureUnit v="KW1"/></Period><Period><TimeInterval v="2016-12-25T17:00Z/2016-12-25T18:00Z"/><Direction v="Z03"/><Quantity v="777028"/><MeasureUnit v="KW1"/></Period><Period><TimeInterval v="2016-12-25T18:00Z/2016-12-25T19:00Z"/><Direction v="Z03"/><Quantity v="777193"/><MeasureUnit v="KW1"/></Period><Period><TimeInterval v="2016-12-25T19:00Z/2016-12-25T20:00Z"/><Direction v="Z03"/><Quantity v="778135"/><MeasureUnit v="KW1"/></Period><Period><TimeInterval v="2016-12-25T20:00Z/2016-12-25T21:00Z"/><Direction v="Z03"/><Quantity v="778282"/><MeasureUnit v="KW1"/></Period><Period><TimeInterval v="2016-12-25T21:00Z/2016-12-25T22:00Z"/><Direction v="Z03"/><Quantity v="763315"/><MeasureUnit v="KW1"/></Period><Period><TimeInterval v="2016-12-25T22:00Z/2016-12-25T23:00Z"/><Direction v="Z03"/><Quantity v="505930"/><MeasureUnit v="KW1"/></Period><Period><TimeInterval v="2016-12-25T23:00Z/2016-12-26T00:00Z"/><Direction v="Z03"/><Quantity v="503747"/><MeasureUnit v="KW1"/></Period><Period><TimeInterval v="2016-12-26T00:00Z/2016-12-26T01:00Z"/><Direction v="Z03"/><Quantity v="502446"/><MeasureUnit v="KW1"/></Period><Period><TimeInterval v="2016-12-26T01:00Z/2016-12-26T02:00Z"/><Direction v="Z03"/><Quantity v="501310"/><MeasureUnit v="KW1"/></Period><Period><TimeInterval v="2016-12-26T02:00Z/2016-12-26T03:00Z"/><Direction v="Z03"/><Quantity v="500604"/><MeasureUnit v="KW1"/></Period><Period><TimeInterval v="2016-12-26T03:00Z/2016-12-26T04:00Z"/><Direction v="Z03"/><Quantity v="499864"/><MeasureUnit v="KW1"/></Period><Period><TimeInterval v="2016-12-26T04:00Z/2016-12-26T05:00Z"/><Direction v="Z03"/><Quantity v="500145"/><MeasureUnit v="KW1"/></Period></Category></ConnectionPoint><ConnectionPoint><Identification v="21Z000000000073S" codingScheme="305"/><Type v="Z25"/><Category><CapacityCode v="Z08"/><Period><TimeInterval v="2016-12-25T05:00Z/2016-12-25T06:00Z"/><Direction v="Z02"/><Quantity v="8887748"/><MeasureUnit v="KW1"/></Period><Period><TimeInterval v="2016-12-25T06:00Z/2016-12-25T07:00Z"/><Direction v="Z02"/><Quantity v="8888022"/><MeasureUnit v="KW1"/></Period><Period><TimeInterval v="2016-12-25T07:00Z/2016-12-25T08:00Z"/><Direction v="Z02"/><Quantity v="7373788"/><MeasureUnit v="KW1"/></Period><Period><TimeInterval v="2016-12-25T08:00Z/2016-12-25T09:00Z"/><Direction v="Z02"/><Quantity v="7154992"/><MeasureUnit v="KW1"/></Period><Period><TimeInterval v="2016-12-25T09:00Z/2016-12-25T10:00Z"/><Direction v="Z02"/><Quantity v="7610504"/><MeasureUnit v="KW1"/></Period><Period><TimeInterval v="2016-12-25T10:00Z/2016-12-25T11:00Z"/><Direction v="Z02"/><Quantity v="8226548"/><MeasureUnit v="KW1"/></Period><Period><TimeInterval v="2016-12-25T11:00Z/2016-12-25T12:00Z"/><Direction v="Z02"/><Quantity v="6786329"/><MeasureUnit v="KW1"/></Period><Period><TimeInterval v="2016-12-25T12:00Z/2016-12-25T13:00Z"/><Direction v="Z02"/><Quantity v="6549635"/><MeasureUnit v="KW1"/></Period><Period><TimeInterval v="2016-12-25T13:00Z/2016-12-25T14:00Z"/><Direction v="Z02"/><Quantity v="7509635"/><MeasureUnit v="KW1"/></Period><Period><TimeInterval v="2016-12-25T14:00Z/2016-12-25T15:00Z"/><Direction v="Z02"/><Quantity v="7169938"/><MeasureUnit v="KW1"/></Period><Period><TimeInterval v="2016-12-25T15:00Z/2016-12-25T16:00Z"/><Direction v="Z02"/><Quantity v="7139191"/><MeasureUnit v="KW1"/></Period><Period><TimeInterval v="2016-12-25T16:00Z/2016-12-25T17:00Z"/><Direction v="Z02"/><Quantity v="6976287"/><MeasureUnit v="KW1"/></Period><Period><TimeInterval v="2016-12-25T17:00Z/2016-12-25T18:00Z"/><Direction v="Z02"/><Quantity v="7040549"/><MeasureUnit v="KW1"/></Period><Period><TimeInterval v="2016-12-25T18:00Z/2016-12-25T19:00Z"/><Direction v="Z02"/><Quantity v="7121802"/><MeasureUnit v="KW1"/></Period><Period><TimeInterval v="2016-12-25T19:00Z/2016-12-25T20:00Z"/><Direction v="Z02"/><Quantity v="6917326"/><MeasureUnit v="KW1"/></Period><Period><TimeInterval v="2016-12-25T20:00Z/2016-12-25T21:00Z"/><Direction v="Z02"/><Quantity v="6744513"/><MeasureUnit v="KW1"/></Period><Period><TimeInterval v="2016-12-25T21:00Z/2016-12-25T22:00Z"/><Direction v="Z02"/><Quantity v="6427378"/><MeasureUnit v="KW1"/></Period><Period><TimeInterval v="2016-12-25T22:00Z/2016-12-25T23:00Z"/><Direction v="Z02"/><Quantity v="3232151"/><MeasureUnit v="KW1"/></Period><Period><TimeInterval v="2016-12-25T23:00Z/2016-12-26T00:00Z"/><Direction v="Z02"/><Quantity v="3132935"/><MeasureUnit v="KW1"/></Period><Period><TimeInterval v="2016-12-26T00:00Z/2016-12-26T01:00Z"/><Direction v="Z02"/><Quantity v="3270386"/><MeasureUnit v="KW1"/></Period><Period><TimeInterval v="2016-12-26T01:00Z/2016-12-26T02:00Z"/><Direction v="Z02"/><Quantity v="3115892"/><MeasureUnit v="KW1"/></Period><Period><TimeInterval v="2016-12-26T02:00Z/2016-12-26T03:00Z"/><Direction v="Z02"/><Quantity v="2499693"/><MeasureUnit v="KW1"/></Period><Period><TimeInterval v="2016-12-26T03:00Z/2016-12-26T04:00Z"/><Direction v="Z02"/><Quantity v="2440915"/><MeasureUnit v="KW1"/></Period><Period><TimeInterval v="2016-12-26T04:00Z/2016-12-26T05:00Z"/><Direction v="Z02"/><Quantity v="3171347"/><MeasureUnit v="KW1"/></Period></Category></ConnectionPoint><ConnectionPoint><Identification v="21Z0000000001232" codingScheme="305"/><Type v="Z25"/><Category><CapacityCode v="Z08"/><Period><TimeInterval v="2016-12-25T05:00Z/2016-12-25T06:00Z"/><Direction v="Z03"/><Quantity v="11087374"/><MeasureUnit v="KW1"/></Period><Period><TimeInterval v="2016-12-25T06:00Z/2016-12-25T07:00Z"/><Direction v="Z03"/><Quantity v="11355723"/><MeasureUnit v="KW1"/></Period><Period><TimeInterval v="2016-12-25T07:00Z/2016-12-25T08:00Z"/><Direction v="Z03"/><Quantity v="11410329"/><MeasureUnit v="KW1"/></Period><Period><TimeInterval v="2016-12-25T08:00Z/2016-12-25T09:00Z"/><Direction v="Z03"/><Quantity v="11448546"/><MeasureUnit v="KW1"/></Period><Period><TimeInterval v="2016-12-25T09:00Z/2016-12-25T10:00Z"/><Direction v="Z03"/><Quantity v="11400105"/><MeasureUnit v="KW1"/></Period><Period><TimeInterval v="2016-12-25T10:00Z/2016-12-25T11:00Z"/><Direction v="Z03"/><Quantity v="11412967"/><MeasureUnit v="KW1"/></Period><Period><TimeInterval v="2016-12-25T11:00Z/2016-12-25T12:00Z"/><Direction v="Z03"/><Quantity v="11380654"/><MeasureUnit v="KW1"/></Period><Period><TimeInterval v="2016-12-25T12:00Z/2016-12-25T13:00Z"/><Direction v="Z03"/><Quantity v="11279526"/><MeasureUnit v="KW1"/></Period><Period><TimeInterval v="2016-12-25T13:00Z/2016-12-25T14:00Z"/><Direction v="Z03"/><Quantity v="10964491"/><MeasureUnit v="KW1"/></Period><Period><TimeInterval v="2016-12-25T14:00Z/2016-12-25T15:00Z"/><Direction v="Z03"/><Quantity v="10897674"/><MeasureUnit v="KW1"/></Period><Period><TimeInterval v="2016-12-25T15:00Z/2016-12-25T16:00Z"/><Direction v="Z03"/><Quantity v="10899186"/><MeasureUnit v="KW1"/></Period><Period><TimeInterval v="2016-12-25T16:00Z/2016-12-25T17:00Z"/><Direction v="Z03"/><Quantity v="10786900"/><MeasureUnit v="KW1"/></Period><Period><TimeInterval v="2016-12-25T17:00Z/2016-12-25T18:00Z"/><Direction v="Z03"/><Quantity v="10774168"/><MeasureUnit v="KW1"/></Period><Period><TimeInterval v="2016-12-25T18:00Z/2016-12-25T19:00Z"/><Direction v="Z03"/><Quantity v="10501076"/><MeasureUnit v="KW1"/></Period><Period><TimeInterval v="2016-12-25T19:00Z/2016-12-25T20:00Z"/><Direction v="Z03"/><Quantity v="10548985"/><MeasureUnit v="KW1"/></Period><Period><TimeInterval v="2016-12-25T20:00Z/2016-12-25T21:00Z"/><Direction v="Z03"/><Quantity v="10559973"/><MeasureUnit v="KW1"/></Period><Period><TimeInterval v="2016-12-25T21:00Z/2016-12-25T22:00Z"/><Direction v="Z03"/><Quantity v="10505554"/><MeasureUnit v="KW1"/></Period><Period><TimeInterval v="2016-12-25T22:00Z/2016-12-25T23:00Z"/><Direction v="Z03"/><Quantity v="10466413"/><MeasureUnit v="KW1"/></Period><Period><TimeInterval v="2016-12-25T23:00Z/2016-12-26T00:00Z"/><Direction v="Z03"/><Quantity v="10456705"/><MeasureUnit v="KW1"/></Period><Period><TimeInterval v="2016-12-26T00:00Z/2016-12-26T01:00Z"/><Direction v="Z03"/><Quantity v="10442428"/><MeasureUnit v="KW1"/></Period><Period><TimeInterval v="2016-12-26T01:00Z/2016-12-26T02:00Z"/><Direction v="Z03"/><Quantity v="10161433"/><MeasureUnit v="KW1"/></Period><Period><TimeInterval v="2016-12-26T02:00Z/2016-12-26T03:00Z"/><Direction v="Z03"/><Quantity v="10285811"/><MeasureUnit v="KW1"/></Period><Period><TimeInterval v="2016-12-26T03:00Z/2016-12-26T04:00Z"/><Direction v="Z03"/><Quantity v="10382704"/><MeasureUnit v="KW1"/></Period><Period><TimeInterval v="2016-12-26T04:00Z/2016-12-26T05:00Z"/><Direction v="Z03"/><Quantity v="10453286"/><MeasureUnit v="KW1"/></Period></Category></ConnectionPoint><ConnectionPoint><Identification v="21Z000000000075O" codingScheme="305"/><Type v="Z25"/><Category><CapacityCode v="Z08"/><Period><TimeInterval v="2016-12-25T05:00Z/2016-12-25T06:00Z"/><Direction v="Z02"/><Quantity v="0"/><MeasureUnit v="KW1"/></Period><Period><TimeInterval v="2016-12-25T06:00Z/2016-12-25T07:00Z"/><Direction v="Z02"/><Quantity v="0"/><MeasureUnit v="KW1"/></Period><Period><TimeInterval v="2016-12-25T07:00Z/2016-12-25T08:00Z"/><Direction v="Z02"/><Quantity v="0"/><MeasureUnit v="KW1"/></Period><Period><TimeInterval v="2016-12-25T08:00Z/2016-12-25T09:00Z"/><Direction v="Z02"/><Quantity v="0"/><MeasureUnit v="KW1"/></Period><Period><TimeInterval v="2016-12-25T09:00Z/2016-12-25T10:00Z"/><Direction v="Z02"/><Quantity v="0"/><MeasureUnit v="KW1"/></Period><Period><TimeInterval v="2016-12-25T10:00Z/2016-12-25T11:00Z"/><Direction v="Z02"/><Quantity v="0"/><MeasureUnit v="KW1"/></Period><Period><TimeInterval v="2016-12-25T11:00Z/2016-12-25T12:00Z"/><Direction v="Z02"/><Quantity v="0"/><MeasureUnit v="KW1"/></Period><Period><TimeInterval v="2016-12-25T12:00Z/2016-12-25T13:00Z"/><Direction v="Z02"/><Quantity v="0"/><MeasureUnit v="KW1"/></Period><Period><TimeInterval v="2016-12-25T13:00Z/2016-12-25T14:00Z"/><Direction v="Z02"/><Quantity v="0"/><MeasureUnit v="KW1"/></Period><Period><TimeInterval v="2016-12-25T14:00Z/2016-12-25T15:00Z"/><Direction v="Z02"/><Quantity v="0"/><MeasureUnit v="KW1"/></Period><Period><TimeInterval v="2016-12-25T15:00Z/2016-12-25T16:00Z"/><Direction v="Z02"/><Quantity v="0"/><MeasureUnit v="KW1"/></Period><Period><TimeInterval v="2016-12-25T16:00Z/2016-12-25T17:00Z"/><Direction v="Z02"/><Quantity v="0"/><MeasureUnit v="KW1"/></Period><Period><TimeInterval v="2016-12-25T17:00Z/2016-12-25T18:00Z"/><Direction v="Z02"/><Quantity v="0"/><MeasureUnit v="KW1"/></Period><Period><TimeInterval v="2016-12-25T18:00Z/2016-12-25T19:00Z"/><Direction v="Z02"/><Quantity v="0"/><MeasureUnit v="KW1"/></Period><Period><TimeInterval v="2016-12-25T19:00Z/2016-12-25T20:00Z"/><Direction v="Z02"/><Quantity v="0"/><MeasureUnit v="KW1"/></Period><Period><TimeInterval v="2016-12-25T20:00Z/2016-12-25T21:00Z"/><Direction v="Z02"/><Quantity v="0"/><MeasureUnit v="KW1"/></Period><Period><TimeInterval v="2016-12-25T21:00Z/2016-12-25T22:00Z"/><Direction v="Z02"/><Quantity v="0"/><MeasureUnit v="KW1"/></Period><Period><TimeInterval v="2016-12-25T22:00Z/2016-12-25T23:00Z"/><Direction v="Z02"/><Quantity v="0"/><MeasureUnit v="KW1"/></Period><Period><TimeInterval v="2016-12-25T23:00Z/2016-12-26T00:00Z"/><Direction v="Z02"/><Quantity v="0"/><MeasureUnit v="KW1"/></Period><Period><TimeInterval v="2016-12-26T00:00Z/2016-12-26T01:00Z"/><Direction v="Z02"/><Quantity v="0"/><MeasureUnit v="KW1"/></Period><Period><TimeInterval v="2016-12-26T01:00Z/2016-12-26T02:00Z"/><Direction v="Z02"/><Quantity v="0"/><MeasureUnit v="KW1"/></Period><Period><TimeInterval v="2016-12-26T02:00Z/2016-12-26T03:00Z"/><Direction v="Z02"/><Quantity v="0"/><MeasureUnit v="KW1"/></Period><Period><TimeInterval v="2016-12-26T03:00Z/2016-12-26T04:00Z"/><Direction v="Z02"/><Quantity v="0"/><MeasureUnit v="KW1"/></Period><Period><TimeInterval v="2016-12-26T04:00Z/2016-12-26T05:00Z"/><Direction v="Z02"/><Quantity v="0"/><MeasureUnit v="KW1"/></Period><Period><TimeInterval v="2016-12-25T05:00Z/2016-12-25T06:00Z"/><Direction v="Z03"/><Quantity v="8617498"/><MeasureUnit v="KW1"/></Period><Period><TimeInterval v="2016-12-25T06:00Z/2016-12-25T07:00Z"/><Direction v="Z03"/><Quantity v="8440279"/><MeasureUnit v="KW1"/></Period><Period><TimeInterval v="2016-12-25T07:00Z/2016-12-25T08:00Z"/><Direction v="Z03"/><Quantity v="8470248"/><MeasureUnit v="KW1"/></Period><Period><TimeInterval v="2016-12-25T08:00Z/2016-12-25T09:00Z"/><Direction v="Z03"/><Quantity v="8521706"/><MeasureUnit v="KW1"/></Period><Period><TimeInterval v="2016-12-25T09:00Z/2016-12-25T10:00Z"/><Direction v="Z03"/><Quantity v="8507661"/><MeasureUnit v="KW1"/></Period><Period><TimeInterval v="2016-12-25T10:00Z/2016-12-25T11:00Z"/><Direction v="Z03"/><Quantity v="8522143"/><MeasureUnit v="KW1"/></Period><Period><TimeInterval v="2016-12-25T11:00Z/2016-12-25T12:00Z"/><Direction v="Z03"/><Quantity v="10379200"/><MeasureUnit v="KW1"/></Period><Period><TimeInterval v="2016-12-25T12:00Z/2016-12-25T13:00Z"/><Direction v="Z03"/><Quantity v="10546378"/><MeasureUnit v="KW1"/></Period><Period><TimeInterval v="2016-12-25T13:00Z/2016-12-25T14:00Z"/><Direction v="Z03"/><Quantity v="10571709"/><MeasureUnit v="KW1"/></Period><Period><TimeInterval v="2016-12-25T14:00Z/2016-12-25T15:00Z"/><Direction v="Z03"/><Quantity v="10529727"/><MeasureUnit v="KW1"/></Period><Period><TimeInterval v="2016-12-25T15:00Z/2016-12-25T16:00Z"/><Direction v="Z03"/><Quantity v="10464393"/><MeasureUnit v="KW1"/></Period><Period><TimeInterval v="2016-12-25T16:00Z/2016-12-25T17:00Z"/><Direction v="Z03"/><Quantity v="10496198"/><MeasureUnit v="KW1"/></Period><Period><TimeInterval v="2016-12-25T17:00Z/2016-12-25T18:00Z"/><Direction v="Z03"/><Quantity v="10517935"/><MeasureUnit v="KW1"/></Period><Period><TimeInterval v="2016-12-25T18:00Z/2016-12-25T19:00Z"/><Direction v="Z03"/><Quantity v="10512096"/><MeasureUnit v="KW1"/></Period><Period><TimeInterval v="2016-12-25T19:00Z/2016-12-25T20:00Z"/><Direction v="Z03"/><Quantity v="10489775"/><MeasureUnit v="KW1"/></Period><Period><TimeInterval v="2016-12-25T20:00Z/2016-12-25T21:00Z"/><Direction v="Z03"/><Quantity v="10489515"/><MeasureUnit v="KW1"/></Period><Period><TimeInterval v="2016-12-25T21:00Z/2016-12-25T22:00Z"/><Direction v="Z03"/><Quantity v="10534323"/><MeasureUnit v="KW1"/></Period><Period><TimeInterval v="2016-12-25T22:00Z/2016-12-25T23:00Z"/><Direction v="Z03"/><Quantity v="10499400"/><MeasureUnit v="KW1"/></Period><Period><TimeInterval v="2016-12-25T23:00Z/2016-12-26T00:00Z"/><Direction v="Z03"/><Quantity v="10446229"/><MeasureUnit v="KW1"/></Period><Period><TimeInterval v="2016-12-26T00:00Z/2016-12-26T01:00Z"/><Direction v="Z03"/><Quantity v="10487000"/><MeasureUnit v="KW1"/></Period><Period><TimeInterval v="2016-12-26T01:00Z/2016-12-26T02:00Z"/><Direction v="Z03"/><Quantity v="10492000"/><MeasureUnit v="KW1"/></Period><Period><TimeInterval v="2016-12-26T02:00Z/2016-12-26T03:00Z"/><Direction v="Z03"/><Quantity v="10536686"/><MeasureUnit v="KW1"/></Period><Period><TimeInterval v="2016-12-26T03:00Z/2016-12-26T04:00Z"/><Direction v="Z03"/><Quantity v="10492180"/><MeasureUnit v="KW1"/></Period><Period><TimeInterval v="2016-12-26T04:00Z/2016-12-26T05:00Z"/><Direction v="Z03"/><Quantity v="10506367"/><MeasureUnit v="KW1"/></Period></Category></ConnectionPoint><ConnectionPoint><Identification v="21Z000000000053Y" codingScheme="305"/><Type v="Z25"/><Category><CapacityCode v="Z08"/><Period><TimeInterval v="2016-12-25T05:00Z/2016-12-25T06:00Z"/><Direction v="Z02"/><Quantity v="28166279"/><MeasureUnit v="KW1"/></Period><Period><TimeInterval v="2016-12-25T06:00Z/2016-12-25T07:00Z"/><Direction v="Z02"/><Quantity v="28939499"/><MeasureUnit v="KW1"/></Period><Period><TimeInterval v="2016-12-25T07:00Z/2016-12-25T08:00Z"/><Direction v="Z02"/><Quantity v="28698706"/><MeasureUnit v="KW1"/></Period><Period><TimeInterval v="2016-12-25T08:00Z/2016-12-25T09:00Z"/><Direction v="Z02"/><Quantity v="28970886"/><MeasureUnit v="KW1"/></Period><Period><TimeInterval v="2016-12-25T09:00Z/2016-12-25T10:00Z"/><Direction v="Z02"/><Quantity v="28800169"/><MeasureUnit v="KW1"/></Period><Period><TimeInterval v="2016-12-25T10:00Z/2016-12-25T11:00Z"/><Direction v="Z02"/><Quantity v="28775708"/><MeasureUnit v="KW1"/></Period><Period><TimeInterval v="2016-12-25T11:00Z/2016-12-25T12:00Z"/><Direction v="Z02"/><Quantity v="28826870"/><MeasureUnit v="KW1"/></Period><Period><TimeInterval v="2016-12-25T12:00Z/2016-12-25T13:00Z"/><Direction v="Z02"/><Quantity v="28862206"/><MeasureUnit v="KW1"/></Period><Period><TimeInterval v="2016-12-25T13:00Z/2016-12-25T14:00Z"/><Direction v="Z02"/><Quantity v="28864440"/><MeasureUnit v="KW1"/></Period><Period><TimeInterval v="2016-12-25T14:00Z/2016-12-25T15:00Z"/><Direction v="Z02"/><Quantity v="28809022"/><MeasureUnit v="KW1"/></Period><Period><TimeInterval v="2016-12-25T15:00Z/2016-12-25T16:00Z"/><Direction v="Z02"/><Quantity v="28794754"/><MeasureUnit v="KW1"/></Period><Period><TimeInterval v="2016-12-25T16:00Z/2016-12-25T17:00Z"/><Direction v="Z02"/><Quantity v="28793070"/><MeasureUnit v="KW1"/></Period><Period><TimeInterval v="2016-12-25T17:00Z/2016-12-25T18:00Z"/><Direction v="Z02"/><Quantity v="28779551"/><MeasureUnit v="KW1"/></Period><Period><TimeInterval v="2016-12-25T18:00Z/2016-12-25T19:00Z"/><Direction v="Z02"/><Quantity v="28771426"/><MeasureUnit v="KW1"/></Period><Period><TimeInterval v="2016-12-25T19:00Z/2016-12-25T20:00Z"/><Direction v="Z02"/><Quantity v="28770974"/><MeasureUnit v="KW1"/></Period><Period><TimeInterval v="2016-12-25T20:00Z/2016-12-25T21:00Z"/><Direction v="Z02"/><Quantity v="28743386"/><MeasureUnit v="KW1"/></Period><Period><TimeInterval v="2016-12-25T21:00Z/2016-12-25T22:00Z"/><Direction v="Z02"/><Quantity v="28740713"/><MeasureUnit v="KW1"/></Period><Period><TimeInterval v="2016-12-25T22:00Z/2016-12-25T23:00Z"/><Direction v="Z02"/><Quantity v="28753984"/><MeasureUnit v="KW1"/></Period><Period><TimeInterval v="2016-12-25T23:00Z/2016-12-26T00:00Z"/><Direction v="Z02"/><Quantity v="28746389"/><MeasureUnit v="KW1"/></Period><Period><TimeInterval v="2016-12-26T00:00Z/2016-12-26T01:00Z"/><Direction v="Z02"/><Quantity v="31163037"/><MeasureUnit v="KW1"/></Period><Period><TimeInterval v="2016-12-26T01:00Z/2016-12-26T02:00Z"/><Direction v="Z02"/><Quantity v="33237938"/><MeasureUnit v="KW1"/></Period><Period><TimeInterval v="2016-12-26T02:00Z/2016-12-26T03:00Z"/><Direction v="Z02"/><Quantity v="33186137"/><MeasureUnit v="KW1"/></Period><Period><TimeInterval v="2016-12-26T03:00Z/2016-12-26T04:00Z"/><Direction v="Z02"/><Quantity v="33290890"/><MeasureUnit v="KW1"/></Period><Period><TimeInterval v="2016-12-26T04:00Z/2016-12-26T05:00Z"/><Direction v="Z02"/><Quantity v="33408974"/><MeasureUnit v="KW1"/></Period></Category></ConnectionPoint><ConnectionPoint><Identification v="21Z0000000000503" codingScheme="305"/><Type v="Z25"/><Category><CapacityCode v="Z08"/><Period><TimeInterval v="2016-12-25T05:00Z/2016-12-25T06:00Z"/><Direction v="Z02"/><Quantity v="0"/><MeasureUnit v="KW1"/></Period><Period><TimeInterval v="2016-12-25T06:00Z/2016-12-25T07:00Z"/><Direction v="Z02"/><Quantity v="0"/><MeasureUnit v="KW1"/></Period><Period><TimeInterval v="2016-12-25T07:00Z/2016-12-25T08:00Z"/><Direction v="Z02"/><Quantity v="0"/><MeasureUnit v="KW1"/></Period><Period><TimeInterval v="2016-12-25T08:00Z/2016-12-25T09:00Z"/><Direction v="Z02"/><Quantity v="0"/><MeasureUnit v="KW1"/></Period><Period><TimeInterval v="2016-12-25T09:00Z/2016-12-25T10:00Z"/><Direction v="Z02"/><Quantity v="0"/><MeasureUnit v="KW1"/></Period><Period><TimeInterval v="2016-12-25T10:00Z/2016-12-25T11:00Z"/><Direction v="Z02"/><Quantity v="0"/><MeasureUnit v="KW1"/></Period><Period><TimeInterval v="2016-12-25T11:00Z/2016-12-25T12:00Z"/><Direction v="Z02"/><Quantity v="0"/><MeasureUnit v="KW1"/></Period><Period><TimeInterval v="2016-12-25T12:00Z/2016-12-25T13:00Z"/><Direction v="Z02"/><Quantity v="0"/><MeasureUnit v="KW1"/></Period><Period><TimeInterval v="2016-12-25T13:00Z/2016-12-25T14:00Z"/><Direction v="Z02"/><Quantity v="0"/><MeasureUnit v="KW1"/></Period><Period><TimeInterval v="2016-12-25T14:00Z/2016-12-25T15:00Z"/><Direction v="Z02"/><Quantity v="0"/><MeasureUnit v="KW1"/></Period><Period><TimeInterval v="2016-12-25T15:00Z/2016-12-25T16:00Z"/><Direction v="Z02"/><Quantity v="0"/><MeasureUnit v="KW1"/></Period><Period><TimeInterval v="2016-12-25T16:00Z/2016-12-25T17:00Z"/><Direction v="Z02"/><Quantity v="0"/><MeasureUnit v="KW1"/></Period><Period><TimeInterval v="2016-12-25T17:00Z/2016-12-25T18:00Z"/><Direction v="Z02"/><Quantity v="0"/><MeasureUnit v="KW1"/></Period><Period><TimeInterval v="2016-12-25T18:00Z/2016-12-25T19:00Z"/><Direction v="Z02"/><Quantity v="0"/><MeasureUnit v="KW1"/></Period><Period><TimeInterval v="2016-12-25T19:00Z/2016-12-25T20:00Z"/><Direction v="Z02"/><Quantity v="0"/><MeasureUnit v="KW1"/></Period><Period><TimeInterval v="2016-12-25T20:00Z/2016-12-25T21:00Z"/><Direction v="Z02"/><Quantity v="0"/><MeasureUnit v="KW1"/></Period><Period><TimeInterval v="2016-12-25T21:00Z/2016-12-25T22:00Z"/><Direction v="Z02"/><Quantity v="0"/><MeasureUnit v="KW1"/></Period><Period><TimeInterval v="2016-12-25T22:00Z/2016-12-25T23:00Z"/><Direction v="Z02"/><Quantity v="0"/><MeasureUnit v="KW1"/></Period><Period><TimeInterval v="2016-12-25T23:00Z/2016-12-26T00:00Z"/><Direction v="Z02"/><Quantity v="0"/><MeasureUnit v="KW1"/></Period><Period><TimeInterval v="2016-12-26T00:00Z/2016-12-26T01:00Z"/><Direction v="Z02"/><Quantity v="0"/><MeasureUnit v="KW1"/></Period><Period><TimeInterval v="2016-12-26T01:00Z/2016-12-26T02:00Z"/><Direction v="Z02"/><Quantity v="0"/><MeasureUnit v="KW1"/></Period><Period><TimeInterval v="2016-12-26T02:00Z/2016-12-26T03:00Z"/><Direction v="Z02"/><Quantity v="0"/><MeasureUnit v="KW1"/></Period><Period><TimeInterval v="2016-12-26T03:00Z/2016-12-26T04:00Z"/><Direction v="Z02"/><Quantity v="0"/><MeasureUnit v="KW1"/></Period><Period><TimeInterval v="2016-12-26T04:00Z/2016-12-26T05:00Z"/><Direction v="Z02"/><Quantity v="0"/><MeasureUnit v="KW1"/></Period></Category></ConnectionPoint><ConnectionPoint><Identification v="37Z000000006389D" codingScheme="305"/><Type v="Z26"/><Category><CapacityCode v="Z08"/><Period><TimeInterval v="2016-12-25T05:00Z/2016-12-25T06:00Z"/><Direction v="Z03"/><Quantity v="0"/><MeasureUnit v="KW1"/></Period><Period><TimeInterval v="2016-12-25T06:00Z/2016-12-25T07:00Z"/><Direction v="Z03"/><Quantity v="0"/><MeasureUnit v="KW1"/></Period><Period><TimeInterval v="2016-12-25T07:00Z/2016-12-25T08:00Z"/><Direction v="Z03"/><Quantity v="0"/><MeasureUnit v="KW1"/></Period><Period><TimeInterval v="2016-12-25T08:00Z/2016-12-25T09:00Z"/><Direction v="Z03"/><Quantity v="0"/><MeasureUnit v="KW1"/></Period><Period><TimeInterval v="2016-12-25T09:00Z/2016-12-25T10:00Z"/><Direction v="Z03"/><Quantity v="0"/><MeasureUnit v="KW1"/></Period><Period><TimeInterval v="2016-12-25T10:00Z/2016-12-25T11:00Z"/><Direction v="Z03"/><Quantity v="0"/><MeasureUnit v="KW1"/></Period><Period><TimeInterval v="2016-12-25T11:00Z/2016-12-25T12:00Z"/><Direction v="Z03"/><Quantity v="0"/><MeasureUnit v="KW1"/></Period><Period><TimeInterval v="2016-12-25T12:00Z/2016-12-25T13:00Z"/><Direction v="Z03"/><Quantity v="0"/><MeasureUnit v="KW1"/></Period><Period><TimeInterval v="2016-12-25T13:00Z/2016-12-25T14:00Z"/><Direction v="Z03"/><Quantity v="0"/><MeasureUnit v="KW1"/></Period><Period><TimeInterval v="2016-12-25T14:00Z/2016-12-25T15:00Z"/><Direction v="Z03"/><Quantity v="0"/><MeasureUnit v="KW1"/></Period><Period><TimeInterval v="2016-12-25T15:00Z/2016-12-25T16:00Z"/><Direction v="Z03"/><Quantity v="0"/><MeasureUnit v="KW1"/></Period><Period><TimeInterval v="2016-12-25T16:00Z/2016-12-25T17:00Z"/><Direction v="Z03"/><Quantity v="0"/><MeasureUnit v="KW1"/></Period><Period><TimeInterval v="2016-12-25T17:00Z/2016-12-25T18:00Z"/><Direction v="Z03"/><Quantity v="0"/><MeasureUnit v="KW1"/></Period><Period><TimeInterval v="2016-12-25T18:00Z/2016-12-25T19:00Z"/><Direction v="Z03"/><Quantity v="0"/><MeasureUnit v="KW1"/></Period><Period><TimeInterval v="2016-12-25T19:00Z/2016-12-25T20:00Z"/><Direction v="Z03"/><Quantity v="0"/><MeasureUnit v="KW1"/></Period><Period><TimeInterval v="2016-12-25T20:00Z/2016-12-25T21:00Z"/><Direction v="Z03"/><Quantity v="0"/><MeasureUnit v="KW1"/></Period><Period><TimeInterval v="2016-12-25T21:00Z/2016-12-25T22:00Z"/><Direction v="Z03"/><Quantity v="0"/><MeasureUnit v="KW1"/></Period><Period><TimeInterval v="2016-12-25T22:00Z/2016-12-25T23:00Z"/><Direction v="Z03"/><Quantity v="0"/><MeasureUnit v="KW1"/></Period><Period><TimeInterval v="2016-12-25T23:00Z/2016-12-26T00:00Z"/><Direction v="Z03"/><Quantity v="0"/><MeasureUnit v="KW1"/></Period><Period><TimeInterval v="2016-12-26T00:00Z/2016-12-26T01:00Z"/><Direction v="Z03"/><Quantity v="0"/><MeasureUnit v="KW1"/></Period><Period><TimeInterval v="2016-12-26T01:00Z/2016-12-26T02:00Z"/><Direction v="Z03"/><Quantity v="0"/><MeasureUnit v="KW1"/></Period><Period><TimeInterval v="2016-12-26T02:00Z/2016-12-26T03:00Z"/><Direction v="Z03"/><Quantity v="0"/><MeasureUnit v="KW1"/></Period><Period><TimeInterval v="2016-12-26T03:00Z/2016-12-26T04:00Z"/><Direction v="Z03"/><Quantity v="0"/><MeasureUnit v="KW1"/></Period><Period><TimeInterval v="2016-12-26T04:00Z/2016-12-26T05:00Z"/><Direction v="Z03"/><Quantity v="0"/><MeasureUnit v="KW1"/></Period></Category></ConnectionPoint><ConnectionPoint><Identification v="21Z000000000001G" codingScheme="305"/><Type v="Z25"/><Category><CapacityCode v="Z08"/><Period><TimeInterval v="2016-12-25T05:00Z/2016-12-25T06:00Z"/><Direction v="Z03"/><Quantity v="5763561"/><MeasureUnit v="KW1"/></Period><Period><TimeInterval v="2016-12-25T06:00Z/2016-12-25T07:00Z"/><Direction v="Z03"/><Quantity v="5753389"/><MeasureUnit v="KW1"/></Period><Period><TimeInterval v="2016-12-25T07:00Z/2016-12-25T08:00Z"/><Direction v="Z03"/><Quantity v="5755054"/><MeasureUnit v="KW1"/></Period><Period><TimeInterval v="2016-12-25T08:00Z/2016-12-25T09:00Z"/><Direction v="Z03"/><Quantity v="5736171"/><MeasureUnit v="KW1"/></Period><Period><TimeInterval v="2016-12-25T09:00Z/2016-12-25T10:00Z"/><Direction v="Z03"/><Quantity v="5754209"/><MeasureUnit v="KW1"/></Period><Period><TimeInterval v="2016-12-25T10:00Z/2016-12-25T11:00Z"/><Direction v="Z03"/><Quantity v="5737874"/><MeasureUnit v="KW1"/></Period><Period><TimeInterval v="2016-12-25T11:00Z/2016-12-25T12:00Z"/><Direction v="Z03"/><Quantity v="5750236"/><MeasureUnit v="KW1"/></Period><Period><TimeInterval v="2016-12-25T12:00Z/2016-12-25T13:00Z"/><Direction v="Z03"/><Quantity v="5777931"/><MeasureUnit v="KW1"/></Period><Period><TimeInterval v="2016-12-25T13:00Z/2016-12-25T14:00Z"/><Direction v="Z03"/><Quantity v="5751643"/><MeasureUnit v="KW1"/></Period><Period><TimeInterval v="2016-12-25T14:00Z/2016-12-25T15:00Z"/><Direction v="Z03"/><Quantity v="5747446"/><MeasureUnit v="KW1"/></Period><Period><TimeInterval v="2016-12-25T15:00Z/2016-12-25T16:00Z"/><Direction v="Z03"/><Quantity v="6089767"/><MeasureUnit v="KW1"/></Period><Period><TimeInterval v="2016-12-25T16:00Z/2016-12-25T17:00Z"/><Direction v="Z03"/><Quantity v="7370498"/><MeasureUnit v="KW1"/></Period><Period><TimeInterval v="2016-12-25T17:00Z/2016-12-25T18:00Z"/><Direction v="Z03"/><Quantity v="7563070"/><MeasureUnit v="KW1"/></Period><Period><TimeInterval v="2016-12-25T18:00Z/2016-12-25T19:00Z"/><Direction v="Z03"/><Quantity v="7404851"/><MeasureUnit v="KW1"/></Period><Period><TimeInterval v="2016-12-25T19:00Z/2016-12-25T20:00Z"/><Direction v="Z03"/><Quantity v="7445452"/><MeasureUnit v="KW1"/></Period><Period><TimeInterval v="2016-12-25T20:00Z/2016-12-25T21:00Z"/><Direction v="Z03"/><Quantity v="7457640"/><MeasureUnit v="KW1"/></Period><Period><TimeInterval v="2016-12-25T21:00Z/2016-12-25T22:00Z"/><Direction v="Z03"/><Quantity v="7501474"/><MeasureUnit v="KW1"/></Period><Period><TimeInterval v="2016-12-25T22:00Z/2016-12-25T23:00Z"/><Direction v="Z03"/><Quantity v="7606799"/><MeasureUnit v="KW1"/></Period><Period><TimeInterval v="2016-12-25T23:00Z/2016-12-26T00:00Z"/><Direction v="Z03"/><Quantity v="7642756"/><MeasureUnit v="KW1"/></Period><Period><TimeInterval v="2016-12-26T00:00Z/2016-12-26T01:00Z"/><Direction v="Z03"/><Quantity v="7720867"/><MeasureUnit v="KW1"/></Period><Period><TimeInterval v="2016-12-26T01:00Z/2016-12-26T02:00Z"/><Direction v="Z03"/><Quantity v="7884816"/><MeasureUnit v="KW1"/></Period><Period><TimeInterval v="2016-12-26T02:00Z/2016-12-26T03:00Z"/><Direction v="Z03"/><Quantity v="7902955"/><MeasureUnit v="KW1"/></Period><Period><TimeInterval v="2016-12-26T03:00Z/2016-12-26T04:00Z"/><Direction v="Z03"/><Quantity v="7854457"/><MeasureUnit v="KW1"/></Period><Period><TimeInterval v="2016-12-26T04:00Z/2016-12-26T05:00Z"/><Direction v="Z03"/><Quantity v="7768341"/><MeasureUnit v="KW1"/></Period></Category></ConnectionPoint><ConnectionPoint><Identification v="21Z000000000039S" codingScheme="305"/><Type v="Z25"/><Category><CapacityCode v="Z08"/><Period><TimeInterval v="2016-12-25T05:00Z/2016-12-25T06:00Z"/><Direction v="Z03"/><Quantity v="14647001"/><MeasureUnit v="KW1"/></Period><Period><TimeInterval v="2016-12-25T06:00Z/2016-12-25T07:00Z"/><Direction v="Z03"/><Quantity v="14571391"/><MeasureUnit v="KW1"/></Period><Period><TimeInterval v="2016-12-25T07:00Z/2016-12-25T08:00Z"/><Direction v="Z03"/><Quantity v="14553295"/><MeasureUnit v="KW1"/></Period><Period><TimeInterval v="2016-12-25T08:00Z/2016-12-25T09:00Z"/><Direction v="Z03"/><Quantity v="14462606"/><MeasureUnit v="KW1"/></Period><Period><TimeInterval v="2016-12-25T09:00Z/2016-12-25T10:00Z"/><Direction v="Z03"/><Quantity v="14462999"/><MeasureUnit v="KW1"/></Period><Period><TimeInterval v="2016-12-25T10:00Z/2016-12-25T11:00Z"/><Direction v="Z03"/><Quantity v="14462948"/><MeasureUnit v="KW1"/></Period><Period><TimeInterval v="2016-12-25T11:00Z/2016-12-25T12:00Z"/><Direction v="Z03"/><Quantity v="14463971"/><MeasureUnit v="KW1"/></Period><Period><TimeInterval v="2016-12-25T12:00Z/2016-12-25T13:00Z"/><Direction v="Z03"/><Quantity v="14528034"/><MeasureUnit v="KW1"/></Period><Period><TimeInterval v="2016-12-25T13:00Z/2016-12-25T14:00Z"/><Direction v="Z03"/><Quantity v="14778787"/><MeasureUnit v="KW1"/></Period><Period><TimeInterval v="2016-12-25T14:00Z/2016-12-25T15:00Z"/><Direction v="Z03"/><Quantity v="14806126"/><MeasureUnit v="KW1"/></Period><Period><TimeInterval v="2016-12-25T15:00Z/2016-12-25T16:00Z"/><Direction v="Z03"/><Quantity v="14809929"/><MeasureUnit v="KW1"/></Period><Period><TimeInterval v="2016-12-25T16:00Z/2016-12-25T17:00Z"/><Direction v="Z03"/><Quantity v="14811707"/><MeasureUnit v="KW1"/></Period><Period><TimeInterval v="2016-12-25T17:00Z/2016-12-25T18:00Z"/><Direction v="Z03"/><Quantity v="14810196"/><MeasureUnit v="KW1"/></Period><Period><TimeInterval v="2016-12-25T18:00Z/2016-12-25T19:00Z"/><Direction v="Z03"/><Quantity v="14830268"/><MeasureUnit v="KW1"/></Period><Period><TimeInterval v="2016-12-25T19:00Z/2016-12-25T20:00Z"/><Direction v="Z03"/><Quantity v="14859343"/><MeasureUnit v="KW1"/></Period><Period><TimeInterval v="2016-12-25T20:00Z/2016-12-25T21:00Z"/><Direction v="Z03"/><Quantity v="14895574"/><MeasureUnit v="KW1"/></Period><Period><TimeInterval v="2016-12-25T21:00Z/2016-12-25T22:00Z"/><Direction v="Z03"/><Quantity v="14931418"/><MeasureUnit v="KW1"/></Period><Period><TimeInterval v="2016-12-25T22:00Z/2016-12-25T23:00Z"/><Direction v="Z03"/><Quantity v="14973451"/><MeasureUnit v="KW1"/></Period><Period><TimeInterval v="2016-12-25T23:00Z/2016-12-26T00:00Z"/><Direction v="Z03"/><Quantity v="15041667"/><MeasureUnit v="KW1"/></Period><Period><TimeInterval v="2016-12-26T00:00Z/2016-12-26T01:00Z"/><Direction v="Z03"/><Quantity v="15096173"/><MeasureUnit v="KW1"/></Period><Period><TimeInterval v="2016-12-26T01:00Z/2016-12-26T02:00Z"/><Direction v="Z03"/><Quantity v="15185418"/><MeasureUnit v="KW1"/></Period><Period><TimeInterval v="2016-12-26T02:00Z/2016-12-26T03:00Z"/><Direction v="Z03"/><Quantity v="15265518"/><MeasureUnit v="KW1"/></Period><Period><TimeInterval v="2016-12-26T03:00Z/2016-12-26T04:00Z"/><Direction v="Z03"/><Quantity v="15379712"/><MeasureUnit v="KW1"/></Period><Period><TimeInterval v="2016-12-26T04:00Z/2016-12-26T05:00Z"/><Direction v="Z03"/><Quantity v="15592446"/><MeasureUnit v="KW1"/></Period></Category></ConnectionPoint><ConnectionPoint><Identification v="21Z000000000072U" codingScheme="305"/><Type v="Z25"/><Category><CapacityCode v="Z08"/><Period><TimeInterval v="2016-12-25T05:00Z/2016-12-25T06:00Z"/><Direction v="Z02"/><Quantity v="11509530"/><MeasureUnit v="KW1"/></Period><Period><TimeInterval v="2016-12-25T06:00Z/2016-12-25T07:00Z"/><Direction v="Z02"/><Quantity v="9983480"/><MeasureUnit v="KW1"/></Period><Period><TimeInterval v="2016-12-25T07:00Z/2016-12-25T08:00Z"/><Direction v="Z02"/><Quantity v="10921227"/><MeasureUnit v="KW1"/></Period><Period><TimeInterval v="2016-12-25T08:00Z/2016-12-25T09:00Z"/><Direction v="Z02"/><Quantity v="10902015"/><MeasureUnit v="KW1"/></Period><Period><TimeInterval v="2016-12-25T09:00Z/2016-12-25T10:00Z"/><Direction v="Z02"/><Quantity v="13216788"/><MeasureUnit v="KW1"/></Period><Period><TimeInterval v="2016-12-25T10:00Z/2016-12-25T11:00Z"/><Direction v="Z02"/><Quantity v="13794153"/><MeasureUnit v="KW1"/></Period><Period><TimeInterval v="2016-12-25T11:00Z/2016-12-25T12:00Z"/><Direction v="Z02"/><Quantity v="14293741"/><MeasureUnit v="KW1"/></Period><Period><TimeInterval v="2016-12-25T12:00Z/2016-12-25T13:00Z"/><Direction v="Z02"/><Quantity v="13496966"/><MeasureUnit v="KW1"/></Period><Period><TimeInterval v="2016-12-25T13:00Z/2016-12-25T14:00Z"/><Direction v="Z02"/><Quantity v="12165389"/><MeasureUnit v="KW1"/></Period><Period><TimeInterval v="2016-12-25T14:00Z/2016-12-25T15:00Z"/><Direction v="Z02"/><Quantity v="12126228"/><MeasureUnit v="KW1"/></Period><Period><TimeInterval v="2016-12-25T15:00Z/2016-12-25T16:00Z"/><Direction v="Z02"/><Quantity v="11967556"/><MeasureUnit v="KW1"/></Period><Period><TimeInterval v="2016-12-25T16:00Z/2016-12-25T17:00Z"/><Direction v="Z02"/><Quantity v="10312997"/><MeasureUnit v="KW1"/></Period><Period><TimeInterval v="2016-12-25T17:00Z/2016-12-25T18:00Z"/><Direction v="Z02"/><Quantity v="9775340"/><MeasureUnit v="KW1"/></Period><Period><TimeInterval v="2016-12-25T18:00Z/2016-12-25T19:00Z"/><Direction v="Z02"/><Quantity v="9375329"/><MeasureUnit v="KW1"/></Period><Period><TimeInterval v="2016-12-25T19:00Z/2016-12-25T20:00Z"/><Direction v="Z02"/><Quantity v="8955499"/><MeasureUnit v="KW1"/></Period><Period><TimeInterval v="2016-12-25T20:00Z/2016-12-25T21:00Z"/><Direction v="Z02"/><Quantity v="8193010"/><MeasureUnit v="KW1"/></Period><Period><TimeInterval v="2016-12-25T21:00Z/2016-12-25T22:00Z"/><Direction v="Z02"/><Quantity v="8089189"/><MeasureUnit v="KW1"/></Period><Period><TimeInterval v="2016-12-25T22:00Z/2016-12-25T23:00Z"/><Direction v="Z02"/><Quantity v="8741654"/><MeasureUnit v="KW1"/></Period><Period><TimeInterval v="2016-12-25T23:00Z/2016-12-26T00:00Z"/><Direction v="Z02"/><Quantity v="9225591"/><MeasureUnit v="KW1"/></Period><Period><TimeInterval v="2016-12-26T00:00Z/2016-12-26T01:00Z"/><Direction v="Z02"/><Quantity v="8166733"/><MeasureUnit v="KW1"/></Period><Period><TimeInterval v="2016-12-26T01:00Z/2016-12-26T02:00Z"/><Direction v="Z02"/><Quantity v="8405791"/><MeasureUnit v="KW1"/></Period><Period><TimeInterval v="2016-12-26T02:00Z/2016-12-26T03:00Z"/><Direction v="Z02"/><Quantity v="8136003"/><MeasureUnit v="KW1"/></Period><Period><TimeInterval v="2016-12-26T03:00Z/2016-12-26T04:00Z"/><Direction v="Z02"/><Quantity v="10518712"/><MeasureUnit v="KW1"/></Period><Period><TimeInterval v="2016-12-26T04:00Z/2016-12-26T05:00Z"/><Direction v="Z02"/><Quantity v="11699833"/><MeasureUnit v="KW1"/></Period></Category></ConnectionPoint><ConnectionPoint><Identification v="37Z000000001078I" codingScheme="305"/><Type v="Z26"/><Category><CapacityCode v="Z08"/><Period><TimeInterval v="2016-12-25T05:00Z/2016-12-25T06:00Z"/><Direction v="Z02"/><Quantity v="0"/><MeasureUnit v="KW1"/></Period><Period><TimeInterval v="2016-12-25T06:00Z/2016-12-25T07:00Z"/><Direction v="Z02"/><Quantity v="0"/><MeasureUnit v="KW1"/></Period><Period><TimeInterval v="2016-12-25T07:00Z/2016-12-25T08:00Z"/><Direction v="Z02"/><Quantity v="0"/><MeasureUnit v="KW1"/></Period><Period><TimeInterval v="2016-12-25T08:00Z/2016-12-25T09:00Z"/><Direction v="Z02"/><Quantity v="0"/><MeasureUnit v="KW1"/></Period><Period><TimeInterval v="2016-12-25T09:00Z/2016-12-25T10:00Z"/><Direction v="Z02"/><Quantity v="0"/><MeasureUnit v="KW1"/></Period><Period><TimeInterval v="2016-12-25T10:00Z/2016-12-25T11:00Z"/><Direction v="Z02"/><Quantity v="0"/><MeasureUnit v="KW1"/></Period><Period><TimeInterval v="2016-12-25T11:00Z/2016-12-25T12:00Z"/><Direction v="Z02"/><Quantity v="0"/><MeasureUnit v="KW1"/></Period><Period><TimeInterval v="2016-12-25T12:00Z/2016-12-25T13:00Z"/><Direction v="Z02"/><Quantity v="0"/><MeasureUnit v="KW1"/></Period><Period><TimeInterval v="2016-12-25T13:00Z/2016-12-25T14:00Z"/><Direction v="Z02"/><Quantity v="0"/><MeasureUnit v="KW1"/></Period><Period><TimeInterval v="2016-12-25T14:00Z/2016-12-25T15:00Z"/><Direction v="Z02"/><Quantity v="0"/><MeasureUnit v="KW1"/></Period><Period><TimeInterval v="2016-12-25T15:00Z/2016-12-25T16:00Z"/><Direction v="Z02"/><Quantity v="0"/><MeasureUnit v="KW1"/></Period><Period><TimeInterval v="2016-12-25T16:00Z/2016-12-25T17:00Z"/><Direction v="Z02"/><Quantity v="0"/><MeasureUnit v="KW1"/></Period><Period><TimeInterval v="2016-12-25T17:00Z/2016-12-25T18:00Z"/><Direction v="Z02"/><Quantity v="0"/><MeasureUnit v="KW1"/></Period><Period><TimeInterval v="2016-12-25T18:00Z/2016-12-25T19:00Z"/><Direction v="Z02"/><Quantity v="0"/><MeasureUnit v="KW1"/></Period><Period><TimeInterval v="2016-12-25T19:00Z/2016-12-25T20:00Z"/><Direction v="Z02"/><Quantity v="0"/><MeasureUnit v="KW1"/></Period><Period><TimeInterval v="2016-12-25T20:00Z/2016-12-25T21:00Z"/><Direction v="Z02"/><Quantity v="0"/><MeasureUnit v="KW1"/></Period><Period><TimeInterval v="2016-12-25T21:00Z/2016-12-25T22:00Z"/><Direction v="Z02"/><Quantity v="0"/><MeasureUnit v="KW1"/></Period><Period><TimeInterval v="2016-12-25T22:00Z/2016-12-25T23:00Z"/><Direction v="Z02"/><Quantity v="0"/><MeasureUnit v="KW1"/></Period><Period><TimeInterval v="2016-12-25T23:00Z/2016-12-26T00:00Z"/><Direction v="Z02"/><Quantity v="0"/><MeasureUnit v="KW1"/></Period><Period><TimeInterval v="2016-12-26T00:00Z/2016-12-26T01:00Z"/><Direction v="Z02"/><Quantity v="0"/><MeasureUnit v="KW1"/></Period><Period><TimeInterval v="2016-12-26T01:00Z/2016-12-26T02:00Z"/><Direction v="Z02"/><Quantity v="0"/><MeasureUnit v="KW1"/></Period><Period><TimeInterval v="2016-12-26T02:00Z/2016-12-26T03:00Z"/><Direction v="Z02"/><Quantity v="0"/><MeasureUnit v="KW1"/></Period><Period><TimeInterval v="2016-12-26T03:00Z/2016-12-26T04:00Z"/><Direction v="Z02"/><Quantity v="0"/><MeasureUnit v="KW1"/></Period><Period><TimeInterval v="2016-12-26T04:00Z/2016-12-26T05:00Z"/><Direction v="Z02"/><Quantity v="0"/><MeasureUnit v="KW1"/></Period></Category></ConnectionPoint><ConnectionPoint><Identification v="37Z000000006390S" codingScheme="305"/><Type v="Z26"/><Category><CapacityCode v="Z08"/><Period><TimeInterval v="2016-12-25T05:00Z/2016-12-25T06:00Z"/><Direction v="Z02"/><Quantity v="0"/><MeasureUnit v="KW1"/></Period><Period><TimeInterval v="2016-12-25T06:00Z/2016-12-25T07:00Z"/><Direction v="Z02"/><Quantity v="0"/><MeasureUnit v="KW1"/></Period><Period><TimeInterval v="2016-12-25T07:00Z/2016-12-25T08:00Z"/><Direction v="Z02"/><Quantity v="0"/><MeasureUnit v="KW1"/></Period><Period><TimeInterval v="2016-12-25T08:00Z/2016-12-25T09:00Z"/><Direction v="Z02"/><Quantity v="0"/><MeasureUnit v="KW1"/></Period><Period><TimeInterval v="2016-12-25T09:00Z/2016-12-25T10:00Z"/><Direction v="Z02"/><Quantity v="0"/><MeasureUnit v="KW1"/></Period><Period><TimeInterval v="2016-12-25T10:00Z/2016-12-25T11:00Z"/><Direction v="Z02"/><Quantity v="0"/><MeasureUnit v="KW1"/></Period><Period><TimeInterval v="2016-12-25T11:00Z/2016-12-25T12:00Z"/><Direction v="Z02"/><Quantity v="0"/><MeasureUnit v="KW1"/></Period><Period><TimeInterval v="2016-12-25T12:00Z/2016-12-25T13:00Z"/><Direction v="Z02"/><Quantity v="0"/><MeasureUnit v="KW1"/></Period><Period><TimeInterval v="2016-12-25T13:00Z/2016-12-25T14:00Z"/><Direction v="Z02"/><Quantity v="0"/><MeasureUnit v="KW1"/></Period><Period><TimeInterval v="2016-12-25T14:00Z/2016-12-25T15:00Z"/><Direction v="Z02"/><Quantity v="0"/><MeasureUnit v="KW1"/></Period><Period><TimeInterval v="2016-12-25T15:00Z/2016-12-25T16:00Z"/><Direction v="Z02"/><Quantity v="0"/><MeasureUnit v="KW1"/></Period><Period><TimeInterval v="2016-12-25T16:00Z/2016-12-25T17:00Z"/><Direction v="Z02"/><Quantity v="0"/><MeasureUnit v="KW1"/></Period><Period><TimeInterval v="2016-12-25T17:00Z/2016-12-25T18:00Z"/><Direction v="Z02"/><Quantity v="0"/><MeasureUnit v="KW1"/></Period><Period><TimeInterval v="2016-12-25T18:00Z/2016-12-25T19:00Z"/><Direction v="Z02"/><Quantity v="0"/><MeasureUnit v="KW1"/></Period><Period><TimeInterval v="2016-12-25T19:00Z/2016-12-25T20:00Z"/><Direction v="Z02"/><Quantity v="0"/><MeasureUnit v="KW1"/></Period><Period><TimeInterval v="2016-12-25T20:00Z/2016-12-25T21:00Z"/><Direction v="Z02"/><Quantity v="0"/><MeasureUnit v="KW1"/></Period><Period><TimeInterval v="2016-12-25T21:00Z/2016-12-25T22:00Z"/><Direction v="Z02"/><Quantity v="0"/><MeasureUnit v="KW1"/></Period><Period><TimeInterval v="2016-12-25T22:00Z/2016-12-25T23:00Z"/><Direction v="Z02"/><Quantity v="0"/><MeasureUnit v="KW1"/></Period><Period><TimeInterval v="2016-12-25T23:00Z/2016-12-26T00:00Z"/><Direction v="Z02"/><Quantity v="0"/><MeasureUnit v="KW1"/></Period><Period><TimeInterval v="2016-12-26T00:00Z/2016-12-26T01:00Z"/><Direction v="Z02"/><Quantity v="0"/><MeasureUnit v="KW1"/></Period><Period><TimeInterval v="2016-12-26T01:00Z/2016-12-26T02:00Z"/><Direction v="Z02"/><Quantity v="0"/><MeasureUnit v="KW1"/></Period><Period><TimeInterval v="2016-12-26T02:00Z/2016-12-26T03:00Z"/><Direction v="Z02"/><Quantity v="0"/><MeasureUnit v="KW1"/></Period><Period><TimeInterval v="2016-12-26T03:00Z/2016-12-26T04:00Z"/><Direction v="Z02"/><Quantity v="0"/><MeasureUnit v="KW1"/></Period><Period><TimeInterval v="2016-12-26T04:00Z/2016-12-26T05:00Z"/><Direction v="Z02"/><Quantity v="0"/><MeasureUnit v="KW1"/></Period></Category></ConnectionPoint><ConnectionPoint><Identification v="37Y000000000288Q" codingScheme="305"/><Type v="Z26"/><Category><CapacityCode v="Z08"/><Period><TimeInterval v="2016-12-25T05:00Z/2016-12-25T06:00Z"/><Direction v="Z02"/><Quantity v="1041118"/><MeasureUnit v="KW1"/></Period><Period><TimeInterval v="2016-12-25T06:00Z/2016-12-25T07:00Z"/><Direction v="Z02"/><Quantity v="1064110"/><MeasureUnit v="KW1"/></Period><Period><TimeInterval v="2016-12-25T07:00Z/2016-12-25T08:00Z"/><Direction v="Z02"/><Quantity v="1065097"/><MeasureUnit v="KW1"/></Period><Period><TimeInterval v="2016-12-25T08:00Z/2016-12-25T09:00Z"/><Direction v="Z02"/><Quantity v="1094673"/><MeasureUnit v="KW1"/></Period><Period><TimeInterval v="2016-12-25T09:00Z/2016-12-25T10:00Z"/><Direction v="Z02"/><Quantity v="1108594"/><MeasureUnit v="KW1"/></Period><Period><TimeInterval v="2016-12-25T10:00Z/2016-12-25T11:00Z"/><Direction v="Z02"/><Quantity v="1096703"/><MeasureUnit v="KW1"/></Period><Period><TimeInterval v="2016-12-25T11:00Z/2016-12-25T12:00Z"/><Direction v="Z02"/><Quantity v="1089172"/><MeasureUnit v="KW1"/></Period><Period><TimeInterval v="2016-12-25T12:00Z/2016-12-25T13:00Z"/><Direction v="Z02"/><Quantity v="1048833"/><MeasureUnit v="KW1"/></Period><Period><TimeInterval v="2016-12-25T13:00Z/2016-12-25T14:00Z"/><Direction v="Z02"/><Quantity v="1049738"/><MeasureUnit v="KW1"/></Period><Period><TimeInterval v="2016-12-25T14:00Z/2016-12-25T15:00Z"/><Direction v="Z02"/><Quantity v="996921"/><MeasureUnit v="KW1"/></Period><Period><TimeInterval v="2016-12-25T15:00Z/2016-12-25T16:00Z"/><Direction v="Z02"/><Quantity v="1001096"/><MeasureUnit v="KW1"/></Period><Period><TimeInterval v="2016-12-25T16:00Z/2016-12-25T17:00Z"/><Direction v="Z02"/><Quantity v="978829"/><MeasureUnit v="KW1"/></Period><Period><TimeInterval v="2016-12-25T17:00Z/2016-12-25T18:00Z"/><Direction v="Z02"/><Quantity v="970115"/><MeasureUnit v="KW1"/></Period><Period><TimeInterval v="2016-12-25T18:00Z/2016-12-25T19:00Z"/><Direction v="Z02"/><Quantity v="964949"/><MeasureUnit v="KW1"/></Period><Period><TimeInterval v="2016-12-25T19:00Z/2016-12-25T20:00Z"/><Direction v="Z02"/><Quantity v="925712"/><MeasureUnit v="KW1"/></Period><Period><TimeInterval v="2016-12-25T20:00Z/2016-12-25T21:00Z"/><Direction v="Z02"/><Quantity v="998946"/><MeasureUnit v="KW1"/></Period><Period><TimeInterval v="2016-12-25T21:00Z/2016-12-25T22:00Z"/><Direction v="Z02"/><Quantity v="769444"/><MeasureUnit v="KW1"/></Period><Period><TimeInterval v="2016-12-25T22:00Z/2016-12-25T23:00Z"/><Direction v="Z02"/><Quantity v="705862"/><MeasureUnit v="KW1"/></Period><Period><TimeInterval v="2016-12-25T23:00Z/2016-12-26T00:00Z"/><Direction v="Z02"/><Quantity v="667056"/><MeasureUnit v="KW1"/></Period><Period><TimeInterval v="2016-12-26T00:00Z/2016-12-26T01:00Z"/><Direction v="Z02"/><Quantity v="630995"/><MeasureUnit v="KW1"/></Period><Period><TimeInterval v="2016-12-26T01:00Z/2016-12-26T02:00Z"/><Direction v="Z02"/><Quantity v="606861"/><MeasureUnit v="KW1"/></Period><Period><TimeInterval v="2016-12-26T02:00Z/2016-12-26T03:00Z"/><Direction v="Z02"/><Quantity v="680314"/><MeasureUnit v="KW1"/></Period><Period><TimeInterval v="2016-12-26T03:00Z/2016-12-26T04:00Z"/><Direction v="Z02"/><Quantity v="744530"/><MeasureUnit v="KW1"/></Period><Period><TimeInterval v="2016-12-26T04:00Z/2016-12-26T05:00Z"/><Direction v="Z02"/><Quantity v="1001833"/><MeasureUnit v="KW1"/></Period></Category></ConnectionPoint><ConnectionPoint><Identification v="37Y000000000385S" codingScheme="305"/><Type v="Z26"/><Category><CapacityCode v="Z08"/><Period><TimeInterval v="2016-12-25T05:00Z/2016-12-25T06:00Z"/><Direction v="Z02"/><Quantity v="0"/><MeasureUnit v="KW1"/></Period><Period><TimeInterval v="2016-12-25T06:00Z/2016-12-25T07:00Z"/><Direction v="Z02"/><Quantity v="0"/><MeasureUnit v="KW1"/></Period><Period><TimeInterval v="2016-12-25T07:00Z/2016-12-25T08:00Z"/><Direction v="Z02"/><Quantity v="0"/><MeasureUnit v="KW1"/></Period><Period><TimeInterval v="2016-12-25T08:00Z/2016-12-25T09:00Z"/><Direction v="Z02"/><Quantity v="0"/><MeasureUnit v="KW1"/></Period><Period><TimeInterval v="2016-12-25T09:00Z/2016-12-25T10:00Z"/><Direction v="Z02"/><Quantity v="0"/><MeasureUnit v="KW1"/></Period><Period><TimeInterval v="2016-12-25T10:00Z/2016-12-25T11:00Z"/><Direction v="Z02"/><Quantity v="0"/><MeasureUnit v="KW1"/></Period><Period><TimeInterval v="2016-12-25T11:00Z/2016-12-25T12:00Z"/><Direction v="Z02"/><Quantity v="0"/><MeasureUnit v="KW1"/></Period><Period><TimeInterval v="2016-12-25T12:00Z/2016-12-25T13:00Z"/><Direction v="Z02"/><Quantity v="0"/><MeasureUnit v="KW1"/></Period><Period><TimeInterval v="2016-12-25T13:00Z/2016-12-25T14:00Z"/><Direction v="Z02"/><Quantity v="0"/><MeasureUnit v="KW1"/></Period><Period><TimeInterval v="2016-12-25T14:00Z/2016-12-25T15:00Z"/><Direction v="Z02"/><Quantity v="0"/><MeasureUnit v="KW1"/></Period><Period><TimeInterval v="2016-12-25T15:00Z/2016-12-25T16:00Z"/><Direction v="Z02"/><Quantity v="0"/><MeasureUnit v="KW1"/></Period><Period><TimeInterval v="2016-12-25T16:00Z/2016-12-25T17:00Z"/><Direction v="Z02"/><Quantity v="0"/><MeasureUnit v="KW1"/></Period><Period><TimeInterval v="2016-12-25T17:00Z/2016-12-25T18:00Z"/><Direction v="Z02"/><Quantity v="0"/><MeasureUnit v="KW1"/></Period><Period><TimeInterval v="2016-12-25T18:00Z/2016-12-25T19:00Z"/><Direction v="Z02"/><Quantity v="0"/><MeasureUnit v="KW1"/></Period><Period><TimeInterval v="2016-12-25T19:00Z/2016-12-25T20:00Z"/><Direction v="Z02"/><Quantity v="0"/><MeasureUnit v="KW1"/></Period><Period><TimeInterval v="2016-12-25T20:00Z/2016-12-25T21:00Z"/><Direction v="Z02"/><Quantity v="0"/><MeasureUnit v="KW1"/></Period><Period><TimeInterval v="2016-12-25T21:00Z/2016-12-25T22:00Z"/><Direction v="Z02"/><Quantity v="0"/><MeasureUnit v="KW1"/></Period><Period><TimeInterval v="2016-12-25T22:00Z/2016-12-25T23:00Z"/><Direction v="Z02"/><Quantity v="0"/><MeasureUnit v="KW1"/></Period><Period><TimeInterval v="2016-12-25T23:00Z/2016-12-26T00:00Z"/><Direction v="Z02"/><Quantity v="0"/><MeasureUnit v="KW1"/></Period><Period><TimeInterval v="2016-12-26T00:00Z/2016-12-26T01:00Z"/><Direction v="Z02"/><Quantity v="0"/><MeasureUnit v="KW1"/></Period><Period><TimeInterval v="2016-12-26T01:00Z/2016-12-26T02:00Z"/><Direction v="Z02"/><Quantity v="0"/><MeasureUnit v="KW1"/></Period><Period><TimeInterval v="2016-12-26T02:00Z/2016-12-26T03:00Z"/><Direction v="Z02"/><Quantity v="0"/><MeasureUnit v="KW1"/></Period><Period><TimeInterval v="2016-12-26T03:00Z/2016-12-26T04:00Z"/><Direction v="Z02"/><Quantity v="0"/><MeasureUnit v="KW1"/></Period><Period><TimeInterval v="2016-12-26T04:00Z/2016-12-26T05:00Z"/><Direction v="Z02"/><Quantity v="0"/><MeasureUnit v="KW1"/></Period></Category></ConnectionPoint><ConnectionPoint><Identification v="21Z000000000343P" codingScheme="305"/><Type v="Z31"/><Category><CapacityCode v="Z08"/><Period><TimeInterval v="2016-12-25T05:00Z/2016-12-25T06:00Z"/><Direction v="Z03"/><Quantity v="3593169"/><MeasureUnit v="KW1"/></Period><Period><TimeInterval v="2016-12-25T06:00Z/2016-12-25T07:00Z"/><Direction v="Z03"/><Quantity v="3568634"/><MeasureUnit v="KW1"/></Period><Period><TimeInterval v="2016-12-25T07:00Z/2016-12-25T08:00Z"/><Direction v="Z03"/><Quantity v="3586054"/><MeasureUnit v="KW1"/></Period><Period><TimeInterval v="2016-12-25T08:00Z/2016-12-25T09:00Z"/><Direction v="Z03"/><Quantity v="3633596"/><MeasureUnit v="KW1"/></Period><Period><TimeInterval v="2016-12-25T09:00Z/2016-12-25T10:00Z"/><Direction v="Z03"/><Quantity v="3595144"/><MeasureUnit v="KW1"/></Period><Period><TimeInterval v="2016-12-25T10:00Z/2016-12-25T11:00Z"/><Direction v="Z03"/><Quantity v="3562997"/><MeasureUnit v="KW1"/></Period><Period><TimeInterval v="2016-12-25T11:00Z/2016-12-25T12:00Z"/><Direction v="Z03"/><Quantity v="3517489"/><MeasureUnit v="KW1"/></Period><Period><TimeInterval v="2016-12-25T12:00Z/2016-12-25T13:00Z"/><Direction v="Z03"/><Quantity v="3559033"/><MeasureUnit v="KW1"/></Period><Period><TimeInterval v="2016-12-25T13:00Z/2016-12-25T14:00Z"/><Direction v="Z03"/><Quantity v="3527078"/><MeasureUnit v="KW1"/></Period><Period><TimeInterval v="2016-12-25T14:00Z/2016-12-25T15:00Z"/><Direction v="Z03"/><Quantity v="3553552"/><MeasureUnit v="KW1"/></Period><Period><TimeInterval v="2016-12-25T15:00Z/2016-12-25T16:00Z"/><Direction v="Z03"/><Quantity v="3547744"/><MeasureUnit v="KW1"/></Period><Period><TimeInterval v="2016-12-25T16:00Z/2016-12-25T17:00Z"/><Direction v="Z03"/><Quantity v="3554295"/><MeasureUnit v="KW1"/></Period><Period><TimeInterval v="2016-12-25T17:00Z/2016-12-25T18:00Z"/><Direction v="Z03"/><Quantity v="3582299"/><MeasureUnit v="KW1"/></Period><Period><TimeInterval v="2016-12-25T18:00Z/2016-12-25T19:00Z"/><Direction v="Z03"/><Quantity v="3507295"/><MeasureUnit v="KW1"/></Period><Period><TimeInterval v="2016-12-25T19:00Z/2016-12-25T20:00Z"/><Direction v="Z03"/><Quantity v="3528858"/><MeasureUnit v="KW1"/></Period><Period><TimeInterval v="2016-12-25T20:00Z/2016-12-25T21:00Z"/><Direction v="Z03"/><Quantity v="3529537"/><MeasureUnit v="KW1"/></Period><Period><TimeInterval v="2016-12-25T21:00Z/2016-12-25T22:00Z"/><Direction v="Z03"/><Quantity v="3506300"/><MeasureUnit v="KW1"/></Period><Period><TimeInterval v="2016-12-25T22:00Z/2016-12-25T23:00Z"/><Direction v="Z03"/><Quantity v="3474846"/><MeasureUnit v="KW1"/></Period><Period><TimeInterval v="2016-12-25T23:00Z/2016-12-26T00:00Z"/><Direction v="Z03"/><Quantity v="3260271"/><MeasureUnit v="KW1"/></Period><Period><TimeInterval v="2016-12-26T00:00Z/2016-12-26T01:00Z"/><Direction v="Z03"/><Quantity v="3234072"/><MeasureUnit v="KW1"/></Period><Period><TimeInterval v="2016-12-26T01:00Z/2016-12-26T02:00Z"/><Direction v="Z03"/><Quantity v="3256201"/><MeasureUnit v="KW1"/></Period><Period><TimeInterval v="2016-12-26T02:00Z/2016-12-26T03:00Z"/><Direction v="Z03"/><Quantity v="3283436"/><MeasureUnit v="KW1"/></Period><Period><TimeInterval v="2016-12-26T03:00Z/2016-12-26T04:00Z"/><Direction v="Z03"/><Quantity v="3270559"/><MeasureUnit v="KW1"/></Period><Period><TimeInterval v="2016-12-26T04:00Z/2016-12-26T05:00Z"/><Direction v="Z03"/><Quantity v="3410949"/><MeasureUnit v="KW1"/></Period></Category></ConnectionPoint></TransparencyPublication>