<?xml version="1.0" encoding="UTF-8"?><TransparencyPublication Version="EGAS50" Release="A"><Identification v="TRANPB20170102A103897"/><Version v="1"/><Type v="AL4"/><CreationDateTime v="2017-01-02T07:10:18.058Z"/><ValidityPeriod v="2016-12-13T05:00Z/2016-12-14T05:00Z"/><IssuerIdentification v="21X-DE-C-A0A0A-T" codingScheme="305"/><IssuerRole v="ZSO"/><RecipientIdentification v="10X1001A1001A353" codingScheme="305"/><RecipientRole v="ZUA"/><ConnectionPoint><Identification v="37Z000000006231B" codingScheme="305"/><Type v="Z26"/><Category><CapacityCode v="Z12"/><Period><TimeInterval v="2016-12-13T05:00Z/2016-12-13T06:00Z"/><Direction v="Z02"/><Quantity v="49400"/><MeasureUnit v="KW1"/></Period><Period><TimeInterval v="2016-12-13T06:00Z/2016-12-13T07:00Z"/><Direction v="Z02"/><Quantity v="49400"/><MeasureUnit v="KW1"/></Period><Period><TimeInterval v="2016-12-13T07:00Z/2016-12-13T08:00Z"/><Direction v="Z02"/><Quantity v="49400"/><MeasureUnit v="KW1"/></Period><Period><TimeInterval v="2016-12-13T08:00Z/2016-12-13T09:00Z"/><Direction v="Z02"/><Quantity v="49400"/><MeasureUnit v="KW1"/></Period><Period><TimeInterval v="2016-12-13T09:00Z/2016-12-13T10:00Z"/><Direction v="Z02"/><Quantity v="49400"/><MeasureUnit v="KW1"/></Period><Period><TimeInterval v="2016-12-13T10:00Z/2016-12-13T11:00Z"/><Direction v="Z02"/><Quantity v="49400"/><MeasureUnit v="KW1"/></Period><Period><TimeInterval v="2016-12-13T11:00Z/2016-12-13T12:00Z"/><Direction v="Z02"/><Quantity v="49400"/><MeasureUnit v="KW1"/></Period><Period><TimeInterval v="2016-12-13T12:00Z/2016-12-13T13:00Z"/><Direction v="Z02"/><Quantity v="49400"/><MeasureUnit v="KW1"/></Period><Period><TimeInterval v="2016-12-13T13:00Z/2016-12-13T14:00Z"/><Direction v="Z02"/><Quantity v="49400"/><MeasureUnit v="KW1"/></Period><Period><TimeInterval v="2016-12-13T14:00Z/2016-12-13T15:00Z"/><Direction v="Z02"/><Quantity v="49400"/><MeasureUnit v="KW1"/></Period><Period><TimeInterval v="2016-12-13T15:00Z/2016-12-13T16:00Z"/><Direction v="Z02"/><Quantity v="49400"/><MeasureUnit v="KW1"/></Period><Period><TimeInterval v="2016-12-13T16:00Z/2016-12-13T17:00Z"/><Direction v="Z02"/><Quantity v="49400"/><MeasureUnit v="KW1"/></Period><Period><TimeInterval v="2016-12-13T17:00Z/2016-12-13T18:00Z"/><Direction v="Z02"/><Quantity v="49400"/><MeasureUnit v="KW1"/></Period><Period><TimeInterval v="2016-12-13T18:00Z/2016-12-13T19:00Z"/><Direction v="Z02"/><Quantity v="49400"/><MeasureUnit v="KW1"/></Period><Period><TimeInterval v="2016-12-13T19:00Z/2016-12-13T20:00Z"/><Direction v="Z02"/><Quantity v="49400"/><MeasureUnit v="KW1"/></Period><Period><TimeInterval v="2016-12-13T20:00Z/2016-12-13T21:00Z"/><Direction v="Z02"/><Quantity v="49400"/><MeasureUnit v="KW1"/></Period><Period><TimeInterval v="2016-12-13T21:00Z/2016-12-13T22:00Z"/><Direction v="Z02"/><Quantity v="49400"/><MeasureUnit v="KW1"/></Period><Period><TimeInterval v="2016-12-13T22:00Z/2016-12-13T23:00Z"/><Direction v="Z02"/><Quantity v="49400"/><MeasureUnit v="KW1"/></Period><Period><TimeInterval v="2016-12-13T23:00Z/2016-12-14T00:00Z"/><Direction v="Z02"/><Quantity v="49400"/><MeasureUnit v="KW1"/></Period><Period><TimeInterval v="2016-12-14T00:00Z/2016-12-14T01:00Z"/><Direction v="Z02"/><Quantity v="49400"/><MeasureUnit v="KW1"/></Period><Period><TimeInterval v="2016-12-14T01:00Z/2016-12-14T02:00Z"/><Direction v="Z02"/><Quantity v="49400"/><MeasureUnit v="KW1"/></Period><Period><TimeInterval v="2016-12-14T02:00Z/2016-12-14T03:00Z"/><Direction v="Z02"/><Quantity v="49400"/><MeasureUnit v="KW1"/></Period><Period><TimeInterval v="2016-12-14T03:00Z/2016-12-14T04:00Z"/><Direction v="Z02"/><Quantity v="49400"/><MeasureUnit v="KW1"/></Period><Period><TimeInterval v="2016-12-14T04:00Z/2016-12-14T05:00Z"/><Direction v="Z02"/><Quantity v="49400"/><MeasureUnit v="KW1"/></Period></Category><Category><CapacityCode v="Z14"/><Period><TimeInterval v="2016-12-13T05:00Z/2016-12-13T06:00Z"/><Direction v="Z02"/><Quantity v="49400"/><MeasureUnit v="KW1"/></Period><Period><TimeInterval v="2016-12-13T06:00Z/2016-12-13T07:00Z"/><Direction v="Z02"/><Quantity v="49400"/><MeasureUnit v="KW1"/></Period><Period><TimeInterval v="2016-12-13T07:00Z/2016-12-13T08:00Z"/><Direction v="Z02"/><Quantity v="49400"/><MeasureUnit v="KW1"/></Period><Period><TimeInterval v="2016-12-13T08:00Z/2016-12-13T09:00Z"/><Direction v="Z02"/><Quantity v="49400"/><MeasureUnit v="KW1"/></Period><Period><TimeInterval v="2016-12-13T09:00Z/2016-12-13T10:00Z"/><Direction v="Z02"/><Quantity v="49400"/><MeasureUnit v="KW1"/></Period><Period><TimeInterval v="2016-12-13T10:00Z/2016-12-13T11:00Z"/><Direction v="Z02"/><Quantity v="49400"/><MeasureUnit v="KW1"/></Period><Period><TimeInterval v="2016-12-13T11:00Z/2016-12-13T12:00Z"/><Direction v="Z02"/><Quantity v="49400"/><MeasureUnit v="KW1"/></Period><Period><TimeInterval v="2016-12-13T12:00Z/2016-12-13T13:00Z"/><Direction v="Z02"/><Quantity v="49400"/><MeasureUnit v="KW1"/></Period><Period><TimeInterval v="2016-12-13T13:00Z/2016-12-13T14:00Z"/><Direction v="Z02"/><Quantity v="49400"/><MeasureUnit v="KW1"/></Period><Period><TimeInterval v="2016-12-13T14:00Z/2016-12-13T15:00Z"/><Direction v="Z02"/><Quantity v="49400"/><MeasureUnit v="KW1"/></Period><Period><TimeInterval v="2016-12-13T15:00Z/2016-12-13T16:00Z"/><Direction v="Z02"/><Quantity v="49400"/><MeasureUnit v="KW1"/></Period><Period><TimeInterval v="2016-12-13T16:00Z/2016-12-13T17:00Z"/><Direction v="Z02"/><Quantity v="49400"/><MeasureUnit v="KW1"/></Period><Period><TimeInterval v="2016-12-13T17:00Z/2016-12-13T18:00Z"/><Direction v="Z02"/><Quantity v="49400"/><MeasureUnit v="KW1"/></Period><Period><TimeInterval v="2016-12-13T18:00Z/2016-12-13T19:00Z"/><Direction v="Z02"/><Quantity v="49400"/><MeasureUnit v="KW1"/></Period><Period><TimeInterval v="2016-12-13T19:00Z/2016-12-13T20:00Z"/><Direction v="Z02"/><Quantity v="49400"/><MeasureUnit v="KW1"/></Period><Period><TimeInterval v="2016-12-13T20:00Z/2016-12-13T21:00Z"/><Direction v="Z02"/><Quantity v="49400"/><MeasureUnit v="KW1"/></Period><Period><TimeInterval v="2016-12-13T21:00Z/2016-12-13T22:00Z"/><Direction v="Z02"/><Quantity v="49400"/><MeasureUnit v="KW1"/></Period><Period><TimeInterval v="2016-12-13T22:00Z/2016-12-13T23:00Z"/><Direction v="Z02"/><Quantity v="49400"/><MeasureUnit v="KW1"/></Period><Period><TimeInterval v="2016-12-13T23:00Z/2016-12-14T00:00Z"/><Direction v="Z02"/><Quantity v="49400"/><MeasureUnit v="KW1"/></Period><Period><TimeInterval v="2016-12-14T00:00Z/2016-12-14T01:00Z"/><Direction v="Z02"/><Quantity v="49400"/><MeasureUnit v="KW1"/></Period><Period><TimeInterval v="2016-12-14T01:00Z/2016-12-14T02:00Z"/><Direction v="Z02"/><Quantity v="49400"/><MeasureUnit v="KW1"/></Period><Period><TimeInterval v="2016-12-14T02:00Z/2016-12-14T03:00Z"/><Direction v="Z02"/><Quantity v="49400"/><MeasureUnit v="KW1"/></Period><Period><TimeInterval v="2016-12-14T03:00Z/2016-12-14T04:00Z"/><Direction v="Z02"/><Quantity v="49400"/><MeasureUnit v="KW1"/></Period><Period><TimeInterval v="2016-12-14T04:00Z/2016-12-14T05:00Z"/><Direction v="Z02"/><Quantity v="49400"/><MeasureUnit v="KW1"/></Period></Category><Category><CapacityCode v="Z15"/><Period><TimeInterval v="2016-12-13T05:00Z/2016-12-13T06:00Z"/><Direction v="Z02"/><Quantity v="0"/><MeasureUnit v="KW1"/></Period><Period><TimeInterval v="2016-12-13T06:00Z/2016-12-13T07:00Z"/><Direction v="Z02"/><Quantity v="0"/><MeasureUnit v="KW1"/></Period><Period><TimeInterval v="2016-12-13T07:00Z/2016-12-13T08:00Z"/><Direction v="Z02"/><Quantity v="0"/><MeasureUnit v="KW1"/></Period><Period><TimeInterval v="2016-12-13T08:00Z/2016-12-13T09:00Z"/><Direction v="Z02"/><Quantity v="0"/><MeasureUnit v="KW1"/></Period><Period><TimeInterval v="2016-12-13T09:00Z/2016-12-13T10:00Z"/><Direction v="Z02"/><Quantity v="0"/><MeasureUnit v="KW1"/></Period><Period><TimeInterval v="2016-12-13T10:00Z/2016-12-13T11:00Z"/><Direction v="Z02"/><Quantity v="0"/><MeasureUnit v="KW1"/></Period><Period><TimeInterval v="2016-12-13T11:00Z/2016-12-13T12:00Z"/><Direction v="Z02"/><Quantity v="0"/><MeasureUnit v="KW1"/></Period><Period><TimeInterval v="2016-12-13T12:00Z/2016-12-13T13:00Z"/><Direction v="Z02"/><Quantity v="0"/><MeasureUnit v="KW1"/></Period><Period><TimeInterval v="2016-12-13T13:00Z/2016-12-13T14:00Z"/><Direction v="Z02"/><Quantity v="0"/><MeasureUnit v="KW1"/></Period><Period><TimeInterval v="2016-12-13T14:00Z/2016-12-13T15:00Z"/><Direction v="Z02"/><Quantity v="0"/><MeasureUnit v="KW1"/></Period><Period><TimeInterval v="2016-12-13T15:00Z/2016-12-13T16:00Z"/><Direction v="Z02"/><Quantity v="0"/><MeasureUnit v="KW1"/></Period><Period><TimeInterval v="2016-12-13T16:00Z/2016-12-13T17:00Z"/><Direction v="Z02"/><Quantity v="0"/><MeasureUnit v="KW1"/></Period><Period><TimeInterval v="2016-12-13T17:00Z/2016-12-13T18:00Z"/><Direction v="Z02"/><Quantity v="0"/><MeasureUnit v="KW1"/></Period><Period><TimeInterval v="2016-12-13T18:00Z/2016-12-13T19:00Z"/><Direction v="Z02"/><Quantity v="0"/><MeasureUnit v="KW1"/></Period><Period><TimeInterval v="2016-12-13T19:00Z/2016-12-13T20:00Z"/><Direction v="Z02"/><Quantity v="0"/><MeasureUnit v="KW1"/></Period><Period><TimeInterval v="2016-12-13T20:00Z/2016-12-13T21:00Z"/><Direction v="Z02"/><Quantity v="0"/><MeasureUnit v="KW1"/></Period><Period><TimeInterval v="2016-12-13T21:00Z/2016-12-13T22:00Z"/><Direction v="Z02"/><Quantity v="0"/><MeasureUnit v="KW1"/></Period><Period><TimeInterval v="2016-12-13T22:00Z/2016-12-13T23:00Z"/><Direction v="Z02"/><Quantity v="0"/><MeasureUnit v="KW1"/></Period><Period><TimeInterval v="2016-12-13T23:00Z/2016-12-14T00:00Z"/><Direction v="Z02"/><Quantity v="0"/><MeasureUnit v="KW1"/></Period><Period><TimeInterval v="2016-12-14T00:00Z/2016-12-14T01:00Z"/><Direction v="Z02"/><Quantity v="0"/><MeasureUnit v="KW1"/></Period><Period><TimeInterval v="2016-12-14T01:00Z/2016-12-14T02:00Z"/><Direction v="Z02"/><Quantity v="0"/><MeasureUnit v="KW1"/></Period><Period><TimeInterval v="2016-12-14T02:00Z/2016-12-14T03:00Z"/><Direction v="Z02"/><Quantity v="0"/><MeasureUnit v="KW1"/></Period><Period><TimeInterval v="2016-12-14T03:00Z/2016-12-14T04:00Z"/><Direction v="Z02"/><Quantity v="0"/><MeasureUnit v="KW1"/></Period><Period><TimeInterval v="2016-12-14T04:00Z/2016-12-14T05:00Z"/><Direction v="Z02"/><Quantity v="0"/><MeasureUnit v="KW1"/></Period></Category></ConnectionPoint><ConnectionPoint><Identification v="21Z000000000071W" codingScheme="305"/><Type v="Z25"/><Category><CapacityCode v="Z12"/><Period><TimeInterval v="2016-12-13T05:00Z/2016-12-13T06:00Z"/><Direction v="Z02"/><Quantity v="193"/><MeasureUnit v="KW1"/></Period><Period><TimeInterval v="2016-12-13T06:00Z/2016-12-13T07:00Z"/><Direction v="Z02"/><Quantity v="193"/><MeasureUnit v="KW1"/></Period><Period><TimeInterval v="2016-12-13T07:00Z/2016-12-13T08:00Z"/><Direction v="Z02"/><Quantity v="193"/><MeasureUnit v="KW1"/></Period><Period><TimeInterval v="2016-12-13T08:00Z/2016-12-13T09:00Z"/><Direction v="Z02"/><Quantity v="193"/><MeasureUnit v="KW1"/></Period><Period><TimeInterval v="2016-12-13T09:00Z/2016-12-13T10:00Z"/><Direction v="Z02"/><Quantity v="193"/><MeasureUnit v="KW1"/></Period><Period><TimeInterval v="2016-12-13T10:00Z/2016-12-13T11:00Z"/><Direction v="Z02"/><Quantity v="193"/><MeasureUnit v="KW1"/></Period><Period><TimeInterval v="2016-12-13T11:00Z/2016-12-13T12:00Z"/><Direction v="Z02"/><Quantity v="193"/><MeasureUnit v="KW1"/></Period><Period><TimeInterval v="2016-12-13T12:00Z/2016-12-13T13:00Z"/><Direction v="Z02"/><Quantity v="193"/><MeasureUnit v="KW1"/></Period><Period><TimeInterval v="2016-12-13T13:00Z/2016-12-13T14:00Z"/><Direction v="Z02"/><Quantity v="193"/><MeasureUnit v="KW1"/></Period><Period><TimeInterval v="2016-12-13T14:00Z/2016-12-13T15:00Z"/><Direction v="Z02"/><Quantity v="193"/><MeasureUnit v="KW1"/></Period><Period><TimeInterval v="2016-12-13T15:00Z/2016-12-13T16:00Z"/><Direction v="Z02"/><Quantity v="193"/><MeasureUnit v="KW1"/></Period><Period><TimeInterval v="2016-12-13T16:00Z/2016-12-13T17:00Z"/><Direction v="Z02"/><Quantity v="193"/><MeasureUnit v="KW1"/></Period><Period><TimeInterval v="2016-12-13T17:00Z/2016-12-13T18:00Z"/><Direction v="Z02"/><Quantity v="193"/><MeasureUnit v="KW1"/></Period><Period><TimeInterval v="2016-12-13T18:00Z/2016-12-13T19:00Z"/><Direction v="Z02"/><Quantity v="193"/><MeasureUnit v="KW1"/></Period><Period><TimeInterval v="2016-12-13T19:00Z/2016-12-13T20:00Z"/><Direction v="Z02"/><Quantity v="193"/><MeasureUnit v="KW1"/></Period><Period><TimeInterval v="2016-12-13T20:00Z/2016-12-13T21:00Z"/><Direction v="Z02"/><Quantity v="193"/><MeasureUnit v="KW1"/></Period><Period><TimeInterval v="2016-12-13T21:00Z/2016-12-13T22:00Z"/><Direction v="Z02"/><Quantity v="193"/><MeasureUnit v="KW1"/></Period><Period><TimeInterval v="2016-12-13T22:00Z/2016-12-13T23:00Z"/><Direction v="Z02"/><Quantity v="193"/><MeasureUnit v="KW1"/></Period><Period><TimeInterval v="2016-12-13T23:00Z/2016-12-14T00:00Z"/><Direction v="Z02"/><Quantity v="193"/><MeasureUnit v="KW1"/></Period><Period><TimeInterval v="2016-12-14T00:00Z/2016-12-14T01:00Z"/><Direction v="Z02"/><Quantity v="193"/><MeasureUnit v="KW1"/></Period><Period><TimeInterval v="2016-12-14T01:00Z/2016-12-14T02:00Z"/><Direction v="Z02"/><Quantity v="193"/><MeasureUnit v="KW1"/></Period><Period><TimeInterval v="2016-12-14T02:00Z/2016-12-14T03:00Z"/><Direction v="Z02"/><Quantity v="193"/><MeasureUnit v="KW1"/></Period><Period><TimeInterval v="2016-12-14T03:00Z/2016-12-14T04:00Z"/><Direction v="Z02"/><Quantity v="193"/><MeasureUnit v="KW1"/></Period><Period><TimeInterval v="2016-12-14T04:00Z/2016-12-14T05:00Z"/><Direction v="Z02"/><Quantity v="193"/><MeasureUnit v="KW1"/></Period></Category><Category><CapacityCode v="Z14"/><Period><TimeInterval v="2016-12-13T05:00Z/2016-12-13T06:00Z"/><Direction v="Z02"/><Quantity v="193"/><MeasureUnit v="KW1"/></Period><Period><TimeInterval v="2016-12-13T06:00Z/2016-12-13T07:00Z"/><Direction v="Z02"/><Quantity v="193"/><MeasureUnit v="KW1"/></Period><Period><TimeInterval v="2016-12-13T07:00Z/2016-12-13T08:00Z"/><Direction v="Z02"/><Quantity v="193"/><MeasureUnit v="KW1"/></Period><Period><TimeInterval v="2016-12-13T08:00Z/2016-12-13T09:00Z"/><Direction v="Z02"/><Quantity v="193"/><MeasureUnit v="KW1"/></Period><Period><TimeInterval v="2016-12-13T09:00Z/2016-12-13T10:00Z"/><Direction v="Z02"/><Quantity v="193"/><MeasureUnit v="KW1"/></Period><Period><TimeInterval v="2016-12-13T10:00Z/2016-12-13T11:00Z"/><Direction v="Z02"/><Quantity v="193"/><MeasureUnit v="KW1"/></Period><Period><TimeInterval v="2016-12-13T11:00Z/2016-12-13T12:00Z"/><Direction v="Z02"/><Quantity v="193"/><MeasureUnit v="KW1"/></Period><Period><TimeInterval v="2016-12-13T12:00Z/2016-12-13T13:00Z"/><Direction v="Z02"/><Quantity v="193"/><MeasureUnit v="KW1"/></Period><Period><TimeInterval v="2016-12-13T13:00Z/2016-12-13T14:00Z"/><Direction v="Z02"/><Quantity v="193"/><MeasureUnit v="KW1"/></Period><Period><TimeInterval v="2016-12-13T14:00Z/2016-12-13T15:00Z"/><Direction v="Z02"/><Quantity v="193"/><MeasureUnit v="KW1"/></Period><Period><TimeInterval v="2016-12-13T15:00Z/2016-12-13T16:00Z"/><Direction v="Z02"/><Quantity v="193"/><MeasureUnit v="KW1"/></Period><Period><TimeInterval v="2016-12-13T16:00Z/2016-12-13T17:00Z"/><Direction v="Z02"/><Quantity v="193"/><MeasureUnit v="KW1"/></Period><Period><TimeInterval v="2016-12-13T17:00Z/2016-12-13T18:00Z"/><Direction v="Z02"/><Quantity v="193"/><MeasureUnit v="KW1"/></Period><Period><TimeInterval v="2016-12-13T18:00Z/2016-12-13T19:00Z"/><Direction v="Z02"/><Quantity v="193"/><MeasureUnit v="KW1"/></Period><Period><TimeInterval v="2016-12-13T19:00Z/2016-12-13T20:00Z"/><Direction v="Z02"/><Quantity v="193"/><MeasureUnit v="KW1"/></Period><Period><TimeInterval v="2016-12-13T20:00Z/2016-12-13T21:00Z"/><Direction v="Z02"/><Quantity v="193"/><MeasureUnit v="KW1"/></Period><Period><TimeInterval v="2016-12-13T21:00Z/2016-12-13T22:00Z"/><Direction v="Z02"/><Quantity v="193"/><MeasureUnit v="KW1"/></Period><Period><TimeInterval v="2016-12-13T22:00Z/2016-12-13T23:00Z"/><Direction v="Z02"/><Quantity v="193"/><MeasureUnit v="KW1"/></Period><Period><TimeInterval v="2016-12-13T23:00Z/2016-12-14T00:00Z"/><Direction v="Z02"/><Quantity v="193"/><MeasureUnit v="KW1"/></Period><Period><TimeInterval v="2016-12-14T00:00Z/2016-12-14T01:00Z"/><Direction v="Z02"/><Quantity v="193"/><MeasureUnit v="KW1"/></Period><Period><TimeInterval v="2016-12-14T01:00Z/2016-12-14T02:00Z"/><Direction v="Z02"/><Quantity v="193"/><MeasureUnit v="KW1"/></Period><Period><TimeInterval v="2016-12-14T02:00Z/2016-12-14T03:00Z"/><Direction v="Z02"/><Quantity v="193"/><MeasureUnit v="KW1"/></Period><Period><TimeInterval v="2016-12-14T03:00Z/2016-12-14T04:00Z"/><Direction v="Z02"/><Quantity v="193"/><MeasureUnit v="KW1"/></Period><Period><TimeInterval v="2016-12-14T04:00Z/2016-12-14T05:00Z"/><Direction v="Z02"/><Quantity v="193"/><MeasureUnit v="KW1"/></Period></Category><Category><CapacityCode v="Z15"/><Period><TimeInterval v="2016-12-13T05:00Z/2016-12-13T06:00Z"/><Direction v="Z02"/><Quantity v="0"/><MeasureUnit v="KW1"/></Period><Period><TimeInterval v="2016-12-13T06:00Z/2016-12-13T07:00Z"/><Direction v="Z02"/><Quantity v="0"/><MeasureUnit v="KW1"/></Period><Period><TimeInterval v="2016-12-13T07:00Z/2016-12-13T08:00Z"/><Direction v="Z02"/><Quantity v="0"/><MeasureUnit v="KW1"/></Period><Period><TimeInterval v="2016-12-13T08:00Z/2016-12-13T09:00Z"/><Direction v="Z02"/><Quantity v="0"/><MeasureUnit v="KW1"/></Period><Period><TimeInterval v="2016-12-13T09:00Z/2016-12-13T10:00Z"/><Direction v="Z02"/><Quantity v="0"/><MeasureUnit v="KW1"/></Period><Period><TimeInterval v="2016-12-13T10:00Z/2016-12-13T11:00Z"/><Direction v="Z02"/><Quantity v="0"/><MeasureUnit v="KW1"/></Period><Period><TimeInterval v="2016-12-13T11:00Z/2016-12-13T12:00Z"/><Direction v="Z02"/><Quantity v="0"/><MeasureUnit v="KW1"/></Period><Period><TimeInterval v="2016-12-13T12:00Z/2016-12-13T13:00Z"/><Direction v="Z02"/><Quantity v="0"/><MeasureUnit v="KW1"/></Period><Period><TimeInterval v="2016-12-13T13:00Z/2016-12-13T14:00Z"/><Direction v="Z02"/><Quantity v="0"/><MeasureUnit v="KW1"/></Period><Period><TimeInterval v="2016-12-13T14:00Z/2016-12-13T15:00Z"/><Direction v="Z02"/><Quantity v="0"/><MeasureUnit v="KW1"/></Period><Period><TimeInterval v="2016-12-13T15:00Z/2016-12-13T16:00Z"/><Direction v="Z02"/><Quantity v="0"/><MeasureUnit v="KW1"/></Period><Period><TimeInterval v="2016-12-13T16:00Z/2016-12-13T17:00Z"/><Direction v="Z02"/><Quantity v="0"/><MeasureUnit v="KW1"/></Period><Period><TimeInterval v="2016-12-13T17:00Z/2016-12-13T18:00Z"/><Direction v="Z02"/><Quantity v="0"/><MeasureUnit v="KW1"/></Period><Period><TimeInterval v="2016-12-13T18:00Z/2016-12-13T19:00Z"/><Direction v="Z02"/><Quantity v="0"/><MeasureUnit v="KW1"/></Period><Period><TimeInterval v="2016-12-13T19:00Z/2016-12-13T20:00Z"/><Direction v="Z02"/><Quantity v="0"/><MeasureUnit v="KW1"/></Period><Period><TimeInterval v="2016-12-13T20:00Z/2016-12-13T21:00Z"/><Direction v="Z02"/><Quantity v="0"/><MeasureUnit v="KW1"/></Period><Period><TimeInterval v="2016-12-13T21:00Z/2016-12-13T22:00Z"/><Direction v="Z02"/><Quantity v="0"/><MeasureUnit v="KW1"/></Period><Period><TimeInterval v="2016-12-13T22:00Z/2016-12-13T23:00Z"/><Direction v="Z02"/><Quantity v="0"/><MeasureUnit v="KW1"/></Period><Period><TimeInterval v="2016-12-13T23:00Z/2016-12-14T00:00Z"/><Direction v="Z02"/><Quantity v="0"/><MeasureUnit v="KW1"/></Period><Period><TimeInterval v="2016-12-14T00:00Z/2016-12-14T01:00Z"/><Direction v="Z02"/><Quantity v="0"/><MeasureUnit v="KW1"/></Period><Period><TimeInterval v="2016-12-14T01:00Z/2016-12-14T02:00Z"/><Direction v="Z02"/><Quantity v="0"/><MeasureUnit v="KW1"/></Period><Period><TimeInterval v="2016-12-14T02:00Z/2016-12-14T03:00Z"/><Direction v="Z02"/><Quantity v="0"/><MeasureUnit v="KW1"/></Period><Period><TimeInterval v="2016-12-14T03:00Z/2016-12-14T04:00Z"/><Direction v="Z02"/><Quantity v="0"/><MeasureUnit v="KW1"/></Period><Period><TimeInterval v="2016-12-14T04:00Z/2016-12-14T05:00Z"/><Direction v="Z02"/><Quantity v="0"/><MeasureUnit v="KW1"/></Period></Category></ConnectionPoint><ConnectionPoint><Identification v="21Z0000000000163" codingScheme="305"/><Type v="Z25"/><Category><CapacityCode v="Z12"/><Period><TimeInterval v="2016-12-13T05:00Z/2016-12-13T06:00Z"/><Direction v="Z03"/><Quantity v="3330000"/><MeasureUnit v="KW1"/></Period><Period><TimeInterval v="2016-12-13T06:00Z/2016-12-13T07:00Z"/><Direction v="Z03"/><Quantity v="3330000"/><MeasureUnit v="KW1"/></Period><Period><TimeInterval v="2016-12-13T07:00Z/2016-12-13T08:00Z"/><Direction v="Z03"/><Quantity v="3330000"/><MeasureUnit v="KW1"/></Period><Period><TimeInterval v="2016-12-13T08:00Z/2016-12-13T09:00Z"/><Direction v="Z03"/><Quantity v="3330000"/><MeasureUnit v="KW1"/></Period><Period><TimeInterval v="2016-12-13T09:00Z/2016-12-13T10:00Z"/><Direction v="Z03"/><Quantity v="3330000"/><MeasureUnit v="KW1"/></Period><Period><TimeInterval v="2016-12-13T10:00Z/2016-12-13T11:00Z"/><Direction v="Z03"/><Quantity v="3330000"/><MeasureUnit v="KW1"/></Period><Period><TimeInterval v="2016-12-13T11:00Z/2016-12-13T12:00Z"/><Direction v="Z03"/><Quantity v="3330000"/><MeasureUnit v="KW1"/></Period><Period><TimeInterval v="2016-12-13T12:00Z/2016-12-13T13:00Z"/><Direction v="Z03"/><Quantity v="3330000"/><MeasureUnit v="KW1"/></Period><Period><TimeInterval v="2016-12-13T13:00Z/2016-12-13T14:00Z"/><Direction v="Z03"/><Quantity v="3330000"/><MeasureUnit v="KW1"/></Period><Period><TimeInterval v="2016-12-13T14:00Z/2016-12-13T15:00Z"/><Direction v="Z03"/><Quantity v="3330000"/><MeasureUnit v="KW1"/></Period><Period><TimeInterval v="2016-12-13T15:00Z/2016-12-13T16:00Z"/><Direction v="Z03"/><Quantity v="3330000"/><MeasureUnit v="KW1"/></Period><Period><TimeInterval v="2016-12-13T16:00Z/2016-12-13T17:00Z"/><Direction v="Z03"/><Quantity v="3330000"/><MeasureUnit v="KW1"/></Period><Period><TimeInterval v="2016-12-13T17:00Z/2016-12-13T18:00Z"/><Direction v="Z03"/><Quantity v="3330000"/><MeasureUnit v="KW1"/></Period><Period><TimeInterval v="2016-12-13T18:00Z/2016-12-13T19:00Z"/><Direction v="Z03"/><Quantity v="3330000"/><MeasureUnit v="KW1"/></Period><Period><TimeInterval v="2016-12-13T19:00Z/2016-12-13T20:00Z"/><Direction v="Z03"/><Quantity v="3330000"/><MeasureUnit v="KW1"/></Period><Period><TimeInterval v="2016-12-13T20:00Z/2016-12-13T21:00Z"/><Direction v="Z03"/><Quantity v="3330000"/><MeasureUnit v="KW1"/></Period><Period><TimeInterval v="2016-12-13T21:00Z/2016-12-13T22:00Z"/><Direction v="Z03"/><Quantity v="3330000"/><MeasureUnit v="KW1"/></Period><Period><TimeInterval v="2016-12-13T22:00Z/2016-12-13T23:00Z"/><Direction v="Z03"/><Quantity v="3330000"/><MeasureUnit v="KW1"/></Period><Period><TimeInterval v="2016-12-13T23:00Z/2016-12-14T00:00Z"/><Direction v="Z03"/><Quantity v="3330000"/><MeasureUnit v="KW1"/></Period><Period><TimeInterval v="2016-12-14T00:00Z/2016-12-14T01:00Z"/><Direction v="Z03"/><Quantity v="3330000"/><MeasureUnit v="KW1"/></Period><Period><TimeInterval v="2016-12-14T01:00Z/2016-12-14T02:00Z"/><Direction v="Z03"/><Quantity v="3330000"/><MeasureUnit v="KW1"/></Period><Period><TimeInterval v="2016-12-14T02:00Z/2016-12-14T03:00Z"/><Direction v="Z03"/><Quantity v="3330000"/><MeasureUnit v="KW1"/></Period><Period><TimeInterval v="2016-12-14T03:00Z/2016-12-14T04:00Z"/><Direction v="Z03"/><Quantity v="3330000"/><MeasureUnit v="KW1"/></Period><Period><TimeInterval v="2016-12-14T04:00Z/2016-12-14T05:00Z"/><Direction v="Z03"/><Quantity v="3330000"/><MeasureUnit v="KW1"/></Period></Category><Category><CapacityCode v="Z14"/><Period><TimeInterval v="2016-12-13T05:00Z/2016-12-13T06:00Z"/><Direction v="Z03"/><Quantity v="3330000"/><MeasureUnit v="KW1"/></Period><Period><TimeInterval v="2016-12-13T06:00Z/2016-12-13T07:00Z"/><Direction v="Z03"/><Quantity v="3330000"/><MeasureUnit v="KW1"/></Period><Period><TimeInterval v="2016-12-13T07:00Z/2016-12-13T08:00Z"/><Direction v="Z03"/><Quantity v="3330000"/><MeasureUnit v="KW1"/></Period><Period><TimeInterval v="2016-12-13T08:00Z/2016-12-13T09:00Z"/><Direction v="Z03"/><Quantity v="3330000"/><MeasureUnit v="KW1"/></Period><Period><TimeInterval v="2016-12-13T09:00Z/2016-12-13T10:00Z"/><Direction v="Z03"/><Quantity v="3330000"/><MeasureUnit v="KW1"/></Period><Period><TimeInterval v="2016-12-13T10:00Z/2016-12-13T11:00Z"/><Direction v="Z03"/><Quantity v="3330000"/><MeasureUnit v="KW1"/></Period><Period><TimeInterval v="2016-12-13T11:00Z/2016-12-13T12:00Z"/><Direction v="Z03"/><Quantity v="3330000"/><MeasureUnit v="KW1"/></Period><Period><TimeInterval v="2016-12-13T12:00Z/2016-12-13T13:00Z"/><Direction v="Z03"/><Quantity v="3330000"/><MeasureUnit v="KW1"/></Period><Period><TimeInterval v="2016-12-13T13:00Z/2016-12-13T14:00Z"/><Direction v="Z03"/><Quantity v="3330000"/><MeasureUnit v="KW1"/></Period><Period><TimeInterval v="2016-12-13T14:00Z/2016-12-13T15:00Z"/><Direction v="Z03"/><Quantity v="3330000"/><MeasureUnit v="KW1"/></Period><Period><TimeInterval v="2016-12-13T15:00Z/2016-12-13T16:00Z"/><Direction v="Z03"/><Quantity v="3330000"/><MeasureUnit v="KW1"/></Period><Period><TimeInterval v="2016-12-13T16:00Z/2016-12-13T17:00Z"/><Direction v="Z03"/><Quantity v="3330000"/><MeasureUnit v="KW1"/></Period><Period><TimeInterval v="2016-12-13T17:00Z/2016-12-13T18:00Z"/><Direction v="Z03"/><Quantity v="3330000"/><MeasureUnit v="KW1"/></Period><Period><TimeInterval v="2016-12-13T18:00Z/2016-12-13T19:00Z"/><Direction v="Z03"/><Quantity v="3330000"/><MeasureUnit v="KW1"/></Period><Period><TimeInterval v="2016-12-13T19:00Z/2016-12-13T20:00Z"/><Direction v="Z03"/><Quantity v="3330000"/><MeasureUnit v="KW1"/></Period><Period><TimeInterval v="2016-12-13T20:00Z/2016-12-13T21:00Z"/><Direction v="Z03"/><Quantity v="3330000"/><MeasureUnit v="KW1"/></Period><Period><TimeInterval v="2016-12-13T21:00Z/2016-12-13T22:00Z"/><Direction v="Z03"/><Quantity v="3330000"/><MeasureUnit v="KW1"/></Period><Period><TimeInterval v="2016-12-13T22:00Z/2016-12-13T23:00Z"/><Direction v="Z03"/><Quantity v="3330000"/><MeasureUnit v="KW1"/></Period><Period><TimeInterval v="2016-12-13T23:00Z/2016-12-14T00:00Z"/><Direction v="Z03"/><Quantity v="3330000"/><MeasureUnit v="KW1"/></Period><Period><TimeInterval v="2016-12-14T00:00Z/2016-12-14T01:00Z"/><Direction v="Z03"/><Quantity v="3330000"/><MeasureUnit v="KW1"/></Period><Period><TimeInterval v="2016-12-14T01:00Z/2016-12-14T02:00Z"/><Direction v="Z03"/><Quantity v="3330000"/><MeasureUnit v="KW1"/></Period><Period><TimeInterval v="2016-12-14T02:00Z/2016-12-14T03:00Z"/><Direction v="Z03"/><Quantity v="3330000"/><MeasureUnit v="KW1"/></Period><Period><TimeInterval v="2016-12-14T03:00Z/2016-12-14T04:00Z"/><Direction v="Z03"/><Quantity v="3330000"/><MeasureUnit v="KW1"/></Period><Period><TimeInterval v="2016-12-14T04:00Z/2016-12-14T05:00Z"/><Direction v="Z03"/><Quantity v="3330000"/><MeasureUnit v="KW1"/></Period></Category><Category><CapacityCode v="Z15"/><Period><TimeInterval v="2016-12-13T05:00Z/2016-12-13T06:00Z"/><Direction v="Z03"/><Quantity v="0"/><MeasureUnit v="KW1"/></Period><Period><TimeInterval v="2016-12-13T06:00Z/2016-12-13T07:00Z"/><Direction v="Z03"/><Quantity v="0"/><MeasureUnit v="KW1"/></Period><Period><TimeInterval v="2016-12-13T07:00Z/2016-12-13T08:00Z"/><Direction v="Z03"/><Quantity v="0"/><MeasureUnit v="KW1"/></Period><Period><TimeInterval v="2016-12-13T08:00Z/2016-12-13T09:00Z"/><Direction v="Z03"/><Quantity v="0"/><MeasureUnit v="KW1"/></Period><Period><TimeInterval v="2016-12-13T09:00Z/2016-12-13T10:00Z"/><Direction v="Z03"/><Quantity v="0"/><MeasureUnit v="KW1"/></Period><Period><TimeInterval v="2016-12-13T10:00Z/2016-12-13T11:00Z"/><Direction v="Z03"/><Quantity v="0"/><MeasureUnit v="KW1"/></Period><Period><TimeInterval v="2016-12-13T11:00Z/2016-12-13T12:00Z"/><Direction v="Z03"/><Quantity v="0"/><MeasureUnit v="KW1"/></Period><Period><TimeInterval v="2016-12-13T12:00Z/2016-12-13T13:00Z"/><Direction v="Z03"/><Quantity v="0"/><MeasureUnit v="KW1"/></Period><Period><TimeInterval v="2016-12-13T13:00Z/2016-12-13T14:00Z"/><Direction v="Z03"/><Quantity v="0"/><MeasureUnit v="KW1"/></Period><Period><TimeInterval v="2016-12-13T14:00Z/2016-12-13T15:00Z"/><Direction v="Z03"/><Quantity v="0"/><MeasureUnit v="KW1"/></Period><Period><TimeInterval v="2016-12-13T15:00Z/2016-12-13T16:00Z"/><Direction v="Z03"/><Quantity v="0"/><MeasureUnit v="KW1"/></Period><Period><TimeInterval v="2016-12-13T16:00Z/2016-12-13T17:00Z"/><Direction v="Z03"/><Quantity v="0"/><MeasureUnit v="KW1"/></Period><Period><TimeInterval v="2016-12-13T17:00Z/2016-12-13T18:00Z"/><Direction v="Z03"/><Quantity v="0"/><MeasureUnit v="KW1"/></Period><Period><TimeInterval v="2016-12-13T18:00Z/2016-12-13T19:00Z"/><Direction v="Z03"/><Quantity v="0"/><MeasureUnit v="KW1"/></Period><Period><TimeInterval v="2016-12-13T19:00Z/2016-12-13T20:00Z"/><Direction v="Z03"/><Quantity v="0"/><MeasureUnit v="KW1"/></Period><Period><TimeInterval v="2016-12-13T20:00Z/2016-12-13T21:00Z"/><Direction v="Z03"/><Quantity v="0"/><MeasureUnit v="KW1"/></Period><Period><TimeInterval v="2016-12-13T21:00Z/2016-12-13T22:00Z"/><Direction v="Z03"/><Quantity v="0"/><MeasureUnit v="KW1"/></Period><Period><TimeInterval v="2016-12-13T22:00Z/2016-12-13T23:00Z"/><Direction v="Z03"/><Quantity v="0"/><MeasureUnit v="KW1"/></Period><Period><TimeInterval v="2016-12-13T23:00Z/2016-12-14T00:00Z"/><Direction v="Z03"/><Quantity v="0"/><MeasureUnit v="KW1"/></Period><Period><TimeInterval v="2016-12-14T00:00Z/2016-12-14T01:00Z"/><Direction v="Z03"/><Quantity v="0"/><MeasureUnit v="KW1"/></Period><Period><TimeInterval v="2016-12-14T01:00Z/2016-12-14T02:00Z"/><Direction v="Z03"/><Quantity v="0"/><MeasureUnit v="KW1"/></Period><Period><TimeInterval v="2016-12-14T02:00Z/2016-12-14T03:00Z"/><Direction v="Z03"/><Quantity v="0"/><MeasureUnit v="KW1"/></Period><Period><TimeInterval v="2016-12-14T03:00Z/2016-12-14T04:00Z"/><Direction v="Z03"/><Quantity v="0"/><MeasureUnit v="KW1"/></Period><Period><TimeInterval v="2016-12-14T04:00Z/2016-12-14T05:00Z"/><Direction v="Z03"/><Quantity v="0"/><MeasureUnit v="KW1"/></Period></Category></ConnectionPoint><ConnectionPoint><Identification v="21Z000000000343P" codingScheme="305"/><Type v="Z31"/><Category><CapacityCode v="Z12"/><Period><TimeInterval v="2016-12-13T05:00Z/2016-12-13T06:00Z"/><Direction v="Z03"/><Quantity v="8737272"/><MeasureUnit v="KW1"/></Period><Period><TimeInterval v="2016-12-13T06:00Z/2016-12-13T07:00Z"/><Direction v="Z03"/><Quantity v="9055139"/><MeasureUnit v="KW1"/></Period><Period><TimeInterval v="2016-12-13T07:00Z/2016-12-13T08:00Z"/><Direction v="Z03"/><Quantity v="9518917"/><MeasureUnit v="KW1"/></Period><Period><TimeInterval v="2016-12-13T08:00Z/2016-12-13T09:00Z"/><Direction v="Z03"/><Quantity v="9437687"/><MeasureUnit v="KW1"/></Period><Period><TimeInterval v="2016-12-13T09:00Z/2016-12-13T10:00Z"/><Direction v="Z03"/><Quantity v="9417951"/><MeasureUnit v="KW1"/></Period><Period><TimeInterval v="2016-12-13T10:00Z/2016-12-13T11:00Z"/><Direction v="Z03"/><Quantity v="9705234"/><MeasureUnit v="KW1"/></Period><Period><TimeInterval v="2016-12-13T11:00Z/2016-12-13T12:00Z"/><Direction v="Z03"/><Quantity v="10006262"/><MeasureUnit v="KW1"/></Period><Period><TimeInterval v="2016-12-13T12:00Z/2016-12-13T13:00Z"/><Direction v="Z03"/><Quantity v="9907925"/><MeasureUnit v="KW1"/></Period><Period><TimeInterval v="2016-12-13T13:00Z/2016-12-13T14:00Z"/><Direction v="Z03"/><Quantity v="9955344"/><MeasureUnit v="KW1"/></Period><Period><TimeInterval v="2016-12-13T14:00Z/2016-12-13T15:00Z"/><Direction v="Z03"/><Quantity v="10053514"/><MeasureUnit v="KW1"/></Period><Period><TimeInterval v="2016-12-13T15:00Z/2016-12-13T16:00Z"/><Direction v="Z03"/><Quantity v="10425670"/><MeasureUnit v="KW1"/></Period><Period><TimeInterval v="2016-12-13T16:00Z/2016-12-13T17:00Z"/><Direction v="Z03"/><Quantity v="10662762"/><MeasureUnit v="KW1"/></Period><Period><TimeInterval v="2016-12-13T17:00Z/2016-12-13T18:00Z"/><Direction v="Z03"/><Quantity v="11065867"/><MeasureUnit v="KW1"/></Period><Period><TimeInterval v="2016-12-13T18:00Z/2016-12-13T19:00Z"/><Direction v="Z03"/><Quantity v="10628859"/><MeasureUnit v="KW1"/></Period><Period><TimeInterval v="2016-12-13T19:00Z/2016-12-13T20:00Z"/><Direction v="Z03"/><Quantity v="10043027"/><MeasureUnit v="KW1"/></Period><Period><TimeInterval v="2016-12-13T20:00Z/2016-12-13T21:00Z"/><Direction v="Z03"/><Quantity v="9988019"/><MeasureUnit v="KW1"/></Period><Period><TimeInterval v="2016-12-13T21:00Z/2016-12-13T22:00Z"/><Direction v="Z03"/><Quantity v="9814737"/><MeasureUnit v="KW1"/></Period><Period><TimeInterval v="2016-12-13T22:00Z/2016-12-13T23:00Z"/><Direction v="Z03"/><Quantity v="9317080"/><MeasureUnit v="KW1"/></Period><Period><TimeInterval v="2016-12-13T23:00Z/2016-12-14T00:00Z"/><Direction v="Z03"/><Quantity v="9430242"/><MeasureUnit v="KW1"/></Period><Period><TimeInterval v="2016-12-14T00:00Z/2016-12-14T01:00Z"/><Direction v="Z03"/><Quantity v="9655310"/><MeasureUnit v="KW1"/></Period><Period><TimeInterval v="2016-12-14T01:00Z/2016-12-14T02:00Z"/><Direction v="Z03"/><Quantity v="9834604"/><MeasureUnit v="KW1"/></Period><Period><TimeInterval v="2016-12-14T02:00Z/2016-12-14T03:00Z"/><Direction v="Z03"/><Quantity v="9648173"/><MeasureUnit v="KW1"/></Period><Period><TimeInterval v="2016-12-14T03:00Z/2016-12-14T04:00Z"/><Direction v="Z03"/><Quantity v="9778825"/><MeasureUnit v="KW1"/></Period><Period><TimeInterval v="2016-12-14T04:00Z/2016-12-14T05:00Z"/><Direction v="Z03"/><Quantity v="10098387"/><MeasureUnit v="KW1"/></Period></Category><Category><CapacityCode v="Z15"/><Period><TimeInterval v="2016-12-13T05:00Z/2016-12-13T06:00Z"/><Direction v="Z03"/><Quantity v="0"/><MeasureUnit v="KW1"/></Period><Period><TimeInterval v="2016-12-13T06:00Z/2016-12-13T07:00Z"/><Direction v="Z03"/><Quantity v="0"/><MeasureUnit v="KW1"/></Period><Period><TimeInterval v="2016-12-13T07:00Z/2016-12-13T08:00Z"/><Direction v="Z03"/><Quantity v="0"/><MeasureUnit v="KW1"/></Period><Period><TimeInterval v="2016-12-13T08:00Z/2016-12-13T09:00Z"/><Direction v="Z03"/><Quantity v="0"/><MeasureUnit v="KW1"/></Period><Period><TimeInterval v="2016-12-13T09:00Z/2016-12-13T10:00Z"/><Direction v="Z03"/><Quantity v="0"/><MeasureUnit v="KW1"/></Period><Period><TimeInterval v="2016-12-13T10:00Z/2016-12-13T11:00Z"/><Direction v="Z03"/><Quantity v="0"/><MeasureUnit v="KW1"/></Period><Period><TimeInterval v="2016-12-13T11:00Z/2016-12-13T12:00Z"/><Direction v="Z03"/><Quantity v="0"/><MeasureUnit v="KW1"/></Period><Period><TimeInterval v="2016-12-13T12:00Z/2016-12-13T13:00Z"/><Direction v="Z03"/><Quantity v="0"/><MeasureUnit v="KW1"/></Period><Period><TimeInterval v="2016-12-13T13:00Z/2016-12-13T14:00Z"/><Direction v="Z03"/><Quantity v="0"/><MeasureUnit v="KW1"/></Period><Period><TimeInterval v="2016-12-13T14:00Z/2016-12-13T15:00Z"/><Direction v="Z03"/><Quantity v="0"/><MeasureUnit v="KW1"/></Period><Period><TimeInterval v="2016-12-13T15:00Z/2016-12-13T16:00Z"/><Direction v="Z03"/><Quantity v="0"/><MeasureUnit v="KW1"/></Period><Period><TimeInterval v="2016-12-13T16:00Z/2016-12-13T17:00Z"/><Direction v="Z03"/><Quantity v="0"/><MeasureUnit v="KW1"/></Period><Period><TimeInterval v="2016-12-13T17:00Z/2016-12-13T18:00Z"/><Direction v="Z03"/><Quantity v="0"/><MeasureUnit v="KW1"/></Period><Period><TimeInterval v="2016-12-13T18:00Z/2016-12-13T19:00Z"/><Direction v="Z03"/><Quantity v="0"/><MeasureUnit v="KW1"/></Period><Period><TimeInterval v="2016-12-13T19:00Z/2016-12-13T20:00Z"/><Direction v="Z03"/><Quantity v="0"/><MeasureUnit v="KW1"/></Period><Period><TimeInterval v="2016-12-13T20:00Z/2016-12-13T21:00Z"/><Direction v="Z03"/><Quantity v="0"/><MeasureUnit v="KW1"/></Period><Period><TimeInterval v="2016-12-13T21:00Z/2016-12-13T22:00Z"/><Direction v="Z03"/><Quantity v="0"/><MeasureUnit v="KW1"/></Period><Period><TimeInterval v="2016-12-13T22:00Z/2016-12-13T23:00Z"/><Direction v="Z03"/><Quantity v="0"/><MeasureUnit v="KW1"/></Period><Period><TimeInterval v="2016-12-13T23:00Z/2016-12-14T00:00Z"/><Direction v="Z03"/><Quantity v="0"/><MeasureUnit v="KW1"/></Period><Period><TimeInterval v="2016-12-14T00:00Z/2016-12-14T01:00Z"/><Direction v="Z03"/><Quantity v="0"/><MeasureUnit v="KW1"/></Period><Period><TimeInterval v="2016-12-14T01:00Z/2016-12-14T02:00Z"/><Direction v="Z03"/><Quantity v="0"/><MeasureUnit v="KW1"/></Period><Period><TimeInterval v="2016-12-14T02:00Z/2016-12-14T03:00Z"/><Direction v="Z03"/><Quantity v="0"/><MeasureUnit v="KW1"/></Period><Period><TimeInterval v="2016-12-14T03:00Z/2016-12-14T04:00Z"/><Direction v="Z03"/><Quantity v="0"/><MeasureUnit v="KW1"/></Period><Period><TimeInterval v="2016-12-14T04:00Z/2016-12-14T05:00Z"/><Direction v="Z03"/><Quantity v="0"/><MeasureUnit v="KW1"/></Period></Category></ConnectionPoint></TransparencyPublication>