<?xml version="1.0" encoding="UTF-8"?><TransparencyPublication Version="EGAS50" Release="A"><Identification v="TRANPB20170102A104072"/><Version v="1"/><Type v="AL6"/><CreationDateTime v="2017-01-02T08:04:59.582Z"/><ValidityPeriod v="2016-12-26T05:00Z/2016-12-27T05:00Z"/><IssuerIdentification v="21X-DE-C-A0A0A-T" codingScheme="305"/><IssuerRole v="ZSO"/><RecipientIdentification v="10X1001A1001A353" codingScheme="305"/><RecipientRole v="ZUA"/><ConnectionPoint><Identification v="21Z0000000000236" codingScheme="305"/><Type v="Z25"/><Category><CapacityCode v="Z08"/><Period><TimeInterval v="2016-12-26T05:00Z/2016-12-26T06:00Z"/><Direction v="Z02"/><Quantity v="37424279"/><MeasureUnit v="KW1"/></Period><Period><TimeInterval v="2016-12-26T06:00Z/2016-12-26T07:00Z"/><Direction v="Z02"/><Quantity v="37418283"/><MeasureUnit v="KW1"/></Period><Period><TimeInterval v="2016-12-26T07:00Z/2016-12-26T08:00Z"/><Direction v="Z02"/><Quantity v="37460488"/><MeasureUnit v="KW1"/></Period><Period><TimeInterval v="2016-12-26T08:00Z/2016-12-26T09:00Z"/><Direction v="Z02"/><Quantity v="37462845"/><MeasureUnit v="KW1"/></Period><Period><TimeInterval v="2016-12-26T09:00Z/2016-12-26T10:00Z"/><Direction v="Z02"/><Quantity v="37437785"/><MeasureUnit v="KW1"/></Period><Period><TimeInterval v="2016-12-26T10:00Z/2016-12-26T11:00Z"/><Direction v="Z02"/><Quantity v="37450275"/><MeasureUnit v="KW1"/></Period><Period><TimeInterval v="2016-12-26T11:00Z/2016-12-26T12:00Z"/><Direction v="Z02"/><Quantity v="37432532"/><MeasureUnit v="KW1"/></Period><Period><TimeInterval v="2016-12-26T12:00Z/2016-12-26T13:00Z"/><Direction v="Z02"/><Quantity v="37427638"/><MeasureUnit v="KW1"/></Period><Period><TimeInterval v="2016-12-26T13:00Z/2016-12-26T14:00Z"/><Direction v="Z02"/><Quantity v="37439754"/><MeasureUnit v="KW1"/></Period><Period><TimeInterval v="2016-12-26T14:00Z/2016-12-26T15:00Z"/><Direction v="Z02"/><Quantity v="37455217"/><MeasureUnit v="KW1"/></Period><Period><TimeInterval v="2016-12-26T15:00Z/2016-12-26T16:00Z"/><Direction v="Z02"/><Quantity v="37416634"/><MeasureUnit v="KW1"/></Period><Period><TimeInterval v="2016-12-26T16:00Z/2016-12-26T17:00Z"/><Direction v="Z02"/><Quantity v="37454179"/><MeasureUnit v="KW1"/></Period><Period><TimeInterval v="2016-12-26T17:00Z/2016-12-26T18:00Z"/><Direction v="Z02"/><Quantity v="37478659"/><MeasureUnit v="KW1"/></Period><Period><TimeInterval v="2016-12-26T18:00Z/2016-12-26T19:00Z"/><Direction v="Z02"/><Quantity v="37551481"/><MeasureUnit v="KW1"/></Period><Period><TimeInterval v="2016-12-26T19:00Z/2016-12-26T20:00Z"/><Direction v="Z02"/><Quantity v="37596146"/><MeasureUnit v="KW1"/></Period><Period><TimeInterval v="2016-12-26T20:00Z/2016-12-26T21:00Z"/><Direction v="Z02"/><Quantity v="37585428"/><MeasureUnit v="KW1"/></Period><Period><TimeInterval v="2016-12-26T21:00Z/2016-12-26T22:00Z"/><Direction v="Z02"/><Quantity v="37614599"/><MeasureUnit v="KW1"/></Period><Period><TimeInterval v="2016-12-26T22:00Z/2016-12-26T23:00Z"/><Direction v="Z02"/><Quantity v="37609430"/><MeasureUnit v="KW1"/></Period><Period><TimeInterval v="2016-12-26T23:00Z/2016-12-27T00:00Z"/><Direction v="Z02"/><Quantity v="37632227"/><MeasureUnit v="KW1"/></Period><Period><TimeInterval v="2016-12-27T00:00Z/2016-12-27T01:00Z"/><Direction v="Z02"/><Quantity v="37650689"/><MeasureUnit v="KW1"/></Period><Period><TimeInterval v="2016-12-27T01:00Z/2016-12-27T02:00Z"/><Direction v="Z02"/><Quantity v="37686886"/><MeasureUnit v="KW1"/></Period><Period><TimeInterval v="2016-12-27T02:00Z/2016-12-27T03:00Z"/><Direction v="Z02"/><Quantity v="37593968"/><MeasureUnit v="KW1"/></Period><Period><TimeInterval v="2016-12-27T03:00Z/2016-12-27T04:00Z"/><Direction v="Z02"/><Quantity v="37522677"/><MeasureUnit v="KW1"/></Period><Period><TimeInterval v="2016-12-27T04:00Z/2016-12-27T05:00Z"/><Direction v="Z02"/><Quantity v="37484929"/><MeasureUnit v="KW1"/></Period><Period><TimeInterval v="2016-12-26T05:00Z/2016-12-26T06:00Z"/><Direction v="Z03"/><Quantity v="0"/><MeasureUnit v="KW1"/></Period><Period><TimeInterval v="2016-12-26T06:00Z/2016-12-26T07:00Z"/><Direction v="Z03"/><Quantity v="0"/><MeasureUnit v="KW1"/></Period><Period><TimeInterval v="2016-12-26T07:00Z/2016-12-26T08:00Z"/><Direction v="Z03"/><Quantity v="0"/><MeasureUnit v="KW1"/></Period><Period><TimeInterval v="2016-12-26T08:00Z/2016-12-26T09:00Z"/><Direction v="Z03"/><Quantity v="0"/><MeasureUnit v="KW1"/></Period><Period><TimeInterval v="2016-12-26T09:00Z/2016-12-26T10:00Z"/><Direction v="Z03"/><Quantity v="0"/><MeasureUnit v="KW1"/></Period><Period><TimeInterval v="2016-12-26T10:00Z/2016-12-26T11:00Z"/><Direction v="Z03"/><Quantity v="0"/><MeasureUnit v="KW1"/></Period><Period><TimeInterval v="2016-12-26T11:00Z/2016-12-26T12:00Z"/><Direction v="Z03"/><Quantity v="0"/><MeasureUnit v="KW1"/></Period><Period><TimeInterval v="2016-12-26T12:00Z/2016-12-26T13:00Z"/><Direction v="Z03"/><Quantity v="0"/><MeasureUnit v="KW1"/></Period><Period><TimeInterval v="2016-12-26T13:00Z/2016-12-26T14:00Z"/><Direction v="Z03"/><Quantity v="0"/><MeasureUnit v="KW1"/></Period><Period><TimeInterval v="2016-12-26T14:00Z/2016-12-26T15:00Z"/><Direction v="Z03"/><Quantity v="0"/><MeasureUnit v="KW1"/></Period><Period><TimeInterval v="2016-12-26T15:00Z/2016-12-26T16:00Z"/><Direction v="Z03"/><Quantity v="0"/><MeasureUnit v="KW1"/></Period><Period><TimeInterval v="2016-12-26T16:00Z/2016-12-26T17:00Z"/><Direction v="Z03"/><Quantity v="0"/><MeasureUnit v="KW1"/></Period><Period><TimeInterval v="2016-12-26T17:00Z/2016-12-26T18:00Z"/><Direction v="Z03"/><Quantity v="0"/><MeasureUnit v="KW1"/></Period><Period><TimeInterval v="2016-12-26T18:00Z/2016-12-26T19:00Z"/><Direction v="Z03"/><Quantity v="0"/><MeasureUnit v="KW1"/></Period><Period><TimeInterval v="2016-12-26T19:00Z/2016-12-26T20:00Z"/><Direction v="Z03"/><Quantity v="0"/><MeasureUnit v="KW1"/></Period><Period><TimeInterval v="2016-12-26T20:00Z/2016-12-26T21:00Z"/><Direction v="Z03"/><Quantity v="0"/><MeasureUnit v="KW1"/></Period><Period><TimeInterval v="2016-12-26T21:00Z/2016-12-26T22:00Z"/><Direction v="Z03"/><Quantity v="0"/><MeasureUnit v="KW1"/></Period><Period><TimeInterval v="2016-12-26T22:00Z/2016-12-26T23:00Z"/><Direction v="Z03"/><Quantity v="0"/><MeasureUnit v="KW1"/></Period><Period><TimeInterval v="2016-12-26T23:00Z/2016-12-27T00:00Z"/><Direction v="Z03"/><Quantity v="0"/><MeasureUnit v="KW1"/></Period><Period><TimeInterval v="2016-12-27T00:00Z/2016-12-27T01:00Z"/><Direction v="Z03"/><Quantity v="0"/><MeasureUnit v="KW1"/></Period><Period><TimeInterval v="2016-12-27T01:00Z/2016-12-27T02:00Z"/><Direction v="Z03"/><Quantity v="0"/><MeasureUnit v="KW1"/></Period><Period><TimeInterval v="2016-12-27T02:00Z/2016-12-27T03:00Z"/><Direction v="Z03"/><Quantity v="0"/><MeasureUnit v="KW1"/></Period><Period><TimeInterval v="2016-12-27T03:00Z/2016-12-27T04:00Z"/><Direction v="Z03"/><Quantity v="0"/><MeasureUnit v="KW1"/></Period><Period><TimeInterval v="2016-12-27T04:00Z/2016-12-27T05:00Z"/><Direction v="Z03"/><Quantity v="0"/><MeasureUnit v="KW1"/></Period></Category></ConnectionPoint><ConnectionPoint><Identification v="21Z0000000000406" codingScheme="305"/><Type v="Z25"/><Category><CapacityCode v="Z08"/><Period><TimeInterval v="2016-12-26T05:00Z/2016-12-26T06:00Z"/><Direction v="Z03"/><Quantity v="696303"/><MeasureUnit v="KW1"/></Period><Period><TimeInterval v="2016-12-26T06:00Z/2016-12-26T07:00Z"/><Direction v="Z03"/><Quantity v="729803"/><MeasureUnit v="KW1"/></Period><Period><TimeInterval v="2016-12-26T07:00Z/2016-12-26T08:00Z"/><Direction v="Z03"/><Quantity v="730346"/><MeasureUnit v="KW1"/></Period><Period><TimeInterval v="2016-12-26T08:00Z/2016-12-26T09:00Z"/><Direction v="Z03"/><Quantity v="730809"/><MeasureUnit v="KW1"/></Period><Period><TimeInterval v="2016-12-26T09:00Z/2016-12-26T10:00Z"/><Direction v="Z03"/><Quantity v="731894"/><MeasureUnit v="KW1"/></Period><Period><TimeInterval v="2016-12-26T10:00Z/2016-12-26T11:00Z"/><Direction v="Z03"/><Quantity v="733461"/><MeasureUnit v="KW1"/></Period><Period><TimeInterval v="2016-12-26T11:00Z/2016-12-26T12:00Z"/><Direction v="Z03"/><Quantity v="734859"/><MeasureUnit v="KW1"/></Period><Period><TimeInterval v="2016-12-26T12:00Z/2016-12-26T13:00Z"/><Direction v="Z03"/><Quantity v="735552"/><MeasureUnit v="KW1"/></Period><Period><TimeInterval v="2016-12-26T13:00Z/2016-12-26T14:00Z"/><Direction v="Z03"/><Quantity v="736643"/><MeasureUnit v="KW1"/></Period><Period><TimeInterval v="2016-12-26T14:00Z/2016-12-26T15:00Z"/><Direction v="Z03"/><Quantity v="735473"/><MeasureUnit v="KW1"/></Period><Period><TimeInterval v="2016-12-26T15:00Z/2016-12-26T16:00Z"/><Direction v="Z03"/><Quantity v="734579"/><MeasureUnit v="KW1"/></Period><Period><TimeInterval v="2016-12-26T16:00Z/2016-12-26T17:00Z"/><Direction v="Z03"/><Quantity v="733512"/><MeasureUnit v="KW1"/></Period><Period><TimeInterval v="2016-12-26T17:00Z/2016-12-26T18:00Z"/><Direction v="Z03"/><Quantity v="733534"/><MeasureUnit v="KW1"/></Period><Period><TimeInterval v="2016-12-26T18:00Z/2016-12-26T19:00Z"/><Direction v="Z03"/><Quantity v="733947"/><MeasureUnit v="KW1"/></Period><Period><TimeInterval v="2016-12-26T19:00Z/2016-12-26T20:00Z"/><Direction v="Z03"/><Quantity v="733788"/><MeasureUnit v="KW1"/></Period><Period><TimeInterval v="2016-12-26T20:00Z/2016-12-26T21:00Z"/><Direction v="Z03"/><Quantity v="732389"/><MeasureUnit v="KW1"/></Period><Period><TimeInterval v="2016-12-26T21:00Z/2016-12-26T22:00Z"/><Direction v="Z03"/><Quantity v="731024"/><MeasureUnit v="KW1"/></Period><Period><TimeInterval v="2016-12-26T22:00Z/2016-12-26T23:00Z"/><Direction v="Z03"/><Quantity v="505762"/><MeasureUnit v="KW1"/></Period><Period><TimeInterval v="2016-12-26T23:00Z/2016-12-27T00:00Z"/><Direction v="Z03"/><Quantity v="458837"/><MeasureUnit v="KW1"/></Period><Period><TimeInterval v="2016-12-27T00:00Z/2016-12-27T01:00Z"/><Direction v="Z03"/><Quantity v="458077"/><MeasureUnit v="KW1"/></Period><Period><TimeInterval v="2016-12-27T01:00Z/2016-12-27T02:00Z"/><Direction v="Z03"/><Quantity v="458549"/><MeasureUnit v="KW1"/></Period><Period><TimeInterval v="2016-12-27T02:00Z/2016-12-27T03:00Z"/><Direction v="Z03"/><Quantity v="459532"/><MeasureUnit v="KW1"/></Period><Period><TimeInterval v="2016-12-27T03:00Z/2016-12-27T04:00Z"/><Direction v="Z03"/><Quantity v="459627"/><MeasureUnit v="KW1"/></Period><Period><TimeInterval v="2016-12-27T04:00Z/2016-12-27T05:00Z"/><Direction v="Z03"/><Quantity v="459704"/><MeasureUnit v="KW1"/></Period></Category></ConnectionPoint><ConnectionPoint><Identification v="21Z000000000073S" codingScheme="305"/><Type v="Z25"/><Category><CapacityCode v="Z08"/><Period><TimeInterval v="2016-12-26T05:00Z/2016-12-26T06:00Z"/><Direction v="Z02"/><Quantity v="6297004"/><MeasureUnit v="KW1"/></Period><Period><TimeInterval v="2016-12-26T06:00Z/2016-12-26T07:00Z"/><Direction v="Z02"/><Quantity v="6158058"/><MeasureUnit v="KW1"/></Period><Period><TimeInterval v="2016-12-26T07:00Z/2016-12-26T08:00Z"/><Direction v="Z02"/><Quantity v="5882597"/><MeasureUnit v="KW1"/></Period><Period><TimeInterval v="2016-12-26T08:00Z/2016-12-26T09:00Z"/><Direction v="Z02"/><Quantity v="5979718"/><MeasureUnit v="KW1"/></Period><Period><TimeInterval v="2016-12-26T09:00Z/2016-12-26T10:00Z"/><Direction v="Z02"/><Quantity v="6548689"/><MeasureUnit v="KW1"/></Period><Period><TimeInterval v="2016-12-26T10:00Z/2016-12-26T11:00Z"/><Direction v="Z02"/><Quantity v="8548408"/><MeasureUnit v="KW1"/></Period><Period><TimeInterval v="2016-12-26T11:00Z/2016-12-26T12:00Z"/><Direction v="Z02"/><Quantity v="8054263"/><MeasureUnit v="KW1"/></Period><Period><TimeInterval v="2016-12-26T12:00Z/2016-12-26T13:00Z"/><Direction v="Z02"/><Quantity v="7620393"/><MeasureUnit v="KW1"/></Period><Period><TimeInterval v="2016-12-26T13:00Z/2016-12-26T14:00Z"/><Direction v="Z02"/><Quantity v="7561020"/><MeasureUnit v="KW1"/></Period><Period><TimeInterval v="2016-12-26T14:00Z/2016-12-26T15:00Z"/><Direction v="Z02"/><Quantity v="7547511"/><MeasureUnit v="KW1"/></Period><Period><TimeInterval v="2016-12-26T15:00Z/2016-12-26T16:00Z"/><Direction v="Z02"/><Quantity v="7655848"/><MeasureUnit v="KW1"/></Period><Period><TimeInterval v="2016-12-26T16:00Z/2016-12-26T17:00Z"/><Direction v="Z02"/><Quantity v="7801935"/><MeasureUnit v="KW1"/></Period><Period><TimeInterval v="2016-12-26T17:00Z/2016-12-26T18:00Z"/><Direction v="Z02"/><Quantity v="7874551"/><MeasureUnit v="KW1"/></Period><Period><TimeInterval v="2016-12-26T18:00Z/2016-12-26T19:00Z"/><Direction v="Z02"/><Quantity v="7967838"/><MeasureUnit v="KW1"/></Period><Period><TimeInterval v="2016-12-26T19:00Z/2016-12-26T20:00Z"/><Direction v="Z02"/><Quantity v="7828367"/><MeasureUnit v="KW1"/></Period><Period><TimeInterval v="2016-12-26T20:00Z/2016-12-26T21:00Z"/><Direction v="Z02"/><Quantity v="7066383"/><MeasureUnit v="KW1"/></Period><Period><TimeInterval v="2016-12-26T21:00Z/2016-12-26T22:00Z"/><Direction v="Z02"/><Quantity v="7360041"/><MeasureUnit v="KW1"/></Period><Period><TimeInterval v="2016-12-26T22:00Z/2016-12-26T23:00Z"/><Direction v="Z02"/><Quantity v="6512134"/><MeasureUnit v="KW1"/></Period><Period><TimeInterval v="2016-12-26T23:00Z/2016-12-27T00:00Z"/><Direction v="Z02"/><Quantity v="7086377"/><MeasureUnit v="KW1"/></Period><Period><TimeInterval v="2016-12-27T00:00Z/2016-12-27T01:00Z"/><Direction v="Z02"/><Quantity v="6388600"/><MeasureUnit v="KW1"/></Period><Period><TimeInterval v="2016-12-27T01:00Z/2016-12-27T02:00Z"/><Direction v="Z02"/><Quantity v="7130509"/><MeasureUnit v="KW1"/></Period><Period><TimeInterval v="2016-12-27T02:00Z/2016-12-27T03:00Z"/><Direction v="Z02"/><Quantity v="7078109"/><MeasureUnit v="KW1"/></Period><Period><TimeInterval v="2016-12-27T03:00Z/2016-12-27T04:00Z"/><Direction v="Z02"/><Quantity v="7045026"/><MeasureUnit v="KW1"/></Period><Period><TimeInterval v="2016-12-27T04:00Z/2016-12-27T05:00Z"/><Direction v="Z02"/><Quantity v="7056423"/><MeasureUnit v="KW1"/></Period></Category></ConnectionPoint><ConnectionPoint><Identification v="21Z0000000001232" codingScheme="305"/><Type v="Z25"/><Category><CapacityCode v="Z08"/><Period><TimeInterval v="2016-12-26T05:00Z/2016-12-26T06:00Z"/><Direction v="Z03"/><Quantity v="11415362"/><MeasureUnit v="KW1"/></Period><Period><TimeInterval v="2016-12-26T06:00Z/2016-12-26T07:00Z"/><Direction v="Z03"/><Quantity v="11453262"/><MeasureUnit v="KW1"/></Period><Period><TimeInterval v="2016-12-26T07:00Z/2016-12-26T08:00Z"/><Direction v="Z03"/><Quantity v="11479303"/><MeasureUnit v="KW1"/></Period><Period><TimeInterval v="2016-12-26T08:00Z/2016-12-26T09:00Z"/><Direction v="Z03"/><Quantity v="11432772"/><MeasureUnit v="KW1"/></Period><Period><TimeInterval v="2016-12-26T09:00Z/2016-12-26T10:00Z"/><Direction v="Z03"/><Quantity v="11438169"/><MeasureUnit v="KW1"/></Period><Period><TimeInterval v="2016-12-26T10:00Z/2016-12-26T11:00Z"/><Direction v="Z03"/><Quantity v="11459152"/><MeasureUnit v="KW1"/></Period><Period><TimeInterval v="2016-12-26T11:00Z/2016-12-26T12:00Z"/><Direction v="Z03"/><Quantity v="11498604"/><MeasureUnit v="KW1"/></Period><Period><TimeInterval v="2016-12-26T12:00Z/2016-12-26T13:00Z"/><Direction v="Z03"/><Quantity v="11524118"/><MeasureUnit v="KW1"/></Period><Period><TimeInterval v="2016-12-26T13:00Z/2016-12-26T14:00Z"/><Direction v="Z03"/><Quantity v="11431027"/><MeasureUnit v="KW1"/></Period><Period><TimeInterval v="2016-12-26T14:00Z/2016-12-26T15:00Z"/><Direction v="Z03"/><Quantity v="11175179"/><MeasureUnit v="KW1"/></Period><Period><TimeInterval v="2016-12-26T15:00Z/2016-12-26T16:00Z"/><Direction v="Z03"/><Quantity v="10977222"/><MeasureUnit v="KW1"/></Period><Period><TimeInterval v="2016-12-26T16:00Z/2016-12-26T17:00Z"/><Direction v="Z03"/><Quantity v="10920819"/><MeasureUnit v="KW1"/></Period><Period><TimeInterval v="2016-12-26T17:00Z/2016-12-26T18:00Z"/><Direction v="Z03"/><Quantity v="10912862"/><MeasureUnit v="KW1"/></Period><Period><TimeInterval v="2016-12-26T18:00Z/2016-12-26T19:00Z"/><Direction v="Z03"/><Quantity v="10727558"/><MeasureUnit v="KW1"/></Period><Period><TimeInterval v="2016-12-26T19:00Z/2016-12-26T20:00Z"/><Direction v="Z03"/><Quantity v="10440237"/><MeasureUnit v="KW1"/></Period><Period><TimeInterval v="2016-12-26T20:00Z/2016-12-26T21:00Z"/><Direction v="Z03"/><Quantity v="10382781"/><MeasureUnit v="KW1"/></Period><Period><TimeInterval v="2016-12-26T21:00Z/2016-12-26T22:00Z"/><Direction v="Z03"/><Quantity v="10431306"/><MeasureUnit v="KW1"/></Period><Period><TimeInterval v="2016-12-26T22:00Z/2016-12-26T23:00Z"/><Direction v="Z03"/><Quantity v="9850497"/><MeasureUnit v="KW1"/></Period><Period><TimeInterval v="2016-12-26T23:00Z/2016-12-27T00:00Z"/><Direction v="Z03"/><Quantity v="8733468"/><MeasureUnit v="KW1"/></Period><Period><TimeInterval v="2016-12-27T00:00Z/2016-12-27T01:00Z"/><Direction v="Z03"/><Quantity v="8541606"/><MeasureUnit v="KW1"/></Period><Period><TimeInterval v="2016-12-27T01:00Z/2016-12-27T02:00Z"/><Direction v="Z03"/><Quantity v="8543945"/><MeasureUnit v="KW1"/></Period><Period><TimeInterval v="2016-12-27T02:00Z/2016-12-27T03:00Z"/><Direction v="Z03"/><Quantity v="8559100"/><MeasureUnit v="KW1"/></Period><Period><TimeInterval v="2016-12-27T03:00Z/2016-12-27T04:00Z"/><Direction v="Z03"/><Quantity v="8566140"/><MeasureUnit v="KW1"/></Period><Period><TimeInterval v="2016-12-27T04:00Z/2016-12-27T05:00Z"/><Direction v="Z03"/><Quantity v="8509918"/><MeasureUnit v="KW1"/></Period></Category></ConnectionPoint><ConnectionPoint><Identification v="21Z000000000075O" codingScheme="305"/><Type v="Z25"/><Category><CapacityCode v="Z08"/><Period><TimeInterval v="2016-12-26T05:00Z/2016-12-26T06:00Z"/><Direction v="Z02"/><Quantity v="0"/><MeasureUnit v="KW1"/></Period><Period><TimeInterval v="2016-12-26T06:00Z/2016-12-26T07:00Z"/><Direction v="Z02"/><Quantity v="0"/><MeasureUnit v="KW1"/></Period><Period><TimeInterval v="2016-12-26T07:00Z/2016-12-26T08:00Z"/><Direction v="Z02"/><Quantity v="0"/><MeasureUnit v="KW1"/></Period><Period><TimeInterval v="2016-12-26T08:00Z/2016-12-26T09:00Z"/><Direction v="Z02"/><Quantity v="0"/><MeasureUnit v="KW1"/></Period><Period><TimeInterval v="2016-12-26T09:00Z/2016-12-26T10:00Z"/><Direction v="Z02"/><Quantity v="0"/><MeasureUnit v="KW1"/></Period><Period><TimeInterval v="2016-12-26T10:00Z/2016-12-26T11:00Z"/><Direction v="Z02"/><Quantity v="0"/><MeasureUnit v="KW1"/></Period><Period><TimeInterval v="2016-12-26T11:00Z/2016-12-26T12:00Z"/><Direction v="Z02"/><Quantity v="0"/><MeasureUnit v="KW1"/></Period><Period><TimeInterval v="2016-12-26T12:00Z/2016-12-26T13:00Z"/><Direction v="Z02"/><Quantity v="0"/><MeasureUnit v="KW1"/></Period><Period><TimeInterval v="2016-12-26T13:00Z/2016-12-26T14:00Z"/><Direction v="Z02"/><Quantity v="0"/><MeasureUnit v="KW1"/></Period><Period><TimeInterval v="2016-12-26T14:00Z/2016-12-26T15:00Z"/><Direction v="Z02"/><Quantity v="0"/><MeasureUnit v="KW1"/></Period><Period><TimeInterval v="2016-12-26T15:00Z/2016-12-26T16:00Z"/><Direction v="Z02"/><Quantity v="0"/><MeasureUnit v="KW1"/></Period><Period><TimeInterval v="2016-12-26T16:00Z/2016-12-26T17:00Z"/><Direction v="Z02"/><Quantity v="0"/><MeasureUnit v="KW1"/></Period><Period><TimeInterval v="2016-12-26T17:00Z/2016-12-26T18:00Z"/><Direction v="Z02"/><Quantity v="0"/><MeasureUnit v="KW1"/></Period><Period><TimeInterval v="2016-12-26T18:00Z/2016-12-26T19:00Z"/><Direction v="Z02"/><Quantity v="0"/><MeasureUnit v="KW1"/></Period><Period><TimeInterval v="2016-12-26T19:00Z/2016-12-26T20:00Z"/><Direction v="Z02"/><Quantity v="0"/><MeasureUnit v="KW1"/></Period><Period><TimeInterval v="2016-12-26T20:00Z/2016-12-26T21:00Z"/><Direction v="Z02"/><Quantity v="0"/><MeasureUnit v="KW1"/></Period><Period><TimeInterval v="2016-12-26T21:00Z/2016-12-26T22:00Z"/><Direction v="Z02"/><Quantity v="0"/><MeasureUnit v="KW1"/></Period><Period><TimeInterval v="2016-12-26T22:00Z/2016-12-26T23:00Z"/><Direction v="Z02"/><Quantity v="0"/><MeasureUnit v="KW1"/></Period><Period><TimeInterval v="2016-12-26T23:00Z/2016-12-27T00:00Z"/><Direction v="Z02"/><Quantity v="0"/><MeasureUnit v="KW1"/></Period><Period><TimeInterval v="2016-12-27T00:00Z/2016-12-27T01:00Z"/><Direction v="Z02"/><Quantity v="0"/><MeasureUnit v="KW1"/></Period><Period><TimeInterval v="2016-12-27T01:00Z/2016-12-27T02:00Z"/><Direction v="Z02"/><Quantity v="0"/><MeasureUnit v="KW1"/></Period><Period><TimeInterval v="2016-12-27T02:00Z/2016-12-27T03:00Z"/><Direction v="Z02"/><Quantity v="0"/><MeasureUnit v="KW1"/></Period><Period><TimeInterval v="2016-12-27T03:00Z/2016-12-27T04:00Z"/><Direction v="Z02"/><Quantity v="0"/><MeasureUnit v="KW1"/></Period><Period><TimeInterval v="2016-12-27T04:00Z/2016-12-27T05:00Z"/><Direction v="Z02"/><Quantity v="0"/><MeasureUnit v="KW1"/></Period><Period><TimeInterval v="2016-12-26T05:00Z/2016-12-26T06:00Z"/><Direction v="Z03"/><Quantity v="11287744"/><MeasureUnit v="KW1"/></Period><Period><TimeInterval v="2016-12-26T06:00Z/2016-12-26T07:00Z"/><Direction v="Z03"/><Quantity v="11361189"/><MeasureUnit v="KW1"/></Period><Period><TimeInterval v="2016-12-26T07:00Z/2016-12-26T08:00Z"/><Direction v="Z03"/><Quantity v="11349769"/><MeasureUnit v="KW1"/></Period><Period><TimeInterval v="2016-12-26T08:00Z/2016-12-26T09:00Z"/><Direction v="Z03"/><Quantity v="11323071"/><MeasureUnit v="KW1"/></Period><Period><TimeInterval v="2016-12-26T09:00Z/2016-12-26T10:00Z"/><Direction v="Z03"/><Quantity v="11348682"/><MeasureUnit v="KW1"/></Period><Period><TimeInterval v="2016-12-26T10:00Z/2016-12-26T11:00Z"/><Direction v="Z03"/><Quantity v="11305349"/><MeasureUnit v="KW1"/></Period><Period><TimeInterval v="2016-12-26T11:00Z/2016-12-26T12:00Z"/><Direction v="Z03"/><Quantity v="11297083"/><MeasureUnit v="KW1"/></Period><Period><TimeInterval v="2016-12-26T12:00Z/2016-12-26T13:00Z"/><Direction v="Z03"/><Quantity v="11349485"/><MeasureUnit v="KW1"/></Period><Period><TimeInterval v="2016-12-26T13:00Z/2016-12-26T14:00Z"/><Direction v="Z03"/><Quantity v="11302808"/><MeasureUnit v="KW1"/></Period><Period><TimeInterval v="2016-12-26T14:00Z/2016-12-26T15:00Z"/><Direction v="Z03"/><Quantity v="10954040"/><MeasureUnit v="KW1"/></Period><Period><TimeInterval v="2016-12-26T15:00Z/2016-12-26T16:00Z"/><Direction v="Z03"/><Quantity v="10852845"/><MeasureUnit v="KW1"/></Period><Period><TimeInterval v="2016-12-26T16:00Z/2016-12-26T17:00Z"/><Direction v="Z03"/><Quantity v="10354466"/><MeasureUnit v="KW1"/></Period><Period><TimeInterval v="2016-12-26T17:00Z/2016-12-26T18:00Z"/><Direction v="Z03"/><Quantity v="10244803"/><MeasureUnit v="KW1"/></Period><Period><TimeInterval v="2016-12-26T18:00Z/2016-12-26T19:00Z"/><Direction v="Z03"/><Quantity v="10315227"/><MeasureUnit v="KW1"/></Period><Period><TimeInterval v="2016-12-26T19:00Z/2016-12-26T20:00Z"/><Direction v="Z03"/><Quantity v="10346891"/><MeasureUnit v="KW1"/></Period><Period><TimeInterval v="2016-12-26T20:00Z/2016-12-26T21:00Z"/><Direction v="Z03"/><Quantity v="10319668"/><MeasureUnit v="KW1"/></Period><Period><TimeInterval v="2016-12-26T21:00Z/2016-12-26T22:00Z"/><Direction v="Z03"/><Quantity v="10353462"/><MeasureUnit v="KW1"/></Period><Period><TimeInterval v="2016-12-26T22:00Z/2016-12-26T23:00Z"/><Direction v="Z03"/><Quantity v="10036361"/><MeasureUnit v="KW1"/></Period><Period><TimeInterval v="2016-12-26T23:00Z/2016-12-27T00:00Z"/><Direction v="Z03"/><Quantity v="9616038"/><MeasureUnit v="KW1"/></Period><Period><TimeInterval v="2016-12-27T00:00Z/2016-12-27T01:00Z"/><Direction v="Z03"/><Quantity v="9404397"/><MeasureUnit v="KW1"/></Period><Period><TimeInterval v="2016-12-27T01:00Z/2016-12-27T02:00Z"/><Direction v="Z03"/><Quantity v="9565481"/><MeasureUnit v="KW1"/></Period><Period><TimeInterval v="2016-12-27T02:00Z/2016-12-27T03:00Z"/><Direction v="Z03"/><Quantity v="9610484"/><MeasureUnit v="KW1"/></Period><Period><TimeInterval v="2016-12-27T03:00Z/2016-12-27T04:00Z"/><Direction v="Z03"/><Quantity v="9509777"/><MeasureUnit v="KW1"/></Period><Period><TimeInterval v="2016-12-27T04:00Z/2016-12-27T05:00Z"/><Direction v="Z03"/><Quantity v="9600543"/><MeasureUnit v="KW1"/></Period></Category></ConnectionPoint><ConnectionPoint><Identification v="21Z000000000053Y" codingScheme="305"/><Type v="Z25"/><Category><CapacityCode v="Z08"/><Period><TimeInterval v="2016-12-26T05:00Z/2016-12-26T06:00Z"/><Direction v="Z02"/><Quantity v="28228900"/><MeasureUnit v="KW1"/></Period><Period><TimeInterval v="2016-12-26T06:00Z/2016-12-26T07:00Z"/><Direction v="Z02"/><Quantity v="27205804"/><MeasureUnit v="KW1"/></Period><Period><TimeInterval v="2016-12-26T07:00Z/2016-12-26T08:00Z"/><Direction v="Z02"/><Quantity v="27089011"/><MeasureUnit v="KW1"/></Period><Period><TimeInterval v="2016-12-26T08:00Z/2016-12-26T09:00Z"/><Direction v="Z02"/><Quantity v="27136012"/><MeasureUnit v="KW1"/></Period><Period><TimeInterval v="2016-12-26T09:00Z/2016-12-26T10:00Z"/><Direction v="Z02"/><Quantity v="27140902"/><MeasureUnit v="KW1"/></Period><Period><TimeInterval v="2016-12-26T10:00Z/2016-12-26T11:00Z"/><Direction v="Z02"/><Quantity v="27055873"/><MeasureUnit v="KW1"/></Period><Period><TimeInterval v="2016-12-26T11:00Z/2016-12-26T12:00Z"/><Direction v="Z02"/><Quantity v="27152841"/><MeasureUnit v="KW1"/></Period><Period><TimeInterval v="2016-12-26T12:00Z/2016-12-26T13:00Z"/><Direction v="Z02"/><Quantity v="26398078"/><MeasureUnit v="KW1"/></Period><Period><TimeInterval v="2016-12-26T13:00Z/2016-12-26T14:00Z"/><Direction v="Z02"/><Quantity v="26194157"/><MeasureUnit v="KW1"/></Period><Period><TimeInterval v="2016-12-26T14:00Z/2016-12-26T15:00Z"/><Direction v="Z02"/><Quantity v="26033791"/><MeasureUnit v="KW1"/></Period><Period><TimeInterval v="2016-12-26T15:00Z/2016-12-26T16:00Z"/><Direction v="Z02"/><Quantity v="25998760"/><MeasureUnit v="KW1"/></Period><Period><TimeInterval v="2016-12-26T16:00Z/2016-12-26T17:00Z"/><Direction v="Z02"/><Quantity v="25871546"/><MeasureUnit v="KW1"/></Period><Period><TimeInterval v="2016-12-26T17:00Z/2016-12-26T18:00Z"/><Direction v="Z02"/><Quantity v="26677662"/><MeasureUnit v="KW1"/></Period><Period><TimeInterval v="2016-12-26T18:00Z/2016-12-26T19:00Z"/><Direction v="Z02"/><Quantity v="26744651"/><MeasureUnit v="KW1"/></Period><Period><TimeInterval v="2016-12-26T19:00Z/2016-12-26T20:00Z"/><Direction v="Z02"/><Quantity v="26365732"/><MeasureUnit v="KW1"/></Period><Period><TimeInterval v="2016-12-26T20:00Z/2016-12-26T21:00Z"/><Direction v="Z02"/><Quantity v="26334352"/><MeasureUnit v="KW1"/></Period><Period><TimeInterval v="2016-12-26T21:00Z/2016-12-26T22:00Z"/><Direction v="Z02"/><Quantity v="26335108"/><MeasureUnit v="KW1"/></Period><Period><TimeInterval v="2016-12-26T22:00Z/2016-12-26T23:00Z"/><Direction v="Z02"/><Quantity v="25754889"/><MeasureUnit v="KW1"/></Period><Period><TimeInterval v="2016-12-26T23:00Z/2016-12-27T00:00Z"/><Direction v="Z02"/><Quantity v="25183215"/><MeasureUnit v="KW1"/></Period><Period><TimeInterval v="2016-12-27T00:00Z/2016-12-27T01:00Z"/><Direction v="Z02"/><Quantity v="25150982"/><MeasureUnit v="KW1"/></Period><Period><TimeInterval v="2016-12-27T01:00Z/2016-12-27T02:00Z"/><Direction v="Z02"/><Quantity v="25159079"/><MeasureUnit v="KW1"/></Period><Period><TimeInterval v="2016-12-27T02:00Z/2016-12-27T03:00Z"/><Direction v="Z02"/><Quantity v="25115937"/><MeasureUnit v="KW1"/></Period><Period><TimeInterval v="2016-12-27T03:00Z/2016-12-27T04:00Z"/><Direction v="Z02"/><Quantity v="25185549"/><MeasureUnit v="KW1"/></Period><Period><TimeInterval v="2016-12-27T04:00Z/2016-12-27T05:00Z"/><Direction v="Z02"/><Quantity v="25167460"/><MeasureUnit v="KW1"/></Period></Category></ConnectionPoint><ConnectionPoint><Identification v="21Z0000000000503" codingScheme="305"/><Type v="Z25"/><Category><CapacityCode v="Z08"/><Period><TimeInterval v="2016-12-26T05:00Z/2016-12-26T06:00Z"/><Direction v="Z02"/><Quantity v="0"/><MeasureUnit v="KW1"/></Period><Period><TimeInterval v="2016-12-26T06:00Z/2016-12-26T07:00Z"/><Direction v="Z02"/><Quantity v="0"/><MeasureUnit v="KW1"/></Period><Period><TimeInterval v="2016-12-26T07:00Z/2016-12-26T08:00Z"/><Direction v="Z02"/><Quantity v="0"/><MeasureUnit v="KW1"/></Period><Period><TimeInterval v="2016-12-26T08:00Z/2016-12-26T09:00Z"/><Direction v="Z02"/><Quantity v="0"/><MeasureUnit v="KW1"/></Period><Period><TimeInterval v="2016-12-26T09:00Z/2016-12-26T10:00Z"/><Direction v="Z02"/><Quantity v="0"/><MeasureUnit v="KW1"/></Period><Period><TimeInterval v="2016-12-26T10:00Z/2016-12-26T11:00Z"/><Direction v="Z02"/><Quantity v="0"/><MeasureUnit v="KW1"/></Period><Period><TimeInterval v="2016-12-26T11:00Z/2016-12-26T12:00Z"/><Direction v="Z02"/><Quantity v="0"/><MeasureUnit v="KW1"/></Period><Period><TimeInterval v="2016-12-26T12:00Z/2016-12-26T13:00Z"/><Direction v="Z02"/><Quantity v="0"/><MeasureUnit v="KW1"/></Period><Period><TimeInterval v="2016-12-26T13:00Z/2016-12-26T14:00Z"/><Direction v="Z02"/><Quantity v="0"/><MeasureUnit v="KW1"/></Period><Period><TimeInterval v="2016-12-26T14:00Z/2016-12-26T15:00Z"/><Direction v="Z02"/><Quantity v="0"/><MeasureUnit v="KW1"/></Period><Period><TimeInterval v="2016-12-26T15:00Z/2016-12-26T16:00Z"/><Direction v="Z02"/><Quantity v="0"/><MeasureUnit v="KW1"/></Period><Period><TimeInterval v="2016-12-26T16:00Z/2016-12-26T17:00Z"/><Direction v="Z02"/><Quantity v="0"/><MeasureUnit v="KW1"/></Period><Period><TimeInterval v="2016-12-26T17:00Z/2016-12-26T18:00Z"/><Direction v="Z02"/><Quantity v="0"/><MeasureUnit v="KW1"/></Period><Period><TimeInterval v="2016-12-26T18:00Z/2016-12-26T19:00Z"/><Direction v="Z02"/><Quantity v="0"/><MeasureUnit v="KW1"/></Period><Period><TimeInterval v="2016-12-26T19:00Z/2016-12-26T20:00Z"/><Direction v="Z02"/><Quantity v="0"/><MeasureUnit v="KW1"/></Period><Period><TimeInterval v="2016-12-26T20:00Z/2016-12-26T21:00Z"/><Direction v="Z02"/><Quantity v="0"/><MeasureUnit v="KW1"/></Period><Period><TimeInterval v="2016-12-26T21:00Z/2016-12-26T22:00Z"/><Direction v="Z02"/><Quantity v="0"/><MeasureUnit v="KW1"/></Period><Period><TimeInterval v="2016-12-26T22:00Z/2016-12-26T23:00Z"/><Direction v="Z02"/><Quantity v="0"/><MeasureUnit v="KW1"/></Period><Period><TimeInterval v="2016-12-26T23:00Z/2016-12-27T00:00Z"/><Direction v="Z02"/><Quantity v="0"/><MeasureUnit v="KW1"/></Period><Period><TimeInterval v="2016-12-27T00:00Z/2016-12-27T01:00Z"/><Direction v="Z02"/><Quantity v="0"/><MeasureUnit v="KW1"/></Period><Period><TimeInterval v="2016-12-27T01:00Z/2016-12-27T02:00Z"/><Direction v="Z02"/><Quantity v="0"/><MeasureUnit v="KW1"/></Period><Period><TimeInterval v="2016-12-27T02:00Z/2016-12-27T03:00Z"/><Direction v="Z02"/><Quantity v="0"/><MeasureUnit v="KW1"/></Period><Period><TimeInterval v="2016-12-27T03:00Z/2016-12-27T04:00Z"/><Direction v="Z02"/><Quantity v="0"/><MeasureUnit v="KW1"/></Period><Period><TimeInterval v="2016-12-27T04:00Z/2016-12-27T05:00Z"/><Direction v="Z02"/><Quantity v="0"/><MeasureUnit v="KW1"/></Period></Category></ConnectionPoint><ConnectionPoint><Identification v="37Z000000006389D" codingScheme="305"/><Type v="Z26"/><Category><CapacityCode v="Z08"/><Period><TimeInterval v="2016-12-26T05:00Z/2016-12-26T06:00Z"/><Direction v="Z03"/><Quantity v="0"/><MeasureUnit v="KW1"/></Period><Period><TimeInterval v="2016-12-26T06:00Z/2016-12-26T07:00Z"/><Direction v="Z03"/><Quantity v="0"/><MeasureUnit v="KW1"/></Period><Period><TimeInterval v="2016-12-26T07:00Z/2016-12-26T08:00Z"/><Direction v="Z03"/><Quantity v="0"/><MeasureUnit v="KW1"/></Period><Period><TimeInterval v="2016-12-26T08:00Z/2016-12-26T09:00Z"/><Direction v="Z03"/><Quantity v="0"/><MeasureUnit v="KW1"/></Period><Period><TimeInterval v="2016-12-26T09:00Z/2016-12-26T10:00Z"/><Direction v="Z03"/><Quantity v="0"/><MeasureUnit v="KW1"/></Period><Period><TimeInterval v="2016-12-26T10:00Z/2016-12-26T11:00Z"/><Direction v="Z03"/><Quantity v="0"/><MeasureUnit v="KW1"/></Period><Period><TimeInterval v="2016-12-26T11:00Z/2016-12-26T12:00Z"/><Direction v="Z03"/><Quantity v="0"/><MeasureUnit v="KW1"/></Period><Period><TimeInterval v="2016-12-26T12:00Z/2016-12-26T13:00Z"/><Direction v="Z03"/><Quantity v="0"/><MeasureUnit v="KW1"/></Period><Period><TimeInterval v="2016-12-26T13:00Z/2016-12-26T14:00Z"/><Direction v="Z03"/><Quantity v="0"/><MeasureUnit v="KW1"/></Period><Period><TimeInterval v="2016-12-26T14:00Z/2016-12-26T15:00Z"/><Direction v="Z03"/><Quantity v="0"/><MeasureUnit v="KW1"/></Period><Period><TimeInterval v="2016-12-26T15:00Z/2016-12-26T16:00Z"/><Direction v="Z03"/><Quantity v="0"/><MeasureUnit v="KW1"/></Period><Period><TimeInterval v="2016-12-26T16:00Z/2016-12-26T17:00Z"/><Direction v="Z03"/><Quantity v="0"/><MeasureUnit v="KW1"/></Period><Period><TimeInterval v="2016-12-26T17:00Z/2016-12-26T18:00Z"/><Direction v="Z03"/><Quantity v="0"/><MeasureUnit v="KW1"/></Period><Period><TimeInterval v="2016-12-26T18:00Z/2016-12-26T19:00Z"/><Direction v="Z03"/><Quantity v="0"/><MeasureUnit v="KW1"/></Period><Period><TimeInterval v="2016-12-26T19:00Z/2016-12-26T20:00Z"/><Direction v="Z03"/><Quantity v="0"/><MeasureUnit v="KW1"/></Period><Period><TimeInterval v="2016-12-26T20:00Z/2016-12-26T21:00Z"/><Direction v="Z03"/><Quantity v="646300"/><MeasureUnit v="KW1"/></Period><Period><TimeInterval v="2016-12-26T21:00Z/2016-12-26T22:00Z"/><Direction v="Z03"/><Quantity v="833906"/><MeasureUnit v="KW1"/></Period><Period><TimeInterval v="2016-12-26T22:00Z/2016-12-26T23:00Z"/><Direction v="Z03"/><Quantity v="816948"/><MeasureUnit v="KW1"/></Period><Period><TimeInterval v="2016-12-26T23:00Z/2016-12-27T00:00Z"/><Direction v="Z03"/><Quantity v="820071"/><MeasureUnit v="KW1"/></Period><Period><TimeInterval v="2016-12-27T00:00Z/2016-12-27T01:00Z"/><Direction v="Z03"/><Quantity v="843226"/><MeasureUnit v="KW1"/></Period><Period><TimeInterval v="2016-12-27T01:00Z/2016-12-27T02:00Z"/><Direction v="Z03"/><Quantity v="1314566"/><MeasureUnit v="KW1"/></Period><Period><TimeInterval v="2016-12-27T02:00Z/2016-12-27T03:00Z"/><Direction v="Z03"/><Quantity v="1339878"/><MeasureUnit v="KW1"/></Period><Period><TimeInterval v="2016-12-27T03:00Z/2016-12-27T04:00Z"/><Direction v="Z03"/><Quantity v="1324894"/><MeasureUnit v="KW1"/></Period><Period><TimeInterval v="2016-12-27T04:00Z/2016-12-27T05:00Z"/><Direction v="Z03"/><Quantity v="1337535"/><MeasureUnit v="KW1"/></Period></Category></ConnectionPoint><ConnectionPoint><Identification v="21Z000000000001G" codingScheme="305"/><Type v="Z25"/><Category><CapacityCode v="Z08"/><Period><TimeInterval v="2016-12-26T05:00Z/2016-12-26T06:00Z"/><Direction v="Z03"/><Quantity v="6926492"/><MeasureUnit v="KW1"/></Period><Period><TimeInterval v="2016-12-26T06:00Z/2016-12-26T07:00Z"/><Direction v="Z03"/><Quantity v="6791695"/><MeasureUnit v="KW1"/></Period><Period><TimeInterval v="2016-12-26T07:00Z/2016-12-26T08:00Z"/><Direction v="Z03"/><Quantity v="6700387"/><MeasureUnit v="KW1"/></Period><Period><TimeInterval v="2016-12-26T08:00Z/2016-12-26T09:00Z"/><Direction v="Z03"/><Quantity v="6953368"/><MeasureUnit v="KW1"/></Period><Period><TimeInterval v="2016-12-26T09:00Z/2016-12-26T10:00Z"/><Direction v="Z03"/><Quantity v="8014299"/><MeasureUnit v="KW1"/></Period><Period><TimeInterval v="2016-12-26T10:00Z/2016-12-26T11:00Z"/><Direction v="Z03"/><Quantity v="7966375"/><MeasureUnit v="KW1"/></Period><Period><TimeInterval v="2016-12-26T11:00Z/2016-12-26T12:00Z"/><Direction v="Z03"/><Quantity v="6660908"/><MeasureUnit v="KW1"/></Period><Period><TimeInterval v="2016-12-26T12:00Z/2016-12-26T13:00Z"/><Direction v="Z03"/><Quantity v="6132569"/><MeasureUnit v="KW1"/></Period><Period><TimeInterval v="2016-12-26T13:00Z/2016-12-26T14:00Z"/><Direction v="Z03"/><Quantity v="6057850"/><MeasureUnit v="KW1"/></Period><Period><TimeInterval v="2016-12-26T14:00Z/2016-12-26T15:00Z"/><Direction v="Z03"/><Quantity v="6057694"/><MeasureUnit v="KW1"/></Period><Period><TimeInterval v="2016-12-26T15:00Z/2016-12-26T16:00Z"/><Direction v="Z03"/><Quantity v="5887188"/><MeasureUnit v="KW1"/></Period><Period><TimeInterval v="2016-12-26T16:00Z/2016-12-26T17:00Z"/><Direction v="Z03"/><Quantity v="6085766"/><MeasureUnit v="KW1"/></Period><Period><TimeInterval v="2016-12-26T17:00Z/2016-12-26T18:00Z"/><Direction v="Z03"/><Quantity v="6022829"/><MeasureUnit v="KW1"/></Period><Period><TimeInterval v="2016-12-26T18:00Z/2016-12-26T19:00Z"/><Direction v="Z03"/><Quantity v="5953620"/><MeasureUnit v="KW1"/></Period><Period><TimeInterval v="2016-12-26T19:00Z/2016-12-26T20:00Z"/><Direction v="Z03"/><Quantity v="6009192"/><MeasureUnit v="KW1"/></Period><Period><TimeInterval v="2016-12-26T20:00Z/2016-12-26T21:00Z"/><Direction v="Z03"/><Quantity v="6187992"/><MeasureUnit v="KW1"/></Period><Period><TimeInterval v="2016-12-26T21:00Z/2016-12-26T22:00Z"/><Direction v="Z03"/><Quantity v="6367956"/><MeasureUnit v="KW1"/></Period><Period><TimeInterval v="2016-12-26T22:00Z/2016-12-26T23:00Z"/><Direction v="Z03"/><Quantity v="6590010"/><MeasureUnit v="KW1"/></Period><Period><TimeInterval v="2016-12-26T23:00Z/2016-12-27T00:00Z"/><Direction v="Z03"/><Quantity v="6947184"/><MeasureUnit v="KW1"/></Period><Period><TimeInterval v="2016-12-27T00:00Z/2016-12-27T01:00Z"/><Direction v="Z03"/><Quantity v="5609080"/><MeasureUnit v="KW1"/></Period><Period><TimeInterval v="2016-12-27T01:00Z/2016-12-27T02:00Z"/><Direction v="Z03"/><Quantity v="6071109"/><MeasureUnit v="KW1"/></Period><Period><TimeInterval v="2016-12-27T02:00Z/2016-12-27T03:00Z"/><Direction v="Z03"/><Quantity v="6142354"/><MeasureUnit v="KW1"/></Period><Period><TimeInterval v="2016-12-27T03:00Z/2016-12-27T04:00Z"/><Direction v="Z03"/><Quantity v="5758592"/><MeasureUnit v="KW1"/></Period><Period><TimeInterval v="2016-12-27T04:00Z/2016-12-27T05:00Z"/><Direction v="Z03"/><Quantity v="5629606"/><MeasureUnit v="KW1"/></Period></Category></ConnectionPoint><ConnectionPoint><Identification v="21Z000000000039S" codingScheme="305"/><Type v="Z25"/><Category><CapacityCode v="Z08"/><Period><TimeInterval v="2016-12-26T05:00Z/2016-12-26T06:00Z"/><Direction v="Z03"/><Quantity v="14944652"/><MeasureUnit v="KW1"/></Period><Period><TimeInterval v="2016-12-26T06:00Z/2016-12-26T07:00Z"/><Direction v="Z03"/><Quantity v="14838025"/><MeasureUnit v="KW1"/></Period><Period><TimeInterval v="2016-12-26T07:00Z/2016-12-26T08:00Z"/><Direction v="Z03"/><Quantity v="14830315"/><MeasureUnit v="KW1"/></Period><Period><TimeInterval v="2016-12-26T08:00Z/2016-12-26T09:00Z"/><Direction v="Z03"/><Quantity v="14844145"/><MeasureUnit v="KW1"/></Period><Period><TimeInterval v="2016-12-26T09:00Z/2016-12-26T10:00Z"/><Direction v="Z03"/><Quantity v="14889830"/><MeasureUnit v="KW1"/></Period><Period><TimeInterval v="2016-12-26T10:00Z/2016-12-26T11:00Z"/><Direction v="Z03"/><Quantity v="14872500"/><MeasureUnit v="KW1"/></Period><Period><TimeInterval v="2016-12-26T11:00Z/2016-12-26T12:00Z"/><Direction v="Z03"/><Quantity v="14882420"/><MeasureUnit v="KW1"/></Period><Period><TimeInterval v="2016-12-26T12:00Z/2016-12-26T13:00Z"/><Direction v="Z03"/><Quantity v="14906612"/><MeasureUnit v="KW1"/></Period><Period><TimeInterval v="2016-12-26T13:00Z/2016-12-26T14:00Z"/><Direction v="Z03"/><Quantity v="14925137"/><MeasureUnit v="KW1"/></Period><Period><TimeInterval v="2016-12-26T14:00Z/2016-12-26T15:00Z"/><Direction v="Z03"/><Quantity v="14645834"/><MeasureUnit v="KW1"/></Period><Period><TimeInterval v="2016-12-26T15:00Z/2016-12-26T16:00Z"/><Direction v="Z03"/><Quantity v="14634206"/><MeasureUnit v="KW1"/></Period><Period><TimeInterval v="2016-12-26T16:00Z/2016-12-26T17:00Z"/><Direction v="Z03"/><Quantity v="14163430"/><MeasureUnit v="KW1"/></Period><Period><TimeInterval v="2016-12-26T17:00Z/2016-12-26T18:00Z"/><Direction v="Z03"/><Quantity v="13947754"/><MeasureUnit v="KW1"/></Period><Period><TimeInterval v="2016-12-26T18:00Z/2016-12-26T19:00Z"/><Direction v="Z03"/><Quantity v="13955524"/><MeasureUnit v="KW1"/></Period><Period><TimeInterval v="2016-12-26T19:00Z/2016-12-26T20:00Z"/><Direction v="Z03"/><Quantity v="13978031"/><MeasureUnit v="KW1"/></Period><Period><TimeInterval v="2016-12-26T20:00Z/2016-12-26T21:00Z"/><Direction v="Z03"/><Quantity v="13986321"/><MeasureUnit v="KW1"/></Period><Period><TimeInterval v="2016-12-26T21:00Z/2016-12-26T22:00Z"/><Direction v="Z03"/><Quantity v="14010684"/><MeasureUnit v="KW1"/></Period><Period><TimeInterval v="2016-12-26T22:00Z/2016-12-26T23:00Z"/><Direction v="Z03"/><Quantity v="14318256"/><MeasureUnit v="KW1"/></Period><Period><TimeInterval v="2016-12-26T23:00Z/2016-12-27T00:00Z"/><Direction v="Z03"/><Quantity v="14578532"/><MeasureUnit v="KW1"/></Period><Period><TimeInterval v="2016-12-27T00:00Z/2016-12-27T01:00Z"/><Direction v="Z03"/><Quantity v="14612671"/><MeasureUnit v="KW1"/></Period><Period><TimeInterval v="2016-12-27T01:00Z/2016-12-27T02:00Z"/><Direction v="Z03"/><Quantity v="14622533"/><MeasureUnit v="KW1"/></Period><Period><TimeInterval v="2016-12-27T02:00Z/2016-12-27T03:00Z"/><Direction v="Z03"/><Quantity v="14629392"/><MeasureUnit v="KW1"/></Period><Period><TimeInterval v="2016-12-27T03:00Z/2016-12-27T04:00Z"/><Direction v="Z03"/><Quantity v="14625455"/><MeasureUnit v="KW1"/></Period><Period><TimeInterval v="2016-12-27T04:00Z/2016-12-27T05:00Z"/><Direction v="Z03"/><Quantity v="14630265"/><MeasureUnit v="KW1"/></Period></Category></ConnectionPoint><ConnectionPoint><Identification v="21Z000000000072U" codingScheme="305"/><Type v="Z25"/><Category><CapacityCode v="Z08"/><Period><TimeInterval v="2016-12-26T05:00Z/2016-12-26T06:00Z"/><Direction v="Z02"/><Quantity v="13096742"/><MeasureUnit v="KW1"/></Period><Period><TimeInterval v="2016-12-26T06:00Z/2016-12-26T07:00Z"/><Direction v="Z02"/><Quantity v="13635105"/><MeasureUnit v="KW1"/></Period><Period><TimeInterval v="2016-12-26T07:00Z/2016-12-26T08:00Z"/><Direction v="Z02"/><Quantity v="13444514"/><MeasureUnit v="KW1"/></Period><Period><TimeInterval v="2016-12-26T08:00Z/2016-12-26T09:00Z"/><Direction v="Z02"/><Quantity v="13577484"/><MeasureUnit v="KW1"/></Period><Period><TimeInterval v="2016-12-26T09:00Z/2016-12-26T10:00Z"/><Direction v="Z02"/><Quantity v="12168325"/><MeasureUnit v="KW1"/></Period><Period><TimeInterval v="2016-12-26T10:00Z/2016-12-26T11:00Z"/><Direction v="Z02"/><Quantity v="12469684"/><MeasureUnit v="KW1"/></Period><Period><TimeInterval v="2016-12-26T11:00Z/2016-12-26T12:00Z"/><Direction v="Z02"/><Quantity v="12261954"/><MeasureUnit v="KW1"/></Period><Period><TimeInterval v="2016-12-26T12:00Z/2016-12-26T13:00Z"/><Direction v="Z02"/><Quantity v="12025419"/><MeasureUnit v="KW1"/></Period><Period><TimeInterval v="2016-12-26T13:00Z/2016-12-26T14:00Z"/><Direction v="Z02"/><Quantity v="11798507"/><MeasureUnit v="KW1"/></Period><Period><TimeInterval v="2016-12-26T14:00Z/2016-12-26T15:00Z"/><Direction v="Z02"/><Quantity v="11527969"/><MeasureUnit v="KW1"/></Period><Period><TimeInterval v="2016-12-26T15:00Z/2016-12-26T16:00Z"/><Direction v="Z02"/><Quantity v="11685776"/><MeasureUnit v="KW1"/></Period><Period><TimeInterval v="2016-12-26T16:00Z/2016-12-26T17:00Z"/><Direction v="Z02"/><Quantity v="12007590"/><MeasureUnit v="KW1"/></Period><Period><TimeInterval v="2016-12-26T17:00Z/2016-12-26T18:00Z"/><Direction v="Z02"/><Quantity v="11445172"/><MeasureUnit v="KW1"/></Period><Period><TimeInterval v="2016-12-26T18:00Z/2016-12-26T19:00Z"/><Direction v="Z02"/><Quantity v="10768963"/><MeasureUnit v="KW1"/></Period><Period><TimeInterval v="2016-12-26T19:00Z/2016-12-26T20:00Z"/><Direction v="Z02"/><Quantity v="10594743"/><MeasureUnit v="KW1"/></Period><Period><TimeInterval v="2016-12-26T20:00Z/2016-12-26T21:00Z"/><Direction v="Z02"/><Quantity v="10499336"/><MeasureUnit v="KW1"/></Period><Period><TimeInterval v="2016-12-26T21:00Z/2016-12-26T22:00Z"/><Direction v="Z02"/><Quantity v="10988677"/><MeasureUnit v="KW1"/></Period><Period><TimeInterval v="2016-12-26T22:00Z/2016-12-26T23:00Z"/><Direction v="Z02"/><Quantity v="10916600"/><MeasureUnit v="KW1"/></Period><Period><TimeInterval v="2016-12-26T23:00Z/2016-12-27T00:00Z"/><Direction v="Z02"/><Quantity v="12311611"/><MeasureUnit v="KW1"/></Period><Period><TimeInterval v="2016-12-27T00:00Z/2016-12-27T01:00Z"/><Direction v="Z02"/><Quantity v="11059095"/><MeasureUnit v="KW1"/></Period><Period><TimeInterval v="2016-12-27T01:00Z/2016-12-27T02:00Z"/><Direction v="Z02"/><Quantity v="13859756"/><MeasureUnit v="KW1"/></Period><Period><TimeInterval v="2016-12-27T02:00Z/2016-12-27T03:00Z"/><Direction v="Z02"/><Quantity v="14484031"/><MeasureUnit v="KW1"/></Period><Period><TimeInterval v="2016-12-27T03:00Z/2016-12-27T04:00Z"/><Direction v="Z02"/><Quantity v="14303638"/><MeasureUnit v="KW1"/></Period><Period><TimeInterval v="2016-12-27T04:00Z/2016-12-27T05:00Z"/><Direction v="Z02"/><Quantity v="12736004"/><MeasureUnit v="KW1"/></Period></Category></ConnectionPoint><ConnectionPoint><Identification v="37Z000000001078I" codingScheme="305"/><Type v="Z26"/><Category><CapacityCode v="Z08"/><Period><TimeInterval v="2016-12-26T05:00Z/2016-12-26T06:00Z"/><Direction v="Z02"/><Quantity v="0"/><MeasureUnit v="KW1"/></Period><Period><TimeInterval v="2016-12-26T06:00Z/2016-12-26T07:00Z"/><Direction v="Z02"/><Quantity v="0"/><MeasureUnit v="KW1"/></Period><Period><TimeInterval v="2016-12-26T07:00Z/2016-12-26T08:00Z"/><Direction v="Z02"/><Quantity v="0"/><MeasureUnit v="KW1"/></Period><Period><TimeInterval v="2016-12-26T08:00Z/2016-12-26T09:00Z"/><Direction v="Z02"/><Quantity v="0"/><MeasureUnit v="KW1"/></Period><Period><TimeInterval v="2016-12-26T09:00Z/2016-12-26T10:00Z"/><Direction v="Z02"/><Quantity v="0"/><MeasureUnit v="KW1"/></Period><Period><TimeInterval v="2016-12-26T10:00Z/2016-12-26T11:00Z"/><Direction v="Z02"/><Quantity v="0"/><MeasureUnit v="KW1"/></Period><Period><TimeInterval v="2016-12-26T11:00Z/2016-12-26T12:00Z"/><Direction v="Z02"/><Quantity v="0"/><MeasureUnit v="KW1"/></Period><Period><TimeInterval v="2016-12-26T12:00Z/2016-12-26T13:00Z"/><Direction v="Z02"/><Quantity v="0"/><MeasureUnit v="KW1"/></Period><Period><TimeInterval v="2016-12-26T13:00Z/2016-12-26T14:00Z"/><Direction v="Z02"/><Quantity v="0"/><MeasureUnit v="KW1"/></Period><Period><TimeInterval v="2016-12-26T14:00Z/2016-12-26T15:00Z"/><Direction v="Z02"/><Quantity v="0"/><MeasureUnit v="KW1"/></Period><Period><TimeInterval v="2016-12-26T15:00Z/2016-12-26T16:00Z"/><Direction v="Z02"/><Quantity v="0"/><MeasureUnit v="KW1"/></Period><Period><TimeInterval v="2016-12-26T16:00Z/2016-12-26T17:00Z"/><Direction v="Z02"/><Quantity v="0"/><MeasureUnit v="KW1"/></Period><Period><TimeInterval v="2016-12-26T17:00Z/2016-12-26T18:00Z"/><Direction v="Z02"/><Quantity v="0"/><MeasureUnit v="KW1"/></Period><Period><TimeInterval v="2016-12-26T18:00Z/2016-12-26T19:00Z"/><Direction v="Z02"/><Quantity v="0"/><MeasureUnit v="KW1"/></Period><Period><TimeInterval v="2016-12-26T19:00Z/2016-12-26T20:00Z"/><Direction v="Z02"/><Quantity v="0"/><MeasureUnit v="KW1"/></Period><Period><TimeInterval v="2016-12-26T20:00Z/2016-12-26T21:00Z"/><Direction v="Z02"/><Quantity v="0"/><MeasureUnit v="KW1"/></Period><Period><TimeInterval v="2016-12-26T21:00Z/2016-12-26T22:00Z"/><Direction v="Z02"/><Quantity v="0"/><MeasureUnit v="KW1"/></Period><Period><TimeInterval v="2016-12-26T22:00Z/2016-12-26T23:00Z"/><Direction v="Z02"/><Quantity v="0"/><MeasureUnit v="KW1"/></Period><Period><TimeInterval v="2016-12-26T23:00Z/2016-12-27T00:00Z"/><Direction v="Z02"/><Quantity v="0"/><MeasureUnit v="KW1"/></Period><Period><TimeInterval v="2016-12-27T00:00Z/2016-12-27T01:00Z"/><Direction v="Z02"/><Quantity v="0"/><MeasureUnit v="KW1"/></Period><Period><TimeInterval v="2016-12-27T01:00Z/2016-12-27T02:00Z"/><Direction v="Z02"/><Quantity v="0"/><MeasureUnit v="KW1"/></Period><Period><TimeInterval v="2016-12-27T02:00Z/2016-12-27T03:00Z"/><Direction v="Z02"/><Quantity v="0"/><MeasureUnit v="KW1"/></Period><Period><TimeInterval v="2016-12-27T03:00Z/2016-12-27T04:00Z"/><Direction v="Z02"/><Quantity v="0"/><MeasureUnit v="KW1"/></Period><Period><TimeInterval v="2016-12-27T04:00Z/2016-12-27T05:00Z"/><Direction v="Z02"/><Quantity v="0"/><MeasureUnit v="KW1"/></Period></Category></ConnectionPoint><ConnectionPoint><Identification v="37Z000000006390S" codingScheme="305"/><Type v="Z26"/><Category><CapacityCode v="Z08"/><Period><TimeInterval v="2016-12-26T05:00Z/2016-12-26T06:00Z"/><Direction v="Z02"/><Quantity v="0"/><MeasureUnit v="KW1"/></Period><Period><TimeInterval v="2016-12-26T06:00Z/2016-12-26T07:00Z"/><Direction v="Z02"/><Quantity v="0"/><MeasureUnit v="KW1"/></Period><Period><TimeInterval v="2016-12-26T07:00Z/2016-12-26T08:00Z"/><Direction v="Z02"/><Quantity v="0"/><MeasureUnit v="KW1"/></Period><Period><TimeInterval v="2016-12-26T08:00Z/2016-12-26T09:00Z"/><Direction v="Z02"/><Quantity v="0"/><MeasureUnit v="KW1"/></Period><Period><TimeInterval v="2016-12-26T09:00Z/2016-12-26T10:00Z"/><Direction v="Z02"/><Quantity v="0"/><MeasureUnit v="KW1"/></Period><Period><TimeInterval v="2016-12-26T10:00Z/2016-12-26T11:00Z"/><Direction v="Z02"/><Quantity v="0"/><MeasureUnit v="KW1"/></Period><Period><TimeInterval v="2016-12-26T11:00Z/2016-12-26T12:00Z"/><Direction v="Z02"/><Quantity v="0"/><MeasureUnit v="KW1"/></Period><Period><TimeInterval v="2016-12-26T12:00Z/2016-12-26T13:00Z"/><Direction v="Z02"/><Quantity v="0"/><MeasureUnit v="KW1"/></Period><Period><TimeInterval v="2016-12-26T13:00Z/2016-12-26T14:00Z"/><Direction v="Z02"/><Quantity v="0"/><MeasureUnit v="KW1"/></Period><Period><TimeInterval v="2016-12-26T14:00Z/2016-12-26T15:00Z"/><Direction v="Z02"/><Quantity v="0"/><MeasureUnit v="KW1"/></Period><Period><TimeInterval v="2016-12-26T15:00Z/2016-12-26T16:00Z"/><Direction v="Z02"/><Quantity v="0"/><MeasureUnit v="KW1"/></Period><Period><TimeInterval v="2016-12-26T16:00Z/2016-12-26T17:00Z"/><Direction v="Z02"/><Quantity v="0"/><MeasureUnit v="KW1"/></Period><Period><TimeInterval v="2016-12-26T17:00Z/2016-12-26T18:00Z"/><Direction v="Z02"/><Quantity v="0"/><MeasureUnit v="KW1"/></Period><Period><TimeInterval v="2016-12-26T18:00Z/2016-12-26T19:00Z"/><Direction v="Z02"/><Quantity v="0"/><MeasureUnit v="KW1"/></Period><Period><TimeInterval v="2016-12-26T19:00Z/2016-12-26T20:00Z"/><Direction v="Z02"/><Quantity v="0"/><MeasureUnit v="KW1"/></Period><Period><TimeInterval v="2016-12-26T20:00Z/2016-12-26T21:00Z"/><Direction v="Z02"/><Quantity v="0"/><MeasureUnit v="KW1"/></Period><Period><TimeInterval v="2016-12-26T21:00Z/2016-12-26T22:00Z"/><Direction v="Z02"/><Quantity v="0"/><MeasureUnit v="KW1"/></Period><Period><TimeInterval v="2016-12-26T22:00Z/2016-12-26T23:00Z"/><Direction v="Z02"/><Quantity v="0"/><MeasureUnit v="KW1"/></Period><Period><TimeInterval v="2016-12-26T23:00Z/2016-12-27T00:00Z"/><Direction v="Z02"/><Quantity v="0"/><MeasureUnit v="KW1"/></Period><Period><TimeInterval v="2016-12-27T00:00Z/2016-12-27T01:00Z"/><Direction v="Z02"/><Quantity v="0"/><MeasureUnit v="KW1"/></Period><Period><TimeInterval v="2016-12-27T01:00Z/2016-12-27T02:00Z"/><Direction v="Z02"/><Quantity v="0"/><MeasureUnit v="KW1"/></Period><Period><TimeInterval v="2016-12-27T02:00Z/2016-12-27T03:00Z"/><Direction v="Z02"/><Quantity v="0"/><MeasureUnit v="KW1"/></Period><Period><TimeInterval v="2016-12-27T03:00Z/2016-12-27T04:00Z"/><Direction v="Z02"/><Quantity v="0"/><MeasureUnit v="KW1"/></Period><Period><TimeInterval v="2016-12-27T04:00Z/2016-12-27T05:00Z"/><Direction v="Z02"/><Quantity v="0"/><MeasureUnit v="KW1"/></Period></Category></ConnectionPoint><ConnectionPoint><Identification v="37Y000000000288Q" codingScheme="305"/><Type v="Z26"/><Category><CapacityCode v="Z08"/><Period><TimeInterval v="2016-12-26T05:00Z/2016-12-26T06:00Z"/><Direction v="Z02"/><Quantity v="1148342"/><MeasureUnit v="KW1"/></Period><Period><TimeInterval v="2016-12-26T06:00Z/2016-12-26T07:00Z"/><Direction v="Z02"/><Quantity v="1127707"/><MeasureUnit v="KW1"/></Period><Period><TimeInterval v="2016-12-26T07:00Z/2016-12-26T08:00Z"/><Direction v="Z02"/><Quantity v="1131518"/><MeasureUnit v="KW1"/></Period><Period><TimeInterval v="2016-12-26T08:00Z/2016-12-26T09:00Z"/><Direction v="Z02"/><Quantity v="1172537"/><MeasureUnit v="KW1"/></Period><Period><TimeInterval v="2016-12-26T09:00Z/2016-12-26T10:00Z"/><Direction v="Z02"/><Quantity v="1120091"/><MeasureUnit v="KW1"/></Period><Period><TimeInterval v="2016-12-26T10:00Z/2016-12-26T11:00Z"/><Direction v="Z02"/><Quantity v="1142694"/><MeasureUnit v="KW1"/></Period><Period><TimeInterval v="2016-12-26T11:00Z/2016-12-26T12:00Z"/><Direction v="Z02"/><Quantity v="1106930"/><MeasureUnit v="KW1"/></Period><Period><TimeInterval v="2016-12-26T12:00Z/2016-12-26T13:00Z"/><Direction v="Z02"/><Quantity v="1099163"/><MeasureUnit v="KW1"/></Period><Period><TimeInterval v="2016-12-26T13:00Z/2016-12-26T14:00Z"/><Direction v="Z02"/><Quantity v="1106774"/><MeasureUnit v="KW1"/></Period><Period><TimeInterval v="2016-12-26T14:00Z/2016-12-26T15:00Z"/><Direction v="Z02"/><Quantity v="1081785"/><MeasureUnit v="KW1"/></Period><Period><TimeInterval v="2016-12-26T15:00Z/2016-12-26T16:00Z"/><Direction v="Z02"/><Quantity v="1133207"/><MeasureUnit v="KW1"/></Period><Period><TimeInterval v="2016-12-26T16:00Z/2016-12-26T17:00Z"/><Direction v="Z02"/><Quantity v="1133257"/><MeasureUnit v="KW1"/></Period><Period><TimeInterval v="2016-12-26T17:00Z/2016-12-26T18:00Z"/><Direction v="Z02"/><Quantity v="1127502"/><MeasureUnit v="KW1"/></Period><Period><TimeInterval v="2016-12-26T18:00Z/2016-12-26T19:00Z"/><Direction v="Z02"/><Quantity v="1130276"/><MeasureUnit v="KW1"/></Period><Period><TimeInterval v="2016-12-26T19:00Z/2016-12-26T20:00Z"/><Direction v="Z02"/><Quantity v="1124234"/><MeasureUnit v="KW1"/></Period><Period><TimeInterval v="2016-12-26T20:00Z/2016-12-26T21:00Z"/><Direction v="Z02"/><Quantity v="1157097"/><MeasureUnit v="KW1"/></Period><Period><TimeInterval v="2016-12-26T21:00Z/2016-12-26T22:00Z"/><Direction v="Z02"/><Quantity v="910307"/><MeasureUnit v="KW1"/></Period><Period><TimeInterval v="2016-12-26T22:00Z/2016-12-26T23:00Z"/><Direction v="Z02"/><Quantity v="787505"/><MeasureUnit v="KW1"/></Period><Period><TimeInterval v="2016-12-26T23:00Z/2016-12-27T00:00Z"/><Direction v="Z02"/><Quantity v="759778"/><MeasureUnit v="KW1"/></Period><Period><TimeInterval v="2016-12-27T00:00Z/2016-12-27T01:00Z"/><Direction v="Z02"/><Quantity v="764360"/><MeasureUnit v="KW1"/></Period><Period><TimeInterval v="2016-12-27T01:00Z/2016-12-27T02:00Z"/><Direction v="Z02"/><Quantity v="767716"/><MeasureUnit v="KW1"/></Period><Period><TimeInterval v="2016-12-27T02:00Z/2016-12-27T03:00Z"/><Direction v="Z02"/><Quantity v="820843"/><MeasureUnit v="KW1"/></Period><Period><TimeInterval v="2016-12-27T03:00Z/2016-12-27T04:00Z"/><Direction v="Z02"/><Quantity v="913686"/><MeasureUnit v="KW1"/></Period><Period><TimeInterval v="2016-12-27T04:00Z/2016-12-27T05:00Z"/><Direction v="Z02"/><Quantity v="1215504"/><MeasureUnit v="KW1"/></Period></Category></ConnectionPoint><ConnectionPoint><Identification v="37Y000000000385S" codingScheme="305"/><Type v="Z26"/><Category><CapacityCode v="Z08"/><Period><TimeInterval v="2016-12-26T05:00Z/2016-12-26T06:00Z"/><Direction v="Z02"/><Quantity v="1098910"/><MeasureUnit v="KW1"/></Period><Period><TimeInterval v="2016-12-26T06:00Z/2016-12-26T07:00Z"/><Direction v="Z02"/><Quantity v="1360109"/><MeasureUnit v="KW1"/></Period><Period><TimeInterval v="2016-12-26T07:00Z/2016-12-26T08:00Z"/><Direction v="Z02"/><Quantity v="1307048"/><MeasureUnit v="KW1"/></Period><Period><TimeInterval v="2016-12-26T08:00Z/2016-12-26T09:00Z"/><Direction v="Z02"/><Quantity v="1304255"/><MeasureUnit v="KW1"/></Period><Period><TimeInterval v="2016-12-26T09:00Z/2016-12-26T10:00Z"/><Direction v="Z02"/><Quantity v="1303232"/><MeasureUnit v="KW1"/></Period><Period><TimeInterval v="2016-12-26T10:00Z/2016-12-26T11:00Z"/><Direction v="Z02"/><Quantity v="1300582"/><MeasureUnit v="KW1"/></Period><Period><TimeInterval v="2016-12-26T11:00Z/2016-12-26T12:00Z"/><Direction v="Z02"/><Quantity v="1300548"/><MeasureUnit v="KW1"/></Period><Period><TimeInterval v="2016-12-26T12:00Z/2016-12-26T13:00Z"/><Direction v="Z02"/><Quantity v="1306675"/><MeasureUnit v="KW1"/></Period><Period><TimeInterval v="2016-12-26T13:00Z/2016-12-26T14:00Z"/><Direction v="Z02"/><Quantity v="1307794"/><MeasureUnit v="KW1"/></Period><Period><TimeInterval v="2016-12-26T14:00Z/2016-12-26T15:00Z"/><Direction v="Z02"/><Quantity v="1307709"/><MeasureUnit v="KW1"/></Period><Period><TimeInterval v="2016-12-26T15:00Z/2016-12-26T16:00Z"/><Direction v="Z02"/><Quantity v="1333558"/><MeasureUnit v="KW1"/></Period><Period><TimeInterval v="2016-12-26T16:00Z/2016-12-26T17:00Z"/><Direction v="Z02"/><Quantity v="1479166"/><MeasureUnit v="KW1"/></Period><Period><TimeInterval v="2016-12-26T17:00Z/2016-12-26T18:00Z"/><Direction v="Z02"/><Quantity v="1478402"/><MeasureUnit v="KW1"/></Period><Period><TimeInterval v="2016-12-26T18:00Z/2016-12-26T19:00Z"/><Direction v="Z02"/><Quantity v="1477274"/><MeasureUnit v="KW1"/></Period><Period><TimeInterval v="2016-12-26T19:00Z/2016-12-26T20:00Z"/><Direction v="Z02"/><Quantity v="1339286"/><MeasureUnit v="KW1"/></Period><Period><TimeInterval v="2016-12-26T20:00Z/2016-12-26T21:00Z"/><Direction v="Z02"/><Quantity v="1297562"/><MeasureUnit v="KW1"/></Period><Period><TimeInterval v="2016-12-26T21:00Z/2016-12-26T22:00Z"/><Direction v="Z02"/><Quantity v="1304870"/><MeasureUnit v="KW1"/></Period><Period><TimeInterval v="2016-12-26T22:00Z/2016-12-26T23:00Z"/><Direction v="Z02"/><Quantity v="1305519"/><MeasureUnit v="KW1"/></Period><Period><TimeInterval v="2016-12-26T23:00Z/2016-12-27T00:00Z"/><Direction v="Z02"/><Quantity v="1307454"/><MeasureUnit v="KW1"/></Period><Period><TimeInterval v="2016-12-27T00:00Z/2016-12-27T01:00Z"/><Direction v="Z02"/><Quantity v="1305679"/><MeasureUnit v="KW1"/></Period><Period><TimeInterval v="2016-12-27T01:00Z/2016-12-27T02:00Z"/><Direction v="Z02"/><Quantity v="1304875"/><MeasureUnit v="KW1"/></Period><Period><TimeInterval v="2016-12-27T02:00Z/2016-12-27T03:00Z"/><Direction v="Z02"/><Quantity v="1308636"/><MeasureUnit v="KW1"/></Period><Period><TimeInterval v="2016-12-27T03:00Z/2016-12-27T04:00Z"/><Direction v="Z02"/><Quantity v="1309590"/><MeasureUnit v="KW1"/></Period><Period><TimeInterval v="2016-12-27T04:00Z/2016-12-27T05:00Z"/><Direction v="Z02"/><Quantity v="1299420"/><MeasureUnit v="KW1"/></Period></Category></ConnectionPoint><ConnectionPoint><Identification v="21Z000000000343P" codingScheme="305"/><Type v="Z31"/><Category><CapacityCode v="Z08"/><Period><TimeInterval v="2016-12-26T05:00Z/2016-12-26T06:00Z"/><Direction v="Z03"/><Quantity v="3160389"/><MeasureUnit v="KW1"/></Period><Period><TimeInterval v="2016-12-26T06:00Z/2016-12-26T07:00Z"/><Direction v="Z03"/><Quantity v="3141070"/><MeasureUnit v="KW1"/></Period><Period><TimeInterval v="2016-12-26T07:00Z/2016-12-26T08:00Z"/><Direction v="Z03"/><Quantity v="3163695"/><MeasureUnit v="KW1"/></Period><Period><TimeInterval v="2016-12-26T08:00Z/2016-12-26T09:00Z"/><Direction v="Z03"/><Quantity v="3235182"/><MeasureUnit v="KW1"/></Period><Period><TimeInterval v="2016-12-26T09:00Z/2016-12-26T10:00Z"/><Direction v="Z03"/><Quantity v="3319667"/><MeasureUnit v="KW1"/></Period><Period><TimeInterval v="2016-12-26T10:00Z/2016-12-26T11:00Z"/><Direction v="Z03"/><Quantity v="3465747"/><MeasureUnit v="KW1"/></Period><Period><TimeInterval v="2016-12-26T11:00Z/2016-12-26T12:00Z"/><Direction v="Z03"/><Quantity v="3407127"/><MeasureUnit v="KW1"/></Period><Period><TimeInterval v="2016-12-26T12:00Z/2016-12-26T13:00Z"/><Direction v="Z03"/><Quantity v="3424124"/><MeasureUnit v="KW1"/></Period><Period><TimeInterval v="2016-12-26T13:00Z/2016-12-26T14:00Z"/><Direction v="Z03"/><Quantity v="3513946"/><MeasureUnit v="KW1"/></Period><Period><TimeInterval v="2016-12-26T14:00Z/2016-12-26T15:00Z"/><Direction v="Z03"/><Quantity v="3601365"/><MeasureUnit v="KW1"/></Period><Period><TimeInterval v="2016-12-26T15:00Z/2016-12-26T16:00Z"/><Direction v="Z03"/><Quantity v="3518512"/><MeasureUnit v="KW1"/></Period><Period><TimeInterval v="2016-12-26T16:00Z/2016-12-26T17:00Z"/><Direction v="Z03"/><Quantity v="3595344"/><MeasureUnit v="KW1"/></Period><Period><TimeInterval v="2016-12-26T17:00Z/2016-12-26T18:00Z"/><Direction v="Z03"/><Quantity v="3685888"/><MeasureUnit v="KW1"/></Period><Period><TimeInterval v="2016-12-26T18:00Z/2016-12-26T19:00Z"/><Direction v="Z03"/><Quantity v="3672502"/><MeasureUnit v="KW1"/></Period><Period><TimeInterval v="2016-12-26T19:00Z/2016-12-26T20:00Z"/><Direction v="Z03"/><Quantity v="3627336"/><MeasureUnit v="KW1"/></Period><Period><TimeInterval v="2016-12-26T20:00Z/2016-12-26T21:00Z"/><Direction v="Z03"/><Quantity v="3508213"/><MeasureUnit v="KW1"/></Period><Period><TimeInterval v="2016-12-26T21:00Z/2016-12-26T22:00Z"/><Direction v="Z03"/><Quantity v="3481943"/><MeasureUnit v="KW1"/></Period><Period><TimeInterval v="2016-12-26T22:00Z/2016-12-26T23:00Z"/><Direction v="Z03"/><Quantity v="3319000"/><MeasureUnit v="KW1"/></Period><Period><TimeInterval v="2016-12-26T23:00Z/2016-12-27T00:00Z"/><Direction v="Z03"/><Quantity v="3380012"/><MeasureUnit v="KW1"/></Period><Period><TimeInterval v="2016-12-27T00:00Z/2016-12-27T01:00Z"/><Direction v="Z03"/><Quantity v="3382381"/><MeasureUnit v="KW1"/></Period><Period><TimeInterval v="2016-12-27T01:00Z/2016-12-27T02:00Z"/><Direction v="Z03"/><Quantity v="3422073"/><MeasureUnit v="KW1"/></Period><Period><TimeInterval v="2016-12-27T02:00Z/2016-12-27T03:00Z"/><Direction v="Z03"/><Quantity v="3778694"/><MeasureUnit v="KW1"/></Period><Period><TimeInterval v="2016-12-27T03:00Z/2016-12-27T04:00Z"/><Direction v="Z03"/><Quantity v="3901796"/><MeasureUnit v="KW1"/></Period><Period><TimeInterval v="2016-12-27T04:00Z/2016-12-27T05:00Z"/><Direction v="Z03"/><Quantity v="4125291"/><MeasureUnit v="KW1"/></Period></Category></ConnectionPoint></TransparencyPublication>